2026-02-12 09:28:20,359 AthMpEvtLoopMgr.SharedEvtQueueConsumer               INFO Logs redirected in the AthenaMP event worker PID=1360245
2026-02-12 09:28:20,359 AthMpEvtLoopMgr.SharedEvtQueueConsumer               INFO Io registry updated in the AthenaMP event worker PID=1360245
2026-02-12 09:28:20,365 AthMpEvtLoopMgr.SharedEvtQueueConsumer               INFO File descriptors re-opened in the AthenaMP event worker PID=1360245
2026-02-12 09:28:20,365 PoolSvc                                              INFO I/O reinitialization...
2026-02-12 09:28:20,366 PoolSvc                                              INFO Setting up APR FileCatalog and Streams
2026-02-12 09:28:20,377 PoolSvc                                              INFO Resolved path (via ATLAS_POOLCOND_PATH) is /cvmfs/atlas-condb.cern.ch/repo/conditions/poolcond/PoolFileCatalog.xml
2026-02-12 09:28:20,386 PoolSvc                                              INFO Unable find catalog apcfile:poolcond/PoolCat_oflcond.xml in $ATLAS_POOLCOND_PATH and $DATAPATH
2026-02-12 09:28:20,386 PoolSvc                                              INFO POOL WriteCatalog is xmlcatalog_file:PoolFileCatalog.xml
2026-02-12 09:28:20,599 DbSession                                            INFO     Open     DbSession
2026-02-12 09:28:20,599 Domain[ROOT_All]                                     INFO >   Access   DbDomain     READ      [ROOT_All]
2026-02-12 09:28:20,599 DbSession                                            INFO     Open     DbSession
2026-02-12 09:28:20,599 Domain[ROOT_All]                                     INFO >   Access   DbDomain     READ      [ROOT_All]
2026-02-12 09:28:20,599 MetaDataSvc                                          INFO I/O reinitialization...
2026-02-12 09:28:20,599 MetaDataSvc                                          INFO Attached MetaDataTool: ToolSvc.IOVDbMetaDataTool
2026-02-12 09:28:20,599 MetaDataSvc                                          INFO Attached MetaDataTool: ToolSvc.BookkeeperTool
2026-02-12 09:28:20,600 MetaDataSvc                                          INFO Attached MetaDataTool: ToolSvc.StreamDAOD_PHYS_CopyEventStreamInfo
2026-02-12 09:28:20,600 MetaDataSvc                                          INFO Attached MetaDataTool: ToolSvc.TriggerMenuMetaDataTool
2026-02-12 09:28:20,600 MetaDataSvc                                          INFO Attached MetaDataTool: ToolSvc.TruthMetaDataTool
2026-02-12 09:28:20,600 MetaDataSvc                                          INFO Attached MetaDataTool: ToolSvc.xAODMaker::FileMetaDataTool
2026-02-12 09:28:20,600 MetaDataSvc                                          INFO Attached MetaDataTool: ToolSvc.xAODMaker::EventFormatMetaDataTool
2026-02-12 09:28:20,600 EventSelector                                        INFO I/O reinitialization...
2026-02-12 09:28:20,600 /eos/home-b/bkamgama/draft/Run_sleep_10000/...root   INFO ->  Access   DbDatabase   READ      [ROOT_All] DDA2F11F-D15D-C648-85F4-1887AA43EA0B
2026-02-12 09:28:20,612 RootDatabase                                         INFO /eos/home-b/bkamgama/draft/Run_sleep_10000/Compression_QT/DAOD_Compression_Analysis/workspaces/lzma_level1/data/lzma_ttree_level1.AOD.pool.root File version:1063901
2026-02-12 09:28:20,625 StreamDAOD_PHYS                                      INFO I/O reinitialization...
2026-02-12 09:28:20,625 /eos/home-b/bkamgama/draft/Run_sleep_10000/...root   INFO Database being retired...
2026-02-12 09:28:20,625 /eos/home-b/bkamgama/draft/Run_sleep_10000/...root   INFO ->  Deaccess DbDatabase   READ      [ROOT_All] DDA2F11F-D15D-C648-85F4-1887AA43EA0B
2026-02-12 09:28:20,626 Domain[ROOT_All]                                     INFO >   Deaccess DbDomain     READ      [ROOT_All]
2026-02-12 09:28:20,626 DbSession                                            INFO     Open     DbSession
2026-02-12 09:28:20,626 Domain[ROOT_All]                                     INFO >   Access   DbDomain     READ      [ROOT_All]
2026-02-12 09:28:20,626 /eos/home-b/bkamgama/draft/Run_sleep_10000/...root   INFO ->  Access   DbDatabase   READ      [ROOT_All] DDA2F11F-D15D-C648-85F4-1887AA43EA0B
2026-02-12 09:28:20,629 RootDatabase                                         INFO /eos/home-b/bkamgama/draft/Run_sleep_10000/Compression_QT/DAOD_Compression_Analysis/workspaces/lzma_level1/data/lzma_ttree_level1.AOD.pool.root File version:1063901
2026-02-12 09:28:20,641 AthMpEvtLoopMgr.SharedEvtQueueConsumer               INFO Exec function in the AthenaMP worker PID=1360245
2026-02-12 09:28:21,612 AthMpEvtLoopMgr.SharedEvtQueueConsumer               INFO Received from the queue: event num=0 chunk size=10
2026-02-12 09:28:21,613 AthMpEvtLoopMgr.SharedEvtQueueConsumer               INFO Seek to 0 succeeded
2026-02-12 09:28:22,582 ToolSvc.BookkeeperTool                               INFO Preparing local cache for source 'DDA2F11F-D15D-C648-85F4-1887AA43EA0B' with 194 variations
2026-02-12 09:28:22,584 ToolSvc.BookkeeperTool                               INFO No incomplete bookkeepers with name 'IncompleteCutBookkeepers' in this file
2026-02-12 09:28:22,585 ToolSvc.BookkeeperTool                               INFO No complete bookkeepers with name 'CutBookkeepers' in this file
2026-02-12 09:28:25,819 TBranchAuxDynReader                                  INFO RootAuxDynIO/src/TBranchAuxDynReader.cxx:326 (TBranchAuxDynReader::BranchInfo& TBranchAuxDynReader::getBranchInfo(const unsigned long&, const SG::AuxStoreInternal&)): attribute 'mcEventNumber' (id=1 typename=unsigned long) has different type than the branch: ULong64_t  Marking for schema evolution.
2026-02-12 09:28:25,821 AthenaEventLoopMgr                                   INFO   ===>>>  start processing event #334732001, run #450000 0 events processed so far  <<<===
2026-02-12 09:28:25,927 xAODConfigSvc                                        INFO TrigConfxAOD/src/xAODConfigSvc.cxx:940 (StatusCode TrigConf::xAODConfigSvc::prepareEventxAODTriggerMenuJson(const xAOD::TrigConfKeys*, const xAOD::BunchConfKey*, const EventContext&)): Loaded xAOD::TriggerMenuJson configuration:  SMK = 2130037424, L1PSK = 3785439411, HLTPSK = 266086103, BGSK = 707058941
2026-02-12 09:28:26,014 PerfMonMTSvc                                         INFO Event [    1] CPU Time: 00h00m01s, Wall Time: 00h00m53s, Vmem: 4.31 GB, Rss: 2.65 GB, Pss: 1.07 GB, Swap: 0.00 KB
2026-02-12 09:28:26,014 ToolSvc.TrigDecisionTool                             INFO Updating config in slot 0 with SMK: 2130037424 and L1PSK: 3785439411 and HLTPSK: 266086103 and BGSK: 707058941 getForceConfigUpdate()=1 HLT Chains: 2535
2026-02-12 09:28:26,041 ToolSvc.PhysCommonTruthCharmTool                  WARNING Found xAODTruthMetaDataContainer empty! Configuring to be NOT Sherpa.
2026-02-12 09:28:26,041 ToolSvc.PhysCommonTruthCharmTool                     INFO From metadata configured: Sherpa? 0
2026-02-12 09:28:26,186 ToolSvc.DFCommonBornLeptonCollTool                   INFO From metadata configured: Sherpa? 0
2026-02-12 09:28:26,304 ToolSvc.xAODTrackParticleCompressorTool              INFO Initialising
2026-02-12 09:28:26,305 ToolSvc.xAODTrackParticleCompressorTool              INFO   OffDiagCovMatrixBits = 23
2026-02-12 09:28:26,305 ToolSvc.xAODTrackParticleCompressorTool              INFO   DiagCovMatrixBits    = 23
2026-02-12 09:28:26,305 ToolSvc.xAODTrackParticleCompressorTool              INFO   UseOffDiagCompr = 0
2026-02-12 09:28:26,313 ToolSvc.DFCommonMuonsSelector                     WARNING MuonSelectionTool currently supports Loose, Medium, Tight, HighPt, and LowPtEfficiency WPs for Run3; all other WPs can only be used in ExpertDevelopMode mode
2026-02-12 09:28:26,344 xAODClusterCompressor                                INFO Compression of ClusterMoments to 16 bits enabled
2026-02-12 09:28:26,344 AthenaPoolConverter                                  INFO Retrieved compression tool
WARNING from FastJet: Recluster: the original cluster sequence is lacking explicit ghosts; area support will no longer be available after re-clustering
WARNING from FastJet: Recluster: the original cluster sequence is lacking explicit ghosts; area support will no longer be available after re-clustering
WARNING from FastJet: Recluster: the original cluster sequence is lacking explicit ghosts; area support will no longer be available after re-clustering
WARNING from FastJet: Recluster: the original cluster sequence is lacking explicit ghosts; area support will no longer be available after re-clustering
WARNING from FastJet: Recluster: the original cluster sequence is lacking explicit ghosts; area support will no longer be available after re-clustering (LAST SUCH WARNING)
2026-02-12 09:28:33,026 ClassIDSvc                                           INFO getRegistryEntries: read 2916 CLIDRegistry entries for module ALL
xAOD::AuxSelection WARNING Selected dynamic Aux atribute "DFCommonJets_eventClean_LooseBadLLP" not found in the registry
xAOD::AuxSelection WARNING Selected dynamic Aux atribute "HTXS_Higgs_decay_eta" not found in the registry
xAOD::AuxSelection WARNING Selected dynamic Aux atribute "HTXS_Higgs_decay_m" not found in the registry
xAOD::AuxSelection WARNING Selected dynamic Aux atribute "HTXS_Higgs_decay_phi" not found in the registry
xAOD::AuxSelection WARNING Selected dynamic Aux atribute "HTXS_Higgs_decay_pt" not found in the registry
xAOD::AuxSelection WARNING Selected dynamic Aux atribute "HTXS_Higgs_eta" not found in the registry
xAOD::AuxSelection WARNING Selected dynamic Aux atribute "HTXS_Higgs_m" not found in the registry
xAOD::AuxSelection WARNING Selected dynamic Aux atribute "HTXS_Higgs_phi" not found in the registry
xAOD::AuxSelection WARNING Selected dynamic Aux atribute "HTXS_Higgs_pt" not found in the registry
xAOD::AuxSelection WARNING Selected dynamic Aux atribute "HTXS_Njets_pTjet25" not found in the registry
xAOD::AuxSelection WARNING Selected dynamic Aux atribute "HTXS_Njets_pTjet30" not found in the registry
xAOD::AuxSelection WARNING Selected dynamic Aux atribute "HTXS_Stage0_Category" not found in the registry
xAOD::AuxSelection WARNING Selected dynamic Aux atribute "HTXS_Stage1_2_Category_pTjet25" not found in the registry
xAOD::AuxSelection WARNING Selected dynamic Aux atribute "HTXS_Stage1_2_Category_pTjet30" not found in the registry
xAOD::AuxSelection WARNING Selected dynamic Aux atribute "HTXS_Stage1_2_FineIndex_pTjet25" not found in the registry
xAOD::AuxSelection WARNING Selected dynamic Aux atribute "HTXS_Stage1_2_FineIndex_pTjet30" not found in the registry
xAOD::AuxSelection WARNING Selected dynamic Aux atribute "HTXS_Stage1_2_Fine_Category_pTjet25" not found in the registry
xAOD::AuxSelection WARNING Selected dynamic Aux atribute "HTXS_Stage1_2_Fine_Category_pTjet30" not found in the registry
xAOD::AuxSelection WARNING Selected dynamic Aux atribute "HTXS_Stage1_2_Fine_FineIndex_pTjet25" not found in the registry
xAOD::AuxSelection WARNING Selected dynamic Aux atribute "HTXS_Stage1_2_Fine_FineIndex_pTjet30" not found in the registry
xAOD::AuxSelection WARNING Selected dynamic Aux atribute "HTXS_Stage1_Category_pTjet25" not found in the registry
xAOD::AuxSelection WARNING Selected dynamic Aux atribute "HTXS_Stage1_Category_pTjet30" not found in the registry
xAOD::AuxSelection WARNING Selected dynamic Aux atribute "HTXS_Stage1_FineIndex_pTjet25" not found in the registry
xAOD::AuxSelection WARNING Selected dynamic Aux atribute "HTXS_Stage1_FineIndex_pTjet30" not found in the registry
xAOD::AuxSelection WARNING Selected dynamic Aux atribute "HTXS_V_decay_eta" not found in the registry
xAOD::AuxSelection WARNING Selected dynamic Aux atribute "HTXS_V_decay_m" not found in the registry
xAOD::AuxSelection WARNING Selected dynamic Aux atribute "HTXS_V_decay_phi" not found in the registry
xAOD::AuxSelection WARNING Selected dynamic Aux atribute "HTXS_V_decay_pt" not found in the registry
xAOD::AuxSelection WARNING Selected dynamic Aux atribute "HTXS_V_eta" not found in the registry
xAOD::AuxSelection WARNING Selected dynamic Aux atribute "HTXS_V_jets25_eta" not found in the registry
xAOD::AuxSelection WARNING Selected dynamic Aux atribute "HTXS_V_jets25_m" not found in the registry
xAOD::AuxSelection WARNING Selected dynamic Aux atribute "HTXS_V_jets25_phi" not found in the registry
xAOD::AuxSelection WARNING Selected dynamic Aux atribute "HTXS_V_jets25_pt" not found in the registry
xAOD::AuxSelection WARNING Selected dynamic Aux atribute "HTXS_V_jets30_eta" not found in the registry
xAOD::AuxSelection WARNING Selected dynamic Aux atribute "HTXS_V_jets30_m" not found in the registry
xAOD::AuxSelection WARNING Selected dynamic Aux atribute "HTXS_V_jets30_phi" not found in the registry
xAOD::AuxSelection WARNING Selected dynamic Aux atribute "HTXS_V_jets30_pt" not found in the registry
xAOD::AuxSelection WARNING Selected dynamic Aux atribute "HTXS_V_m" not found in the registry
xAOD::AuxSelection WARNING Selected dynamic Aux atribute "HTXS_V_phi" not found in the registry
xAOD::AuxSelection WARNING Selected dynamic Aux atribute "HTXS_V_pt" not found in the registry
xAOD::AuxSelection WARNING Selected dynamic Aux atribute "HTXS_errorCode" not found in the registry
xAOD::AuxSelection WARNING Selected dynamic Aux atribute "HTXS_isZ2vvDecay" not found in the registry
xAOD::AuxSelection WARNING Selected dynamic Aux atribute "truthClassification" not found in the registry
xAOD::AuxSelection WARNING Selected dynamic Aux atribute "DFCommonGoodMuon" not found in the registry
xAOD::AuxSelection WARNING Selected dynamic Aux atribute "DecayModeVector" not found in the registry
xAOD::AuxSelection WARNING Selected dynamic Aux atribute "IsHadronicTau" not found in the registry
xAOD::AuxSelection WARNING Selected dynamic Aux atribute "decay_vertex_x" not found in the registry
xAOD::AuxSelection WARNING Selected dynamic Aux atribute "decay_vertex_y" not found in the registry
xAOD::AuxSelection WARNING Selected dynamic Aux atribute "decay_vertex_z" not found in the registry
xAOD::AuxSelection WARNING Selected dynamic Aux atribute "eta_invis" not found in the registry
xAOD::AuxSelection WARNING Selected dynamic Aux atribute "eta_vis_neutral" not found in the registry
xAOD::AuxSelection WARNING Selected dynamic Aux atribute "m_invis" not found in the registry
xAOD::AuxSelection WARNING Selected dynamic Aux atribute "m_vis_neutral" not found in the registry
xAOD::AuxSelection WARNING Selected dynamic Aux atribute "numCharged" not found in the registry
xAOD::AuxSelection WARNING Selected dynamic Aux atribute "numChargedPion" not found in the registry
xAOD::AuxSelection WARNING Selected dynamic Aux atribute "numNeutral" not found in the registry
xAOD::AuxSelection WARNING Selected dynamic Aux atribute "numNeutralPion" not found in the registry
xAOD::AuxSelection WARNING Selected dynamic Aux atribute "phi_invis" not found in the registry
xAOD::AuxSelection WARNING Selected dynamic Aux atribute "phi_vis_neutral" not found in the registry
xAOD::AuxSelection WARNING Selected dynamic Aux atribute "prod_vertex_x" not found in the registry
xAOD::AuxSelection WARNING Selected dynamic Aux atribute "prod_vertex_y" not found in the registry
xAOD::AuxSelection WARNING Selected dynamic Aux atribute "prod_vertex_z" not found in the registry
xAOD::AuxSelection WARNING Selected dynamic Aux atribute "pt_invis" not found in the registry
xAOD::AuxSelection WARNING Selected dynamic Aux atribute "pt_vis_neutral" not found in the registry
xAOD::AuxSelection WARNING Selected dynamic Aux atribute "Angularity" not found in the registry
xAOD::AuxSelection WARNING Selected dynamic Aux atribute "ChargeMFrac" not found in the registry
xAOD::AuxSelection WARNING Selected dynamic Aux atribute "ChargePTFrac" not found in the registry
xAOD::AuxSelection WARNING Selected dynamic Aux atribute "EM3FracCaloBased" not found in the registry
xAOD::AuxSelection WARNING Selected dynamic Aux atribute "EffNClustsCaloBased" not found in the registry
xAOD::AuxSelection WARNING Selected dynamic Aux atribute "GN3XPV01_pqcd" not found in the registry
xAOD::AuxSelection WARNING Selected dynamic Aux atribute "KtDR" not found in the registry
xAOD::AuxSelection WARNING Selected dynamic Aux atribute "NeutralEFrac" not found in the registry
xAOD::AuxSelection WARNING Selected dynamic Aux atribute "PlanarFlow" not found in the registry
xAOD::AuxSelection WARNING Selected dynamic Aux atribute "Tile0FracCaloBased" not found in the registry
xAOD::AuxSelection WARNING Selected dynamic Aux atribute "bJR10v00_mass" not found in the registry
xAOD::AuxSelection WARNING Selected dynamic Aux atribute "bJR10v00_pt" not found in the registry
xAOD::AuxSelection WARNING Selected dynamic Aux atribute "groomMRatio" not found in the registry
xAOD::AuxSelection WARNING Selected dynamic Aux atribute "PartonTruthLabelTruthLabelBarcode" not found in the registry
xAOD::AuxSelection WARNING Selected dynamic Aux atribute "PartonTruthLabelTruthLabelDR" not found in the registry
xAOD::AuxSelection WARNING Selected dynamic Aux atribute "PartonTruthLabelTruthLabelID" not found in the registry
xAOD::AuxSelection WARNING Selected dynamic Aux atribute "PartonTruthLabelTruthLabelLxy" not found in the registry
xAOD::AuxSelection WARNING Selected dynamic Aux atribute "PartonTruthLabelTruthLabelPdgId" not found in the registry
xAOD::AuxSelection WARNING Selected dynamic Aux atribute "PartonTruthLabelTruthLabelPt" not found in the registry
2026-02-12 09:28:33,094 TBranchAuxDynReader                                  INFO RootAuxDynIO/src/TBranchAuxDynReader.cxx:326 (TBranchAuxDynReader::BranchInfo& TBranchAuxDynReader::getBranchInfo(const unsigned long&, const SG::AuxStoreInternal&)): attribute 'pileUpMixtureIDLowBits' (id=2 typename=unsigned long) has different type than the branch: ULong64_t  Marking for schema evolution.
2026-02-12 09:28:33,094 TBranchAuxDynReader                                  INFO RootAuxDynIO/src/TBranchAuxDynReader.cxx:326 (TBranchAuxDynReader::BranchInfo& TBranchAuxDynReader::getBranchInfo(const unsigned long&, const SG::AuxStoreInternal&)): attribute 'pileUpMixtureIDHighBits' (id=3 typename=unsigned long) has different type than the branch: ULong64_t  Marking for schema evolution.
2026-02-12 09:28:33,299 copyAuxStoreThinned                               WARNING AthContainers/src/copyAuxStoreThinned.cxx:138: unlocked decoration UEcorr_Pt (955) in object of type xAOD::ElectronAuxContainer_v3
2026-02-12 09:28:33,322 copyAuxStoreThinned                               WARNING AthContainers/src/copyAuxStoreThinned.cxx:138: unlocked decoration UEcorr_Pt (955) in object of type xAOD::MuonAuxContainer_v5
2026-02-12 09:28:33,370 ClassIDSvc                                           INFO getRegistryEntries: read 302 CLIDRegistry entries for module ALL
2026-02-12 09:28:33,467 AthenaEventLoopMgr                                   INFO   ===>>>  done processing event #334732001, run #450000 1 events processed so far  <<<===
2026-02-12 09:28:33,480 PoolSvc                                           WARNING connect: Using default input Stream instead of id = 4294967295
2026-02-12 09:28:34,206 copyAuxStoreThinned                               WARNING AthContainers/src/copyAuxStoreThinned.cxx:138: unlocked decoration UEcorr_Pt (955) in object of type xAOD::ElectronAuxContainer_v3
2026-02-12 09:28:35,010 copyAuxStoreThinned                               WARNING AthContainers/src/copyAuxStoreThinned.cxx:138: unlocked decoration UEcorr_Pt (955) in object of type xAOD::ElectronAuxContainer_v3
2026-02-12 09:28:35,013 copyAuxStoreThinned                               WARNING AthContainers/src/copyAuxStoreThinned.cxx:138: unlocked decoration UEcorr_Pt (955) in object of type xAOD::MuonAuxContainer_v5
2026-02-12 09:28:35,921 copyAuxStoreThinned                               WARNING AthContainers/src/copyAuxStoreThinned.cxx:138: unlocked decoration UEcorr_Pt (955) in object of type xAOD::ElectronAuxContainer_v3
2026-02-12 09:28:35,927 copyAuxStoreThinned                               WARNING AthContainers/src/copyAuxStoreThinned.cxx:138: unlocked decoration UEcorr_Pt (955) in object of type xAOD::MuonAuxContainer_v5
2026-02-12 09:28:36,680 copyAuxStoreThinned                               WARNING AthContainers/src/copyAuxStoreThinned.cxx:138: unlocked decoration UEcorr_Pt (955) in object of type xAOD::ElectronAuxContainer_v3
2026-02-12 09:28:37,287 copyAuxStoreThinned                               WARNING AthContainers/src/copyAuxStoreThinned.cxx:138: unlocked decoration UEcorr_Pt (955) in object of type xAOD::ElectronAuxContainer_v3
2026-02-12 09:28:38,138 copyAuxStoreThinned                               WARNING AthContainers/src/copyAuxStoreThinned.cxx:138: unlocked decoration UEcorr_Pt (955) in object of type xAOD::ElectronAuxContainer_v3
2026-02-12 09:28:38,142 copyAuxStoreThinned                               WARNING AthContainers/src/copyAuxStoreThinned.cxx:138: unlocked decoration UEcorr_Pt (955) in object of type xAOD::MuonAuxContainer_v5
2026-02-12 09:28:38,982 copyAuxStoreThinned                               WARNING AthContainers/src/copyAuxStoreThinned.cxx:138: unlocked decoration UEcorr_Pt (955) in object of type xAOD::ElectronAuxContainer_v3
2026-02-12 09:28:39,884 copyAuxStoreThinned                               WARNING AthContainers/src/copyAuxStoreThinned.cxx:138: unlocked decoration UEcorr_Pt (955) in object of type xAOD::ElectronAuxContainer_v3
2026-02-12 09:28:39,888 copyAuxStoreThinned                               WARNING AthContainers/src/copyAuxStoreThinned.cxx:138: unlocked decoration UEcorr_Pt (955) in object of type xAOD::MuonAuxContainer_v5
2026-02-12 09:28:40,728 copyAuxStoreThinned                               WARNING AthContainers/src/copyAuxStoreThinned.cxx:138: unlocked decoration UEcorr_Pt (955) in object of type xAOD::ElectronAuxContainer_v3
2026-02-12 09:28:40,939 AthMpEvtLoopMgr.SharedEvtQueueConsumer               INFO Fin function in the AthenaMP worker PID=1360245
2026-02-12 09:28:40,953 ToolSvc.BookkeeperTool                               INFO Successfully copied CutBookkeepers to the output MetaDataStore
2026-02-12 09:28:41,010 /eos/home-b/bkamgama/draft/Run_sleep_10000/...root   INFO Database being retired...
2026-02-12 09:28:41,029 /eos/home-b/bkamgama/draft/Run_sleep_10000/...root   INFO ->  Deaccess DbDatabase   READ      [ROOT_All] DDA2F11F-D15D-C648-85F4-1887AA43EA0B
2026-02-12 09:28:41,030 AthenaPoolSharedIOCnvSvc.OutputStreamingTool         INFO in stop()
2026-02-12 09:28:41,030 AthenaPoolSharedIOCnvSvc.OutputStreamingTool         INFO Client stop() inform Server: 2
2026-02-12 09:28:41,059 ApplicationMgr                                       INFO Application Manager Stopped successfully
2026-02-12 09:28:41,169 CondInputLoader                                      INFO Finalizing CondInputLoader...
2026-02-12 09:28:41,169 MCTruthClassificationKernel                          INFO ============================================================================
2026-02-12 09:28:41,169 MCTruthClassificationKernel                          INFO  The following CP tools were called by MCTruthClassificationKernel for the whole train:
2026-02-12 09:28:41,169 MCTruthClassificationKernel                          INFO ToolSvc.DFCommonTruthClassificationTool
2026-02-12 09:28:41,169 MCTruthClassificationKernel                          INFO ============================================================================
2026-02-12 09:28:41,169 PhysCommonTruthCharmKernel                           INFO ============================================================================
2026-02-12 09:28:41,169 PhysCommonTruthCharmKernel                           INFO  The following CP tools were called by PhysCommonTruthCharmKernel for the whole train:
2026-02-12 09:28:41,169 PhysCommonTruthCharmKernel                           INFO ToolSvc.PhysCommonTruthCharmTool
2026-02-12 09:28:41,169 PhysCommonTruthCharmKernel                           INFO ============================================================================
2026-02-12 09:28:41,170 MCTruthCommonHFAndDecaysKernel                       INFO ============================================================================
2026-02-12 09:28:41,170 MCTruthCommonHFAndDecaysKernel                       INFO  The following CP tools were called by MCTruthCommonHFAndDecaysKernel for the whole train:
2026-02-12 09:28:41,170 MCTruthCommonHFAndDecaysKernel                       INFO ToolSvc.DFCommonHFAndDecaysTool
2026-02-12 09:28:41,170 MCTruthCommonHFAndDecaysKernel                       INFO ============================================================================
2026-02-12 09:28:41,170 DFCommonTruthMetaDataWriterKernel                    INFO ============================================================================
2026-02-12 09:28:41,170 DFCommonTruthMetaDataWriterKernel                    INFO  The following CP tools were called by DFCommonTruthMetaDataWriterKernel for the whole train:
2026-02-12 09:28:41,170 DFCommonTruthMetaDataWriterKernel                    INFO ToolSvc.DFCommonTruthMetaDataWriter
2026-02-12 09:28:41,170 DFCommonTruthMetaDataWriterKernel                    INFO ============================================================================
2026-02-12 09:28:41,170 MCTruthCommonPreJetKernelNo1                         INFO ============================================================================
2026-02-12 09:28:41,170 MCTruthCommonPreJetKernelNo1                         INFO  The following CP tools were called by MCTruthCommonPreJetKernelNo1 for the whole train:
2026-02-12 09:28:41,170 MCTruthCommonPreJetKernelNo1                         INFO ToolSvc.DFCommonTruthMuonTool
2026-02-12 09:28:41,170 MCTruthCommonPreJetKernelNo1                         INFO ============================================================================
2026-02-12 09:28:41,170 MCTruthCommonPreJetKernelNo2                         INFO ============================================================================
2026-02-12 09:28:41,170 MCTruthCommonPreJetKernelNo2                         INFO  The following CP tools were called by MCTruthCommonPreJetKernelNo2 for the whole train:
2026-02-12 09:28:41,170 MCTruthCommonPreJetKernelNo2                         INFO ToolSvc.DFCommonTruthElectronTool
2026-02-12 09:28:41,170 MCTruthCommonPreJetKernelNo2                         INFO ============================================================================
2026-02-12 09:28:41,170 MCTruthCommonPreJetKernelNo3                         INFO ============================================================================
2026-02-12 09:28:41,170 MCTruthCommonPreJetKernelNo3                         INFO  The following CP tools were called by MCTruthCommonPreJetKernelNo3 for the whole train:
2026-02-12 09:28:41,170 MCTruthCommonPreJetKernelNo3                         INFO ToolSvc.DFCommonTruthPhotonToolSim
2026-02-12 09:28:41,171 MCTruthCommonPreJetKernelNo3                         INFO ============================================================================
2026-02-12 09:28:41,171 MCTruthCommonPreJetKernelNo4                         INFO ============================================================================
2026-02-12 09:28:41,171 MCTruthCommonPreJetKernelNo4                         INFO  The following CP tools were called by MCTruthCommonPreJetKernelNo4 for the whole train:
2026-02-12 09:28:41,171 MCTruthCommonPreJetKernelNo4                         INFO ToolSvc.DFCommonTruthNeutrinoTool
2026-02-12 09:28:41,171 MCTruthCommonPreJetKernelNo4                         INFO ============================================================================
2026-02-12 09:28:41,171 MCTruthCommonPreJetKernelNo5                         INFO ============================================================================
2026-02-12 09:28:41,171 MCTruthCommonPreJetKernelNo5                         INFO  The following CP tools were called by MCTruthCommonPreJetKernelNo5 for the whole train:
2026-02-12 09:28:41,171 MCTruthCommonPreJetKernelNo5                         INFO ToolSvc.DFCommonTruthBottomTool
2026-02-12 09:28:41,171 MCTruthCommonPreJetKernelNo5                         INFO ============================================================================
2026-02-12 09:28:41,171 MCTruthCommonPreJetKernelNo6                         INFO ============================================================================
2026-02-12 09:28:41,171 MCTruthCommonPreJetKernelNo6                         INFO  The following CP tools were called by MCTruthCommonPreJetKernelNo6 for the whole train:
2026-02-12 09:28:41,171 MCTruthCommonPreJetKernelNo6                         INFO ToolSvc.DFCommonTruthTopTool
2026-02-12 09:28:41,171 MCTruthCommonPreJetKernelNo6                         INFO ============================================================================
2026-02-12 09:28:41,171 MCTruthCommonPreJetKernelNo7                         INFO ============================================================================
2026-02-12 09:28:41,171 MCTruthCommonPreJetKernelNo7                         INFO  The following CP tools were called by MCTruthCommonPreJetKernelNo7 for the whole train:
2026-02-12 09:28:41,171 MCTruthCommonPreJetKernelNo7                         INFO ToolSvc.DFCommonTruthBosonTool
2026-02-12 09:28:41,171 MCTruthCommonPreJetKernelNo7                         INFO ============================================================================
2026-02-12 09:28:41,171 MCTruthCommonPreJetKernelNo8                         INFO ============================================================================
2026-02-12 09:28:41,172 MCTruthCommonPreJetKernelNo8                         INFO  The following CP tools were called by MCTruthCommonPreJetKernelNo8 for the whole train:
2026-02-12 09:28:41,172 MCTruthCommonPreJetKernelNo8                         INFO ToolSvc.DFCommonTruthBSMTool
2026-02-12 09:28:41,172 MCTruthCommonPreJetKernelNo8                         INFO ============================================================================
2026-02-12 09:28:41,172 MCTruthCommonPreJetKernelNo9                         INFO ============================================================================
2026-02-12 09:28:41,172 MCTruthCommonPreJetKernelNo9                         INFO  The following CP tools were called by MCTruthCommonPreJetKernelNo9 for the whole train:
2026-02-12 09:28:41,172 MCTruthCommonPreJetKernelNo9                         INFO ToolSvc.DFCommonTruthElectronIsolationTool1
2026-02-12 09:28:41,172 MCTruthCommonPreJetKernelNo9                         INFO ============================================================================
2026-02-12 09:28:41,172 MCTruthCommonPreJetKernelNo10                        INFO ============================================================================
2026-02-12 09:28:41,172 MCTruthCommonPreJetKernelNo10                        INFO  The following CP tools were called by MCTruthCommonPreJetKernelNo10 for the whole train:
2026-02-12 09:28:41,172 MCTruthCommonPreJetKernelNo10                        INFO ToolSvc.DFCommonTruthElectronIsolationTool2
2026-02-12 09:28:41,172 MCTruthCommonPreJetKernelNo10                        INFO ============================================================================
2026-02-12 09:28:41,172 MCTruthCommonPreJetKernelNo11                        INFO ============================================================================
2026-02-12 09:28:41,172 MCTruthCommonPreJetKernelNo11                        INFO  The following CP tools were called by MCTruthCommonPreJetKernelNo11 for the whole train:
2026-02-12 09:28:41,172 MCTruthCommonPreJetKernelNo11                        INFO ToolSvc.DFCommonTruthMuonIsolationTool1
2026-02-12 09:28:41,172 MCTruthCommonPreJetKernelNo11                        INFO ============================================================================
2026-02-12 09:28:41,172 MCTruthCommonPreJetKernelNo12                        INFO ============================================================================
2026-02-12 09:28:41,172 MCTruthCommonPreJetKernelNo12                        INFO  The following CP tools were called by MCTruthCommonPreJetKernelNo12 for the whole train:
2026-02-12 09:28:41,172 MCTruthCommonPreJetKernelNo12                        INFO ToolSvc.DFCommonTruthMuonIsolationTool2
2026-02-12 09:28:41,172 MCTruthCommonPreJetKernelNo12                        INFO ============================================================================
2026-02-12 09:28:41,172 MCTruthCommonPreJetKernelNo13                        INFO ============================================================================
2026-02-12 09:28:41,173 MCTruthCommonPreJetKernelNo13                        INFO  The following CP tools were called by MCTruthCommonPreJetKernelNo13 for the whole train:
2026-02-12 09:28:41,173 MCTruthCommonPreJetKernelNo13                        INFO ToolSvc.DFCommonTruthPhotonIsolationTool1
2026-02-12 09:28:41,173 MCTruthCommonPreJetKernelNo13                        INFO ============================================================================
2026-02-12 09:28:41,173 MCTruthCommonPreJetKernelNo14                        INFO ============================================================================
2026-02-12 09:28:41,173 MCTruthCommonPreJetKernelNo14                        INFO  The following CP tools were called by MCTruthCommonPreJetKernelNo14 for the whole train:
2026-02-12 09:28:41,173 MCTruthCommonPreJetKernelNo14                        INFO ToolSvc.DFCommonTruthPhotonIsolationTool2
2026-02-12 09:28:41,173 MCTruthCommonPreJetKernelNo14                        INFO ============================================================================
2026-02-12 09:28:41,173 MCTruthCommonPreJetKernelNo15                        INFO ============================================================================
2026-02-12 09:28:41,173 MCTruthCommonPreJetKernelNo15                        INFO  The following CP tools were called by MCTruthCommonPreJetKernelNo15 for the whole train:
2026-02-12 09:28:41,173 MCTruthCommonPreJetKernelNo15                        INFO ToolSvc.DFCommonTruthPhotonIsolationTool3
2026-02-12 09:28:41,173 MCTruthCommonPreJetKernelNo15                        INFO ============================================================================
2026-02-12 09:28:41,173 MCTruthCommonPreJetKernelNo16                        INFO ============================================================================
2026-02-12 09:28:41,173 MCTruthCommonPreJetKernelNo16                        INFO  The following CP tools were called by MCTruthCommonPreJetKernelNo16 for the whole train:
2026-02-12 09:28:41,173 MCTruthCommonPreJetKernelNo16                        INFO ToolSvc.DFCommonTruthForwardProtonTool
2026-02-12 09:28:41,173 MCTruthCommonPreJetKernelNo16                        INFO ============================================================================
2026-02-12 09:28:41,173 MCTruthCommonPreJetKernelNo17                        INFO ============================================================================
2026-02-12 09:28:41,173 MCTruthCommonPreJetKernelNo17                        INFO  The following CP tools were called by MCTruthCommonPreJetKernelNo17 for the whole train:
2026-02-12 09:28:41,173 MCTruthCommonPreJetKernelNo17                        INFO ToolSvc.DFCommonTruthElectronDressingTool
2026-02-12 09:28:41,173 MCTruthCommonPreJetKernelNo17                        INFO ============================================================================
2026-02-12 09:28:41,174 MCTruthCommonPreJetKernelNo18                        INFO ============================================================================
2026-02-12 09:28:41,174 MCTruthCommonPreJetKernelNo18                        INFO  The following CP tools were called by MCTruthCommonPreJetKernelNo18 for the whole train:
2026-02-12 09:28:41,174 MCTruthCommonPreJetKernelNo18                        INFO ToolSvc.DFCommonTruthMuonDressingTool
2026-02-12 09:28:41,174 MCTruthCommonPreJetKernelNo18                        INFO ============================================================================
2026-02-12 09:28:41,175 TauTruthCommonKernel2                                INFO ============================================================================
2026-02-12 09:28:41,175 TauTruthCommonKernel2                                INFO  The following CP tools were called by TauTruthCommonKernel2 for the whole train:
2026-02-12 09:28:41,175 TauTruthCommonKernel2                                INFO ToolSvc.DFCommonTauJetsTruthMatchingWrapper
2026-02-12 09:28:41,175 TauTruthCommonKernel2                                INFO ============================================================================
2026-02-12 09:28:41,175 MCTruthCommonPostJetKernelNo1                        INFO ============================================================================
2026-02-12 09:28:41,175 MCTruthCommonPostJetKernelNo1                        INFO  The following CP tools were called by MCTruthCommonPostJetKernelNo1 for the whole train:
2026-02-12 09:28:41,175 MCTruthCommonPostJetKernelNo1                        INFO ToolSvc.DFCommonTruthTauDressingTool
2026-02-12 09:28:41,175 MCTruthCommonPostJetKernelNo1                        INFO ============================================================================
2026-02-12 09:28:41,175 MCTruthCommonPostJetKernelNo2                        INFO ============================================================================
2026-02-12 09:28:41,175 MCTruthCommonPostJetKernelNo2                        INFO  The following CP tools were called by MCTruthCommonPostJetKernelNo2 for the whole train:
2026-02-12 09:28:41,175 MCTruthCommonPostJetKernelNo2                        INFO ToolSvc.DFCommonTruthGenFilt
2026-02-12 09:28:41,175 MCTruthCommonPostJetKernelNo2                        INFO ============================================================================
2026-02-12 09:28:41,175 MCTruthCommonPostJetKernelNo3                        INFO ============================================================================
2026-02-12 09:28:41,176 MCTruthCommonPostJetKernelNo3                        INFO  The following CP tools were called by MCTruthCommonPostJetKernelNo3 for the whole train:
2026-02-12 09:28:41,176 MCTruthCommonPostJetKernelNo3                        INFO ToolSvc.DFCommonTruthDressedWZQGLabelTool
2026-02-12 09:28:41,176 MCTruthCommonPostJetKernelNo3                        INFO ============================================================================
2026-02-12 09:28:41,176 MCTruthNavigationDecoratorKernel                     INFO ============================================================================
2026-02-12 09:28:41,176 MCTruthNavigationDecoratorKernel                     INFO  The following CP tools were called by MCTruthNavigationDecoratorKernel for the whole train:
2026-02-12 09:28:41,176 MCTruthNavigationDecoratorKernel                     INFO ToolSvc.DFCommonTruthNavigationDecorator
2026-02-12 09:28:41,176 MCTruthNavigationDecoratorKernel                     INFO ============================================================================
2026-02-12 09:28:41,176 MCTruthCommonBosonsAndDecaysKernel                   INFO ============================================================================
2026-02-12 09:28:41,176 MCTruthCommonBosonsAndDecaysKernel                   INFO  The following CP tools were called by MCTruthCommonBosonsAndDecaysKernel for the whole train:
2026-02-12 09:28:41,176 MCTruthCommonBosonsAndDecaysKernel                   INFO ToolSvc.DFCommonBosonsAndDecaysTool
2026-02-12 09:28:41,176 MCTruthCommonBosonsAndDecaysKernel                   INFO ============================================================================
2026-02-12 09:28:41,176 MCTruthCommonBSMAndDecaysKernel                      INFO ============================================================================
2026-02-12 09:28:41,176 MCTruthCommonBSMAndDecaysKernel                      INFO  The following CP tools were called by MCTruthCommonBSMAndDecaysKernel for the whole train:
2026-02-12 09:28:41,176 MCTruthCommonBSMAndDecaysKernel                      INFO ToolSvc.DFCommonBSMAndDecaysTool
2026-02-12 09:28:41,176 MCTruthCommonBSMAndDecaysKernel                      INFO ============================================================================
2026-02-12 09:28:41,176 MCTruthCommonBornLeptonsKernel                       INFO ============================================================================
2026-02-12 09:28:41,176 MCTruthCommonBornLeptonsKernel                       INFO  The following CP tools were called by MCTruthCommonBornLeptonsKernel for the whole train:
2026-02-12 09:28:41,176 MCTruthCommonBornLeptonsKernel                       INFO ToolSvc.DFCommonBornLeptonCollTool
2026-02-12 09:28:41,176 MCTruthCommonBornLeptonsKernel                       INFO ============================================================================
2026-02-12 09:28:41,176 MiniCollectionTruthLinkKernelNo1                     INFO ============================================================================
2026-02-12 09:28:41,177 MiniCollectionTruthLinkKernelNo1                     INFO  The following CP tools were called by MiniCollectionTruthLinkKernelNo1 for the whole train:
2026-02-12 09:28:41,177 MiniCollectionTruthLinkKernelNo1                     INFO ToolSvc.ElMiniCollectionTruthLinkTool
2026-02-12 09:28:41,177 MiniCollectionTruthLinkKernelNo1                     INFO ============================================================================
2026-02-12 09:28:41,177 MiniCollectionTruthLinkKernelNo2                     INFO ============================================================================
2026-02-12 09:28:41,177 MiniCollectionTruthLinkKernelNo2                     INFO  The following CP tools were called by MiniCollectionTruthLinkKernelNo2 for the whole train:
2026-02-12 09:28:41,177 MiniCollectionTruthLinkKernelNo2                     INFO ToolSvc.PhMiniCollectionTruthLinkTool
2026-02-12 09:28:41,177 MiniCollectionTruthLinkKernelNo2                     INFO ============================================================================
2026-02-12 09:28:41,177 MiniCollectionTruthLinkKernelNo3                     INFO ============================================================================
2026-02-12 09:28:41,177 MiniCollectionTruthLinkKernelNo3                     INFO  The following CP tools were called by MiniCollectionTruthLinkKernelNo3 for the whole train:
2026-02-12 09:28:41,177 MiniCollectionTruthLinkKernelNo3                     INFO ToolSvc.MuMiniCollectionTruthLinkTool
2026-02-12 09:28:41,177 MiniCollectionTruthLinkKernelNo3                     INFO ============================================================================
2026-02-12 09:28:41,177 MCTruthCommonTruthPVCollKernel                       INFO ============================================================================
2026-02-12 09:28:41,177 MCTruthCommonTruthPVCollKernel                       INFO  The following CP tools were called by MCTruthCommonTruthPVCollKernel for the whole train:
2026-02-12 09:28:41,177 MCTruthCommonTruthPVCollKernel                       INFO ToolSvc.DFCommonTruthPVCollTool
2026-02-12 09:28:41,177 MCTruthCommonTruthPVCollKernel                       INFO ============================================================================
2026-02-12 09:28:41,177 DFCommonHSDecorator                                  INFO ============================================================================
2026-02-12 09:28:41,177 DFCommonHSDecorator                                  INFO  The following CP tools were called by DFCommonHSDecorator for the whole train:
2026-02-12 09:28:41,177 DFCommonHSDecorator                                  INFO ToolSvc.HardScatterDecorTool
2026-02-12 09:28:41,177 DFCommonHSDecorator                                  INFO ============================================================================
2026-02-12 09:28:41,178 InDetCommonKernelDFCommonTrackSelection              INFO ============================================================================
2026-02-12 09:28:41,178 InDetCommonKernelDFCommonTrackSelection              INFO  The following CP tools were called by InDetCommonKernelDFCommonTrackSelection for the whole train:
2026-02-12 09:28:41,178 InDetCommonKernelDFCommonTrackSelection              INFO ToolSvc.DFCommonTrackSelection
2026-02-12 09:28:41,178 InDetCommonKernelDFCommonTrackSelection              INFO ============================================================================
2026-02-12 09:28:41,178 InDetCommonKernelDFCommonZ0AtPV                      INFO ============================================================================
2026-02-12 09:28:41,178 InDetCommonKernelDFCommonZ0AtPV                      INFO  The following CP tools were called by InDetCommonKernelDFCommonZ0AtPV for the whole train:
2026-02-12 09:28:41,178 InDetCommonKernelDFCommonZ0AtPV                      INFO ToolSvc.DFCommonZ0AtPV
2026-02-12 09:28:41,178 InDetCommonKernelDFCommonZ0AtPV                      INFO ============================================================================
2026-02-12 09:28:41,178 InDetCommonKernelDFCommonUsedInFitDecorator          INFO ============================================================================
2026-02-12 09:28:41,178 InDetCommonKernelDFCommonUsedInFitDecorator          INFO  The following CP tools were called by InDetCommonKernelDFCommonUsedInFitDecorator for the whole train:
2026-02-12 09:28:41,178 InDetCommonKernelDFCommonUsedInFitDecorator          INFO ToolSvc.DFCommonUsedInFitDecorator
2026-02-12 09:28:41,178 InDetCommonKernelDFCommonUsedInFitDecorator          INFO ============================================================================
2026-02-12 09:28:41,178 DFCommonMuonsKernel                                  INFO ============================================================================
2026-02-12 09:28:41,178 DFCommonMuonsKernel                                  INFO  The following CP tools were called by DFCommonMuonsKernel for the whole train:
2026-02-12 09:28:41,178 DFCommonMuonsKernel                                  INFO ToolSvc.DFCommonMuonToolWrapperIDCuts
2026-02-12 09:28:41,178 DFCommonMuonsKernel                                  INFO ToolSvc.DFCommonMuonToolWrapperPreselection
2026-02-12 09:28:41,178 DFCommonMuonsKernel                                  INFO ============================================================================
2026-02-12 09:28:41,179 IsolationBuilderNonpro...All_MaxWeightLooseCone500   INFO Finalizing IsolationBuilderNonprompt_All_MaxWeightLooseCone500...
2026-02-12 09:28:41,179 IsolationBuilderNonprompt_All_MaxWeight500           INFO Finalizing IsolationBuilderNonprompt_All_MaxWeight500...
2026-02-12 09:28:41,179 IsolationBuilderNonpro...ll_MaxWeightLooseCone1000   INFO Finalizing IsolationBuilderNonprompt_All_MaxWeightLooseCone1000...
2026-02-12 09:28:41,179 IsolationBuilderNonprompt_All_MaxWeight1000          INFO Finalizing IsolationBuilderNonprompt_All_MaxWeight1000...
2026-02-12 09:28:41,179 EGammaCommonKernel                                   INFO ============================================================================
2026-02-12 09:28:41,179 EGammaCommonKernel                                   INFO  The following CP tools were called by EGammaCommonKernel for the whole train:
2026-02-12 09:28:41,179 EGammaCommonKernel                                   INFO ToolSvc.DFCommonPhotonsDirection
2026-02-12 09:28:41,179 EGammaCommonKernel                                   INFO ToolSvc.ElectronPassLHVeryLoose
2026-02-12 09:28:41,179 EGammaCommonKernel                                   INFO ToolSvc.ElectronPassLHLoose
2026-02-12 09:28:41,179 EGammaCommonKernel                                   INFO ToolSvc.ElectronPassLHLooseBL
2026-02-12 09:28:41,179 EGammaCommonKernel                                   INFO ToolSvc.ElectronPassLHMedium
2026-02-12 09:28:41,179 EGammaCommonKernel                                   INFO ToolSvc.ElectronPassLHTight
2026-02-12 09:28:41,179 EGammaCommonKernel                                   INFO ToolSvc.ElectronPassDNNLoose
2026-02-12 09:28:41,179 EGammaCommonKernel                                   INFO ToolSvc.ElectronPassDNNMedium
2026-02-12 09:28:41,179 EGammaCommonKernel                                   INFO ToolSvc.ElectronPassDNNTight
2026-02-12 09:28:41,179 EGammaCommonKernel                                   INFO ToolSvc.ElectronPassDNNVeryLooseNoCF97
2026-02-12 09:28:41,179 EGammaCommonKernel                                   INFO ToolSvc.ElectronPassDNNLooseNoCF
2026-02-12 09:28:41,179 EGammaCommonKernel                                   INFO ToolSvc.ElectronPassDNNMediumNoCF
2026-02-12 09:28:41,180 EGammaCommonKernel                                   INFO ToolSvc.ElectronPassDNNTightNoCF
2026-02-12 09:28:41,180 EGammaCommonKernel                                   INFO ToolSvc.PhotonPassIsEMLoose
2026-02-12 09:28:41,180 EGammaCommonKernel                                   INFO ToolSvc.PhotonPassIsEMMedium
2026-02-12 09:28:41,180 EGammaCommonKernel                                   INFO ToolSvc.PhotonPassIsEMTight
2026-02-12 09:28:41,180 EGammaCommonKernel                                   INFO ToolSvc.PhotonPassCleaning
2026-02-12 09:28:41,180 EGammaCommonKernel                                   INFO ToolSvc.ElectronAdditionnalAmbiguity
2026-02-12 09:28:41,180 EGammaCommonKernel                                   INFO ToolSvc.ElectronPassECIDS
2026-02-12 09:28:41,180 EGammaCommonKernel                                   INFO ToolSvc.ForwardElectronPassLHLoose
2026-02-12 09:28:41,180 EGammaCommonKernel                                   INFO ToolSvc.ForwardElectronPassLHMedium
2026-02-12 09:28:41,180 EGammaCommonKernel                                   INFO ToolSvc.ForwardElectronPassLHTight
2026-02-12 09:28:41,180 EGammaCommonKernel                                   INFO ToolSvc.DerivationFramework::EGammaClusterCoreCellRecovery
2026-02-12 09:28:41,180 EGammaCommonKernel                                   INFO ToolSvc.BkgElectronClassificationTool
2026-02-12 09:28:41,180 EGammaCommonKernel                                   INFO ToolSvc.TruthEgetIsolationTool
2026-02-12 09:28:41,180 EGammaCommonKernel                                   INFO ToolSvc.TruthEgptIsolationTool
2026-02-12 09:28:41,180 EGammaCommonKernel                                   INFO ============================================================================
2026-02-12 09:28:41,180 PFlowIsolationBuilder                                INFO Finalizing PFlowIsolationBuilder...
2026-02-12 09:28:41,181 BadBatmanAugmentation                                INFO ============================================================================
2026-02-12 09:28:41,181 BadBatmanAugmentation                                INFO  The following CP tools were called by BadBatmanAugmentation for the whole train:
2026-02-12 09:28:41,182 BadBatmanAugmentation                                INFO ToolSvc.BadBatmanAugmentationTool
2026-02-12 09:28:41,182 BadBatmanAugmentation                                INFO ============================================================================
2026-02-12 09:28:41,182 DistanceInTrainAugmentation                          INFO ============================================================================
2026-02-12 09:28:41,182 DistanceInTrainAugmentation                          INFO  The following CP tools were called by DistanceInTrainAugmentation for the whole train:
2026-02-12 09:28:41,182 DistanceInTrainAugmentation                          INFO ToolSvc.DistanceInTrainAugmentationTool
2026-02-12 09:28:41,182 DistanceInTrainAugmentation                          INFO ============================================================================
2026-02-12 09:28:41,182 TauJets_TauIDDecorKernel                             INFO ============================================================================
2026-02-12 09:28:41,182 TauJets_TauIDDecorKernel                             INFO  The following CP tools were called by TauJets_TauIDDecorKernel for the whole train:
2026-02-12 09:28:41,182 TauJets_TauIDDecorKernel                             INFO ToolSvc.TauJets_TauIDDecoratorWrapper
2026-02-12 09:28:41,182 TauJets_TauIDDecorKernel                             INFO ============================================================================
2026-02-12 09:28:41,182 TauRNNLooseAugmentationKernel                        INFO ============================================================================
2026-02-12 09:28:41,182 TauRNNLooseAugmentationKernel                        INFO  The following CP tools were called by TauRNNLooseAugmentationKernel for the whole train:
2026-02-12 09:28:41,183 TauRNNLooseAugmentationKernel                        INFO ToolSvc.TauRNNLooseWrapper
2026-02-12 09:28:41,183 TauRNNLooseAugmentationKernel                        INFO ============================================================================
2026-02-12 09:28:41,183 DFCommonMuonsKernel2                                 INFO ============================================================================
2026-02-12 09:28:41,183 DFCommonMuonsKernel2                                 INFO  The following CP tools were called by DFCommonMuonsKernel2 for the whole train:
2026-02-12 09:28:41,183 DFCommonMuonsKernel2                                 INFO ToolSvc.MuonJetDrTool
2026-02-12 09:28:41,183 DFCommonMuonsKernel2                                 INFO ============================================================================
2026-02-12 09:28:41,183 DiTauLowPtBuilder                                    INFO Finalizing DiTauLowPtBuilder...
2026-02-12 09:28:41,183 TauJets_MuonRM_TauIDDecorKernel                      INFO ============================================================================
2026-02-12 09:28:41,184 TauJets_MuonRM_TauIDDecorKernel                      INFO  The following CP tools were called by TauJets_MuonRM_TauIDDecorKernel for the whole train:
2026-02-12 09:28:41,184 TauJets_MuonRM_TauIDDecorKernel                      INFO ToolSvc.TauJets_MuonRM_TauIDDecoratorWrapper
2026-02-12 09:28:41,184 TauJets_MuonRM_TauIDDecorKernel                      INFO ============================================================================
2026-02-12 09:28:41,184 DiTauIDDecorKernel                                   INFO ============================================================================
2026-02-12 09:28:41,184 DiTauIDDecorKernel                                   INFO  The following CP tools were called by DiTauIDDecorKernel for the whole train:
2026-02-12 09:28:41,184 DiTauIDDecorKernel                                   INFO ToolSvc.DiTauIDDecoratorWrapper
2026-02-12 09:28:41,184 DiTauIDDecorKernel                                   INFO ============================================================================
2026-02-12 09:28:41,184 DiTauJets_DiTauIDDecorKernel                         INFO ============================================================================
2026-02-12 09:28:41,184 DiTauJets_DiTauIDDecorKernel                         INFO  The following CP tools were called by DiTauJets_DiTauIDDecorKernel for the whole train:
2026-02-12 09:28:41,184 DiTauJets_DiTauIDDecorKernel                         INFO ToolSvc.DiTauJets_DiTauChargeDecorator
2026-02-12 09:28:41,184 DiTauJets_DiTauIDDecorKernel                         INFO ============================================================================
2026-02-12 09:28:41,184 DiTauJetsLowPt_DiTauIDDecorKernel                    INFO ============================================================================
2026-02-12 09:28:41,184 DiTauJetsLowPt_DiTauIDDecorKernel                    INFO  The following CP tools were called by DiTauJetsLowPt_DiTauIDDecorKernel for the whole train:
2026-02-12 09:28:41,184 DiTauJetsLowPt_DiTauIDDecorKernel                    INFO ToolSvc.DiTauJetsLowPt_DiTauChargeDecorator
2026-02-12 09:28:41,184 DiTauJetsLowPt_DiTauIDDecorKernel                    INFO ============================================================================
2026-02-12 09:28:41,185 PHYSKernel                                           INFO ============================================================================
2026-02-12 09:28:41,185 PHYSKernel                                           INFO || SUMMARY OF THE DERIVATION FRAMEWORK KERNEL WITH NAME PHYSKernel || 
2026-02-12 09:28:41,185 PHYSKernel                                           INFO ============================================================================
2026-02-12 09:28:41,185 PHYSKernel                                           INFO ============================================================================
2026-02-12 09:28:41,185 PHYSKernel                                           INFO Events analyzed: 10
2026-02-12 09:28:41,185 PHYSKernel                                           INFO Events accepted: 10
2026-02-12 09:28:41,186 PHYSKernel                                           INFO ============================================================================
2026-02-12 09:28:41,186 FourLeptonVertexAlg                                  INFO Proccessed in total 10 events. Lepton multiplicities observed:
2026-02-12 09:28:41,186 FourLeptonVertexAlg                                  INFO     ---- Events with 0 leptons: 6 (elec/muon) 8/8 (60%)
2026-02-12 09:28:41,186 FourLeptonVertexAlg                                  INFO     ---- Events with 1 leptons: 4 (elec/muon) 2/2 (40%)
2026-02-12 09:28:41,186 FourLeptonVertexAlg                                  INFO     ---- Events with 2 leptons: 0 (elec/muon) 0/0 (0%)
2026-02-12 09:28:41,186 FourLeptonVertexAlg                                  INFO     ---- Events with 3 leptons: 0 (elec/muon) 0/0 (0%)
2026-02-12 09:28:41,186 FourLeptonVertexAlg                                  INFO     ---- Events with 4 leptons: 0 (elec/muon) 0/0 (0%)
2026-02-12 09:28:41,186 FourLeptonVertexAlg                                  INFO     ---- Events with 5 leptons: 0 (elec/muon) 0/0 (0%)
2026-02-12 09:28:41,186 FourLeptonVertexAlg                                  INFO     ---- Events with 6 leptons: 0 (elec/muon) 0/0 (0%)
2026-02-12 09:28:41,186 FourLeptonVertexAlg                                  INFO     ---- Events with 7 leptons: 0 (elec/muon) 0/0 (0%)
2026-02-12 09:28:41,186 FourLeptonVertexAlg                                  INFO ---> Attempted fits 0 out of which 0 (0%) succeeded.
2026-02-12 09:28:41,186 HFClassificationCommonKernel                         INFO ============================================================================
2026-02-12 09:28:41,186 HFClassificationCommonKernel                         INFO  The following CP tools were called by HFClassificationCommonKernel for the whole train:
2026-02-12 09:28:41,186 HFClassificationCommonKernel                         INFO ToolSvc.DFCommonClassifyAndCalculateHFAugmentation
2026-02-12 09:28:41,186 HFClassificationCommonKernel                         INFO ============================================================================
2026-02-12 09:28:41,186 MCTruthCommonTausAndDecaysKernel                     INFO ============================================================================
2026-02-12 09:28:41,187 MCTruthCommonTausAndDecaysKernel                     INFO  The following CP tools were called by MCTruthCommonTausAndDecaysKernel for the whole train:
2026-02-12 09:28:41,187 MCTruthCommonTausAndDecaysKernel                     INFO ToolSvc.DFCommonTausAndDecaysTool
2026-02-12 09:28:41,187 MCTruthCommonTausAndDecaysKernel                     INFO ============================================================================
2026-02-12 09:28:41,187 AllExecutedEventsCounterAlg                          INFO accepted 10 out of 10 events for filter AllExecutedEvents (Number of processed events before any cut)
2026-02-12 09:28:41,187 DecisionSvc                                          INFO Finalized successfully.
2026-02-12 09:28:41,187 AthDictLoaderSvc                                     INFO in finalize...
2026-02-12 09:28:41,735 Domain[ROOT_All]                                     INFO >   Deaccess DbDomain     READ      [ROOT_All]
2026-02-12 09:28:41,735 AthenaPoolSharedIOCnvSvc                             INFO PerfStats ----------------------------------------
2026-02-12 09:28:41,736 AthenaPoolSharedIOCnvSvc                             INFO PerfStats Timing Measurements for AthenaPoolCnvSvc
2026-02-12 09:28:41,736 AthenaPoolSharedIOCnvSvc                             INFO PerfStats ----------------------------------------
2026-02-12 09:28:41,736 AthenaPoolSharedIOCnvSvc                             INFO PerfStats | cObjR_ALL       |            6054 ms |
2026-02-12 09:28:41,736 AthenaPoolSharedIOCnvSvc                             INFO PerfStats | fRep_ALL        |             563 ms |
2026-02-12 09:28:41,736 AthenaPoolSharedIOCnvSvc                             INFO PerfStats | cObj_ALL        |            6427 ms |
2026-02-12 09:28:41,736 AthenaPoolSharedIOCnvSvc                             INFO PerfStats | cRep_ALL        |              49 ms |
2026-02-12 09:28:41,736 AthenaPoolSharedIOCnvSvc                             INFO PerfStats ----------------------------------------
2026-02-12 09:28:41,736 Domain[ROOT_All]                                     INFO >   Deaccess DbDomain     READ      [ROOT_All]
2026-02-12 09:28:41,743 IOVDbFolder                                          INFO Folder /Digitization/Parameters (AttrList) db-read 0/1 objs/chan/bytes 1/0/0 ((     0.00 ))s
2026-02-12 09:28:41,743 IOVDbFolder                                          INFO Folder /EXT/DCS/MAGNETS/SENSORDATA (AttrListColl) db-read 1/1 objs/chan/bytes 4/4/20 ((     0.03 ))s
2026-02-12 09:28:41,743 IOVDbFolder                                          INFO Folder /GLOBAL/BField/Maps (AttrListColl) db-read 1/1 objs/chan/bytes 3/3/202 ((     0.02 ))s
2026-02-12 09:28:41,744 IOVDbFolder                                          INFO Folder /GLOBAL/TrackingGeo/LayerMaterialV2 (PoolRef) db-read 1/1 objs/chan/bytes 1/1/231 ((     0.01 ))s
2026-02-12 09:28:41,744 IOVDbFolder                                          INFO Folder /Indet/Align (PoolRefColl) db-read 1/1 objs/chan/bytes 43/43/7009 ((     0.03 ))s
2026-02-12 09:28:41,744 IOVDbFolder                                          INFO Folder /Indet/Beampos (AttrList) db-read 1/1 objs/chan/bytes 6/1/456 ((     0.02 ))s
2026-02-12 09:28:41,744 IOVDbFolder                                          INFO Folder /Indet/IBLDist (AttrListColl) db-read 1/1 objs/chan/bytes 14/14/280 ((     0.04 ))s
2026-02-12 09:28:41,744 IOVDbFolder                                          INFO Folder /LAR/Align (PoolRef) db-read 1/1 objs/chan/bytes 1/1/170 ((     0.03 ))s
2026-02-12 09:28:41,744 IOVDbFolder                                          INFO Folder /MDT/MM/PASSIVATION (AttrListColl) db-read 1/1 objs/chan/bytes 1/1/680679 ((     0.03 ))s
2026-02-12 09:28:41,744 IOVDbFolder                                          INFO Folder /TRT/Align (PoolRefColl) db-read 1/1 objs/chan/bytes 32/32/5120 ((     0.03 ))s
2026-02-12 09:28:41,744 IOVDbFolder                                          INFO Folder /TRT/Calib/DX (PoolRef) db-read 1/1 objs/chan/bytes 1/1/183 ((     0.02 ))s
2026-02-12 09:28:41,744 IOVDbFolder                                          INFO Folder /TagInfo (AttrListColl) db-read 0/1 objs/chan/bytes 1/0/0 ((     0.00 ))s
2026-02-12 09:28:41,744 IOVDbFolder                                          INFO Folder /LAR/LArCellPositionShift (PoolRef) db-read 1/1 objs/chan/bytes 1/1/195 ((     0.01 ))s
2026-02-12 09:28:41,744 IOVDbSvc                                             INFO Total payload read from IOVDb: 694545 bytes in ((      0.27 ))s
2026-02-12 09:28:41,744 IOVDbSvc                                             INFO Connection sqlite://;schema=mycool.db;dbname=OFLP200 : nConnect: 0 nFolders: 0 ReadTime: ((     0.00 ))s
2026-02-12 09:28:41,745 IOVDbSvc                                             INFO Connection COOLOFL_LAR/OFLP200 : nConnect: 2 nFolders: 2 ReadTime: ((     0.04 ))s
2026-02-12 09:28:41,745 IOVDbSvc                                             INFO Connection COOLOFL_GLOBAL/OFLP200 : nConnect: 2 nFolders: 2 ReadTime: ((     0.03 ))s
2026-02-12 09:28:41,745 IOVDbSvc                                             INFO Connection COOLOFL_DCS/OFLP200 : nConnect: 2 nFolders: 1 ReadTime: ((     0.03 ))s
2026-02-12 09:28:41,745 IOVDbSvc                                             INFO Connection COOLOFL_INDET/OFLP200 : nConnect: 2 nFolders: 3 ReadTime: ((     0.09 ))s
2026-02-12 09:28:41,745 IOVDbSvc                                             INFO Connection COOLOFL_MDT/OFLP200 : nConnect: 2 nFolders: 1 ReadTime: ((     0.03 ))s
2026-02-12 09:28:41,745 IOVDbSvc                                             INFO Connection COOLOFL_TRT/OFLP200 : nConnect: 2 nFolders: 2 ReadTime: ((     0.04 ))s
2026-02-12 09:28:41,745 ToolSvc                                              INFO Removing all tools created by ToolSvc
2026-02-12 09:28:41,746 TruthCategoriesDecorator.HiggsTruthCategoryTool      INFO  ====================================================== 
2026-02-12 09:28:41,747 TruthCategoriesDecorator.HiggsTruthCategoryTool      INFO  ---- FinalizingTruthCategoriesDecorator.HiggsTruthCategoryTool...
2026-02-12 09:28:41,747 TruthCategoriesDecorator.HiggsTruthCategoryTool      INFO  ====================================================== 
2026-02-12 09:28:41,747 TruthCategoriesDecorator.HiggsTruthCategoryTool      INFO  ====================================================== 
2026-02-12 09:28:41,747 TruthCategoriesDecorator.xAODToHepMCTool             INFO ==============================================================
2026-02-12 09:28:41,747 TruthCategoriesDecorator.xAODToHepMCTool             INFO ==========    xAOD -> HepMC Tool :: Run Summary     ==========
2026-02-12 09:28:41,747 TruthCategoriesDecorator.xAODToHepMCTool             INFO ==============================================================
2026-02-12 09:28:41,747 TruthCategoriesDecorator.xAODToHepMCTool             INFO No missing production vertices
2026-02-12 09:28:41,747 TruthCategoriesDecorator.xAODToHepMCTool             INFO No events with undefined beams.
2026-02-12 09:28:41,747 TruthCategoriesDecorator.xAODToHepMCTool             INFO ==============================================================
2026-02-12 09:28:41,747 TruthCategoriesDecorator.xAODToHepMCTool             INFO ===================    End Run Summary     ===================
2026-02-12 09:28:41,747 TruthCategoriesDecorator.xAODToHepMCTool             INFO ==============================================================
2026-02-12 09:28:41,747 ToolSvc.PHYSDiTauLowPtTPThinningTool                 INFO Processed 1637 tracks, 68 were retained 
2026-02-12 09:28:41,748 ToolSvc.PHYSDiTauLowPtThinningTool                   INFO Processed 15 objects, 5 were retained 
2026-02-12 09:28:41,748 ToolSvc.PHYSDiTauTPThinningTool                      INFO Processed 1637 tracks, 0 were retained 
2026-02-12 09:28:41,748 ToolSvc.PHYSDiTauThinningTool                        INFO Processed 0 objects, 0 were retained 
2026-02-12 09:28:41,748 ToolSvc.PHYSTauJets_MuonRMThinningTool               INFO Processed 2 taus, 1 were kept
2026-02-12 09:28:41,748 ToolSvc.PHYSTauJetThinningTool                       INFO Processed 72 taus, 44 were kept
2026-02-12 09:28:41,748 ToolSvc.PHYSMuonTPThinningTool                       INFO Processed 1637 tracks, 5 were retained 
2026-02-12 09:28:41,748 ToolSvc.PHYSTrackParticleThinningTool                INFO Processed 1637 tracks, 45 were retained 
2026-02-12 09:28:41,748 ToolSvc.TrigDecisionTool                             INFO Finalized
2026-02-12 09:28:41,749 JetTagVertexDecoratorAlgAntiKt10UFO...JFVarFactory   INFO  Finalization of JetFitterVariablesFactory successful
2026-02-12 09:28:41,749 JetTagVertexDecoratorAlgAntiKt10...Analysis::SVTag   INFO #BTAG# Number of jets used for calibration for reference ALL : #b= 0 #light= 0 #charm= 0
2026-02-12 09:28:41,749 InDetVKalVxInJetTool                                 INFO Time User   : Tot=   90 [ms] Ave/Min/Max=   0.556(+-    2.29)/       0/      10 [ms] #=162
2026-02-12 09:28:41,749 InDetVKalVxInJetTool                                 INFO Time User   : Tot=   90 [ms] Ave/Min/Max=   0.556(+-    2.29)/       0/      10 [ms] #=162
2026-02-12 09:28:41,749 JetTagVertexDecoratorAlgAntiKt4EMPF...JFVarFactory   INFO  Finalization of JetFitterVariablesFactory successful
2026-02-12 09:28:41,749 JetTagVertexDecoratorAlgAntiKt4E...Analysis::SVTag   INFO #BTAG# Number of jets used for calibration for reference ALL : #b= 0 #light= 0 #charm= 0
2026-02-12 09:28:41,750 InDetVKalVxInJetTool                                 INFO Time User   : Tot=   90 [ms] Ave/Min/Max=   0.556(+-    2.29)/       0/      10 [ms] #=162
2026-02-12 09:28:41,750 InDetVKalVxInJetTool                                 INFO Time User   : Tot=   90 [ms] Ave/Min/Max=   0.556(+-    2.29)/       0/      10 [ms] #=162
2026-02-12 09:28:41,756 ToolSvc.DFCommonTruthForwardProtonTool               INFO Processed 13732 truth particles, 0 were retained 
2026-02-12 09:28:41,756 ToolSvc.DFCommonTruthBSMTool                         INFO Processed 13732 truth particles, 0 were retained 
2026-02-12 09:28:41,756 ToolSvc.DFCommonTruthBosonTool                       INFO Processed 13732 truth particles, 38 were retained 
2026-02-12 09:28:41,756 ToolSvc.DFCommonTruthTopTool                         INFO Processed 13732 truth particles, 40 were retained 
2026-02-12 09:28:41,756 ToolSvc.DFCommonTruthBottomTool                      INFO Processed 13732 truth particles, 41 were retained 
2026-02-12 09:28:41,756 ToolSvc.DFCommonTruthNeutrinoTool                    INFO Processed 13732 truth particles, 9 were retained 
2026-02-12 09:28:41,756 ToolSvc.DFCommonTruthPhotonToolSim                   INFO Processed 13732 truth particles, 51 were retained 
2026-02-12 09:28:41,756 ToolSvc.DFCommonTruthElectronTool                    INFO Processed 13732 truth particles, 33 were retained 
2026-02-12 09:28:41,756 ToolSvc.DFCommonTruthMuonTool                        INFO Processed 13732 truth particles, 4 were retained 
2026-02-12 09:28:41,756 ToolSvc.PhysCommonTruthCharmTool                     INFO Processed 13732 truth particles, 45 were retained 
2026-02-12 09:28:41,757 ToolSvc.DFCommonTruthClassificationTool              INFO Processed and decorated 13732 truth particles
2026-02-12 09:28:41,757 AthenaPoolSharedIOCnvSvc.OutputStreamingTool         INFO in finalize()
2026-02-12 09:28:41,768 InDet_TrkInJetType                                   INFO Time User   : Tot=   40 [ms] Ave/Min/Max=  0.0522(+-   0.721)/       0/      10 [ms] #=766
2026-02-12 09:28:41,768 InDet_TrkInJetType                                   INFO Time User   : Tot=   40 [ms] Ave/Min/Max=  0.0522(+-   0.721)/       0/      10 [ms] #=766
2026-02-12 09:28:41,768 InDet_TrkInJetType                                   INFO Time User   : Tot=   40 [ms] Ave/Min/Max=  0.0522(+-   0.721)/       0/      10 [ms] #=766
2026-02-12 09:28:41,768 InDet_TrkInJetType                                   INFO Time User   : Tot=   40 [ms] Ave/Min/Max=  0.0522(+-   0.721)/       0/      10 [ms] #=766
2026-02-12 09:28:41,769 ToolSvc.DiTauIDDeco...DiTauRec_OnnxScoreCalculator   INFO Finalizing DiTauOnnxDiscriminantTool
2026-02-12 09:28:41,782 AtlasTrackingGeometryCond...MuonStationTypeBuilder   INFO  finalize() successful
2026-02-12 09:28:41,784 METAssociat...MET_AssociationTool_AntiKt4EMPFlowHR   INFO Finalizing METAssociation_AntiKt4EMPFlowHR.MET_AssociationTool_AntiKt4EMPFlowHR...
2026-02-12 09:28:41,785 METAssociatio...MET_AssociationTool_AntiKt4EMPFlow   INFO Finalizing METAssociation_AntiKt4EMPFlow.MET_AssociationTool_AntiKt4EMPFlow...
2026-02-12 09:28:41,785 METAssociation...MET_AssociationTool_AntiKt4EMTopo   INFO Finalizing METAssociation_AntiKt4EMTopo.MET_AssociationTool_AntiKt4EMTopo...
2026-02-12 09:28:41,785 METRecoAlg_Truth.MET_RegionTool_Truth                INFO Finalizing METRecoAlg_Truth.MET_RegionTool_Truth...
2026-02-12 09:28:41,786 METRecoAlg_Truth.MET_RecoTool_Truth                  INFO Finalizing METRecoAlg_Truth.MET_RecoTool_Truth...
2026-02-12 09:28:41,787 METRecoAlg_Truth.MET_R...MET_IntMuonsRegions_Truth   INFO Finalizing METRecoAlg_Truth.MET_RegionTool_Truth.MET_IntMuonsRegions_Truth...
2026-02-12 09:28:41,787 METRecoAlg_Truth.MET_Reg...MET_IntOutRegions_Truth   INFO Finalizing METRecoAlg_Truth.MET_RegionTool_Truth.MET_IntOutRegions_Truth...
2026-02-12 09:28:41,787 METRecoAlg_Truth.MET_Region...MET_IntRegions_Truth   INFO Finalizing METRecoAlg_Truth.MET_RegionTool_Truth.MET_IntRegions_Truth...
2026-02-12 09:28:41,787 METRecoAlg_Truth.MET_Reg...MET_NonIntRegions_Truth   INFO Finalizing METRecoAlg_Truth.MET_RegionTool_Truth.MET_NonIntRegions_Truth...

The MCnet usage guidelines apply to Rivet: see http://www.montecarlonet.org/GUIDELINES
Please acknowledge Rivet in results made using it, and cite https://arxiv.org/abs/2404.15984 and https://arxiv.org/abs/2312.15070
2026-02-12 09:28:41,878 PerfMonMTSvc                                         INFO Finalizing PerfMonMTSvc
2026-02-12 09:28:41,878 IdDictDetDescrCnv                                    INFO in finalize
2026-02-12 09:28:41,881 *****Chrono*****                                     INFO ****************************************************************************************************
2026-02-12 09:28:41,881 *****Chrono*****                                     INFO  The Final CPU consumption ( Chrono ) Table (ordered)
2026-02-12 09:28:41,881 *****Chrono*****                                     INFO ****************************************************************************************************
2026-02-12 09:28:41,881 AthenaMP_seek                                        INFO Time User   : Tot=    0 [us]  #=  1
2026-02-12 09:28:41,882 DiTauJets_DiTauIDDecorKernel                         INFO Time User   : Tot=    0 [us] Ave/Min/Max=       0(+-       0)/       0/       0 [us] #= 10
2026-02-12 09:28:41,882 MCTruthCommonPostJetKernelNo3                        INFO Time User   : Tot=    0 [us] Ave/Min/Max=       0(+-       0)/       0/       0 [us] #= 10
2026-02-12 09:28:41,882 DiTauJetsLowPt_DiTauIDDecorKernel                    INFO Time User   : Tot=    0 [us] Ave/Min/Max=       0(+-       0)/       0/       0 [us] #= 10
2026-02-12 09:28:41,882 MCTruthCommonPreJetKernelNo11                        INFO Time User   : Tot=    0 [us] Ave/Min/Max=       0(+-       0)/       0/       0 [us] #= 10
2026-02-12 09:28:41,882 InDetCommonKernelDFCommonZ0AtPV                      INFO Time User   : Tot=    0 [us] Ave/Min/Max=       0(+-       0)/       0/       0 [us] #= 10
2026-02-12 09:28:41,882 MCTruthCommonPreJetKernelNo12                        INFO Time User   : Tot=    0 [us] Ave/Min/Max=       0(+-       0)/       0/       0 [us] #= 10
2026-02-12 09:28:41,882 MCTruthCommonPreJetKernelNo9                         INFO Time User   : Tot=    0 [us] Ave/Min/Max=       0(+-       0)/       0/       0 [us] #= 10
2026-02-12 09:28:41,882 MCTruthCommonPostJetKernelNo1                        INFO Time User   : Tot=    0 [us] Ave/Min/Max=       0(+-       0)/       0/       0 [us] #= 10
2026-02-12 09:28:41,882 DFCommonMuonsKernel2                                 INFO Time User   : Tot=    0 [us] Ave/Min/Max=       0(+-       0)/       0/       0 [us] #= 10
2026-02-12 09:28:41,882 MCTruthCommonTruthPVCollKernel                       INFO Time User   : Tot=    0 [us] Ave/Min/Max=       0(+-       0)/       0/       0 [us] #= 10
2026-02-12 09:28:41,882 MCTruthCommonPreJetKernelNo10                        INFO Time User   : Tot=    0 [us] Ave/Min/Max=       0(+-       0)/       0/       0 [us] #= 10
2026-02-12 09:28:41,882 MCTruthCommonPreJetKernelNo14                        INFO Time User   : Tot=    0 [us] Ave/Min/Max=       0(+-       0)/       0/       0 [us] #= 10
2026-02-12 09:28:41,883 MCTruthCommonPreJetKernelNo15                        INFO Time User   : Tot=    0 [us] Ave/Min/Max=       0(+-       0)/       0/       0 [us] #= 10
2026-02-12 09:28:41,883 MCTruthCommonPreJetKernelNo18                        INFO Time User   : Tot=    0 [us] Ave/Min/Max=       0(+-       0)/       0/       0 [us] #= 10
2026-02-12 09:28:41,883 MCTruthCommonPreJetKernelNo13                        INFO Time User   : Tot=    0 [us] Ave/Min/Max=       0(+-       0)/       0/       0 [us] #= 10
2026-02-12 09:28:41,883 BadBatmanAugmentation                                INFO Time User   : Tot=    0 [us] Ave/Min/Max=       0(+-       0)/       0/       0 [us] #= 10
2026-02-12 09:28:41,883 TauRNNLooseAugmentationKernel                        INFO Time User   : Tot=    0 [us] Ave/Min/Max=       0(+-       0)/       0/       0 [us] #= 10
2026-02-12 09:28:41,883 MCTruthCommonBornLeptonsKernel                       INFO Time User   : Tot=    0 [us] Ave/Min/Max=       0(+-       0)/       0/       0 [us] #= 10
2026-02-12 09:28:41,883 MCTruthCommonPreJetKernelNo17                        INFO Time User   : Tot=    0 [us] Ave/Min/Max=       0(+-       0)/       0/       0 [us] #= 10
2026-02-12 09:28:41,883 DistanceInTrainAugmentation                          INFO Time User   : Tot=    0 [us] Ave/Min/Max=       0(+-       0)/       0/       0 [us] #= 10
2026-02-12 09:28:41,883 MCTruthCommonPreJetKernelNo16                        INFO Time User   : Tot=    0 [us] Ave/Min/Max=       0(+-       0)/       0/       0 [us] #= 10
2026-02-12 09:28:41,883 MCTruthCommonTausAndDecaysKernel                     INFO Time User   : Tot=    0 [us] Ave/Min/Max=       0(+-       0)/       0/       0 [us] #= 10
2026-02-12 09:28:41,883 DFCommonTruthMetaDataWriterKernel                    INFO Time User   : Tot=    0 [us] Ave/Min/Max=       0(+-       0)/       0/       0 [us] #= 10
2026-02-12 09:28:41,883 MCTruthCommonPreJetKernelNo4                         INFO Time User   : Tot=    0 [us] Ave/Min/Max=       0(+-       0)/       0/       0 [us] #= 10
2026-02-12 09:28:41,883 MCTruthCommonPreJetKernelNo1                         INFO Time User   : Tot=    0 [us] Ave/Min/Max=       0(+-       0)/       0/       0 [us] #= 10
2026-02-12 09:28:41,883 MCTruthCommonPreJetKernelNo6                         INFO Time User   : Tot=    0 [us] Ave/Min/Max=       0(+-       0)/       0/       0 [us] #= 10
2026-02-12 09:28:41,883 MCTruthCommonPreJetKernelNo5                         INFO Time User   : Tot=    0 [us] Ave/Min/Max=       0(+-       0)/       0/       0 [us] #= 10
2026-02-12 09:28:41,883 MCTruthCommonPreJetKernelNo7                         INFO Time User   : Tot=    0 [us] Ave/Min/Max=       0(+-       0)/       0/       0 [us] #= 10
2026-02-12 09:28:41,883 MCTruthCommonPreJetKernelNo3                         INFO Time User   : Tot=    0 [us] Ave/Min/Max=       0(+-       0)/       0/       0 [us] #= 10
2026-02-12 09:28:41,883 MCTruthCommonPreJetKernelNo2                         INFO Time User   : Tot=    0 [us] Ave/Min/Max=       0(+-       0)/       0/       0 [us] #= 10
2026-02-12 09:28:41,883 MCTruthCommonPostJetKernelNo2                        INFO Time User   : Tot=    0 [us] Ave/Min/Max=       0(+-       0)/       0/       0 [us] #= 10
2026-02-12 09:28:41,884 InDetCommonKernelDFCommonUsedInFitDecorator          INFO Time User   : Tot=    0 [us] Ave/Min/Max=       0(+-       0)/       0/       0 [us] #= 10
2026-02-12 09:28:41,884 MCTruthCommonBosonsAndDecaysKernel                   INFO Time User   : Tot=    0 [us] Ave/Min/Max=       0(+-       0)/       0/       0 [us] #= 10
2026-02-12 09:28:41,884 MCTruthCommonPreJetKernelNo8                         INFO Time User   : Tot=    0 [us] Ave/Min/Max=       0(+-       0)/       0/       0 [us] #= 10
2026-02-12 09:28:41,884 DiTauIDDecorKernel                                   INFO Time User   : Tot=    0 [us] Ave/Min/Max=       0(+-       0)/       0/       0 [us] #= 10
2026-02-12 09:28:41,884 DFCommonMuonsKernel                                  INFO Time User   : Tot=    0 [us] Ave/Min/Max=       0(+-       0)/       0/       0 [us] #= 10
2026-02-12 09:28:41,884 PhysCommonTruthCharmKernel                           INFO Time User   : Tot=    0 [us] Ave/Min/Max=       0(+-       0)/       0/       0 [us] #= 10
2026-02-12 09:28:41,884 TauJets_MuonRM_TauIDDecorKernel                      INFO Time User   : Tot=    0 [us] Ave/Min/Max=       0(+-       0)/       0/       0 [us] #= 10
2026-02-12 09:28:41,884 MCTruthCommonBSMAndDecaysKernel                      INFO Time User   : Tot=   10 [ms] Ave/Min/Max=       1(+-       3)/       0/      10 [ms] #= 10
2026-02-12 09:28:41,884 MiniCollectionTruthLinkKernelNo2                     INFO Time User   : Tot=   10 [ms] Ave/Min/Max=       1(+-       3)/       0/      10 [ms] #= 10
2026-02-12 09:28:41,884 MCTruthNavigationDecoratorKernel                     INFO Time User   : Tot=   10 [ms] Ave/Min/Max=       1(+-       3)/       0/      10 [ms] #= 10
2026-02-12 09:28:41,884 MCTruthCommonHFAndDecaysKernel                       INFO Time User   : Tot=   20 [ms] Ave/Min/Max=       2(+-       4)/       0/      10 [ms] #= 10
2026-02-12 09:28:41,884 MiniCollectionTruthLinkKernelNo1                     INFO Time User   : Tot=   20 [ms] Ave/Min/Max=       2(+-       6)/       0/      20 [ms] #= 10
2026-02-12 09:28:41,884 MiniCollectionTruthLinkKernelNo3                     INFO Time User   : Tot=   30 [ms] Ave/Min/Max=       3(+-       9)/       0/      30 [ms] #= 10
2026-02-12 09:28:41,884 InDetCommonKernelDFCommonTrackSelection              INFO Time User   : Tot=   30 [ms] Ave/Min/Max=       3(+-    4.58)/       0/      10 [ms] #= 10
2026-02-12 09:28:41,884 HFClassificationCommonKernel                         INFO Time User   : Tot=   40 [ms] Ave/Min/Max=       4(+-     4.9)/       0/      10 [ms] #= 10
2026-02-12 09:28:41,884 InDet_TrkInJetType                                   INFO Time User   : Tot=   40 [ms] Ave/Min/Max=  0.0522(+-   0.721)/       0/      10 [ms] #=766
2026-02-12 09:28:41,884 DFCommonHSDecorator                                  INFO Time User   : Tot=   40 [ms] Ave/Min/Max=       4(+-      12)/       0/      40 [ms] #= 10
2026-02-12 09:28:41,884 TauTruthCommonKernel2                                INFO Time User   : Tot=   50 [ms] Ave/Min/Max=       5(+-    9.22)/       0/      30 [ms] #= 10
2026-02-12 09:28:41,884 MCTruthClassificationKernel                          INFO Time User   : Tot=   60 [ms] Ave/Min/Max=       6(+-       8)/       0/      20 [ms] #= 10
2026-02-12 09:28:41,884 InDetVKalVxInJetTool                                 INFO Time User   : Tot=   90 [ms] Ave/Min/Max=   0.556(+-    2.29)/       0/      10 [ms] #=162
2026-02-12 09:28:41,885 EGammaCommonKernel                                   INFO Time User   : Tot=  160 [ms] Ave/Min/Max=      16(+-      18)/      10/      70 [ms] #= 10
2026-02-12 09:28:41,885 TauJets_TauIDDecorKernel                             INFO Time User   : Tot=  170 [ms] Ave/Min/Max=      17(+-    7.81)/       0/      30 [ms] #= 10
2026-02-12 09:28:41,885 ChronoStatSvc                                        INFO Time User   : Tot= 0.54  [s]  #=  1
2026-02-12 09:28:41,885 PHYSKernel                                           INFO Time User   : Tot= 4.94  [s] Ave/Min/Max=   0.494(+-    1.48)/       0/    4.94  [s] #= 10
2026-02-12 09:28:41,885 AthenaMP_nextEvent                                   INFO Time User   : Tot= 14.8  [s]  #=  1
2026-02-12 09:28:41,885 *****Chrono*****                                     INFO ****************************************************************************************************
2026-02-12 09:28:41,885 ChronoStatSvc.finalize()                             INFO  Service finalized successfully 
2026-02-12 09:28:41,885 FPEAuditor                                           INFO FPE summary for this job
2026-02-12 09:28:41,885 FPEAuditor                                           INFO  FPE OVERFLOWs  : 0
2026-02-12 09:28:41,885 FPEAuditor                                           INFO  FPE INVALIDs   : 0
2026-02-12 09:28:41,885 FPEAuditor                                           INFO  FPE DIVBYZEROs : 0
2026-02-12 09:28:41,970 PerfMonMTSvc                                         INFO =======================================================================================
2026-02-12 09:28:41,970 PerfMonMTSvc                                         INFO                                  PerfMonMTSvc Report                                   
2026-02-12 09:28:41,971 PerfMonMTSvc                                         INFO =======================================================================================
2026-02-12 09:28:41,971 PerfMonMTSvc                                         INFO *** Full set of information can also be found in: perfmonmt_Derivation.json
2026-02-12 09:28:41,971 PerfMonMTSvc                                         INFO *** In order to make plots using the results run the following commands:
2026-02-12 09:28:41,971 PerfMonMTSvc                                         INFO *** $ perfmonmt-plotter.py -i perfmonmt_Derivation.json
2026-02-12 09:28:41,971 PerfMonMTSvc                                         INFO *** In order to print tables using the results run the following commands:
2026-02-12 09:28:41,971 PerfMonMTSvc                                         INFO *** $ perfmonmt-printer.py -i perfmonmt_Derivation.json
2026-02-12 09:28:41,971 PerfMonMTSvc                                         INFO =======================================================================================
2026-02-12 09:28:41,971 PerfMonMTSvc                                         INFO =======================================================================================
2026-02-12 09:28:41,972 PerfMonMTSvc                                         INFO                              Component Level Monitoring                                
2026-02-12 09:28:41,972 PerfMonMTSvc                                         INFO =======================================================================================
2026-02-12 09:28:41,972 PerfMonMTSvc                                         INFO Step       Count           CPU Time [ms]             Vmem [kB]                                Malloc [kB]                                             Component                                                                  
2026-02-12 09:28:41,972 PerfMonMTSvc                                         INFO ---------------------------------------------------------------------------------------
2026-02-12 09:28:41,992 PerfMonMTSvc                                         INFO Initialize 1               2958.18                   125080                                   33379                                                   EGammaCommonKernel                                                         
2026-02-12 09:28:41,992 PerfMonMTSvc                                         INFO Initialize 1               585.32                    39692                                    13219                                                   MuonRemovalTauAODReRecoAlg                                                 
2026-02-12 09:28:41,993 PerfMonMTSvc                                         INFO Initialize 1               472.68                    34356                                    74752                                                   AntiKt10UFOCSSKSoftDropBeta100Zcut10Jets                                   
2026-02-12 09:28:41,993 PerfMonMTSvc                                         INFO Initialize 1               420.82                    10972                                    7539                                                    DFCommonMuonsKernel                                                        
2026-02-12 09:28:41,993 PerfMonMTSvc                                         INFO Initialize 1               411.72                    46276                                    67638                                                   AntiKt4EMPFlowJets                                                         
2026-02-12 09:28:41,993 PerfMonMTSvc                                         INFO Initialize 1               411.53                    27648                                    73350                                                   jetrecalg_AntiKt10UFOCSSKSoftDropBeta100Zcut10Jets                         
2026-02-12 09:28:41,993 PerfMonMTSvc                                         INFO Initialize 1               408.78                    46276                                    67336                                                   jetrecalg_AntiKt4EMPFlowJets                                               
2026-02-12 09:28:41,993 PerfMonMTSvc                                         INFO Initialize 1               408.43                    46276                                    67300                                                   jetrecalg_AntiKt4EMPFlowJets.emscalemom_AntiKt4EMPFlow                     
2026-02-12 09:28:41,993 PerfMonMTSvc                                         INFO Initialize 1               408.07                    46276                                    67263                                                   jetrecalg_AntiKt4EMPFlowJets.jetens                                        
2026-02-12 09:28:41,993 PerfMonMTSvc                                         INFO Initialize 1               405.12                    46276                                    67013                                                   jetrecalg_AntiKt4EMPFlowJets.width                                         
2026-02-12 09:28:41,993 PerfMonMTSvc                                         INFO Initialize 1               404.93                    46276                                    67004                                                   jetrecalg_AntiKt4EMPFlowJets.caloqual                                      
2026-02-12 09:28:41,993 PerfMonMTSvc                                         INFO Initialize 1               404.58                    8424                                     7416                                                    ToolSvc.DFCommonMuonToolWrapperIDCuts                                      
2026-02-12 09:28:41,994 PerfMonMTSvc                                         INFO Initialize 1               404.31                    46276                                    66972                                                   jetrecalg_AntiKt4EMPFlowJets.trkmoms                                       
2026-02-12 09:28:41,994 PerfMonMTSvc                                         INFO Initialize 1               403.37                    46276                                    66900                                                   jetrecalg_AntiKt4EMPFlowJets.trksummoms                                    
2026-02-12 09:28:41,994 PerfMonMTSvc                                         INFO Initialize 1               402.96                    46276                                    66839                                                   jetrecalg_AntiKt4EMPFlowJets.jvf                                           
2026-02-12 09:28:41,994 PerfMonMTSvc                                         INFO Initialize 1               402.52                    46276                                    66777                                                   jetrecalg_AntiKt4EMPFlowJets.jvt                                           
2026-02-12 09:28:41,994 PerfMonMTSvc                                         INFO Initialize 1               400.97                    46276                                    66639                                                   jetrecalg_AntiKt4EMPFlowJets.larhvcorr                                     
2026-02-12 09:28:41,994 PerfMonMTSvc                                         INFO Initialize 1               400.81                    46276                                    66629                                                   jetrecalg_AntiKt4EMPFlowJets.iso                                           
2026-02-12 09:28:41,994 PerfMonMTSvc                                         INFO Initialize 1               400.60                    46276                                    66614                                                   jetrecalg_AntiKt4EMPFlowJets.jetPtAssociation                              
2026-02-12 09:28:41,994 PerfMonMTSvc                                         INFO Initialize 1               400.42                    46276                                    66595                                                   jetrecalg_AntiKt4EMPFlowJets.qgtagging                                     
2026-02-12 09:28:41,994 PerfMonMTSvc                                         INFO Initialize 1               399.54                    46276                                    66515                                                   jetrecalg_AntiKt4EMPFlowJets.nnjvt                                         
2026-02-12 09:28:41,994 PerfMonMTSvc                                         INFO Initialize 1               399.14                    7832                                     7334                                                    ToolSvc.DFCommonMuonsSelector                                              
2026-02-12 09:28:41,994 PerfMonMTSvc                                         INFO Initialize 1               397.85                    46276                                    66477                                                   jetrecalg_AntiKt4EMPFlowJets.fJVT                                          
2026-02-12 09:28:41,994 PerfMonMTSvc                                         INFO Initialize 1               353.24                    79640                                    2425                                                    ToolSvc.ElectronPassDNNLoose                                               
2026-02-12 09:28:41,994 PerfMonMTSvc                                         INFO Initialize 1               333.86                    78848                                    2204                                                    ToolSvc.ElectronPassDNNLoose.ElectronDNNSelectorLoose                      
2026-02-12 09:28:41,994 PerfMonMTSvc                                         INFO Initialize 1               329.71                    28136                                    1977                                                    TrigNavSlimmingMTAlg_DAOD                                                  
2026-02-12 09:28:41,994 PerfMonMTSvc                                         INFO Initialize 1               319.26                    8192                                     39912                                                   jetrecalg_AntiKt10UFOCSSKSoftDropBeta100Zcut10Jets.width                   
2026-02-12 09:28:41,994 PerfMonMTSvc                                         INFO Initialize 1               318.99                    8192                                     39894                                                   jetrecalg_AntiKt10UFOCSSKSoftDropBeta100Zcut10Jets.nsubjettiness           
2026-02-12 09:28:41,994 PerfMonMTSvc                                         INFO Initialize 1               317.87                    8192                                     39849                                                   jetrecalg_AntiKt10UFOCSSKSoftDropBeta100Zcut10Jets.ktsplitter              
2026-02-12 09:28:41,995 PerfMonMTSvc                                         INFO Initialize 1               317.39                    8192                                     39827                                                   jetrecalg_AntiKt10UFOCSSKSoftDropBeta100Zcut10Jets.ecorr                   
2026-02-12 09:28:41,995 PerfMonMTSvc                                         INFO Initialize 1               316.74                    8192                                     39796                                                   jetrecalg_AntiKt10UFOCSSKSoftDropBeta100Zcut10Jets.qw                      
2026-02-12 09:28:41,995 PerfMonMTSvc                                         INFO Initialize 1               316.32                    8192                                     39766                                                   jetrecalg_AntiKt10UFOCSSKSoftDropBeta100Zcut10Jets.comshapes               
2026-02-12 09:28:41,995 PerfMonMTSvc                                         INFO Initialize 1               315.51                    8192                                     39724                                                   jetrecalg_AntiKt10UFOCSSKSoftDropBeta100Zcut10Jets.ecorrgeneral            
2026-02-12 09:28:41,995 PerfMonMTSvc                                         INFO Initialize 1               314.53                    8192                                     39658                                                   jetrecalg_AntiKt10UFOCSSKSoftDropBeta100Zcut10Jets.truthlabeler_R10TruthLabel_R21Precision
2026-02-12 09:28:41,995 PerfMonMTSvc                                         INFO Initialize 1               313.67                    8192                                     39613                                                   jetrecalg_AntiKt10UFOCSSKSoftDropBeta100Zcut10Jets.truthlabeler_R10TruthLabel_R21Precision_2022v1
2026-02-12 09:28:41,995 PerfMonMTSvc                                         INFO Initialize 1               312.89                    8192                                     39565                                                   jetrecalg_AntiKt10UFOCSSKSoftDropBeta100Zcut10Jets.truthlabeler_R10TruthLabel_R22v1
2026-02-12 09:28:41,995 PerfMonMTSvc                                         INFO Initialize 1               312.13                    8192                                     39518                                                   jetrecalg_AntiKt10UFOCSSKSoftDropBeta100Zcut10Jets.truthlabeler_R10WZTruthLabel_R22v1
2026-02-12 09:28:41,995 PerfMonMTSvc                                         INFO Initialize 1               311.39                    8192                                     39492                                                   jetrecalg_AntiKt10UFOCSSKSoftDropBeta100Zcut10Jets.emscalemom_AntiKt10UFOCSSKSoftDropBeta100Zcut10
2026-02-12 09:28:41,995 PerfMonMTSvc                                         INFO Initialize 1               311.06                    8192                                     39454                                                   jetrecalg_AntiKt10UFOCSSKSoftDropBeta100Zcut10Jets.jetenslargeR            
2026-02-12 09:28:41,995 PerfMonMTSvc                                         INFO Initialize 1               309.71                    8192                                     39409                                                   jetrecalg_AntiKt10UFOCSSKSoftDropBeta100Zcut10Jets.constitFrac             
2026-02-12 09:28:41,995 PerfMonMTSvc                                         INFO Initialize 1               309.43                    8192                                     39395                                                   jetrecalg_AntiKt10UFOCSSKSoftDropBeta100Zcut10Jets.groomMRatio             
2026-02-12 09:28:41,995 PerfMonMTSvc                                         INFO Initialize 1               309.28                    8192                                     39385                                                   jetrecalg_AntiKt10UFOCSSKSoftDropBeta100Zcut10Jets.BoostedJetTaggerTool-Top
2026-02-12 09:28:41,995 PerfMonMTSvc                                         INFO Initialize 1               308.94                    8192                                     39300                                                   jetrecalg_AntiKt10UFOCSSKSoftDropBeta100Zcut10Jets.BoostedJetTaggerTool-Top.MLHelper
2026-02-12 09:28:41,995 PerfMonMTSvc                                         INFO Initialize 1               305.91                    1024                                     1383                                                    ToolSvc.ElectronPassDNNLooseNoCF                                           
2026-02-12 09:28:41,995 PerfMonMTSvc                                         INFO Initialize 1               305.17                    2048                                     1383                                                    ToolSvc.ElectronPassDNNTightNoCF                                           
2026-02-12 09:28:41,995 PerfMonMTSvc                                         INFO Initialize 1               304.45                    1024                                     1384                                                    ToolSvc.ElectronPassDNNVeryLooseNoCF97                                     
2026-02-12 09:28:41,995 PerfMonMTSvc                                         INFO Initialize 1               303.98                    3072                                     1384                                                    ToolSvc.ElectronPassDNNMedium                                              
2026-02-12 09:28:41,995 PerfMonMTSvc                                         INFO Initialize 1               302.73                    1024                                     1383                                                    ToolSvc.ElectronPassDNNMediumNoCF                                          
2026-02-12 09:28:41,995 PerfMonMTSvc                                         INFO Initialize 1               302.55                    1024                                     1384                                                    ToolSvc.ElectronPassDNNTight                                               
2026-02-12 09:28:41,996 PerfMonMTSvc                                         INFO Initialize 1               302.47                    24132                                    1681                                                    ToolSvc.TrigDecisionTool.Navigation                                        
2026-02-12 09:28:41,996 PerfMonMTSvc                                         INFO =======================================================================================
2026-02-12 09:28:41,996 PerfMonMTSvc                                         INFO FirstEvent 1               5346.28                   294528                                   313374                                                  PHYSKernel                                                                 
2026-02-12 09:28:41,996 PerfMonMTSvc                                         INFO FirstEvent 2               2499.66                   240356                                   229391                                                  CondInputLoader                                                            
2026-02-12 09:28:41,996 PerfMonMTSvc                                         INFO FirstEvent 2               1363.26                   143360                                   140696                                                  AtlasTrackingGeometryCondAlg                                               
2026-02-12 09:28:41,996 PerfMonMTSvc                                         INFO FirstEvent 2               1110.35                   269568                                   166071                                                  AtlasFieldMapCondAlg                                                       
2026-02-12 09:28:41,996 PerfMonMTSvc                                         INFO FirstEvent 2               355.14                    83968                                    178281                                                  MuonDetectorCondAlg                                                        
2026-02-12 09:28:41,996 PerfMonMTSvc                                         INFO FirstEvent 2               326.56                    107520                                   106955                                                  TRTAlignCondAlg                                                            
2026-02-12 09:28:41,996 PerfMonMTSvc                                         INFO FirstEvent 1               285.23                    68300                                    6895                                                    StreamDAOD_PHYS                                                            
2026-02-12 09:28:41,996 PerfMonMTSvc                                         INFO FirstEvent 1               194.96                    0                                        38874                                                   IncidentProcAlg1                                                           
2026-02-12 09:28:41,996 PerfMonMTSvc                                         INFO FirstEvent 1               175.76                    0                                        7791                                                    AntiKt4EMPFlowJets                                                         
2026-02-12 09:28:41,996 PerfMonMTSvc                                         INFO FirstEvent 1               166.73                    0                                        2125                                                    jetrecalg_AntiKt4EMPFlowJets                                               
2026-02-12 09:28:41,996 PerfMonMTSvc                                         INFO FirstEvent 1               119.88                    700                                      1341                                                    TrigNavSlimmingMTAlg_DAOD                                                  
2026-02-12 09:28:41,996 PerfMonMTSvc                                         INFO FirstEvent 2               116.40                    54720                                    58445                                                   CaloAlignCondAlg                                                           
2026-02-12 09:28:41,996 PerfMonMTSvc                                         INFO FirstEvent 2               99.74                     6144                                     6054                                                    SCT_AlignCondAlg                                                           
2026-02-12 09:28:41,996 PerfMonMTSvc                                         INFO FirstEvent 1               94.82                     0                                        -0                                                      IncidentProcAlg3                                                           
2026-02-12 09:28:41,996 PerfMonMTSvc                                         INFO FirstEvent 1               94.24                     0                                        154                                                     FtagNN_AntiKt4EMPFlowJets_InDetTrackParticles_BTagging_20250912_GN3EPCLV01_antikt4empflow_network_STANDARD_Jet
2026-02-12 09:28:41,996 PerfMonMTSvc                                         INFO FirstEvent 1               87.05                     0                                        154                                                     FtagNN_AntiKt4EMPFlowJets_InDetTrackParticles_BTagging_20250213_GN3PflowMuonsV00_antikt4empflow_network_STANDARD_Jet
2026-02-12 09:28:41,997 PerfMonMTSvc                                         INFO FirstEvent 1               84.19                     0                                        6                                                       FtagNN_AntiKt4EMPFlowJets_InDetTrackParticles_BTagging_20250912_GN3EPCLV01_antikt4empflow_network_SIMPLE_FLIP_Jet
2026-02-12 09:28:41,997 PerfMonMTSvc                                         INFO FirstEvent 1               82.13                     0                                        4283                                                    AntiKt10UFOCSSKSoftDropBeta100Zcut10Jets                                   
2026-02-12 09:28:41,997 PerfMonMTSvc                                         INFO FirstEvent 1               79.31                     0                                        5                                                       FtagNN_AntiKt4EMPFlowJets_InDetTrackParticles_BTagging_20250213_GN3PflowMuonsV00_antikt4empflow_network_SIMPLE_FLIP_Jet
2026-02-12 09:28:41,997 PerfMonMTSvc                                         INFO FirstEvent 1               68.49                     1952                                     5300                                                    EGammaCommonKernel                                                         
2026-02-12 09:28:41,997 PerfMonMTSvc                                         INFO FirstEvent 1               64.75                     0                                        167                                                     FtagNN_AntiKt4EMPFlowJets_InDetTrackParticles_BTagging_20250213_GN3V00_antikt4empflow_network_STANDARD_Jet
2026-02-12 09:28:41,997 PerfMonMTSvc                                         INFO FirstEvent 1               53.89                     0                                        5                                                       FtagNN_AntiKt4EMPFlowJets_InDetTrackParticles_BTagging_20250213_GN3V00_antikt4empflow_network_SIMPLE_FLIP_Jet
2026-02-12 09:28:41,997 PerfMonMTSvc                                         INFO FirstEvent 1               53.78                     0                                        1482                                                    CaloExtensionBuilderAlg                                                    
2026-02-12 09:28:41,997 PerfMonMTSvc                                         INFO FirstEvent 1               44.93                     0                                        962                                                     AntiKtVR30Rmax4Rmin02TruthChargedJets                                      
2026-02-12 09:28:41,997 PerfMonMTSvc                                         INFO FirstEvent 1               44.10                     0                                        789                                                     jetrecalg_AntiKtVR30Rmax4Rmin02TruthChargedJets                            
2026-02-12 09:28:41,997 PerfMonMTSvc                                         INFO FirstEvent 1               38.85                     3404                                     542                                                     DFCommonHSDecorator                                                        
2026-02-12 09:28:41,997 PerfMonMTSvc                                         INFO FirstEvent 1               36.97                     1272                                     1471                                                    MiniCollectionTruthLinkKernelNo3                                           
2026-02-12 09:28:41,997 PerfMonMTSvc                                         INFO FirstEvent 1               35.37                     0                                        261                                                     AntiKtVR30Rmax4Rmin02PV0TrackJets                                          
2026-02-12 09:28:41,997 PerfMonMTSvc                                         INFO FirstEvent 1               34.87                     0                                        225                                                     jetrecalg_AntiKtVR30Rmax4Rmin02PV0TrackJets                                
2026-02-12 09:28:41,997 PerfMonMTSvc                                         INFO FirstEvent 1               32.05                     0                                        888                                                     TauJets_TauIDDecorKernel                                                   
2026-02-12 09:28:41,997 PerfMonMTSvc                                         INFO FirstEvent 1               31.07                     1396                                     1207                                                    TauTruthCommonKernel2                                                      
2026-02-12 09:28:41,997 PerfMonMTSvc                                         INFO FirstEvent 2               30.16                     16244                                    15403                                                   AthReadAlg_AllCalo                                                         
2026-02-12 09:28:41,997 PerfMonMTSvc                                         INFO FirstEvent 1               28.35                     1604                                     861                                                     TrigBTagCopierAlg                                                          
2026-02-12 09:28:41,997 PerfMonMTSvc                                         INFO FirstEvent 2               25.02                     5120                                     4942                                                    CaloSuperCellAlignCondAlg                                                  
2026-02-12 09:28:41,997 PerfMonMTSvc                                         INFO FirstEvent 1               24.28                     0                                        4910                                                    AntiKt4EMTopoJets                                                          
2026-02-12 09:28:41,997 PerfMonMTSvc                                         INFO FirstEvent 1               23.50                     0                                        172                                                     FtagNN_AntiKt4EMPFlowJets_InDetTrackParticles_BTagging_20231205_GN2v01_antikt4empflow_STANDARD_Jet
2026-02-12 09:28:41,997 PerfMonMTSvc                                         INFO FirstEvent 2               21.90                     0                                        1991                                                    PixelAlignCondAlg                                                          
2026-02-12 09:28:41,998 PerfMonMTSvc                                         INFO FirstEvent 1               21.15                     1524                                     1053                                                    InDetCommonKernelDFCommonTrackSelection                                    
2026-02-12 09:28:41,998 PerfMonMTSvc                                         INFO FirstEvent 1               18.52                     0                                        1633                                                    MCTruthClassificationKernel                                                
2026-02-12 09:28:41,998 PerfMonMTSvc                                         INFO FirstEvent 1               18.47                     0                                        1629                                                    AntiKt4TruthJets                                                           
2026-02-12 09:28:41,998 PerfMonMTSvc                                         INFO FirstEvent 1               17.65                     1088                                     827                                                     MiniCollectionTruthLinkKernelNo1                                           
2026-02-12 09:28:41,998 PerfMonMTSvc                                         INFO FirstEvent 1               17.17                     0                                        2481                                                    jetrecalg_AntiKt4EMTopoJets                                                
2026-02-12 09:28:41,998 PerfMonMTSvc                                         INFO FirstEvent 1               16.96                     0                                        190                                                     DiTauLowPtBuilder                                                          
2026-02-12 09:28:41,998 PerfMonMTSvc                                         INFO FirstEvent 1               16.59                     1032                                     1774                                                    jetalg_ConstitModCorrectPFOCHS_EMPFlow                                     
2026-02-12 09:28:41,998 PerfMonMTSvc                                         INFO FirstEvent 2               16.46                     0                                        148                                                     NswPassivationDbAlg                                                        
2026-02-12 09:28:41,998 PerfMonMTSvc                                         INFO FirstEvent 1               15.80                     0                                        2653                                                    MuonRemovalTauAODReRecoAlg                                                 
2026-02-12 09:28:41,998 PerfMonMTSvc                                         INFO FirstEvent 1               13.62                     0                                        783                                                     jetrecalg_AntiKt10TruthDressedWZJets                                       
2026-02-12 09:28:41,998 PerfMonMTSvc                                         INFO FirstEvent 1               13.50                     0                                        4                                                       FtagNN_AntiKt4EMPFlowJets_InDetTrackParticles_BTagging_20231205_GN2v01_antikt4empflow_SIMPLE_FLIP_Jet
2026-02-12 09:28:41,998 PerfMonMTSvc                                         INFO FirstEvent 1               13.49                     0                                        798                                                     jetrecalg_AntiKt4TruthJets                                                 
2026-02-12 09:28:41,998 PerfMonMTSvc                                         INFO FirstEvent 2               13.39                     8192                                     7862                                                    SCT_DetectorElementCondAlg                                                 
2026-02-12 09:28:41,998 PerfMonMTSvc                                         INFO =======================================================================================
2026-02-12 09:28:41,998 PerfMonMTSvc                                         INFO Execute    9               993.28                    0                                        20224                                                   AntiKt4EMPFlowJets                                                         
2026-02-12 09:28:41,998 PerfMonMTSvc                                         INFO Execute    9               970.51                    0                                        9609                                                    jetrecalg_AntiKt4EMPFlowJets                                               
2026-02-12 09:28:41,998 PerfMonMTSvc                                         INFO Execute    9               902.26                    8592                                     29509                                                   AntiKt10UFOCSSKSoftDropBeta100Zcut10Jets                                   
2026-02-12 09:28:41,998 PerfMonMTSvc                                         INFO Execute    9               479.67                    0                                        296                                                     FtagNN_AntiKt4EMPFlowJets_InDetTrackParticles_BTagging_20250912_GN3EPCLV01_antikt4empflow_network_STANDARD_Jet
2026-02-12 09:28:41,999 PerfMonMTSvc                                         INFO Execute    9               467.11                    0                                        38                                                      FtagNN_AntiKt4EMPFlowJets_InDetTrackParticles_BTagging_20250912_GN3EPCLV01_antikt4empflow_network_SIMPLE_FLIP_Jet
2026-02-12 09:28:41,999 PerfMonMTSvc                                         INFO Execute    9               455.29                    0                                        291                                                     FtagNN_AntiKt4EMPFlowJets_InDetTrackParticles_BTagging_20250213_GN3PflowMuonsV00_antikt4empflow_network_STANDARD_Jet
2026-02-12 09:28:41,999 PerfMonMTSvc                                         INFO Execute    9               444.26                    0                                        9678                                                    CaloExtensionBuilderAlg                                                    
2026-02-12 09:28:41,999 PerfMonMTSvc                                         INFO Execute    9               441.42                    0                                        33                                                      FtagNN_AntiKt4EMPFlowJets_InDetTrackParticles_BTagging_20250213_GN3PflowMuonsV00_antikt4empflow_network_SIMPLE_FLIP_Jet
2026-02-12 09:28:41,999 PerfMonMTSvc                                         INFO Execute    9               354.78                    0                                        5736                                                    AntiKtVR30Rmax4Rmin02TruthChargedJets                                      
2026-02-12 09:28:41,999 PerfMonMTSvc                                         INFO Execute    9               349.67                    0                                        4663                                                    jetrecalg_AntiKtVR30Rmax4Rmin02TruthChargedJets                            
2026-02-12 09:28:41,999 PerfMonMTSvc                                         INFO Execute    9               316.38                    0                                        160                                                     FtagNN_AntiKt4EMPFlowJets_InDetTrackParticles_BTagging_20250213_GN3V00_antikt4empflow_network_STANDARD_Jet
2026-02-12 09:28:41,999 PerfMonMTSvc                                         INFO Execute    9               309.18                    0                                        1877                                                    AntiKtVR30Rmax4Rmin02PV0TrackJets                                          
2026-02-12 09:28:41,999 PerfMonMTSvc                                         INFO Execute    9               307.71                    0                                        33                                                      FtagNN_AntiKt4EMPFlowJets_InDetTrackParticles_BTagging_20250213_GN3V00_antikt4empflow_network_SIMPLE_FLIP_Jet
2026-02-12 09:28:41,999 PerfMonMTSvc                                         INFO Execute    9               306.48                    0                                        1685                                                    jetrecalg_AntiKtVR30Rmax4Rmin02PV0TrackJets                                
2026-02-12 09:28:41,999 PerfMonMTSvc                                         INFO Execute    9               282.65                    8592                                     3688                                                    jetrecalg_AntiKt10UFOCSSKSoftDropBeta100Zcut10Jets                         
2026-02-12 09:28:41,999 PerfMonMTSvc                                         INFO Execute    9               220.82                    0                                        9319                                                    StreamDAOD_PHYS                                                            
2026-02-12 09:28:41,999 PerfMonMTSvc                                         INFO Execute    9               153.48                    0                                        1550                                                    DiTauLowPtBuilder                                                          
2026-02-12 09:28:41,999 PerfMonMTSvc                                         INFO Execute    9               134.35                    0                                        1348                                                    TauJets_TauIDDecorKernel                                                   
2026-02-12 09:28:41,999 PerfMonMTSvc                                         INFO Execute    9               110.96                    0                                        13889                                                   AntiKt4EMTopoJets                                                          
2026-02-12 09:28:41,999 PerfMonMTSvc                                         INFO Execute    9               105.07                    0                                        6995                                                    AntiKt4TruthJets                                                           
2026-02-12 09:28:41,999 PerfMonMTSvc                                         INFO Execute    9               100.96                    0                                        4730                                                    EGammaCommonKernel                                                         
2026-02-12 09:28:41,999 PerfMonMTSvc                                         INFO Execute    9               99.36                     0                                        4475                                                    jetrecalg_AntiKt10TruthDressedWZJets                                       
2026-02-12 09:28:41,999 PerfMonMTSvc                                         INFO Execute    9               95.91                     0                                        8523                                                    jetrecalg_AntiKt4EMTopoJets                                                
2026-02-12 09:28:41,999 PerfMonMTSvc                                         INFO Execute    9               91.89                     0                                        469                                                     FtagNN_AntiKt4EMPFlowJets_InDetTrackParticles_BTagging_20231205_GN2v01_antikt4empflow_STANDARD_Jet
2026-02-12 09:28:41,999 PerfMonMTSvc                                         INFO Execute    9               84.95                     0                                        5749                                                    AntiKt4TruthDressedWZJets                                                  
2026-02-12 09:28:42,000 PerfMonMTSvc                                         INFO Execute    9               84.53                     0                                        5761                                                    AntiKt4TruthWZJets                                                         
2026-02-12 09:28:42,000 PerfMonMTSvc                                         INFO Execute    9               84.27                     0                                        4674                                                    jetrecalg_AntiKt4TruthJets                                                 
2026-02-12 09:28:42,000 PerfMonMTSvc                                         INFO Execute    9               79.28                     0                                        4688                                                    jetrecalg_AntiKt4TruthWZJets                                               
2026-02-12 09:28:42,000 PerfMonMTSvc                                         INFO Execute    9               78.85                     0                                        4675                                                    jetrecalg_AntiKt4TruthDressedWZJets                                        
2026-02-12 09:28:42,000 PerfMonMTSvc                                         INFO Execute    9               78.15                     0                                        207                                                     FtagNN_AntiKt10UFOCSSKSoftDropBeta100Zcut10Jets_InDetTrackParticles_JetCalibTools_CalibArea-00-04-83_CalibrationFactors_bbJESJMS_calibFactors_R22_MC20MC23_CSSKUFO_bJR10v01_20250212_STANDARD_Jet
2026-02-12 09:28:42,000 PerfMonMTSvc                                         INFO Execute    9               76.52                     0                                        120                                                     FtagNN_AntiKt10UFOCSSKSoftDropBeta100Zcut10Jets_InDetTrackParticles_BTagging_20240925_GN2Xv02_antikt10ufo_network_STANDARD_Jet
2026-02-12 09:28:42,000 PerfMonMTSvc                                         INFO Execute    9               75.37                     0                                        22                                                      FtagNN_AntiKt4EMPFlowJets_InDetTrackParticles_BTagging_20231205_GN2v01_antikt4empflow_SIMPLE_FLIP_Jet
2026-02-12 09:28:42,000 PerfMonMTSvc                                         INFO Execute    9               75.23                     0                                        215                                                     FtagNN_AntiKt10UFOCSSKSoftDropBeta100Zcut10Jets_InDetTrackParticles_BTagging_20250912_GN3XPV01_antikt10ufo_network_STANDARD_Jet
2026-02-12 09:28:42,000 PerfMonMTSvc                                         INFO Execute    9               74.82                     0                                        211                                                     FtagNN_AntiKt10UFOCSSKSoftDropBeta100Zcut10Jets_InDetTrackParticles_BTagging_20250310_GN2XTauV00_antikt10ufo_network_STANDARD_Jet
2026-02-12 09:28:42,000 PerfMonMTSvc                                         INFO Execute    9               64.04                     0                                        4381                                                    MCTruthClassificationKernel                                                
2026-02-12 09:28:42,000 PerfMonMTSvc                                         INFO Execute    9               63.45                     0                                        81                                                      Electrons_decoratePLIT                                                     
2026-02-12 09:28:42,000 PerfMonMTSvc                                         INFO Execute    9               46.38                     0                                        4437                                                    AntiKt10TruthSoftDropBeta100Zcut10Jets                                     
2026-02-12 09:28:42,000 PerfMonMTSvc                                         INFO Execute    9               41.90                     0                                        103                                                     FtagNN_AntiKt10UFOCSSKSoftDropBeta100Zcut10Jets_InDetTrackParticles_JetCalibTools_CalibArea-00-04-83_CalibrationFactors_bbJESJMS_calibFactors_R22_MC20_CSSKUFO_bJR10v00Ext_20250212_STANDARD_Jet
2026-02-12 09:28:42,000 PerfMonMTSvc                                         INFO Execute    9               32.26                     0                                        1542                                                    jetrecalg_AntiKt10TruthDressedWZSoftDropBeta100Zcut10Jets                  
2026-02-12 09:28:42,000 PerfMonMTSvc                                         INFO Execute    9               31.74                     0                                        1540                                                    jetrecalg_AntiKt10TruthSoftDropBeta100Zcut10Jets                           
2026-02-12 09:28:42,000 PerfMonMTSvc                                         INFO Execute    9               29.48                     0                                        1393                                                    antikt4empflow_sv1_secvtxfinding                                           
2026-02-12 09:28:42,000 PerfMonMTSvc                                         INFO Execute    9               26.18                     0                                        601                                                     HFClassificationCommonKernel                                               
2026-02-12 09:28:42,000 PerfMonMTSvc                                         INFO Execute    9               23.29                     0                                        357                                                     antikt4empflow_sv1flip_secvtxfinding                                       
2026-02-12 09:28:42,000 PerfMonMTSvc                                         INFO Execute    9               16.99                     0                                        1860                                                    METAssociation_AntiKt4EMTopo                                               
2026-02-12 09:28:42,001 PerfMonMTSvc                                         INFO Execute    9               15.36                     0                                        351                                                     AthReadAlg_AllCalo                                                         
2026-02-12 09:28:42,001 PerfMonMTSvc                                         INFO Execute    9               15.33                     0                                        2434                                                    METAssociation_AntiKt4EMPFlowHR                                            
2026-02-12 09:28:42,001 PerfMonMTSvc                                         INFO Execute    9               15.18                     0                                        5121                                                    AntiKt10LCTopoJets                                                         
2026-02-12 09:28:42,001 PerfMonMTSvc                                         INFO Execute    9               14.96                     0                                        1921                                                    TrigNavSlimmingMTAlg_DAOD                                                  
2026-02-12 09:28:42,001 PerfMonMTSvc                                         INFO Execute    9               14.15                     0                                        8525                                                    METRecoAlg_Truth                                                           
2026-02-12 09:28:42,001 PerfMonMTSvc                                         INFO Execute    9               13.94                     0                                        3001                                                    jetalg_ConstitModCorrectPFOCSSKCHS_GPFlowCSSK                              
2026-02-12 09:28:42,001 PerfMonMTSvc                                         INFO =======================================================================================
2026-02-12 09:28:42,001 PerfMonMTSvc                                         INFO Finalize   1               315.78                    0                                        -667818                                                 ConditionStore                                                             
2026-02-12 09:28:42,001 PerfMonMTSvc                                         INFO Finalize   1               167.93                    -64                                      -246792                                                 DetectorStore                                                              
2026-02-12 09:28:42,001 PerfMonMTSvc                                         INFO Finalize   1               122.24                    -65544                                   -304776                                                 ToolSvc                                                                    
2026-02-12 09:28:42,001 PerfMonMTSvc                                         INFO Finalize   1               62.50                     0                                        -64959                                                  RDBAccessSvc                                                               
2026-02-12 09:28:42,001 PerfMonMTSvc                                         INFO Finalize   1               14.24                     0                                        -16945                                                  StoreGateSvc                                                               
2026-02-12 09:28:42,001 PerfMonMTSvc                                         INFO Finalize   1               8.87                      0                                        -15548                                                  ToolSvc.DiTauIDDecoratorWrapper.DiTauRec_OnnxScoreCalculator               
2026-02-12 09:28:42,002 PerfMonMTSvc                                         INFO Finalize   1               6.41                      0                                        -51128                                                  Gaudi::MultiFileCatalog                                                    
2026-02-12 09:28:42,002 PerfMonMTSvc                                         INFO Finalize   1               3.98                      0                                        -13564                                                  MetaDataStore                                                              
2026-02-12 09:28:42,002 PerfMonMTSvc                                         INFO Finalize   1               2.61                      0                                        -3104                                                   DetDescrCnvSvc                                                             
2026-02-12 09:28:42,002 PerfMonMTSvc                                         INFO Finalize   1               0.63                      0                                        -20                                                     ChronoStatSvc                                                              
2026-02-12 09:28:42,002 PerfMonMTSvc                                         INFO Finalize   1               0.59                      0                                        6                                                       AntiKt4TruthJets                                                           
2026-02-12 09:28:42,002 PerfMonMTSvc                                         INFO Finalize   1               0.52                      0                                        -768                                                    IOVDbSvc                                                                   
2026-02-12 09:28:42,002 PerfMonMTSvc                                         INFO Finalize   1               0.42                      0                                        -5576                                                   InputMetaDataStore                                                         
2026-02-12 09:28:42,002 PerfMonMTSvc                                         INFO Finalize   1               0.34                      0                                        3                                                       AntiKt10UFOCSSKSoftDropBeta100Zcut10Jets                                   
2026-02-12 09:28:42,002 PerfMonMTSvc                                         INFO Finalize   1               0.26                      0                                        2                                                       AntiKt4EMTopoJets                                                          
2026-02-12 09:28:42,002 PerfMonMTSvc                                         INFO Finalize   1               0.25                      0                                        -0                                                      EGammaCommonKernel                                                         
2026-02-12 09:28:42,002 PerfMonMTSvc                                         INFO Finalize   1               0.21                      0                                        2                                                       EventCleanSeq                                                              
2026-02-12 09:28:42,002 PerfMonMTSvc                                         INFO Finalize   1               0.19                      0                                        1                                                       AntiKt4EMPFlowJets                                                         
2026-02-12 09:28:42,002 PerfMonMTSvc                                         INFO Finalize   1               0.12                      0                                        1                                                       AntiKtVR30Rmax4Rmin02PV0TrackJets                                          
2026-02-12 09:28:42,002 PerfMonMTSvc                                         INFO Finalize   1               0.11                      0                                        -1                                                      AthenaPoolSharedIOCnvSvc                                                   
2026-02-12 09:28:42,002 PerfMonMTSvc                                         INFO Finalize   1               0.10                      0                                        0                                                       FourLeptonVertexAlg                                                        
2026-02-12 09:28:42,002 PerfMonMTSvc                                         INFO Finalize   1               0.10                      0                                        1                                                       AntiKt10LCTopoJets                                                         
2026-02-12 09:28:42,002 PerfMonMTSvc                                         INFO Finalize   1               0.10                      0                                        1                                                       AntiKt4TruthWZJets                                                         
2026-02-12 09:28:42,002 PerfMonMTSvc                                         INFO Finalize   1               0.10                      0                                        1                                                       AntiKtVR30Rmax4Rmin02TruthChargedJets                                      
2026-02-12 09:28:42,002 PerfMonMTSvc                                         INFO Finalize   1               0.10                      0                                        1                                                       AntiKt4TruthDressedWZJets                                                  
2026-02-12 09:28:42,002 PerfMonMTSvc                                         INFO Finalize   1               0.09                      0                                        -4                                                      ToolSvc.PHYSDiTauLowPtTPThinningTool                                       
2026-02-12 09:28:42,002 PerfMonMTSvc                                         INFO Finalize   1               0.09                      0                                        1                                                       AntiKt10TruthSoftDropBeta100Zcut10Jets                                     
2026-02-12 09:28:42,002 PerfMonMTSvc                                         INFO Finalize   1               0.08                      0                                        -11                                                     EventSelector                                                              
2026-02-12 09:28:42,003 PerfMonMTSvc                                         INFO Finalize   1               0.08                      0                                        -0                                                      TruthCategoriesDecorator.xAODToHepMCTool                                   
2026-02-12 09:28:42,003 PerfMonMTSvc                                         INFO Finalize   1               0.08                      0                                        -0                                                      METAssociation_AntiKt4EMTopo.MET_AssociationTool_AntiKt4EMTopo             
2026-02-12 09:28:42,003 PerfMonMTSvc                                         INFO Finalize   1               0.08                      0                                        -0                                                      METAssociation_AntiKt4EMPFlow.MET_AssociationTool_AntiKt4EMPFlow           
2026-02-12 09:28:42,003 PerfMonMTSvc                                         INFO Finalize   1               0.08                      0                                        -0                                                      METRecoAlg_Truth.MET_RegionTool_Truth                                      
2026-02-12 09:28:42,003 PerfMonMTSvc                                         INFO Finalize   1               0.07                      0                                        -0                                                      PHYSKernel                                                                 
2026-02-12 09:28:42,003 PerfMonMTSvc                                         INFO Finalize   1               0.07                      0                                        -0                                                      TruthCategoriesDecorator.HiggsTruthCategoryTool                            
2026-02-12 09:28:42,003 PerfMonMTSvc                                         INFO Finalize   1               0.07                      0                                        -0                                                      antikt10ufocssksoftdropbeta100zcut10_sv1flip_secvtxfinding.IDVKalVxInJetFlip
2026-02-12 09:28:42,003 PerfMonMTSvc                                         INFO Finalize   1               0.07                      0                                        -0                                                      InDetUsedInFitDecorator_0Alg                                               
2026-02-12 09:28:42,003 PerfMonMTSvc                                         INFO Finalize   1               0.06                      0                                        -0                                                      ToolSvc.TrigDecisionTool                                                   
2026-02-12 09:28:42,003 PerfMonMTSvc                                         INFO Finalize   1               0.06                      0                                        -0                                                      METRecoAlg_Truth.MET_RecoTool_Truth                                        
2026-02-12 09:28:42,003 PerfMonMTSvc                                         INFO Finalize   1               0.06                      0                                        -0                                                      MCTruthClassificationKernel                                                
2026-02-12 09:28:42,003 PerfMonMTSvc                                         INFO Finalize   1               0.05                      0                                        0                                                       AllExecutedEventsCounterAlg                                                
2026-02-12 09:28:42,003 PerfMonMTSvc                                         INFO Finalize   1               0.05                      0                                        -0                                                      BadBatmanAugmentation                                                      
2026-02-12 09:28:42,003 PerfMonMTSvc                                         INFO Finalize   1               0.05                      0                                        -0                                                      DistanceInTrainAugmentation                                                
2026-02-12 09:28:42,003 PerfMonMTSvc                                         INFO Finalize   1               0.05                      0                                        -15                                                     AlgResourcePool                                                            
2026-02-12 09:28:42,003 PerfMonMTSvc                                         INFO Finalize   1               0.05                      0                                        -0                                                      TauRNNLooseAugmentationKernel                                              
2026-02-12 09:28:42,003 PerfMonMTSvc                                         INFO Finalize   1               0.05                      0                                        -0                                                      DFCommonMuonsKernel                                                        
2026-02-12 09:28:42,003 PerfMonMTSvc                                         INFO Finalize   1               0.05                      0                                        -0                                                      TauJets_MuonRM_TauIDDecorKernel                                            
2026-02-12 09:28:42,004 PerfMonMTSvc                                         INFO Finalize   1               0.05                      0                                        -24                                                     ToolSvc.CaloSurfaceBuilder                                                 
2026-02-12 09:28:42,004 PerfMonMTSvc                                         INFO Finalize   1               0.04                      0                                        -0                                                      PhysCommonTruthCharmKernel                                                 
2026-02-12 09:28:42,004 PerfMonMTSvc                                         INFO Finalize   1               0.04                      0                                        -0                                                      DFCommonHSDecorator                                                        
2026-02-12 09:28:42,004 PerfMonMTSvc                                         INFO Finalize   1               0.04                      0                                        -0                                                      MCTruthCommonPreJetKernelNo5                                               
2026-02-12 09:28:42,004 PerfMonMTSvc                                         INFO =======================================================================================
2026-02-12 09:28:42,004 PerfMonMTSvc                                         INFO preLoadProxy 1               28.00                     0                                        40                                                      loadCachesOverhead:COOLOFL_INDET/OFLP200                                   
2026-02-12 09:28:42,004 PerfMonMTSvc                                         INFO preLoadProxy 1               18.77                     1024                                     3                                                       loadCachesOverhead:COOLOFL_LAR/OFLP200                                     
2026-02-12 09:28:42,004 PerfMonMTSvc                                         INFO preLoadProxy 1               15.79                     0                                        13                                                      loadCachesOverhead:COOLOFL_TRT/OFLP200                                     
2026-02-12 09:28:42,004 PerfMonMTSvc                                         INFO preLoadProxy 1               14.80                     0                                        3                                                       loadCachesOverhead:COOLOFL_GLOBAL/OFLP200                                  
2026-02-12 09:28:42,004 PerfMonMTSvc                                         INFO preLoadProxy 1               14.76                     1024                                     1156                                                    FldrCache:/LAR/Align                                                       
2026-02-12 09:28:42,004 PerfMonMTSvc                                         INFO preLoadProxy 1               13.29                     0                                        542                                                     FldrCache:/Indet/Align                                                     
2026-02-12 09:28:42,004 PerfMonMTSvc                                         INFO preLoadProxy 1               13.05                     0                                        2                                                       loadCachesOverhead:COOLOFL_DCS/OFLP200                                     
2026-02-12 09:28:42,004 PerfMonMTSvc                                         INFO preLoadProxy 1               12.71                     0                                        898                                                     FldrCache:/EXT/DCS/MAGNETS/SENSORDATA                                      
2026-02-12 09:28:42,004 PerfMonMTSvc                                         INFO preLoadProxy 1               12.01                     3072                                     673                                                     loadCachesOverhead:COOLOFL_MDT/OFLP200                                     
2026-02-12 09:28:42,004 PerfMonMTSvc                                         INFO preLoadProxy 1               11.74                     3072                                     1431                                                    FldrCache:/MDT/MM/PASSIVATION                                              
2026-02-12 09:28:42,004 PerfMonMTSvc                                         INFO preLoadProxy 1               11.41                     0                                        753                                                     FldrCache:/TRT/Align                                                       
2026-02-12 09:28:42,004 PerfMonMTSvc                                         INFO preLoadProxy 1               10.80                     0                                        821                                                     FldrCache:/GLOBAL/BField/Maps                                              
2026-02-12 09:28:42,004 PerfMonMTSvc                                         INFO preLoadProxy 1               7.48                      0                                        18                                                      FldrCache:/Indet/IBLDist                                                   
2026-02-12 09:28:42,004 PerfMonMTSvc                                         INFO preLoadProxy 1               6.97                      0                                        21                                                      FldrCache:/Indet/Beampos                                                   
2026-02-12 09:28:42,004 PerfMonMTSvc                                         INFO preLoadProxy 1               4.05                      0                                        9                                                       FldrCache:/TRT/Calib/DX                                                    
2026-02-12 09:28:42,004 PerfMonMTSvc                                         INFO preLoadProxy 1               3.70                      0                                        3                                                       FldrCache:/GLOBAL/TrackingGeo/LayerMaterialV2                              
2026-02-12 09:28:42,005 PerfMonMTSvc                                         INFO preLoadProxy 1               3.55                      0                                        8                                                       FldrCache:/LAR/LArCellPositionShift                                        
2026-02-12 09:28:42,005 PerfMonMTSvc                                         INFO preLoadProxy 1               0.68                      0                                        14                                                      UpdateAddr::/TagInfo                                                       
2026-02-12 09:28:42,005 PerfMonMTSvc                                         INFO preLoadProxy 1               0.37                      0                                        13                                                      FldrSetup:/TagInfo                                                         
2026-02-12 09:28:42,005 PerfMonMTSvc                                         INFO preLoadProxy 1               0.11                      0                                        12                                                      FldrSetup:/Indet/Align                                                     
2026-02-12 09:28:42,005 PerfMonMTSvc                                         INFO preLoadProxy 1               0.08                      0                                        0                                                       FldrSetup:/GLOBAL/TrackingGeo/LayerMaterialV2                              
2026-02-12 09:28:42,005 PerfMonMTSvc                                         INFO preLoadProxy 1               0.07                      0                                        10                                                      FldrSetup:/Indet/IBLDist                                                   
2026-02-12 09:28:42,005 PerfMonMTSvc                                         INFO preLoadProxy 1               0.06                      0                                        22                                                      FldrSetup:/Digitization/Parameters                                         
2026-02-12 09:28:42,005 PerfMonMTSvc                                         INFO preLoadProxy 1               0.06                      0                                        9                                                       FldrSetup:/TRT/Align                                                       
2026-02-12 09:28:42,005 PerfMonMTSvc                                         INFO preLoadProxy 1               0.05                      0                                        2                                                       FldrSetup:/EXT/DCS/MAGNETS/SENSORDATA                                      
2026-02-12 09:28:42,005 PerfMonMTSvc                                         INFO preLoadProxy 1               0.04                      0                                        0                                                       FldrSetup:LArCellPositionShift                                             
2026-02-12 09:28:42,005 PerfMonMTSvc                                         INFO preLoadProxy 1               0.04                      0                                        3                                                       FldrSetup:/GLOBAL/BField/Maps                                              
2026-02-12 09:28:42,005 PerfMonMTSvc                                         INFO preLoadProxy 1               0.04                      0                                        -0                                                      AthenaAttributeList[/Digitization/Parameters]                              
2026-02-12 09:28:42,005 PerfMonMTSvc                                         INFO preLoadProxy 1               0.04                      0                                        0                                                       FldrSetup:/TRT/Calib/DX                                                    
2026-02-12 09:28:42,005 PerfMonMTSvc                                         INFO preLoadProxy 1               0.02                      0                                        1                                                       FldrSetup:/MDT/MM/PASSIVATION                                              
2026-02-12 09:28:42,005 PerfMonMTSvc                                         INFO preLoadProxy 1               0.02                      0                                        2                                                       FldrSetup:/Indet/Beampos                                                   
2026-02-12 09:28:42,005 PerfMonMTSvc                                         INFO preLoadProxy 1               0.02                      0                                        -0                                                      UpdateAddr::AthenaMPEventQueue_1359530_39b2982a-0f12-41a1-8b34-db9cdb55c692
2026-02-12 09:28:42,005 PerfMonMTSvc                                         INFO preLoadProxy 1               0.02                      0                                        -0                                                      UpdateAddr::PRESAMPLER_B_POS                                               
2026-02-12 09:28:42,005 PerfMonMTSvc                                         INFO preLoadProxy 1               0.01                      0                                        0                                                       FldrSetup:/LAR/Align                                                       
2026-02-12 09:28:42,005 PerfMonMTSvc                                         INFO preLoadProxy 1               0.01                      0                                        -0                                                      UpdateAddr::PRESAMPLER_EC_NEG                                              
2026-02-12 09:28:42,005 PerfMonMTSvc                                         INFO preLoadProxy 1               0.01                      0                                        -0                                                      CondAttrListCollection[/EXT/DCS/MAGNETS/SENSORDATA]                        
2026-02-12 09:28:42,006 PerfMonMTSvc                                         INFO preLoadProxy 1               0.01                      0                                        -0                                                      UpdateAddr::PRESAMPLER_EC_POS                                              
2026-02-12 09:28:42,006 PerfMonMTSvc                                         INFO preLoadProxy 1               0.01                      0                                        -0                                                      UpdateAddr::PRESAMPLER_B_NEG                                               
2026-02-12 09:28:42,006 PerfMonMTSvc                                         INFO preLoadProxy 1               0.01                      0                                        -0                                                      AlignableTransformContainer[/Indet/Align]                                  
2026-02-12 09:28:42,006 PerfMonMTSvc                                         INFO preLoadProxy 1               0.01                      0                                        -0                                                      UpdateAddr::HEC_POS                                                        
2026-02-12 09:28:42,006 PerfMonMTSvc                                         INFO preLoadProxy 1               0.01                      0                                        -0                                                      AthenaAttributeList[/Indet/Beampos]                                        
2026-02-12 09:28:42,006 PerfMonMTSvc                                         INFO preLoadProxy 1               0.01                      0                                        -0                                                      Trk::LayerMaterialMap[/GLOBAL/TrackingGeo/LayerMaterialV2]                 
2026-02-12 09:28:42,006 PerfMonMTSvc                                         INFO preLoadProxy 1               0.01                      0                                        -0                                                      CondAttrListCollection[/GLOBAL/BField/Maps]                                
2026-02-12 09:28:42,006 PerfMonMTSvc                                         INFO preLoadProxy 1               0.01                      0                                        -0                                                      UpdateAddr::HEC_NEG                                                        
2026-02-12 09:28:42,006 PerfMonMTSvc                                         INFO preLoadProxy 1               0.01                      0                                        -0                                                      CondAttrListCollection[/Indet/IBLDist]                                     
2026-02-12 09:28:42,006 PerfMonMTSvc                                         INFO preLoadProxy 1               0.01                      0                                        -0                                                      DetCondKeyTrans[/LAR/Align]                                                
2026-02-12 09:28:42,006 PerfMonMTSvc                                         INFO preLoadProxy 1               0.01                      0                                        -0                                                      AlignableTransformContainer[/TRT/Align]                                    
2026-02-12 09:28:42,006 PerfMonMTSvc                                         INFO preLoadProxy 1               0.01                      0                                        -0                                                      CondAttrListCollection[/MDT/MM/PASSIVATION]                                
2026-02-12 09:28:42,006 PerfMonMTSvc                                         INFO preLoadProxy 1               0.01                      0                                        -0                                                      TRTCond::StrawDxContainer[/TRT/Calib/DX]                                   
2026-02-12 09:28:42,006 PerfMonMTSvc                                         INFO preLoadProxy 1               0.01                      0                                        -0                                                      CondAttrListCollection[/TagInfo]                                           
2026-02-12 09:28:42,006 PerfMonMTSvc                                         INFO =======================================================================================
2026-02-12 09:28:42,006 PerfMonMTSvc                                         INFO                                 Event Level Monitoring                                 
2026-02-12 09:28:42,006 PerfMonMTSvc                                         INFO         (Only the first 10 and the last measurements are explicitly printed)
2026-02-12 09:28:42,006 PerfMonMTSvc                                         INFO =======================================================================================
2026-02-12 09:28:42,006 PerfMonMTSvc                                         INFO Event            CPU [s]      Wall [s]     Vmem [kB]    Rss [kB]     Pss [kB]     Swap [kB]   
2026-02-12 09:28:42,007 PerfMonMTSvc                                         INFO ---------------------------------------------------------------------------------------
2026-02-12 09:28:42,007 PerfMonMTSvc                                         INFO 1                        1.36        53.70      4521772      2783644      1117253            0
2026-02-12 09:28:42,007 PerfMonMTSvc                                         INFO =======================================================================================
2026-02-12 09:28:42,007 PerfMonMTSvc                                         INFO                                 Snapshots Summary                                      
2026-02-12 09:28:42,007 PerfMonMTSvc                                         INFO =======================================================================================
2026-02-12 09:28:42,007 PerfMonMTSvc                                         INFO Step          dCPU [s]     dWall [s]    <CPU>   dVmem [kB]  dRss [kB]   dPss [kB]   dSwap [kB] 
2026-02-12 09:28:42,007 PerfMonMTSvc                                         INFO ---------------------------------------------------------------------------------------
2026-02-12 09:28:42,007 PerfMonMTSvc                                         INFO Configure     12.40        14.94        0.83    1471216     1153832     836210      0          
2026-02-12 09:28:42,007 PerfMonMTSvc                                         INFO Initialize    11.40        25.37        0.45    1883068     1343540     1236786     0          
2026-02-12 09:28:42,007 PerfMonMTSvc                                         INFO FirstEvent    8.57         20.71        0.41    4898572     3480448     1785075     0          
2026-02-12 09:28:42,007 PerfMonMTSvc                                         INFO Execute       7.27         7.38         0.99    8592        12516       11510       0          
2026-02-12 09:28:42,007 PerfMonMTSvc                                         INFO Finalize      0.79         0.82         0.96    -65608      25976       628100      0          
2026-02-12 09:28:42,007 PerfMonMTSvc                                         INFO ***************************************************************************************
2026-02-12 09:28:42,007 PerfMonMTSvc                                         INFO Number of events processed:         10
2026-02-12 09:28:42,007 PerfMonMTSvc                                         INFO CPU usage per event [ms]:           1584
2026-02-12 09:28:42,007 PerfMonMTSvc                                         INFO Events per second:                  0.356
2026-02-12 09:28:42,007 PerfMonMTSvc                                         INFO CPU utilization efficiency [%]:     58
2026-02-12 09:28:42,007 PerfMonMTSvc                                         INFO ***************************************************************************************
2026-02-12 09:28:42,007 PerfMonMTSvc                                         INFO Max Vmem:                           4.31 GB
2026-02-12 09:28:42,007 PerfMonMTSvc                                         INFO Max Rss:                            2.65 GB
2026-02-12 09:28:42,008 PerfMonMTSvc                                         INFO Max Pss:                            1.07 GB
2026-02-12 09:28:42,008 PerfMonMTSvc                                         INFO Max Swap:                           0.00 KB
2026-02-12 09:28:42,008 PerfMonMTSvc                                         INFO ***************************************************************************************
2026-02-12 09:28:42,008 PerfMonMTSvc                                         INFO Leak estimate per event Vmem:       0.00 KB
2026-02-12 09:28:42,008 PerfMonMTSvc                                         INFO Leak estimate per event Pss:        0.00 KB
2026-02-12 09:28:42,008 PerfMonMTSvc                                         INFO   >> Estimated using the last 0 measurements from the Event Level Monitoring
2026-02-12 09:28:42,008 PerfMonMTSvc                                         INFO   >> Events prior to the first 25 are omitted...
2026-02-12 09:28:42,008 PerfMonMTSvc                                         INFO =======================================================================================
2026-02-12 09:28:42,008 PerfMonMTSvc                                         INFO                                   System Information                                   
2026-02-12 09:28:42,008 PerfMonMTSvc                                         INFO =======================================================================================
2026-02-12 09:28:42,009 PerfMonMTSvc                                         INFO CPU Model:                          Intel(R) Xeon(R) Gold 6326 CPU @ 2.90GHz 24576 KB
2026-02-12 09:28:42,009 PerfMonMTSvc                                         INFO Number of Available Cores:          32
2026-02-12 09:28:42,009 PerfMonMTSvc                                         INFO Total Memory:                       251.00 GB
2026-02-12 09:28:42,009 PerfMonMTSvc                                         INFO =======================================================================================
2026-02-12 09:28:42,009 PerfMonMTSvc                                         INFO                                Environment Information                                 
2026-02-12 09:28:42,009 PerfMonMTSvc                                         INFO =======================================================================================
2026-02-12 09:28:42,010 PerfMonMTSvc                                         INFO Malloc Library:                     libtcmalloc_minimal.so
2026-02-12 09:28:42,010 PerfMonMTSvc                                         INFO Math Library:                       libimf.so
2026-02-12 09:28:42,010 PerfMonMTSvc                                         INFO =======================================================================================
2026-02-12 09:28:42,261 ApplicationMgr                                       INFO Application Manager Finalized successfully
