2026-02-12 14:46:18,593 AthMpEvtLoopMgr.SharedEvtQueueConsumer               INFO Logs redirected in the AthenaMP event worker PID=1440312
2026-02-12 14:46:18,594 AthMpEvtLoopMgr.SharedEvtQueueConsumer               INFO Io registry updated in the AthenaMP event worker PID=1440312
2026-02-12 14:46:18,612 AthMpEvtLoopMgr.SharedEvtQueueConsumer               INFO File descriptors re-opened in the AthenaMP event worker PID=1440312
2026-02-12 14:46:18,612 PoolSvc                                              INFO I/O reinitialization...
2026-02-12 14:46:18,612 PoolSvc                                              INFO Setting up APR FileCatalog and Streams
2026-02-12 14:46:18,622 PoolSvc                                              INFO Resolved path (via ATLAS_POOLCOND_PATH) is /cvmfs/atlas-condb.cern.ch/repo/conditions/poolcond/PoolFileCatalog.xml
2026-02-12 14:46:18,639 PoolSvc                                              INFO Unable find catalog apcfile:poolcond/PoolCat_oflcond.xml in $ATLAS_POOLCOND_PATH and $DATAPATH
2026-02-12 14:46:18,639 PoolSvc                                              INFO POOL WriteCatalog is xmlcatalog_file:PoolFileCatalog.xml
2026-02-12 14:46:18,855 DbSession                                            INFO     Open     DbSession
2026-02-12 14:46:18,856 Domain[ROOT_All]                                     INFO >   Access   DbDomain     READ      [ROOT_All]
2026-02-12 14:46:18,856 DbSession                                            INFO     Open     DbSession
2026-02-12 14:46:18,856 Domain[ROOT_All]                                     INFO >   Access   DbDomain     READ      [ROOT_All]
2026-02-12 14:46:18,856 MetaDataSvc                                          INFO I/O reinitialization...
2026-02-12 14:46:18,856 MetaDataSvc                                          INFO Attached MetaDataTool: ToolSvc.IOVDbMetaDataTool
2026-02-12 14:46:18,856 MetaDataSvc                                          INFO Attached MetaDataTool: ToolSvc.BookkeeperTool
2026-02-12 14:46:18,856 MetaDataSvc                                          INFO Attached MetaDataTool: ToolSvc.StreamDAOD_PHYS_CopyEventStreamInfo
2026-02-12 14:46:18,856 MetaDataSvc                                          INFO Attached MetaDataTool: ToolSvc.TriggerMenuMetaDataTool
2026-02-12 14:46:18,856 MetaDataSvc                                          INFO Attached MetaDataTool: ToolSvc.TruthMetaDataTool
2026-02-12 14:46:18,856 MetaDataSvc                                          INFO Attached MetaDataTool: ToolSvc.xAODMaker::FileMetaDataTool
2026-02-12 14:46:18,857 MetaDataSvc                                          INFO Attached MetaDataTool: ToolSvc.xAODMaker::EventFormatMetaDataTool
2026-02-12 14:46:18,857 EventSelector                                        INFO I/O reinitialization...
2026-02-12 14:46:18,857 /eos/home-b/bkamgama/draft/Run_sleep_10000/...root   INFO ->  Access   DbDatabase   READ      [ROOT_All] AA21FB28-2672-434E-9813-0D7BE842151D
2026-02-12 14:46:18,869 RootDatabase                                         INFO /eos/home-b/bkamgama/draft/Run_sleep_10000/Compression_QT/DAOD_Compression_Analysis/workspaces/zstd_level1/data/zstd_rntuple_level1.AOD.pool.root File version:1063901
2026-02-12 14:46:18,885 StreamDAOD_PHYS                                      INFO I/O reinitialization...
2026-02-12 14:46:18,885 /eos/home-b/bkamgama/draft/Run_sleep_10000/...root   INFO Database being retired...
2026-02-12 14:46:18,885 /eos/home-b/bkamgama/draft/Run_sleep_10000/...root   INFO ->  Deaccess DbDatabase   READ      [ROOT_All] AA21FB28-2672-434E-9813-0D7BE842151D
2026-02-12 14:46:18,886 Domain[ROOT_All]                                     INFO >   Deaccess DbDomain     READ      [ROOT_All]
2026-02-12 14:46:18,886 DbSession                                            INFO     Open     DbSession
2026-02-12 14:46:18,886 Domain[ROOT_All]                                     INFO >   Access   DbDomain     READ      [ROOT_All]
2026-02-12 14:46:18,886 /eos/home-b/bkamgama/draft/Run_sleep_10000/...root   INFO ->  Access   DbDatabase   READ      [ROOT_All] AA21FB28-2672-434E-9813-0D7BE842151D
2026-02-12 14:46:18,889 RootDatabase                                         INFO /eos/home-b/bkamgama/draft/Run_sleep_10000/Compression_QT/DAOD_Compression_Analysis/workspaces/zstd_level1/data/zstd_rntuple_level1.AOD.pool.root File version:1063901
2026-02-12 14:46:18,907 AthMpEvtLoopMgr.SharedEvtQueueConsumer               INFO Exec function in the AthenaMP worker PID=1440312
2026-02-12 14:46:18,922 AthMpEvtLoopMgr.SharedEvtQueueConsumer               INFO Received from the queue: event num=1 chunk size=1
2026-02-12 14:46:18,922 AthMpEvtLoopMgr.SharedEvtQueueConsumer               INFO Seek to 1 succeeded
2026-02-12 14:46:18,928 ToolSvc.BookkeeperTool                               INFO Preparing local cache for source 'AA21FB28-2672-434E-9813-0D7BE842151D' with 194 variations
2026-02-12 14:46:18,930 ToolSvc.BookkeeperTool                               INFO No incomplete bookkeepers with name 'IncompleteCutBookkeepers' in this file
2026-02-12 14:46:18,930 ToolSvc.BookkeeperTool                               INFO No complete bookkeepers with name 'CutBookkeepers' in this file
2026-02-12 14:46:21,055 AthenaEventLoopMgr                                   INFO   ===>>>  start processing event #334732008, run #450000 0 events processed so far  <<<===
2026-02-12 14:46:21,154 xAODConfigSvc                                        INFO TrigConfxAOD/src/xAODConfigSvc.cxx:940 (StatusCode TrigConf::xAODConfigSvc::prepareEventxAODTriggerMenuJson(const xAOD::TrigConfKeys*, const xAOD::BunchConfKey*, const EventContext&)): Loaded xAOD::TriggerMenuJson configuration:  SMK = 2130037424, L1PSK = 3785439411, HLTPSK = 266086103, BGSK = 707058941
2026-02-12 14:46:21,245 PerfMonMTSvc                                         INFO Event [    1] CPU Time: 00h00m01s, Wall Time: 00h00m51s, Vmem: 5.30 GB, Rss: 3.73 GB, Pss: 1.89 GB, Swap: 0.00 KB
2026-02-12 14:46:21,245 ToolSvc.TrigDecisionTool                             INFO Updating config in slot 0 with SMK: 2130037424 and L1PSK: 3785439411 and HLTPSK: 266086103 and BGSK: 707058941 getForceConfigUpdate()=1 HLT Chains: 2535
2026-02-12 14:46:21,551 ToolSvc.PhysCommonTruthCharmTool                  WARNING Found xAODTruthMetaDataContainer empty! Configuring to be NOT Sherpa.
2026-02-12 14:46:21,551 ToolSvc.PhysCommonTruthCharmTool                     INFO From metadata configured: Sherpa? 0
2026-02-12 14:46:27,354 ToolSvc.DFCommonBornLeptonCollTool                   INFO From metadata configured: Sherpa? 0
2026-02-12 14:46:28,147 ToolSvc.xAODTrackParticleCompressorTool              INFO Initialising
2026-02-12 14:46:28,147 ToolSvc.xAODTrackParticleCompressorTool              INFO   OffDiagCovMatrixBits = 23
2026-02-12 14:46:28,148 ToolSvc.xAODTrackParticleCompressorTool              INFO   DiagCovMatrixBits    = 23
2026-02-12 14:46:28,148 ToolSvc.xAODTrackParticleCompressorTool              INFO   UseOffDiagCompr = 0
2026-02-12 14:46:28,608 xAODClusterCompressor                                INFO Compression of ClusterMoments to 16 bits enabled
2026-02-12 14:46:28,609 AthenaPoolConverter                                  INFO Retrieved compression tool
WARNING from FastJet: Recluster: the original cluster sequence is lacking explicit ghosts; area support will no longer be available after re-clustering
WARNING from FastJet: Recluster: the original cluster sequence is lacking explicit ghosts; area support will no longer be available after re-clustering
WARNING from FastJet: Recluster: the original cluster sequence is lacking explicit ghosts; area support will no longer be available after re-clustering
2026-02-12 14:46:30,219 ClassIDSvc                                           INFO getRegistryEntries: read 2784 CLIDRegistry entries for module ALL
xAOD::AuxSelection WARNING Selected dynamic Aux atribute "DFCommonJets_eventClean_LooseBadLLP" not found in the registry
xAOD::AuxSelection WARNING Selected dynamic Aux atribute "HTXS_Higgs_decay_eta" not found in the registry
xAOD::AuxSelection WARNING Selected dynamic Aux atribute "HTXS_Higgs_decay_m" not found in the registry
xAOD::AuxSelection WARNING Selected dynamic Aux atribute "HTXS_Higgs_decay_phi" not found in the registry
xAOD::AuxSelection WARNING Selected dynamic Aux atribute "HTXS_Higgs_decay_pt" not found in the registry
xAOD::AuxSelection WARNING Selected dynamic Aux atribute "HTXS_Higgs_eta" not found in the registry
xAOD::AuxSelection WARNING Selected dynamic Aux atribute "HTXS_Higgs_m" not found in the registry
xAOD::AuxSelection WARNING Selected dynamic Aux atribute "HTXS_Higgs_phi" not found in the registry
xAOD::AuxSelection WARNING Selected dynamic Aux atribute "HTXS_Higgs_pt" not found in the registry
xAOD::AuxSelection WARNING Selected dynamic Aux atribute "HTXS_Njets_pTjet25" not found in the registry
xAOD::AuxSelection WARNING Selected dynamic Aux atribute "HTXS_Njets_pTjet30" not found in the registry
xAOD::AuxSelection WARNING Selected dynamic Aux atribute "HTXS_Stage0_Category" not found in the registry
xAOD::AuxSelection WARNING Selected dynamic Aux atribute "HTXS_Stage1_2_Category_pTjet25" not found in the registry
xAOD::AuxSelection WARNING Selected dynamic Aux atribute "HTXS_Stage1_2_Category_pTjet30" not found in the registry
xAOD::AuxSelection WARNING Selected dynamic Aux atribute "HTXS_Stage1_2_FineIndex_pTjet25" not found in the registry
xAOD::AuxSelection WARNING Selected dynamic Aux atribute "HTXS_Stage1_2_FineIndex_pTjet30" not found in the registry
xAOD::AuxSelection WARNING Selected dynamic Aux atribute "HTXS_Stage1_2_Fine_Category_pTjet25" not found in the registry
xAOD::AuxSelection WARNING Selected dynamic Aux atribute "HTXS_Stage1_2_Fine_Category_pTjet30" not found in the registry
xAOD::AuxSelection WARNING Selected dynamic Aux atribute "HTXS_Stage1_2_Fine_FineIndex_pTjet25" not found in the registry
xAOD::AuxSelection WARNING Selected dynamic Aux atribute "HTXS_Stage1_2_Fine_FineIndex_pTjet30" not found in the registry
xAOD::AuxSelection WARNING Selected dynamic Aux atribute "HTXS_Stage1_Category_pTjet25" not found in the registry
xAOD::AuxSelection WARNING Selected dynamic Aux atribute "HTXS_Stage1_Category_pTjet30" not found in the registry
xAOD::AuxSelection WARNING Selected dynamic Aux atribute "HTXS_Stage1_FineIndex_pTjet25" not found in the registry
xAOD::AuxSelection WARNING Selected dynamic Aux atribute "HTXS_Stage1_FineIndex_pTjet30" not found in the registry
xAOD::AuxSelection WARNING Selected dynamic Aux atribute "HTXS_V_decay_eta" not found in the registry
xAOD::AuxSelection WARNING Selected dynamic Aux atribute "HTXS_V_decay_m" not found in the registry
xAOD::AuxSelection WARNING Selected dynamic Aux atribute "HTXS_V_decay_phi" not found in the registry
xAOD::AuxSelection WARNING Selected dynamic Aux atribute "HTXS_V_decay_pt" not found in the registry
xAOD::AuxSelection WARNING Selected dynamic Aux atribute "HTXS_V_eta" not found in the registry
xAOD::AuxSelection WARNING Selected dynamic Aux atribute "HTXS_V_jets25_eta" not found in the registry
xAOD::AuxSelection WARNING Selected dynamic Aux atribute "HTXS_V_jets25_m" not found in the registry
xAOD::AuxSelection WARNING Selected dynamic Aux atribute "HTXS_V_jets25_phi" not found in the registry
xAOD::AuxSelection WARNING Selected dynamic Aux atribute "HTXS_V_jets25_pt" not found in the registry
xAOD::AuxSelection WARNING Selected dynamic Aux atribute "HTXS_V_jets30_eta" not found in the registry
xAOD::AuxSelection WARNING Selected dynamic Aux atribute "HTXS_V_jets30_m" not found in the registry
xAOD::AuxSelection WARNING Selected dynamic Aux atribute "HTXS_V_jets30_phi" not found in the registry
xAOD::AuxSelection WARNING Selected dynamic Aux atribute "HTXS_V_jets30_pt" not found in the registry
xAOD::AuxSelection WARNING Selected dynamic Aux atribute "HTXS_V_m" not found in the registry
xAOD::AuxSelection WARNING Selected dynamic Aux atribute "HTXS_V_phi" not found in the registry
xAOD::AuxSelection WARNING Selected dynamic Aux atribute "HTXS_V_pt" not found in the registry
xAOD::AuxSelection WARNING Selected dynamic Aux atribute "HTXS_errorCode" not found in the registry
xAOD::AuxSelection WARNING Selected dynamic Aux atribute "HTXS_isZ2vvDecay" not found in the registry
xAOD::AuxSelection WARNING Selected dynamic Aux atribute "truthClassification" not found in the registry
xAOD::AuxSelection WARNING Selected dynamic Aux atribute "f_cluster_core" not found in the registry
xAOD::AuxSelection WARNING Selected dynamic Aux atribute "DFCommonGoodMuon" not found in the registry
xAOD::AuxSelection WARNING Selected dynamic Aux atribute "absipSigLeadTrk" not found in the registry
xAOD::AuxSelection WARNING Selected dynamic Aux atribute "DecayModeVector" not found in the registry
xAOD::AuxSelection WARNING Selected dynamic Aux atribute "IsHadronicTau" not found in the registry
xAOD::AuxSelection WARNING Selected dynamic Aux atribute "decay_vertex_x" not found in the registry
xAOD::AuxSelection WARNING Selected dynamic Aux atribute "decay_vertex_y" not found in the registry
xAOD::AuxSelection WARNING Selected dynamic Aux atribute "decay_vertex_z" not found in the registry
xAOD::AuxSelection WARNING Selected dynamic Aux atribute "eta_invis" not found in the registry
xAOD::AuxSelection WARNING Selected dynamic Aux atribute "eta_vis_neutral" not found in the registry
xAOD::AuxSelection WARNING Selected dynamic Aux atribute "m_invis" not found in the registry
xAOD::AuxSelection WARNING Selected dynamic Aux atribute "m_vis_neutral" not found in the registry
xAOD::AuxSelection WARNING Selected dynamic Aux atribute "numCharged" not found in the registry
xAOD::AuxSelection WARNING Selected dynamic Aux atribute "numChargedPion" not found in the registry
xAOD::AuxSelection WARNING Selected dynamic Aux atribute "numNeutral" not found in the registry
xAOD::AuxSelection WARNING Selected dynamic Aux atribute "numNeutralPion" not found in the registry
xAOD::AuxSelection WARNING Selected dynamic Aux atribute "phi_invis" not found in the registry
xAOD::AuxSelection WARNING Selected dynamic Aux atribute "phi_vis_neutral" not found in the registry
xAOD::AuxSelection WARNING Selected dynamic Aux atribute "prod_vertex_x" not found in the registry
xAOD::AuxSelection WARNING Selected dynamic Aux atribute "prod_vertex_y" not found in the registry
xAOD::AuxSelection WARNING Selected dynamic Aux atribute "prod_vertex_z" not found in the registry
xAOD::AuxSelection WARNING Selected dynamic Aux atribute "pt_invis" not found in the registry
xAOD::AuxSelection WARNING Selected dynamic Aux atribute "pt_vis_neutral" not found in the registry
xAOD::AuxSelection WARNING Selected dynamic Aux atribute "GN3XPV01_pqcd" not found in the registry
xAOD::AuxSelection WARNING Selected dynamic Aux atribute "bJR10v00_mass" not found in the registry
xAOD::AuxSelection WARNING Selected dynamic Aux atribute "bJR10v00_pt" not found in the registry
xAOD::AuxSelection WARNING Selected dynamic Aux atribute "PartonTruthLabelTruthLabelBarcode" not found in the registry
xAOD::AuxSelection WARNING Selected dynamic Aux atribute "PartonTruthLabelTruthLabelDR" not found in the registry
xAOD::AuxSelection WARNING Selected dynamic Aux atribute "PartonTruthLabelTruthLabelID" not found in the registry
xAOD::AuxSelection WARNING Selected dynamic Aux atribute "PartonTruthLabelTruthLabelLxy" not found in the registry
xAOD::AuxSelection WARNING Selected dynamic Aux atribute "PartonTruthLabelTruthLabelPdgId" not found in the registry
xAOD::AuxSelection WARNING Selected dynamic Aux atribute "PartonTruthLabelTruthLabelPt" not found in the registry
2026-02-12 14:46:30,596 copyAuxStoreThinned                               WARNING AthContainers/src/copyAuxStoreThinned.cxx:138: unlocked decoration UEcorr_Pt (955) in object of type xAOD::ElectronAuxContainer_v3
2026-02-12 14:46:30,635 ClassIDSvc                                           INFO getRegistryEntries: read 471 CLIDRegistry entries for module ALL
2026-02-12 14:46:30,735 AthenaEventLoopMgr                                   INFO   ===>>>  done processing event #334732008, run #450000 1 events processed so far  <<<===
2026-02-12 14:46:30,749 PoolSvc                                           WARNING connect: Using default input Stream instead of id = 4294967295
2026-02-12 14:46:30,749 AthMpEvtLoopMgr.SharedEvtQueueConsumer               INFO Received from the queue: event num=2 chunk size=1
2026-02-12 14:46:30,749 AthMpEvtLoopMgr.SharedEvtQueueConsumer               INFO Seek to 2 succeeded
2026-02-12 14:46:30,840 ToolSvc.DFCommonMuonsSelector                     WARNING MuonSelectionTool currently supports Loose, Medium, Tight, HighPt, and LowPtEfficiency WPs for Run3; all other WPs can only be used in ExpertDevelopMode mode
WARNING from FastJet: Recluster: the original cluster sequence is lacking explicit ghosts; area support will no longer be available after re-clustering
WARNING from FastJet: Recluster: the original cluster sequence is lacking explicit ghosts; area support will no longer be available after re-clustering (LAST SUCH WARNING)
2026-02-12 14:46:31,776 copyAuxStoreThinned                               WARNING AthContainers/src/copyAuxStoreThinned.cxx:138: unlocked decoration UEcorr_Pt (955) in object of type xAOD::ElectronAuxContainer_v3
2026-02-12 14:46:31,780 copyAuxStoreThinned                               WARNING AthContainers/src/copyAuxStoreThinned.cxx:138: unlocked decoration UEcorr_Pt (955) in object of type xAOD::MuonAuxContainer_v5
2026-02-12 14:46:31,796 AthMpEvtLoopMgr.SharedEvtQueueConsumer               INFO Received from the queue: event num=4 chunk size=1
2026-02-12 14:46:31,796 AthMpEvtLoopMgr.SharedEvtQueueConsumer               INFO Seek to 4 succeeded
2026-02-12 14:46:32,540 copyAuxStoreThinned                               WARNING AthContainers/src/copyAuxStoreThinned.cxx:138: unlocked decoration UEcorr_Pt (955) in object of type xAOD::ElectronAuxContainer_v3
2026-02-12 14:46:32,557 AthMpEvtLoopMgr.SharedEvtQueueConsumer               INFO Received from the queue: event num=7 chunk size=1
2026-02-12 14:46:32,557 AthMpEvtLoopMgr.SharedEvtQueueConsumer               INFO Seek to 7 succeeded
2026-02-12 14:46:33,382 copyAuxStoreThinned                               WARNING AthContainers/src/copyAuxStoreThinned.cxx:138: unlocked decoration UEcorr_Pt (955) in object of type xAOD::ElectronAuxContainer_v3
2026-02-12 14:46:33,401 AthMpEvtLoopMgr.SharedEvtQueueConsumer               INFO Received from the queue: event num=9 chunk size=1
2026-02-12 14:46:33,401 AthMpEvtLoopMgr.SharedEvtQueueConsumer               INFO Seek to 9 succeeded
2026-02-12 14:46:34,235 copyAuxStoreThinned                               WARNING AthContainers/src/copyAuxStoreThinned.cxx:138: unlocked decoration UEcorr_Pt (955) in object of type xAOD::ElectronAuxContainer_v3
2026-02-12 14:46:34,382 AthMpEvtLoopMgr.SharedEvtQueueConsumer               INFO Fin function in the AthenaMP worker PID=1440312
2026-02-12 14:46:34,396 ToolSvc.BookkeeperTool                               INFO Successfully copied CutBookkeepers to the output MetaDataStore
2026-02-12 14:46:34,446 /eos/home-b/bkamgama/draft/Run_sleep_10000/...root   INFO Database being retired...
2026-02-12 14:46:34,879 /eos/home-b/bkamgama/draft/Run_sleep_10000/...root   INFO ->  Deaccess DbDatabase   READ      [ROOT_All] AA21FB28-2672-434E-9813-0D7BE842151D
2026-02-12 14:46:34,880 AthenaPoolSharedIOCnvSvc.OutputStreamingTool         INFO in stop()
2026-02-12 14:46:34,880 AthenaPoolSharedIOCnvSvc.OutputStreamingTool         INFO Client stop() inform Server: 1
2026-02-12 14:46:34,909 ApplicationMgr                                       INFO Application Manager Stopped successfully
2026-02-12 14:46:35,020 CondInputLoader                                      INFO Finalizing CondInputLoader...
2026-02-12 14:46:35,020 MCTruthClassificationKernel                          INFO ============================================================================
2026-02-12 14:46:35,020 MCTruthClassificationKernel                          INFO  The following CP tools were called by MCTruthClassificationKernel for the whole train:
2026-02-12 14:46:35,021 MCTruthClassificationKernel                          INFO ToolSvc.DFCommonTruthClassificationTool
2026-02-12 14:46:35,021 MCTruthClassificationKernel                          INFO ============================================================================
2026-02-12 14:46:35,021 PhysCommonTruthCharmKernel                           INFO ============================================================================
2026-02-12 14:46:35,021 PhysCommonTruthCharmKernel                           INFO  The following CP tools were called by PhysCommonTruthCharmKernel for the whole train:
2026-02-12 14:46:35,021 PhysCommonTruthCharmKernel                           INFO ToolSvc.PhysCommonTruthCharmTool
2026-02-12 14:46:35,021 PhysCommonTruthCharmKernel                           INFO ============================================================================
2026-02-12 14:46:35,021 MCTruthCommonHFAndDecaysKernel                       INFO ============================================================================
2026-02-12 14:46:35,021 MCTruthCommonHFAndDecaysKernel                       INFO  The following CP tools were called by MCTruthCommonHFAndDecaysKernel for the whole train:
2026-02-12 14:46:35,021 MCTruthCommonHFAndDecaysKernel                       INFO ToolSvc.DFCommonHFAndDecaysTool
2026-02-12 14:46:35,021 MCTruthCommonHFAndDecaysKernel                       INFO ============================================================================
2026-02-12 14:46:35,021 DFCommonTruthMetaDataWriterKernel                    INFO ============================================================================
2026-02-12 14:46:35,021 DFCommonTruthMetaDataWriterKernel                    INFO  The following CP tools were called by DFCommonTruthMetaDataWriterKernel for the whole train:
2026-02-12 14:46:35,021 DFCommonTruthMetaDataWriterKernel                    INFO ToolSvc.DFCommonTruthMetaDataWriter
2026-02-12 14:46:35,021 DFCommonTruthMetaDataWriterKernel                    INFO ============================================================================
2026-02-12 14:46:35,022 MCTruthCommonPreJetKernelNo1                         INFO ============================================================================
2026-02-12 14:46:35,022 MCTruthCommonPreJetKernelNo1                         INFO  The following CP tools were called by MCTruthCommonPreJetKernelNo1 for the whole train:
2026-02-12 14:46:35,022 MCTruthCommonPreJetKernelNo1                         INFO ToolSvc.DFCommonTruthMuonTool
2026-02-12 14:46:35,022 MCTruthCommonPreJetKernelNo1                         INFO ============================================================================
2026-02-12 14:46:35,022 MCTruthCommonPreJetKernelNo2                         INFO ============================================================================
2026-02-12 14:46:35,022 MCTruthCommonPreJetKernelNo2                         INFO  The following CP tools were called by MCTruthCommonPreJetKernelNo2 for the whole train:
2026-02-12 14:46:35,022 MCTruthCommonPreJetKernelNo2                         INFO ToolSvc.DFCommonTruthElectronTool
2026-02-12 14:46:35,022 MCTruthCommonPreJetKernelNo2                         INFO ============================================================================
2026-02-12 14:46:35,022 MCTruthCommonPreJetKernelNo3                         INFO ============================================================================
2026-02-12 14:46:35,022 MCTruthCommonPreJetKernelNo3                         INFO  The following CP tools were called by MCTruthCommonPreJetKernelNo3 for the whole train:
2026-02-12 14:46:35,022 MCTruthCommonPreJetKernelNo3                         INFO ToolSvc.DFCommonTruthPhotonToolSim
2026-02-12 14:46:35,022 MCTruthCommonPreJetKernelNo3                         INFO ============================================================================
2026-02-12 14:46:35,022 MCTruthCommonPreJetKernelNo4                         INFO ============================================================================
2026-02-12 14:46:35,022 MCTruthCommonPreJetKernelNo4                         INFO  The following CP tools were called by MCTruthCommonPreJetKernelNo4 for the whole train:
2026-02-12 14:46:35,022 MCTruthCommonPreJetKernelNo4                         INFO ToolSvc.DFCommonTruthNeutrinoTool
2026-02-12 14:46:35,022 MCTruthCommonPreJetKernelNo4                         INFO ============================================================================
2026-02-12 14:46:35,022 MCTruthCommonPreJetKernelNo5                         INFO ============================================================================
2026-02-12 14:46:35,022 MCTruthCommonPreJetKernelNo5                         INFO  The following CP tools were called by MCTruthCommonPreJetKernelNo5 for the whole train:
2026-02-12 14:46:35,022 MCTruthCommonPreJetKernelNo5                         INFO ToolSvc.DFCommonTruthBottomTool
2026-02-12 14:46:35,023 MCTruthCommonPreJetKernelNo5                         INFO ============================================================================
2026-02-12 14:46:35,023 MCTruthCommonPreJetKernelNo6                         INFO ============================================================================
2026-02-12 14:46:35,023 MCTruthCommonPreJetKernelNo6                         INFO  The following CP tools were called by MCTruthCommonPreJetKernelNo6 for the whole train:
2026-02-12 14:46:35,023 MCTruthCommonPreJetKernelNo6                         INFO ToolSvc.DFCommonTruthTopTool
2026-02-12 14:46:35,023 MCTruthCommonPreJetKernelNo6                         INFO ============================================================================
2026-02-12 14:46:35,023 MCTruthCommonPreJetKernelNo7                         INFO ============================================================================
2026-02-12 14:46:35,023 MCTruthCommonPreJetKernelNo7                         INFO  The following CP tools were called by MCTruthCommonPreJetKernelNo7 for the whole train:
2026-02-12 14:46:35,023 MCTruthCommonPreJetKernelNo7                         INFO ToolSvc.DFCommonTruthBosonTool
2026-02-12 14:46:35,023 MCTruthCommonPreJetKernelNo7                         INFO ============================================================================
2026-02-12 14:46:35,023 MCTruthCommonPreJetKernelNo8                         INFO ============================================================================
2026-02-12 14:46:35,023 MCTruthCommonPreJetKernelNo8                         INFO  The following CP tools were called by MCTruthCommonPreJetKernelNo8 for the whole train:
2026-02-12 14:46:35,023 MCTruthCommonPreJetKernelNo8                         INFO ToolSvc.DFCommonTruthBSMTool
2026-02-12 14:46:35,023 MCTruthCommonPreJetKernelNo8                         INFO ============================================================================
2026-02-12 14:46:35,023 MCTruthCommonPreJetKernelNo9                         INFO ============================================================================
2026-02-12 14:46:35,023 MCTruthCommonPreJetKernelNo9                         INFO  The following CP tools were called by MCTruthCommonPreJetKernelNo9 for the whole train:
2026-02-12 14:46:35,023 MCTruthCommonPreJetKernelNo9                         INFO ToolSvc.DFCommonTruthElectronIsolationTool1
2026-02-12 14:46:35,023 MCTruthCommonPreJetKernelNo9                         INFO ============================================================================
2026-02-12 14:46:35,023 MCTruthCommonPreJetKernelNo10                        INFO ============================================================================
2026-02-12 14:46:35,023 MCTruthCommonPreJetKernelNo10                        INFO  The following CP tools were called by MCTruthCommonPreJetKernelNo10 for the whole train:
2026-02-12 14:46:35,023 MCTruthCommonPreJetKernelNo10                        INFO ToolSvc.DFCommonTruthElectronIsolationTool2
2026-02-12 14:46:35,023 MCTruthCommonPreJetKernelNo10                        INFO ============================================================================
2026-02-12 14:46:35,024 MCTruthCommonPreJetKernelNo11                        INFO ============================================================================
2026-02-12 14:46:35,024 MCTruthCommonPreJetKernelNo11                        INFO  The following CP tools were called by MCTruthCommonPreJetKernelNo11 for the whole train:
2026-02-12 14:46:35,024 MCTruthCommonPreJetKernelNo11                        INFO ToolSvc.DFCommonTruthMuonIsolationTool1
2026-02-12 14:46:35,024 MCTruthCommonPreJetKernelNo11                        INFO ============================================================================
2026-02-12 14:46:35,024 MCTruthCommonPreJetKernelNo12                        INFO ============================================================================
2026-02-12 14:46:35,024 MCTruthCommonPreJetKernelNo12                        INFO  The following CP tools were called by MCTruthCommonPreJetKernelNo12 for the whole train:
2026-02-12 14:46:35,024 MCTruthCommonPreJetKernelNo12                        INFO ToolSvc.DFCommonTruthMuonIsolationTool2
2026-02-12 14:46:35,024 MCTruthCommonPreJetKernelNo12                        INFO ============================================================================
2026-02-12 14:46:35,024 MCTruthCommonPreJetKernelNo13                        INFO ============================================================================
2026-02-12 14:46:35,024 MCTruthCommonPreJetKernelNo13                        INFO  The following CP tools were called by MCTruthCommonPreJetKernelNo13 for the whole train:
2026-02-12 14:46:35,024 MCTruthCommonPreJetKernelNo13                        INFO ToolSvc.DFCommonTruthPhotonIsolationTool1
2026-02-12 14:46:35,024 MCTruthCommonPreJetKernelNo13                        INFO ============================================================================
2026-02-12 14:46:35,024 MCTruthCommonPreJetKernelNo14                        INFO ============================================================================
2026-02-12 14:46:35,024 MCTruthCommonPreJetKernelNo14                        INFO  The following CP tools were called by MCTruthCommonPreJetKernelNo14 for the whole train:
2026-02-12 14:46:35,024 MCTruthCommonPreJetKernelNo14                        INFO ToolSvc.DFCommonTruthPhotonIsolationTool2
2026-02-12 14:46:35,024 MCTruthCommonPreJetKernelNo14                        INFO ============================================================================
2026-02-12 14:46:35,024 MCTruthCommonPreJetKernelNo15                        INFO ============================================================================
2026-02-12 14:46:35,024 MCTruthCommonPreJetKernelNo15                        INFO  The following CP tools were called by MCTruthCommonPreJetKernelNo15 for the whole train:
2026-02-12 14:46:35,024 MCTruthCommonPreJetKernelNo15                        INFO ToolSvc.DFCommonTruthPhotonIsolationTool3
2026-02-12 14:46:35,024 MCTruthCommonPreJetKernelNo15                        INFO ============================================================================
2026-02-12 14:46:35,025 MCTruthCommonPreJetKernelNo16                        INFO ============================================================================
2026-02-12 14:46:35,025 MCTruthCommonPreJetKernelNo16                        INFO  The following CP tools were called by MCTruthCommonPreJetKernelNo16 for the whole train:
2026-02-12 14:46:35,025 MCTruthCommonPreJetKernelNo16                        INFO ToolSvc.DFCommonTruthForwardProtonTool
2026-02-12 14:46:35,025 MCTruthCommonPreJetKernelNo16                        INFO ============================================================================
2026-02-12 14:46:35,025 MCTruthCommonPreJetKernelNo17                        INFO ============================================================================
2026-02-12 14:46:35,025 MCTruthCommonPreJetKernelNo17                        INFO  The following CP tools were called by MCTruthCommonPreJetKernelNo17 for the whole train:
2026-02-12 14:46:35,025 MCTruthCommonPreJetKernelNo17                        INFO ToolSvc.DFCommonTruthElectronDressingTool
2026-02-12 14:46:35,025 MCTruthCommonPreJetKernelNo17                        INFO ============================================================================
2026-02-12 14:46:35,025 MCTruthCommonPreJetKernelNo18                        INFO ============================================================================
2026-02-12 14:46:35,025 MCTruthCommonPreJetKernelNo18                        INFO  The following CP tools were called by MCTruthCommonPreJetKernelNo18 for the whole train:
2026-02-12 14:46:35,025 MCTruthCommonPreJetKernelNo18                        INFO ToolSvc.DFCommonTruthMuonDressingTool
2026-02-12 14:46:35,025 MCTruthCommonPreJetKernelNo18                        INFO ============================================================================
2026-02-12 14:46:35,026 TauTruthCommonKernel2                                INFO ============================================================================
2026-02-12 14:46:35,026 TauTruthCommonKernel2                                INFO  The following CP tools were called by TauTruthCommonKernel2 for the whole train:
2026-02-12 14:46:35,026 TauTruthCommonKernel2                                INFO ToolSvc.DFCommonTauJetsTruthMatchingWrapper
2026-02-12 14:46:35,026 TauTruthCommonKernel2                                INFO ============================================================================
2026-02-12 14:46:35,026 MCTruthCommonPostJetKernelNo1                        INFO ============================================================================
2026-02-12 14:46:35,027 MCTruthCommonPostJetKernelNo1                        INFO  The following CP tools were called by MCTruthCommonPostJetKernelNo1 for the whole train:
2026-02-12 14:46:35,027 MCTruthCommonPostJetKernelNo1                        INFO ToolSvc.DFCommonTruthTauDressingTool
2026-02-12 14:46:35,027 MCTruthCommonPostJetKernelNo1                        INFO ============================================================================
2026-02-12 14:46:35,027 MCTruthCommonPostJetKernelNo2                        INFO ============================================================================
2026-02-12 14:46:35,027 MCTruthCommonPostJetKernelNo2                        INFO  The following CP tools were called by MCTruthCommonPostJetKernelNo2 for the whole train:
2026-02-12 14:46:35,027 MCTruthCommonPostJetKernelNo2                        INFO ToolSvc.DFCommonTruthGenFilt
2026-02-12 14:46:35,027 MCTruthCommonPostJetKernelNo2                        INFO ============================================================================
2026-02-12 14:46:35,027 MCTruthCommonPostJetKernelNo3                        INFO ============================================================================
2026-02-12 14:46:35,027 MCTruthCommonPostJetKernelNo3                        INFO  The following CP tools were called by MCTruthCommonPostJetKernelNo3 for the whole train:
2026-02-12 14:46:35,027 MCTruthCommonPostJetKernelNo3                        INFO ToolSvc.DFCommonTruthDressedWZQGLabelTool
2026-02-12 14:46:35,027 MCTruthCommonPostJetKernelNo3                        INFO ============================================================================
2026-02-12 14:46:35,027 MCTruthNavigationDecoratorKernel                     INFO ============================================================================
2026-02-12 14:46:35,027 MCTruthNavigationDecoratorKernel                     INFO  The following CP tools were called by MCTruthNavigationDecoratorKernel for the whole train:
2026-02-12 14:46:35,027 MCTruthNavigationDecoratorKernel                     INFO ToolSvc.DFCommonTruthNavigationDecorator
2026-02-12 14:46:35,027 MCTruthNavigationDecoratorKernel                     INFO ============================================================================
2026-02-12 14:46:35,027 MCTruthCommonBosonsAndDecaysKernel                   INFO ============================================================================
2026-02-12 14:46:35,027 MCTruthCommonBosonsAndDecaysKernel                   INFO  The following CP tools were called by MCTruthCommonBosonsAndDecaysKernel for the whole train:
2026-02-12 14:46:35,027 MCTruthCommonBosonsAndDecaysKernel                   INFO ToolSvc.DFCommonBosonsAndDecaysTool
2026-02-12 14:46:35,027 MCTruthCommonBosonsAndDecaysKernel                   INFO ============================================================================
2026-02-12 14:46:35,027 MCTruthCommonBSMAndDecaysKernel                      INFO ============================================================================
2026-02-12 14:46:35,028 MCTruthCommonBSMAndDecaysKernel                      INFO  The following CP tools were called by MCTruthCommonBSMAndDecaysKernel for the whole train:
2026-02-12 14:46:35,028 MCTruthCommonBSMAndDecaysKernel                      INFO ToolSvc.DFCommonBSMAndDecaysTool
2026-02-12 14:46:35,028 MCTruthCommonBSMAndDecaysKernel                      INFO ============================================================================
2026-02-12 14:46:35,028 MCTruthCommonBornLeptonsKernel                       INFO ============================================================================
2026-02-12 14:46:35,028 MCTruthCommonBornLeptonsKernel                       INFO  The following CP tools were called by MCTruthCommonBornLeptonsKernel for the whole train:
2026-02-12 14:46:35,028 MCTruthCommonBornLeptonsKernel                       INFO ToolSvc.DFCommonBornLeptonCollTool
2026-02-12 14:46:35,028 MCTruthCommonBornLeptonsKernel                       INFO ============================================================================
2026-02-12 14:46:35,028 MiniCollectionTruthLinkKernelNo1                     INFO ============================================================================
2026-02-12 14:46:35,028 MiniCollectionTruthLinkKernelNo1                     INFO  The following CP tools were called by MiniCollectionTruthLinkKernelNo1 for the whole train:
2026-02-12 14:46:35,028 MiniCollectionTruthLinkKernelNo1                     INFO ToolSvc.ElMiniCollectionTruthLinkTool
2026-02-12 14:46:35,028 MiniCollectionTruthLinkKernelNo1                     INFO ============================================================================
2026-02-12 14:46:35,028 MiniCollectionTruthLinkKernelNo2                     INFO ============================================================================
2026-02-12 14:46:35,028 MiniCollectionTruthLinkKernelNo2                     INFO  The following CP tools were called by MiniCollectionTruthLinkKernelNo2 for the whole train:
2026-02-12 14:46:35,028 MiniCollectionTruthLinkKernelNo2                     INFO ToolSvc.PhMiniCollectionTruthLinkTool
2026-02-12 14:46:35,028 MiniCollectionTruthLinkKernelNo2                     INFO ============================================================================
2026-02-12 14:46:35,028 MiniCollectionTruthLinkKernelNo3                     INFO ============================================================================
2026-02-12 14:46:35,028 MiniCollectionTruthLinkKernelNo3                     INFO  The following CP tools were called by MiniCollectionTruthLinkKernelNo3 for the whole train:
2026-02-12 14:46:35,028 MiniCollectionTruthLinkKernelNo3                     INFO ToolSvc.MuMiniCollectionTruthLinkTool
2026-02-12 14:46:35,028 MiniCollectionTruthLinkKernelNo3                     INFO ============================================================================
2026-02-12 14:46:35,028 MCTruthCommonTruthPVCollKernel                       INFO ============================================================================
2026-02-12 14:46:35,028 MCTruthCommonTruthPVCollKernel                       INFO  The following CP tools were called by MCTruthCommonTruthPVCollKernel for the whole train:
2026-02-12 14:46:35,029 MCTruthCommonTruthPVCollKernel                       INFO ToolSvc.DFCommonTruthPVCollTool
2026-02-12 14:46:35,029 MCTruthCommonTruthPVCollKernel                       INFO ============================================================================
2026-02-12 14:46:35,029 DFCommonHSDecorator                                  INFO ============================================================================
2026-02-12 14:46:35,029 DFCommonHSDecorator                                  INFO  The following CP tools were called by DFCommonHSDecorator for the whole train:
2026-02-12 14:46:35,029 DFCommonHSDecorator                                  INFO ToolSvc.HardScatterDecorTool
2026-02-12 14:46:35,029 DFCommonHSDecorator                                  INFO ============================================================================
2026-02-12 14:46:35,029 InDetCommonKernelDFCommonTrackSelection              INFO ============================================================================
2026-02-12 14:46:35,029 InDetCommonKernelDFCommonTrackSelection              INFO  The following CP tools were called by InDetCommonKernelDFCommonTrackSelection for the whole train:
2026-02-12 14:46:35,029 InDetCommonKernelDFCommonTrackSelection              INFO ToolSvc.DFCommonTrackSelection
2026-02-12 14:46:35,029 InDetCommonKernelDFCommonTrackSelection              INFO ============================================================================
2026-02-12 14:46:35,029 InDetCommonKernelDFCommonZ0AtPV                      INFO ============================================================================
2026-02-12 14:46:35,029 InDetCommonKernelDFCommonZ0AtPV                      INFO  The following CP tools were called by InDetCommonKernelDFCommonZ0AtPV for the whole train:
2026-02-12 14:46:35,029 InDetCommonKernelDFCommonZ0AtPV                      INFO ToolSvc.DFCommonZ0AtPV
2026-02-12 14:46:35,029 InDetCommonKernelDFCommonZ0AtPV                      INFO ============================================================================
2026-02-12 14:46:35,029 InDetCommonKernelDFCommonUsedInFitDecorator          INFO ============================================================================
2026-02-12 14:46:35,029 InDetCommonKernelDFCommonUsedInFitDecorator          INFO  The following CP tools were called by InDetCommonKernelDFCommonUsedInFitDecorator for the whole train:
2026-02-12 14:46:35,029 InDetCommonKernelDFCommonUsedInFitDecorator          INFO ToolSvc.DFCommonUsedInFitDecorator
2026-02-12 14:46:35,029 InDetCommonKernelDFCommonUsedInFitDecorator          INFO ============================================================================
2026-02-12 14:46:35,030 DFCommonMuonsKernel                                  INFO ============================================================================
2026-02-12 14:46:35,030 DFCommonMuonsKernel                                  INFO  The following CP tools were called by DFCommonMuonsKernel for the whole train:
2026-02-12 14:46:35,030 DFCommonMuonsKernel                                  INFO ToolSvc.DFCommonMuonToolWrapperIDCuts
2026-02-12 14:46:35,030 DFCommonMuonsKernel                                  INFO ToolSvc.DFCommonMuonToolWrapperPreselection
2026-02-12 14:46:35,030 DFCommonMuonsKernel                                  INFO ============================================================================
2026-02-12 14:46:35,030 IsolationBuilderNonpro...All_MaxWeightLooseCone500   INFO Finalizing IsolationBuilderNonprompt_All_MaxWeightLooseCone500...
2026-02-12 14:46:35,030 IsolationBuilderNonprompt_All_MaxWeight500           INFO Finalizing IsolationBuilderNonprompt_All_MaxWeight500...
2026-02-12 14:46:35,030 IsolationBuilderNonpro...ll_MaxWeightLooseCone1000   INFO Finalizing IsolationBuilderNonprompt_All_MaxWeightLooseCone1000...
2026-02-12 14:46:35,030 IsolationBuilderNonprompt_All_MaxWeight1000          INFO Finalizing IsolationBuilderNonprompt_All_MaxWeight1000...
2026-02-12 14:46:35,030 EGammaCommonKernel                                   INFO ============================================================================
2026-02-12 14:46:35,030 EGammaCommonKernel                                   INFO  The following CP tools were called by EGammaCommonKernel for the whole train:
2026-02-12 14:46:35,030 EGammaCommonKernel                                   INFO ToolSvc.DFCommonPhotonsDirection
2026-02-12 14:46:35,030 EGammaCommonKernel                                   INFO ToolSvc.ElectronPassLHVeryLoose
2026-02-12 14:46:35,030 EGammaCommonKernel                                   INFO ToolSvc.ElectronPassLHLoose
2026-02-12 14:46:35,030 EGammaCommonKernel                                   INFO ToolSvc.ElectronPassLHLooseBL
2026-02-12 14:46:35,031 EGammaCommonKernel                                   INFO ToolSvc.ElectronPassLHMedium
2026-02-12 14:46:35,031 EGammaCommonKernel                                   INFO ToolSvc.ElectronPassLHTight
2026-02-12 14:46:35,031 EGammaCommonKernel                                   INFO ToolSvc.ElectronPassDNNLoose
2026-02-12 14:46:35,031 EGammaCommonKernel                                   INFO ToolSvc.ElectronPassDNNMedium
2026-02-12 14:46:35,031 EGammaCommonKernel                                   INFO ToolSvc.ElectronPassDNNTight
2026-02-12 14:46:35,031 EGammaCommonKernel                                   INFO ToolSvc.ElectronPassDNNVeryLooseNoCF97
2026-02-12 14:46:35,031 EGammaCommonKernel                                   INFO ToolSvc.ElectronPassDNNLooseNoCF
2026-02-12 14:46:35,031 EGammaCommonKernel                                   INFO ToolSvc.ElectronPassDNNMediumNoCF
2026-02-12 14:46:35,031 EGammaCommonKernel                                   INFO ToolSvc.ElectronPassDNNTightNoCF
2026-02-12 14:46:35,031 EGammaCommonKernel                                   INFO ToolSvc.PhotonPassIsEMLoose
2026-02-12 14:46:35,031 EGammaCommonKernel                                   INFO ToolSvc.PhotonPassIsEMMedium
2026-02-12 14:46:35,031 EGammaCommonKernel                                   INFO ToolSvc.PhotonPassIsEMTight
2026-02-12 14:46:35,031 EGammaCommonKernel                                   INFO ToolSvc.PhotonPassCleaning
2026-02-12 14:46:35,031 EGammaCommonKernel                                   INFO ToolSvc.ElectronAdditionnalAmbiguity
2026-02-12 14:46:35,031 EGammaCommonKernel                                   INFO ToolSvc.ElectronPassECIDS
2026-02-12 14:46:35,031 EGammaCommonKernel                                   INFO ToolSvc.ForwardElectronPassLHLoose
2026-02-12 14:46:35,031 EGammaCommonKernel                                   INFO ToolSvc.ForwardElectronPassLHMedium
2026-02-12 14:46:35,031 EGammaCommonKernel                                   INFO ToolSvc.ForwardElectronPassLHTight
2026-02-12 14:46:35,031 EGammaCommonKernel                                   INFO ToolSvc.DerivationFramework::EGammaClusterCoreCellRecovery
2026-02-12 14:46:35,031 EGammaCommonKernel                                   INFO ToolSvc.BkgElectronClassificationTool
2026-02-12 14:46:35,031 EGammaCommonKernel                                   INFO ToolSvc.TruthEgetIsolationTool
2026-02-12 14:46:35,031 EGammaCommonKernel                                   INFO ToolSvc.TruthEgptIsolationTool
2026-02-12 14:46:35,031 EGammaCommonKernel                                   INFO ============================================================================
2026-02-12 14:46:35,032 PFlowIsolationBuilder                                INFO Finalizing PFlowIsolationBuilder...
2026-02-12 14:46:35,033 BadBatmanAugmentation                                INFO ============================================================================
2026-02-12 14:46:35,033 BadBatmanAugmentation                                INFO  The following CP tools were called by BadBatmanAugmentation for the whole train:
2026-02-12 14:46:35,033 BadBatmanAugmentation                                INFO ToolSvc.BadBatmanAugmentationTool
2026-02-12 14:46:35,033 BadBatmanAugmentation                                INFO ============================================================================
2026-02-12 14:46:35,033 DistanceInTrainAugmentation                          INFO ============================================================================
2026-02-12 14:46:35,033 DistanceInTrainAugmentation                          INFO  The following CP tools were called by DistanceInTrainAugmentation for the whole train:
2026-02-12 14:46:35,033 DistanceInTrainAugmentation                          INFO ToolSvc.DistanceInTrainAugmentationTool
2026-02-12 14:46:35,033 DistanceInTrainAugmentation                          INFO ============================================================================
2026-02-12 14:46:35,033 TauJets_TauIDDecorKernel                             INFO ============================================================================
2026-02-12 14:46:35,033 TauJets_TauIDDecorKernel                             INFO  The following CP tools were called by TauJets_TauIDDecorKernel for the whole train:
2026-02-12 14:46:35,033 TauJets_TauIDDecorKernel                             INFO ToolSvc.TauJets_TauIDDecoratorWrapper
2026-02-12 14:46:35,033 TauJets_TauIDDecorKernel                             INFO ============================================================================
2026-02-12 14:46:35,033 TauRNNLooseAugmentationKernel                        INFO ============================================================================
2026-02-12 14:46:35,034 TauRNNLooseAugmentationKernel                        INFO  The following CP tools were called by TauRNNLooseAugmentationKernel for the whole train:
2026-02-12 14:46:35,034 TauRNNLooseAugmentationKernel                        INFO ToolSvc.TauRNNLooseWrapper
2026-02-12 14:46:35,034 TauRNNLooseAugmentationKernel                        INFO ============================================================================
2026-02-12 14:46:35,034 DFCommonMuonsKernel2                                 INFO ============================================================================
2026-02-12 14:46:35,034 DFCommonMuonsKernel2                                 INFO  The following CP tools were called by DFCommonMuonsKernel2 for the whole train:
2026-02-12 14:46:35,034 DFCommonMuonsKernel2                                 INFO ToolSvc.MuonJetDrTool
2026-02-12 14:46:35,034 DFCommonMuonsKernel2                                 INFO ============================================================================
2026-02-12 14:46:35,034 DiTauLowPtBuilder                                    INFO Finalizing DiTauLowPtBuilder...
2026-02-12 14:46:35,034 TauJets_MuonRM_TauIDDecorKernel                      INFO ============================================================================
2026-02-12 14:46:35,034 TauJets_MuonRM_TauIDDecorKernel                      INFO  The following CP tools were called by TauJets_MuonRM_TauIDDecorKernel for the whole train:
2026-02-12 14:46:35,035 TauJets_MuonRM_TauIDDecorKernel                      INFO ToolSvc.TauJets_MuonRM_TauIDDecoratorWrapper
2026-02-12 14:46:35,035 TauJets_MuonRM_TauIDDecorKernel                      INFO ============================================================================
2026-02-12 14:46:35,035 DiTauIDDecorKernel                                   INFO ============================================================================
2026-02-12 14:46:35,035 DiTauIDDecorKernel                                   INFO  The following CP tools were called by DiTauIDDecorKernel for the whole train:
2026-02-12 14:46:35,035 DiTauIDDecorKernel                                   INFO ToolSvc.DiTauIDDecoratorWrapper
2026-02-12 14:46:35,035 DiTauIDDecorKernel                                   INFO ============================================================================
2026-02-12 14:46:35,035 DiTauJets_DiTauIDDecorKernel                         INFO ============================================================================
2026-02-12 14:46:35,035 DiTauJets_DiTauIDDecorKernel                         INFO  The following CP tools were called by DiTauJets_DiTauIDDecorKernel for the whole train:
2026-02-12 14:46:35,035 DiTauJets_DiTauIDDecorKernel                         INFO ToolSvc.DiTauJets_DiTauChargeDecorator
2026-02-12 14:46:35,035 DiTauJets_DiTauIDDecorKernel                         INFO ============================================================================
2026-02-12 14:46:35,035 DiTauJetsLowPt_DiTauIDDecorKernel                    INFO ============================================================================
2026-02-12 14:46:35,035 DiTauJetsLowPt_DiTauIDDecorKernel                    INFO  The following CP tools were called by DiTauJetsLowPt_DiTauIDDecorKernel for the whole train:
2026-02-12 14:46:35,035 DiTauJetsLowPt_DiTauIDDecorKernel                    INFO ToolSvc.DiTauJetsLowPt_DiTauChargeDecorator
2026-02-12 14:46:35,035 DiTauJetsLowPt_DiTauIDDecorKernel                    INFO ============================================================================
2026-02-12 14:46:35,036 PHYSKernel                                           INFO ============================================================================
2026-02-12 14:46:35,036 PHYSKernel                                           INFO || SUMMARY OF THE DERIVATION FRAMEWORK KERNEL WITH NAME PHYSKernel || 
2026-02-12 14:46:35,036 PHYSKernel                                           INFO ============================================================================
2026-02-12 14:46:35,036 PHYSKernel                                           INFO ============================================================================
2026-02-12 14:46:35,036 PHYSKernel                                           INFO Events analyzed: 5
2026-02-12 14:46:35,036 PHYSKernel                                           INFO Events accepted: 5
2026-02-12 14:46:35,037 PHYSKernel                                           INFO ============================================================================
2026-02-12 14:46:35,037 FourLeptonVertexAlg                                  INFO Proccessed in total 5 events. Lepton multiplicities observed:
2026-02-12 14:46:35,037 FourLeptonVertexAlg                                  INFO     ---- Events with 0 leptons: 3 (elec/muon) 4/4 (60%)
2026-02-12 14:46:35,037 FourLeptonVertexAlg                                  INFO     ---- Events with 1 leptons: 2 (elec/muon) 1/1 (40%)
2026-02-12 14:46:35,037 FourLeptonVertexAlg                                  INFO     ---- Events with 2 leptons: 0 (elec/muon) 0/0 (0%)
2026-02-12 14:46:35,037 FourLeptonVertexAlg                                  INFO     ---- Events with 3 leptons: 0 (elec/muon) 0/0 (0%)
2026-02-12 14:46:35,037 FourLeptonVertexAlg                                  INFO     ---- Events with 4 leptons: 0 (elec/muon) 0/0 (0%)
2026-02-12 14:46:35,037 FourLeptonVertexAlg                                  INFO     ---- Events with 5 leptons: 0 (elec/muon) 0/0 (0%)
2026-02-12 14:46:35,037 FourLeptonVertexAlg                                  INFO     ---- Events with 6 leptons: 0 (elec/muon) 0/0 (0%)
2026-02-12 14:46:35,037 FourLeptonVertexAlg                                  INFO     ---- Events with 7 leptons: 0 (elec/muon) 0/0 (0%)
2026-02-12 14:46:35,037 FourLeptonVertexAlg                                  INFO ---> Attempted fits 0 out of which 0 (0%) succeeded.
2026-02-12 14:46:35,037 HFClassificationCommonKernel                         INFO ============================================================================
2026-02-12 14:46:35,037 HFClassificationCommonKernel                         INFO  The following CP tools were called by HFClassificationCommonKernel for the whole train:
2026-02-12 14:46:35,037 HFClassificationCommonKernel                         INFO ToolSvc.DFCommonClassifyAndCalculateHFAugmentation
2026-02-12 14:46:35,037 HFClassificationCommonKernel                         INFO ============================================================================
2026-02-12 14:46:35,037 MCTruthCommonTausAndDecaysKernel                     INFO ============================================================================
2026-02-12 14:46:35,037 MCTruthCommonTausAndDecaysKernel                     INFO  The following CP tools were called by MCTruthCommonTausAndDecaysKernel for the whole train:
2026-02-12 14:46:35,037 MCTruthCommonTausAndDecaysKernel                     INFO ToolSvc.DFCommonTausAndDecaysTool
2026-02-12 14:46:35,038 MCTruthCommonTausAndDecaysKernel                     INFO ============================================================================
2026-02-12 14:46:35,038 AllExecutedEventsCounterAlg                          INFO accepted 5 out of 5 events for filter AllExecutedEvents (Number of processed events before any cut)
2026-02-12 14:46:35,038 DecisionSvc                                          INFO Finalized successfully.
2026-02-12 14:46:35,038 AthDictLoaderSvc                                     INFO in finalize...
2026-02-12 14:46:35,602 Domain[ROOT_All]                                     INFO >   Deaccess DbDomain     READ      [ROOT_All]
2026-02-12 14:46:35,602 AthenaPoolSharedIOCnvSvc                             INFO PerfStats ----------------------------------------
2026-02-12 14:46:35,603 AthenaPoolSharedIOCnvSvc                             INFO PerfStats Timing Measurements for AthenaPoolCnvSvc
2026-02-12 14:46:35,603 AthenaPoolSharedIOCnvSvc                             INFO PerfStats ----------------------------------------
2026-02-12 14:46:35,603 AthenaPoolSharedIOCnvSvc                             INFO PerfStats | cObjR_ALL       |           13919 ms |
2026-02-12 14:46:35,603 AthenaPoolSharedIOCnvSvc                             INFO PerfStats | fRep_ALL        |             435 ms |
2026-02-12 14:46:35,603 AthenaPoolSharedIOCnvSvc                             INFO PerfStats | cObj_ALL        |           15263 ms |
2026-02-12 14:46:35,603 AthenaPoolSharedIOCnvSvc                             INFO PerfStats | cRep_ALL        |              50 ms |
2026-02-12 14:46:35,603 AthenaPoolSharedIOCnvSvc                             INFO PerfStats ----------------------------------------
2026-02-12 14:46:35,603 Domain[ROOT_All]                                     INFO >   Deaccess DbDomain     READ      [ROOT_All]
2026-02-12 14:46:35,610 IOVDbFolder                                          INFO Folder /Digitization/Parameters (AttrList) db-read 0/1 objs/chan/bytes 1/0/0 ((     0.00 ))s
2026-02-12 14:46:35,610 IOVDbFolder                                          INFO Folder /EXT/DCS/MAGNETS/SENSORDATA (AttrListColl) db-read 1/1 objs/chan/bytes 4/4/20 ((     0.03 ))s
2026-02-12 14:46:35,610 IOVDbFolder                                          INFO Folder /GLOBAL/BField/Maps (AttrListColl) db-read 1/1 objs/chan/bytes 3/3/202 ((     0.03 ))s
2026-02-12 14:46:35,610 IOVDbFolder                                          INFO Folder /GLOBAL/TrackingGeo/LayerMaterialV2 (PoolRef) db-read 1/1 objs/chan/bytes 1/1/231 ((     0.01 ))s
2026-02-12 14:46:35,610 IOVDbFolder                                          INFO Folder /Indet/Align (PoolRefColl) db-read 1/1 objs/chan/bytes 43/43/7009 ((     0.03 ))s
2026-02-12 14:46:35,610 IOVDbFolder                                          INFO Folder /Indet/Beampos (AttrList) db-read 1/1 objs/chan/bytes 6/1/456 ((     0.02 ))s
2026-02-12 14:46:35,610 IOVDbFolder                                          INFO Folder /Indet/IBLDist (AttrListColl) db-read 1/1 objs/chan/bytes 14/14/280 ((     0.02 ))s
2026-02-12 14:46:35,610 IOVDbFolder                                          INFO Folder /LAR/Align (PoolRef) db-read 1/1 objs/chan/bytes 1/1/170 ((     0.04 ))s
2026-02-12 14:46:35,610 IOVDbFolder                                          INFO Folder /MDT/MM/PASSIVATION (AttrListColl) db-read 1/1 objs/chan/bytes 1/1/680679 ((     0.03 ))s
2026-02-12 14:46:35,610 IOVDbFolder                                          INFO Folder /TRT/Align (PoolRefColl) db-read 1/1 objs/chan/bytes 32/32/5120 ((     0.03 ))s
2026-02-12 14:46:35,610 IOVDbFolder                                          INFO Folder /TRT/Calib/DX (PoolRef) db-read 1/1 objs/chan/bytes 1/1/183 ((     0.02 ))s
2026-02-12 14:46:35,611 IOVDbFolder                                          INFO Folder /TagInfo (AttrListColl) db-read 0/1 objs/chan/bytes 1/0/0 ((     0.00 ))s
2026-02-12 14:46:35,611 IOVDbFolder                                          INFO Folder /LAR/LArCellPositionShift (PoolRef) db-read 1/1 objs/chan/bytes 1/1/195 ((     0.01 ))s
2026-02-12 14:46:35,611 IOVDbSvc                                             INFO Total payload read from IOVDb: 694545 bytes in ((      0.27 ))s
2026-02-12 14:46:35,611 IOVDbSvc                                             INFO Connection sqlite://;schema=mycool.db;dbname=OFLP200 : nConnect: 0 nFolders: 0 ReadTime: ((     0.00 ))s
2026-02-12 14:46:35,611 IOVDbSvc                                             INFO Connection COOLOFL_LAR/OFLP200 : nConnect: 2 nFolders: 2 ReadTime: ((     0.05 ))s
2026-02-12 14:46:35,611 IOVDbSvc                                             INFO Connection COOLOFL_GLOBAL/OFLP200 : nConnect: 2 nFolders: 2 ReadTime: ((     0.04 ))s
2026-02-12 14:46:35,611 IOVDbSvc                                             INFO Connection COOLOFL_DCS/OFLP200 : nConnect: 2 nFolders: 1 ReadTime: ((     0.03 ))s
2026-02-12 14:46:35,611 IOVDbSvc                                             INFO Connection COOLOFL_INDET/OFLP200 : nConnect: 2 nFolders: 3 ReadTime: ((     0.07 ))s
2026-02-12 14:46:35,611 IOVDbSvc                                             INFO Connection COOLOFL_MDT/OFLP200 : nConnect: 2 nFolders: 1 ReadTime: ((     0.03 ))s
2026-02-12 14:46:35,611 IOVDbSvc                                             INFO Connection COOLOFL_TRT/OFLP200 : nConnect: 2 nFolders: 2 ReadTime: ((     0.05 ))s
2026-02-12 14:46:35,611 ToolSvc                                              INFO Removing all tools created by ToolSvc
2026-02-12 14:46:35,612 TruthCategoriesDecorator.HiggsTruthCategoryTool      INFO  ====================================================== 
2026-02-12 14:46:35,612 TruthCategoriesDecorator.HiggsTruthCategoryTool      INFO  ---- FinalizingTruthCategoriesDecorator.HiggsTruthCategoryTool...
2026-02-12 14:46:35,612 TruthCategoriesDecorator.HiggsTruthCategoryTool      INFO  ====================================================== 
2026-02-12 14:46:35,612 TruthCategoriesDecorator.HiggsTruthCategoryTool      INFO  ====================================================== 
2026-02-12 14:46:35,613 TruthCategoriesDecorator.xAODToHepMCTool             INFO ==============================================================
2026-02-12 14:46:35,613 TruthCategoriesDecorator.xAODToHepMCTool             INFO ==========    xAOD -> HepMC Tool :: Run Summary     ==========
2026-02-12 14:46:35,613 TruthCategoriesDecorator.xAODToHepMCTool             INFO ==============================================================
2026-02-12 14:46:35,613 TruthCategoriesDecorator.xAODToHepMCTool             INFO No missing production vertices
2026-02-12 14:46:35,613 TruthCategoriesDecorator.xAODToHepMCTool             INFO No events with undefined beams.
2026-02-12 14:46:35,613 TruthCategoriesDecorator.xAODToHepMCTool             INFO ==============================================================
2026-02-12 14:46:35,613 TruthCategoriesDecorator.xAODToHepMCTool             INFO ===================    End Run Summary     ===================
2026-02-12 14:46:35,613 TruthCategoriesDecorator.xAODToHepMCTool             INFO ==============================================================
2026-02-12 14:46:35,613 ToolSvc.PHYSDiTauLowPtTPThinningTool                 INFO Processed 652 tracks, 10 were retained 
2026-02-12 14:46:35,613 ToolSvc.PHYSDiTauLowPtThinningTool                   INFO Processed 7 objects, 1 were retained 
2026-02-12 14:46:35,613 ToolSvc.PHYSDiTauTPThinningTool                      INFO Processed 652 tracks, 0 were retained 
2026-02-12 14:46:35,613 ToolSvc.PHYSDiTauThinningTool                        INFO Processed 0 objects, 0 were retained 
2026-02-12 14:46:35,613 ToolSvc.PHYSTauJets_MuonRMThinningTool               INFO Processed 1 taus, 1 were kept
2026-02-12 14:46:35,613 ToolSvc.PHYSTauJetThinningTool                       INFO Processed 35 taus, 21 were kept
2026-02-12 14:46:35,614 ToolSvc.PHYSMuonTPThinningTool                       INFO Processed 652 tracks, 1 were retained 
2026-02-12 14:46:35,614 ToolSvc.PHYSTrackParticleThinningTool                INFO Processed 652 tracks, 23 were retained 
2026-02-12 14:46:35,614 ToolSvc.TrigDecisionTool                             INFO Finalized
2026-02-12 14:46:35,614 JetTagVertexDecoratorAlgAntiKt10UFO...JFVarFactory   INFO  Finalization of JetFitterVariablesFactory successful
2026-02-12 14:46:35,614 JetTagVertexDecoratorAlgAntiKt10...Analysis::SVTag   INFO #BTAG# Number of jets used for calibration for reference ALL : #b= 0 #light= 0 #charm= 0
2026-02-12 14:46:35,614 InDetVKalVxInJetTool                                 INFO Time User   : Tot=   50 [ms] Ave/Min/Max=   0.581(+-    2.34)/       0/      10 [ms] #= 86
2026-02-12 14:46:35,614 InDetVKalVxInJetTool                                 INFO Time User   : Tot=   50 [ms] Ave/Min/Max=   0.581(+-    2.34)/       0/      10 [ms] #= 86
2026-02-12 14:46:35,615 JetTagVertexDecoratorAlgAntiKt4EMPF...JFVarFactory   INFO  Finalization of JetFitterVariablesFactory successful
2026-02-12 14:46:35,615 JetTagVertexDecoratorAlgAntiKt4E...Analysis::SVTag   INFO #BTAG# Number of jets used for calibration for reference ALL : #b= 0 #light= 0 #charm= 0
2026-02-12 14:46:35,615 InDetVKalVxInJetTool                                 INFO Time User   : Tot=   50 [ms] Ave/Min/Max=   0.581(+-    2.34)/       0/      10 [ms] #= 86
2026-02-12 14:46:35,615 InDetVKalVxInJetTool                                 INFO Time User   : Tot=   50 [ms] Ave/Min/Max=   0.581(+-    2.34)/       0/      10 [ms] #= 86
2026-02-12 14:46:35,621 ToolSvc.DFCommonTruthForwardProtonTool               INFO Processed 7889 truth particles, 0 were retained 
2026-02-12 14:46:35,621 ToolSvc.DFCommonTruthBSMTool                         INFO Processed 7889 truth particles, 0 were retained 
2026-02-12 14:46:35,621 ToolSvc.DFCommonTruthBosonTool                       INFO Processed 7889 truth particles, 20 were retained 
2026-02-12 14:46:35,621 ToolSvc.DFCommonTruthTopTool                         INFO Processed 7889 truth particles, 20 were retained 
2026-02-12 14:46:35,621 ToolSvc.DFCommonTruthBottomTool                      INFO Processed 7889 truth particles, 20 were retained 
2026-02-12 14:46:35,622 ToolSvc.DFCommonTruthNeutrinoTool                    INFO Processed 7889 truth particles, 3 were retained 
2026-02-12 14:46:35,622 ToolSvc.DFCommonTruthPhotonToolSim                   INFO Processed 7889 truth particles, 26 were retained 
2026-02-12 14:46:35,622 ToolSvc.DFCommonTruthElectronTool                    INFO Processed 7889 truth particles, 18 were retained 
2026-02-12 14:46:35,622 ToolSvc.DFCommonTruthMuonTool                        INFO Processed 7889 truth particles, 1 were retained 
2026-02-12 14:46:35,622 ToolSvc.PhysCommonTruthCharmTool                     INFO Processed 7889 truth particles, 17 were retained 
2026-02-12 14:46:35,622 ToolSvc.DFCommonTruthClassificationTool              INFO Processed and decorated 7889 truth particles
2026-02-12 14:46:35,622 AthenaPoolSharedIOCnvSvc.OutputStreamingTool         INFO in finalize()
2026-02-12 14:46:35,633 InDet_TrkInJetType                                   INFO Time User   : Tot=   30 [ms] Ave/Min/Max=  0.0817(+-     0.9)/       0/      10 [ms] #=367
2026-02-12 14:46:35,633 InDet_TrkInJetType                                   INFO Time User   : Tot=   30 [ms] Ave/Min/Max=  0.0817(+-     0.9)/       0/      10 [ms] #=367
2026-02-12 14:46:35,634 InDet_TrkInJetType                                   INFO Time User   : Tot=   30 [ms] Ave/Min/Max=  0.0817(+-     0.9)/       0/      10 [ms] #=367
2026-02-12 14:46:35,634 InDet_TrkInJetType                                   INFO Time User   : Tot=   30 [ms] Ave/Min/Max=  0.0817(+-     0.9)/       0/      10 [ms] #=367
2026-02-12 14:46:35,635 ToolSvc.DiTauIDDeco...DiTauRec_OnnxScoreCalculator   INFO Finalizing DiTauOnnxDiscriminantTool
2026-02-12 14:46:35,648 AtlasTrackingGeometryCond...MuonStationTypeBuilder   INFO  finalize() successful
2026-02-12 14:46:35,650 METAssociat...MET_AssociationTool_AntiKt4EMPFlowHR   INFO Finalizing METAssociation_AntiKt4EMPFlowHR.MET_AssociationTool_AntiKt4EMPFlowHR...
2026-02-12 14:46:35,651 METAssociatio...MET_AssociationTool_AntiKt4EMPFlow   INFO Finalizing METAssociation_AntiKt4EMPFlow.MET_AssociationTool_AntiKt4EMPFlow...
2026-02-12 14:46:35,651 METAssociation...MET_AssociationTool_AntiKt4EMTopo   INFO Finalizing METAssociation_AntiKt4EMTopo.MET_AssociationTool_AntiKt4EMTopo...
2026-02-12 14:46:35,651 METRecoAlg_Truth.MET_RegionTool_Truth                INFO Finalizing METRecoAlg_Truth.MET_RegionTool_Truth...
2026-02-12 14:46:35,651 METRecoAlg_Truth.MET_RecoTool_Truth                  INFO Finalizing METRecoAlg_Truth.MET_RecoTool_Truth...
2026-02-12 14:46:35,652 METRecoAlg_Truth.MET_R...MET_IntMuonsRegions_Truth   INFO Finalizing METRecoAlg_Truth.MET_RegionTool_Truth.MET_IntMuonsRegions_Truth...
2026-02-12 14:46:35,652 METRecoAlg_Truth.MET_Reg...MET_IntOutRegions_Truth   INFO Finalizing METRecoAlg_Truth.MET_RegionTool_Truth.MET_IntOutRegions_Truth...
2026-02-12 14:46:35,652 METRecoAlg_Truth.MET_Region...MET_IntRegions_Truth   INFO Finalizing METRecoAlg_Truth.MET_RegionTool_Truth.MET_IntRegions_Truth...
2026-02-12 14:46:35,652 METRecoAlg_Truth.MET_Reg...MET_NonIntRegions_Truth   INFO Finalizing METRecoAlg_Truth.MET_RegionTool_Truth.MET_NonIntRegions_Truth...

The MCnet usage guidelines apply to Rivet: see http://www.montecarlonet.org/GUIDELINES
Please acknowledge Rivet in results made using it, and cite https://arxiv.org/abs/2404.15984 and https://arxiv.org/abs/2312.15070
2026-02-12 14:46:35,742 PerfMonMTSvc                                         INFO Finalizing PerfMonMTSvc
2026-02-12 14:46:35,742 IdDictDetDescrCnv                                    INFO in finalize
2026-02-12 14:46:35,745 *****Chrono*****                                     INFO ****************************************************************************************************
2026-02-12 14:46:35,745 *****Chrono*****                                     INFO  The Final CPU consumption ( Chrono ) Table (ordered)
2026-02-12 14:46:35,745 *****Chrono*****                                     INFO ****************************************************************************************************
2026-02-12 14:46:35,746 ChronoStatSvc                                        INFO Time User   : Tot=-1.37e+06 [us]  #=  1
2026-02-12 14:46:35,746 DiTauJets_DiTauIDDecorKernel                         INFO Time User   : Tot=    0 [us] Ave/Min/Max=       0(+-       0)/       0/       0 [us] #=  5
2026-02-12 14:46:35,746 MCTruthCommonPreJetKernelNo11                        INFO Time User   : Tot=    0 [us] Ave/Min/Max=       0(+-       0)/       0/       0 [us] #=  5
2026-02-12 14:46:35,746 MCTruthCommonPreJetKernelNo12                        INFO Time User   : Tot=    0 [us] Ave/Min/Max=       0(+-       0)/       0/       0 [us] #=  5
2026-02-12 14:46:35,746 MCTruthCommonPreJetKernelNo18                        INFO Time User   : Tot=    0 [us] Ave/Min/Max=       0(+-       0)/       0/       0 [us] #=  5
2026-02-12 14:46:35,746 MCTruthCommonPreJetKernelNo10                        INFO Time User   : Tot=    0 [us] Ave/Min/Max=       0(+-       0)/       0/       0 [us] #=  5
2026-02-12 14:46:35,746 MCTruthCommonPostJetKernelNo3                        INFO Time User   : Tot=    0 [us] Ave/Min/Max=       0(+-       0)/       0/       0 [us] #=  5
2026-02-12 14:46:35,746 MCTruthCommonPreJetKernelNo14                        INFO Time User   : Tot=    0 [us] Ave/Min/Max=       0(+-       0)/       0/       0 [us] #=  5
2026-02-12 14:46:35,746 DiTauJetsLowPt_DiTauIDDecorKernel                    INFO Time User   : Tot=    0 [us] Ave/Min/Max=       0(+-       0)/       0/       0 [us] #=  5
2026-02-12 14:46:35,746 MCTruthCommonPreJetKernelNo15                        INFO Time User   : Tot=    0 [us] Ave/Min/Max=       0(+-       0)/       0/       0 [us] #=  5
2026-02-12 14:46:35,746 MCTruthCommonPostJetKernelNo1                        INFO Time User   : Tot=    0 [us] Ave/Min/Max=       0(+-       0)/       0/       0 [us] #=  5
2026-02-12 14:46:35,746 MCTruthCommonTruthPVCollKernel                       INFO Time User   : Tot=    0 [us] Ave/Min/Max=       0(+-       0)/       0/       0 [us] #=  5
2026-02-12 14:46:35,746 InDetCommonKernelDFCommonZ0AtPV                      INFO Time User   : Tot=    0 [us] Ave/Min/Max=       0(+-       0)/       0/       0 [us] #=  5
2026-02-12 14:46:35,746 MCTruthCommonPreJetKernelNo9                         INFO Time User   : Tot=    0 [us] Ave/Min/Max=       0(+-       0)/       0/       0 [us] #=  5
2026-02-12 14:46:35,746 DFCommonMuonsKernel2                                 INFO Time User   : Tot=    0 [us] Ave/Min/Max=       0(+-       0)/       0/       0 [us] #=  5
2026-02-12 14:46:35,747 MCTruthCommonPreJetKernelNo16                        INFO Time User   : Tot=    0 [us] Ave/Min/Max=       0(+-       0)/       0/       0 [us] #=  5
2026-02-12 14:46:35,747 MCTruthCommonPreJetKernelNo13                        INFO Time User   : Tot=    0 [us] Ave/Min/Max=       0(+-       0)/       0/       0 [us] #=  5
2026-02-12 14:46:35,747 MCTruthCommonTausAndDecaysKernel                     INFO Time User   : Tot=    0 [us] Ave/Min/Max=       0(+-       0)/       0/       0 [us] #=  5
2026-02-12 14:46:35,747 TauRNNLooseAugmentationKernel                        INFO Time User   : Tot=    0 [us] Ave/Min/Max=       0(+-       0)/       0/       0 [us] #=  5
2026-02-12 14:46:35,747 MCTruthCommonPreJetKernelNo1                         INFO Time User   : Tot=    0 [us] Ave/Min/Max=       0(+-       0)/       0/       0 [us] #=  5
2026-02-12 14:46:35,747 BadBatmanAugmentation                                INFO Time User   : Tot=    0 [us] Ave/Min/Max=       0(+-       0)/       0/       0 [us] #=  5
2026-02-12 14:46:35,747 MCTruthCommonPreJetKernelNo4                         INFO Time User   : Tot=    0 [us] Ave/Min/Max=       0(+-       0)/       0/       0 [us] #=  5
2026-02-12 14:46:35,747 MCTruthCommonPreJetKernelNo17                        INFO Time User   : Tot=    0 [us] Ave/Min/Max=       0(+-       0)/       0/       0 [us] #=  5
2026-02-12 14:46:35,747 DistanceInTrainAugmentation                          INFO Time User   : Tot=    0 [us] Ave/Min/Max=       0(+-       0)/       0/       0 [us] #=  5
2026-02-12 14:46:35,747 MCTruthCommonPreJetKernelNo6                         INFO Time User   : Tot=    0 [us] Ave/Min/Max=       0(+-       0)/       0/       0 [us] #=  5
2026-02-12 14:46:35,747 MCTruthCommonPreJetKernelNo7                         INFO Time User   : Tot=    0 [us] Ave/Min/Max=       0(+-       0)/       0/       0 [us] #=  5
2026-02-12 14:46:35,747 MCTruthCommonBornLeptonsKernel                       INFO Time User   : Tot=    0 [us] Ave/Min/Max=       0(+-       0)/       0/       0 [us] #=  5
2026-02-12 14:46:35,747 MCTruthCommonPreJetKernelNo5                         INFO Time User   : Tot=    0 [us] Ave/Min/Max=       0(+-       0)/       0/       0 [us] #=  5
2026-02-12 14:46:35,747 AthenaMP_seek                                        INFO Time User   : Tot=    0 [us] Ave/Min/Max=       0(+-       0)/       0/       0 [us] #=  5
2026-02-12 14:46:35,747 InDetCommonKernelDFCommonUsedInFitDecorator          INFO Time User   : Tot=    0 [us] Ave/Min/Max=       0(+-       0)/       0/       0 [us] #=  5
2026-02-12 14:46:35,747 MCTruthCommonPreJetKernelNo3                         INFO Time User   : Tot=    0 [us] Ave/Min/Max=       0(+-       0)/       0/       0 [us] #=  5
2026-02-12 14:46:35,747 DFCommonTruthMetaDataWriterKernel                    INFO Time User   : Tot=    0 [us] Ave/Min/Max=       0(+-       0)/       0/       0 [us] #=  5
2026-02-12 14:46:35,747 MCTruthCommonBosonsAndDecaysKernel                   INFO Time User   : Tot=    0 [us] Ave/Min/Max=       0(+-       0)/       0/       0 [us] #=  5
2026-02-12 14:46:35,747 MCTruthCommonPostJetKernelNo2                        INFO Time User   : Tot=    0 [us] Ave/Min/Max=       0(+-       0)/       0/       0 [us] #=  5
2026-02-12 14:46:35,747 MCTruthCommonPreJetKernelNo2                         INFO Time User   : Tot=    0 [us] Ave/Min/Max=       0(+-       0)/       0/       0 [us] #=  5
2026-02-12 14:46:35,748 MCTruthCommonBSMAndDecaysKernel                      INFO Time User   : Tot=    0 [us] Ave/Min/Max=       0(+-       0)/       0/       0 [us] #=  5
2026-02-12 14:46:35,748 MCTruthCommonPreJetKernelNo8                         INFO Time User   : Tot=    0 [us] Ave/Min/Max=       0(+-       0)/       0/       0 [us] #=  5
2026-02-12 14:46:35,748 PhysCommonTruthCharmKernel                           INFO Time User   : Tot=    0 [us] Ave/Min/Max=       0(+-       0)/       0/       0 [us] #=  5
2026-02-12 14:46:35,748 DFCommonMuonsKernel                                  INFO Time User   : Tot=    0 [us] Ave/Min/Max=       0(+-       0)/       0/       0 [us] #=  5
2026-02-12 14:46:35,748 MCTruthNavigationDecoratorKernel                     INFO Time User   : Tot=    0 [us] Ave/Min/Max=       0(+-       0)/       0/       0 [us] #=  5
2026-02-12 14:46:35,748 MCTruthCommonHFAndDecaysKernel                       INFO Time User   : Tot=    0 [us] Ave/Min/Max=       0(+-       0)/       0/       0 [us] #=  5
2026-02-12 14:46:35,748 TauJets_MuonRM_TauIDDecorKernel                      INFO Time User   : Tot=    0 [us] Ave/Min/Max=       0(+-       0)/       0/       0 [us] #=  5
2026-02-12 14:46:35,748 DiTauIDDecorKernel                                   INFO Time User   : Tot=   10 [ms] Ave/Min/Max=       2(+-       4)/       0/      10 [ms] #=  5
2026-02-12 14:46:35,748 PHYSKernel                                           INFO Time User   : Tot=   10 [ms] Ave/Min/Max=       2(+-       4)/       0/      10 [ms] #=  5
2026-02-12 14:46:35,748 HFClassificationCommonKernel                         INFO Time User   : Tot=   10 [ms] Ave/Min/Max=       2(+-       4)/       0/      10 [ms] #=  5
2026-02-12 14:46:35,748 MiniCollectionTruthLinkKernelNo2                     INFO Time User   : Tot=   10 [ms] Ave/Min/Max=       2(+-       4)/       0/      10 [ms] #=  5
2026-02-12 14:46:35,748 MiniCollectionTruthLinkKernelNo3                     INFO Time User   : Tot=   20 [ms] Ave/Min/Max=       4(+-     4.9)/       0/      10 [ms] #=  5
2026-02-12 14:46:35,748 InDet_TrkInJetType                                   INFO Time User   : Tot=   30 [ms] Ave/Min/Max=  0.0817(+-     0.9)/       0/      10 [ms] #=367
2026-02-12 14:46:35,748 DFCommonHSDecorator                                  INFO Time User   : Tot=   40 [ms] Ave/Min/Max=       8(+-      16)/       0/      40 [ms] #=  5
2026-02-12 14:46:35,748 InDetVKalVxInJetTool                                 INFO Time User   : Tot=   50 [ms] Ave/Min/Max=   0.581(+-    2.34)/       0/      10 [ms] #= 86
2026-02-12 14:46:35,748 InDetCommonKernelDFCommonTrackSelection              INFO Time User   : Tot=   60 [ms] Ave/Min/Max=      12(+-      24)/       0/      60 [ms] #=  5
2026-02-12 14:46:35,748 TauJets_TauIDDecorKernel                             INFO Time User   : Tot=   80 [ms] Ave/Min/Max=      16(+-    13.6)/       0/      40 [ms] #=  5
2026-02-12 14:46:35,748 MCTruthClassificationKernel                          INFO Time User   : Tot=   70 [ms] Ave/Min/Max=      14(+-    13.6)/       0/      40 [ms] #=  5
2026-02-12 14:46:35,748 EGammaCommonKernel                                   INFO Time User   : Tot=  100 [ms] Ave/Min/Max=      20(+-      20)/      10/      60 [ms] #=  5
2026-02-12 14:46:35,748 MiniCollectionTruthLinkKernelNo1                     INFO Time User   : Tot= 0.63  [s] Ave/Min/Max=   0.126(+-   0.252)/       0/    0.63  [s] #=  5
2026-02-12 14:46:35,748 TauTruthCommonKernel2                                INFO Time User   : Tot= 5.17  [s] Ave/Min/Max=    1.03(+-    2.07)/       0/    5.17  [s] #=  5
2026-02-12 14:46:35,748 AthenaMP_nextEvent                                   INFO Time User   : Tot= 12.2  [s] Ave/Min/Max=    2.44(+-    3.27)/    0.76/    8.97  [s] #=  5
2026-02-12 14:46:35,749 *****Chrono*****                                     INFO ****************************************************************************************************
2026-02-12 14:46:35,749 ChronoStatSvc.finalize()                             INFO  Service finalized successfully 
2026-02-12 14:46:35,749 FPEAuditor                                           INFO FPE summary for this job
2026-02-12 14:46:35,749 FPEAuditor                                           INFO  FPE OVERFLOWs  : 0
2026-02-12 14:46:35,749 FPEAuditor                                           INFO  FPE INVALIDs   : 0
2026-02-12 14:46:35,749 FPEAuditor                                           INFO  FPE DIVBYZEROs : 0
2026-02-12 14:46:35,847 PerfMonMTSvc                                         INFO =======================================================================================
2026-02-12 14:46:35,847 PerfMonMTSvc                                         INFO                                  PerfMonMTSvc Report                                   
2026-02-12 14:46:35,847 PerfMonMTSvc                                         INFO =======================================================================================
2026-02-12 14:46:35,848 PerfMonMTSvc                                         INFO *** Full set of information can also be found in: perfmonmt_Derivation.json
2026-02-12 14:46:35,848 PerfMonMTSvc                                         INFO *** In order to make plots using the results run the following commands:
2026-02-12 14:46:35,848 PerfMonMTSvc                                         INFO *** $ perfmonmt-plotter.py -i perfmonmt_Derivation.json
2026-02-12 14:46:35,848 PerfMonMTSvc                                         INFO *** In order to print tables using the results run the following commands:
2026-02-12 14:46:35,848 PerfMonMTSvc                                         INFO *** $ perfmonmt-printer.py -i perfmonmt_Derivation.json
2026-02-12 14:46:35,848 PerfMonMTSvc                                         INFO =======================================================================================
2026-02-12 14:46:35,848 PerfMonMTSvc                                         INFO =======================================================================================
2026-02-12 14:46:35,848 PerfMonMTSvc                                         INFO                              Component Level Monitoring                                
2026-02-12 14:46:35,848 PerfMonMTSvc                                         INFO =======================================================================================
2026-02-12 14:46:35,848 PerfMonMTSvc                                         INFO Step       Count           CPU Time [ms]             Vmem [kB]                                Malloc [kB]                                             Component                                                                  
2026-02-12 14:46:35,848 PerfMonMTSvc                                         INFO ---------------------------------------------------------------------------------------
2026-02-12 14:46:35,868 PerfMonMTSvc                                         INFO Initialize 1               3017.52                   128152                                   33760                                                   EGammaCommonKernel                                                         
2026-02-12 14:46:35,869 PerfMonMTSvc                                         INFO Initialize 1               591.45                    35596                                    13247                                                   MuonRemovalTauAODReRecoAlg                                                 
2026-02-12 14:46:35,869 PerfMonMTSvc                                         INFO Initialize 1               485.25                    34356                                    74752                                                   AntiKt10UFOCSSKSoftDropBeta100Zcut10Jets                                   
2026-02-12 14:46:35,869 PerfMonMTSvc                                         INFO Initialize 1               433.57                    10972                                    7584                                                    DFCommonMuonsKernel                                                        
2026-02-12 14:46:35,869 PerfMonMTSvc                                         INFO Initialize 1               419.13                    27648                                    73350                                                   jetrecalg_AntiKt10UFOCSSKSoftDropBeta100Zcut10Jets                         
2026-02-12 14:46:35,869 PerfMonMTSvc                                         INFO Initialize 1               416.30                    8424                                     7460                                                    ToolSvc.DFCommonMuonToolWrapperIDCuts                                      
2026-02-12 14:46:35,869 PerfMonMTSvc                                         INFO Initialize 1               410.40                    7832                                     7378                                                    ToolSvc.DFCommonMuonsSelector                                              
2026-02-12 14:46:35,869 PerfMonMTSvc                                         INFO Initialize 1               406.55                    46276                                    67585                                                   AntiKt4EMPFlowJets                                                         
2026-02-12 14:46:35,869 PerfMonMTSvc                                         INFO Initialize 1               403.61                    46276                                    67283                                                   jetrecalg_AntiKt4EMPFlowJets                                               
2026-02-12 14:46:35,869 PerfMonMTSvc                                         INFO Initialize 1               403.26                    46276                                    67247                                                   jetrecalg_AntiKt4EMPFlowJets.emscalemom_AntiKt4EMPFlow                     
2026-02-12 14:46:35,870 PerfMonMTSvc                                         INFO Initialize 1               402.91                    46276                                    67210                                                   jetrecalg_AntiKt4EMPFlowJets.jetens                                        
2026-02-12 14:46:35,870 PerfMonMTSvc                                         INFO Initialize 1               399.92                    46276                                    66960                                                   jetrecalg_AntiKt4EMPFlowJets.width                                         
2026-02-12 14:46:35,870 PerfMonMTSvc                                         INFO Initialize 1               399.72                    46276                                    66951                                                   jetrecalg_AntiKt4EMPFlowJets.caloqual                                      
2026-02-12 14:46:35,870 PerfMonMTSvc                                         INFO Initialize 1               399.06                    46276                                    66919                                                   jetrecalg_AntiKt4EMPFlowJets.trkmoms                                       
2026-02-12 14:46:35,870 PerfMonMTSvc                                         INFO Initialize 1               398.07                    46276                                    66847                                                   jetrecalg_AntiKt4EMPFlowJets.trksummoms                                    
2026-02-12 14:46:35,870 PerfMonMTSvc                                         INFO Initialize 1               397.64                    46276                                    66786                                                   jetrecalg_AntiKt4EMPFlowJets.jvf                                           
2026-02-12 14:46:35,870 PerfMonMTSvc                                         INFO Initialize 1               397.19                    46276                                    66724                                                   jetrecalg_AntiKt4EMPFlowJets.jvt                                           
2026-02-12 14:46:35,870 PerfMonMTSvc                                         INFO Initialize 1               395.27                    46276                                    66586                                                   jetrecalg_AntiKt4EMPFlowJets.larhvcorr                                     
2026-02-12 14:46:35,870 PerfMonMTSvc                                         INFO Initialize 1               395.09                    46276                                    66576                                                   jetrecalg_AntiKt4EMPFlowJets.iso                                           
2026-02-12 14:46:35,870 PerfMonMTSvc                                         INFO Initialize 1               394.88                    46276                                    66561                                                   jetrecalg_AntiKt4EMPFlowJets.jetPtAssociation                              
2026-02-12 14:46:35,870 PerfMonMTSvc                                         INFO Initialize 1               394.70                    46276                                    66542                                                   jetrecalg_AntiKt4EMPFlowJets.qgtagging                                     
2026-02-12 14:46:35,870 PerfMonMTSvc                                         INFO Initialize 1               393.70                    46276                                    66462                                                   jetrecalg_AntiKt4EMPFlowJets.nnjvt                                         
2026-02-12 14:46:35,870 PerfMonMTSvc                                         INFO Initialize 1               391.58                    46276                                    66424                                                   jetrecalg_AntiKt4EMPFlowJets.fJVT                                          
2026-02-12 14:46:35,870 PerfMonMTSvc                                         INFO Initialize 1               367.66                    79640                                    3659                                                    ToolSvc.ElectronPassDNNLoose                                               
2026-02-12 14:46:35,870 PerfMonMTSvc                                         INFO Initialize 1               344.89                    28136                                    1972                                                    TrigNavSlimmingMTAlg_DAOD                                                  
2026-02-12 14:46:35,870 PerfMonMTSvc                                         INFO Initialize 1               337.37                    78848                                    3449                                                    ToolSvc.ElectronPassDNNLoose.ElectronDNNSelectorLoose                      
2026-02-12 14:46:35,870 PerfMonMTSvc                                         INFO Initialize 1               328.66                    1024                                     1384                                                    ToolSvc.ElectronPassDNNVeryLooseNoCF97                                     
2026-02-12 14:46:35,870 PerfMonMTSvc                                         INFO Initialize 1               326.66                    8192                                     39912                                                   jetrecalg_AntiKt10UFOCSSKSoftDropBeta100Zcut10Jets.width                   
2026-02-12 14:46:35,870 PerfMonMTSvc                                         INFO Initialize 1               326.39                    8192                                     39894                                                   jetrecalg_AntiKt10UFOCSSKSoftDropBeta100Zcut10Jets.nsubjettiness           
2026-02-12 14:46:35,870 PerfMonMTSvc                                         INFO Initialize 1               325.27                    8192                                     39849                                                   jetrecalg_AntiKt10UFOCSSKSoftDropBeta100Zcut10Jets.ktsplitter              
2026-02-12 14:46:35,871 PerfMonMTSvc                                         INFO Initialize 1               324.78                    8192                                     39827                                                   jetrecalg_AntiKt10UFOCSSKSoftDropBeta100Zcut10Jets.ecorr                   
2026-02-12 14:46:35,871 PerfMonMTSvc                                         INFO Initialize 1               324.14                    8192                                     39796                                                   jetrecalg_AntiKt10UFOCSSKSoftDropBeta100Zcut10Jets.qw                      
2026-02-12 14:46:35,871 PerfMonMTSvc                                         INFO Initialize 1               323.60                    8192                                     39766                                                   jetrecalg_AntiKt10UFOCSSKSoftDropBeta100Zcut10Jets.comshapes               
2026-02-12 14:46:35,871 PerfMonMTSvc                                         INFO Initialize 1               323.54                    1024                                     1255                                                    ToolSvc.ElectronPassDNNVeryLooseNoCF97.ElectronDNNSelectorVeryLooseNoCF97  
2026-02-12 14:46:35,871 PerfMonMTSvc                                         INFO Initialize 1               322.74                    8192                                     39724                                                   jetrecalg_AntiKt10UFOCSSKSoftDropBeta100Zcut10Jets.ecorrgeneral            
2026-02-12 14:46:35,871 PerfMonMTSvc                                         INFO Initialize 1               321.71                    8192                                     39658                                                   jetrecalg_AntiKt10UFOCSSKSoftDropBeta100Zcut10Jets.truthlabeler_R10TruthLabel_R21Precision
2026-02-12 14:46:35,871 PerfMonMTSvc                                         INFO Initialize 1               320.83                    8192                                     39613                                                   jetrecalg_AntiKt10UFOCSSKSoftDropBeta100Zcut10Jets.truthlabeler_R10TruthLabel_R21Precision_2022v1
2026-02-12 14:46:35,871 PerfMonMTSvc                                         INFO Initialize 1               320.03                    8192                                     39565                                                   jetrecalg_AntiKt10UFOCSSKSoftDropBeta100Zcut10Jets.truthlabeler_R10TruthLabel_R22v1
2026-02-12 14:46:35,871 PerfMonMTSvc                                         INFO Initialize 1               319.27                    8192                                     39518                                                   jetrecalg_AntiKt10UFOCSSKSoftDropBeta100Zcut10Jets.truthlabeler_R10WZTruthLabel_R22v1
2026-02-12 14:46:35,871 PerfMonMTSvc                                         INFO Initialize 1               318.55                    8192                                     39492                                                   jetrecalg_AntiKt10UFOCSSKSoftDropBeta100Zcut10Jets.emscalemom_AntiKt10UFOCSSKSoftDropBeta100Zcut10
2026-02-12 14:46:35,871 PerfMonMTSvc                                         INFO Initialize 1               318.22                    8192                                     39454                                                   jetrecalg_AntiKt10UFOCSSKSoftDropBeta100Zcut10Jets.jetenslargeR            
2026-02-12 14:46:35,871 PerfMonMTSvc                                         INFO Initialize 1               316.92                    8192                                     39409                                                   jetrecalg_AntiKt10UFOCSSKSoftDropBeta100Zcut10Jets.constitFrac             
2026-02-12 14:46:35,871 PerfMonMTSvc                                         INFO Initialize 1               316.63                    8192                                     39395                                                   jetrecalg_AntiKt10UFOCSSKSoftDropBeta100Zcut10Jets.groomMRatio             
2026-02-12 14:46:35,871 PerfMonMTSvc                                         INFO Initialize 1               316.48                    8192                                     39385                                                   jetrecalg_AntiKt10UFOCSSKSoftDropBeta100Zcut10Jets.BoostedJetTaggerTool-Top
2026-02-12 14:46:35,871 PerfMonMTSvc                                         INFO Initialize 1               316.12                    8192                                     39300                                                   jetrecalg_AntiKt10UFOCSSKSoftDropBeta100Zcut10Jets.BoostedJetTaggerTool-Top.MLHelper
2026-02-12 14:46:35,871 PerfMonMTSvc                                         INFO Initialize 1               314.38                    24132                                    1675                                                    ToolSvc.TrigDecisionTool.Navigation                                        
2026-02-12 14:46:35,871 PerfMonMTSvc                                         INFO Initialize 1               308.00                    2048                                     1383                                                    ToolSvc.ElectronPassDNNTightNoCF                                           
2026-02-12 14:46:35,871 PerfMonMTSvc                                         INFO Initialize 1               306.49                    1024                                     1384                                                    ToolSvc.ElectronPassDNNTight                                               
2026-02-12 14:46:35,871 PerfMonMTSvc                                         INFO Initialize 1               306.21                    1024                                     1383                                                    ToolSvc.ElectronPassDNNMediumNoCF                                          
2026-02-12 14:46:35,871 PerfMonMTSvc                                         INFO Initialize 1               305.40                    5120                                     1384                                                    ToolSvc.ElectronPassDNNMedium                                              
2026-02-12 14:46:35,871 PerfMonMTSvc                                         INFO =======================================================================================
2026-02-12 14:46:35,872 PerfMonMTSvc                                         INFO FirstEvent 1               5565.25                   278616                                   327170                                                  TauTruthCommonKernel2                                                      
2026-02-12 14:46:35,872 PerfMonMTSvc                                         INFO FirstEvent 2               2557.70                   235712                                   228323                                                  CondInputLoader                                                            
2026-02-12 14:46:35,872 PerfMonMTSvc                                         INFO FirstEvent 2               1369.57                   141312                                   140696                                                  AtlasTrackingGeometryCondAlg                                               
2026-02-12 14:46:35,872 PerfMonMTSvc                                         INFO FirstEvent 2               1128.78                   261784                                   166070                                                  AtlasFieldMapCondAlg                                                       
2026-02-12 14:46:35,872 PerfMonMTSvc                                         INFO FirstEvent 1               642.83                    15552                                    21928                                                   MiniCollectionTruthLinkKernelNo1                                           
2026-02-12 14:46:35,872 PerfMonMTSvc                                         INFO FirstEvent 1               389.58                    79728                                    13747                                                   StreamDAOD_PHYS                                                            
2026-02-12 14:46:35,872 PerfMonMTSvc                                         INFO FirstEvent 1               371.60                    12352                                    12003                                                   IsolationBuilderNonprompt_All_MaxWeight500                                 
2026-02-12 14:46:35,872 PerfMonMTSvc                                         INFO FirstEvent 2               355.76                    83968                                    178280                                                  MuonDetectorCondAlg                                                        
2026-02-12 14:46:35,872 PerfMonMTSvc                                         INFO FirstEvent 2               326.50                    115712                                   106955                                                  TRTAlignCondAlg                                                            
2026-02-12 14:46:35,872 PerfMonMTSvc                                         INFO FirstEvent 1               255.99                    3696                                     3720                                                    TrigBTagCopierAlg                                                          
2026-02-12 14:46:35,872 PerfMonMTSvc                                         INFO FirstEvent 1               191.18                    0                                        38808                                                   IncidentProcAlg1                                                           
2026-02-12 14:46:35,872 PerfMonMTSvc                                         INFO FirstEvent 1               144.38                    16432                                    13408                                                   AntiKt4EMPFlowJets                                                         
2026-02-12 14:46:35,872 PerfMonMTSvc                                         INFO FirstEvent 1               124.31                    18816                                    18991                                                   TrigNavSlimmingMTAlg_DAOD                                                  
2026-02-12 14:46:35,872 PerfMonMTSvc                                         INFO FirstEvent 1               123.26                    6192                                     1328                                                    jetrecalg_AntiKt4EMPFlowJets                                               
2026-02-12 14:46:35,872 PerfMonMTSvc                                         INFO FirstEvent 2               120.06                    54720                                    58445                                                   CaloAlignCondAlg                                                           
2026-02-12 14:46:35,872 PerfMonMTSvc                                         INFO FirstEvent 1               98.83                     0                                        -0                                                      IncidentProcAlg3                                                           
2026-02-12 14:46:35,872 PerfMonMTSvc                                         INFO FirstEvent 2               98.66                     7168                                     6054                                                    SCT_AlignCondAlg                                                           
2026-02-12 14:46:35,872 PerfMonMTSvc                                         INFO FirstEvent 1               72.88                     5744                                     3678                                                    AntiKt10UFOCSSKSoftDropBeta100Zcut10Jets                                   
2026-02-12 14:46:35,872 PerfMonMTSvc                                         INFO FirstEvent 1               70.27                     15996                                    14802                                                   EGammaCommonKernel                                                         
2026-02-12 14:46:35,872 PerfMonMTSvc                                         INFO FirstEvent 1               62.41                     0                                        123                                                     FtagNN_AntiKt4EMPFlowJets_InDetTrackParticles_BTagging_20250912_GN3EPCLV01_antikt4empflow_network_STANDARD_Jet
2026-02-12 14:46:35,873 PerfMonMTSvc                                         INFO FirstEvent 1               55.72                     0                                        123                                                     FtagNN_AntiKt4EMPFlowJets_InDetTrackParticles_BTagging_20250213_GN3PflowMuonsV00_antikt4empflow_network_STANDARD_Jet
2026-02-12 14:46:35,873 PerfMonMTSvc                                         INFO FirstEvent 1               52.11                     0                                        3                                                       FtagNN_AntiKt4EMPFlowJets_InDetTrackParticles_BTagging_20250912_GN3EPCLV01_antikt4empflow_network_SIMPLE_FLIP_Jet
2026-02-12 14:46:35,873 PerfMonMTSvc                                         INFO FirstEvent 1               52.04                     53540                                    54705                                                   InDetCommonKernelDFCommonTrackSelection                                    
2026-02-12 14:46:35,873 PerfMonMTSvc                                         INFO FirstEvent 1               48.78                     0                                        3                                                       FtagNN_AntiKt4EMPFlowJets_InDetTrackParticles_BTagging_20250213_GN3PflowMuonsV00_antikt4empflow_network_SIMPLE_FLIP_Jet
2026-02-12 14:46:35,873 PerfMonMTSvc                                         INFO FirstEvent 1               47.83                     0                                        52238                                                   MCTruthClassificationKernel                                                
2026-02-12 14:46:35,873 PerfMonMTSvc                                         INFO FirstEvent 1               43.56                     0                                        109                                                     FtagNN_AntiKt4EMPFlowJets_InDetTrackParticles_BTagging_20250213_GN3V00_antikt4empflow_network_STANDARD_Jet
2026-02-12 14:46:35,873 PerfMonMTSvc                                         INFO FirstEvent 1               42.83                     6836                                     4111                                                    DFCommonHSDecorator                                                        
2026-02-12 14:46:35,873 PerfMonMTSvc                                         INFO FirstEvent 1               40.79                     33704                                    31557                                                   jetalg_ConstitModCorrectPFOCHS_EMPFlow                                     
2026-02-12 14:46:35,873 PerfMonMTSvc                                         INFO FirstEvent 1               39.97                     33240                                    32742                                                   AntiKt4EMTopoJets                                                          
2026-02-12 14:46:35,873 PerfMonMTSvc                                         INFO FirstEvent 1               38.65                     0                                        586                                                     AntiKtVR30Rmax4Rmin02TruthChargedJets                                      
2026-02-12 14:46:35,873 PerfMonMTSvc                                         INFO FirstEvent 1               38.12                     0                                        489                                                     jetrecalg_AntiKtVR30Rmax4Rmin02TruthChargedJets                            
2026-02-12 14:46:35,873 PerfMonMTSvc                                         INFO FirstEvent 1               35.13                     0                                        3                                                       FtagNN_AntiKt4EMPFlowJets_InDetTrackParticles_BTagging_20250213_GN3V00_antikt4empflow_network_SIMPLE_FLIP_Jet
2026-02-12 14:46:35,873 PerfMonMTSvc                                         INFO FirstEvent 1               34.83                     0                                        187                                                     AntiKtVR30Rmax4Rmin02PV0TrackJets                                          
2026-02-12 14:46:35,873 PerfMonMTSvc                                         INFO FirstEvent 1               34.33                     0                                        165                                                     jetrecalg_AntiKtVR30Rmax4Rmin02PV0TrackJets                                
2026-02-12 14:46:35,873 PerfMonMTSvc                                         INFO FirstEvent 1               32.93                     2272                                     6491                                                    TauJets_TauIDDecorKernel                                                   
2026-02-12 14:46:35,873 PerfMonMTSvc                                         INFO FirstEvent 2               31.69                     37172                                    56693                                                   AthReadAlg_AllCalo                                                         
2026-02-12 14:46:35,873 PerfMonMTSvc                                         INFO FirstEvent 1               29.49                     25768                                    25944                                                   PFlowIsolationBuilder                                                      
2026-02-12 14:46:35,873 PerfMonMTSvc                                         INFO FirstEvent 1               28.70                     0                                        1529                                                    CaloExtensionBuilderAlg                                                    
2026-02-12 14:46:35,873 PerfMonMTSvc                                         INFO FirstEvent 2               25.35                     5120                                     4942                                                    CaloSuperCellAlignCondAlg                                                  
2026-02-12 14:46:35,873 PerfMonMTSvc                                         INFO FirstEvent 1               24.25                     3200                                     511                                                     jetrecalg_AntiKt10UFOCSSKSoftDropBeta100Zcut10Jets                         
2026-02-12 14:46:35,873 PerfMonMTSvc                                         INFO FirstEvent 2               21.61                     0                                        1991                                                    PixelAlignCondAlg                                                          
2026-02-12 14:46:35,874 PerfMonMTSvc                                         INFO FirstEvent 1               20.81                     0                                        6973                                                    AntiKt4TruthJets                                                           
2026-02-12 14:46:35,874 PerfMonMTSvc                                         INFO FirstEvent 1               17.05                     4688                                     3384                                                    jetrecalg_AntiKt4EMTopoJets                                                
2026-02-12 14:46:35,874 PerfMonMTSvc                                         INFO FirstEvent 2               17.04                     0                                        148                                                     NswPassivationDbAlg                                                        
2026-02-12 14:46:35,874 PerfMonMTSvc                                         INFO FirstEvent 1               16.92                     4096                                     143                                                     DiTauLowPtBuilder                                                          
2026-02-12 14:46:35,874 PerfMonMTSvc                                         INFO FirstEvent 1               16.45                     0                                        114                                                     FtagNN_AntiKt4EMPFlowJets_InDetTrackParticles_BTagging_20231205_GN2v01_antikt4empflow_STANDARD_Jet
2026-02-12 14:46:35,874 PerfMonMTSvc                                         INFO FirstEvent 1               15.49                     1272                                     42                                                      MiniCollectionTruthLinkKernelNo3                                           
2026-02-12 14:46:35,874 PerfMonMTSvc                                         INFO FirstEvent 1               15.00                     10240                                    10644                                                   pflowselalg                                                                
2026-02-12 14:46:35,874 PerfMonMTSvc                                         INFO FirstEvent 2               12.68                     7168                                     7862                                                    SCT_DetectorElementCondAlg                                                 
2026-02-12 14:46:35,874 PerfMonMTSvc                                         INFO FirstEvent 1               11.74                     2544                                     463                                                     jetrecalg_AntiKt10TruthDressedWZJets                                       
2026-02-12 14:46:35,874 PerfMonMTSvc                                         INFO =======================================================================================
2026-02-12 14:46:35,874 PerfMonMTSvc                                         INFO Execute    4               425.10                    0                                        8663                                                    AntiKt4EMPFlowJets                                                         
2026-02-12 14:46:35,874 PerfMonMTSvc                                         INFO Execute    4               416.01                    0                                        4399                                                    jetrecalg_AntiKt4EMPFlowJets                                               
2026-02-12 14:46:35,874 PerfMonMTSvc                                         INFO Execute    4               412.79                    10784                                    12954                                                   AntiKt10UFOCSSKSoftDropBeta100Zcut10Jets                                   
2026-02-12 14:46:35,874 PerfMonMTSvc                                         INFO Execute    4               213.88                    0                                        213                                                     FtagNN_AntiKt4EMPFlowJets_InDetTrackParticles_BTagging_20250912_GN3EPCLV01_antikt4empflow_network_STANDARD_Jet
2026-02-12 14:46:35,874 PerfMonMTSvc                                         INFO Execute    4               209.52                    4136                                     16                                                      FtagNN_AntiKt4EMPFlowJets_InDetTrackParticles_BTagging_20250912_GN3EPCLV01_antikt4empflow_network_SIMPLE_FLIP_Jet
2026-02-12 14:46:35,874 PerfMonMTSvc                                         INFO Execute    4               203.22                    0                                        187                                                     FtagNN_AntiKt4EMPFlowJets_InDetTrackParticles_BTagging_20250213_GN3PflowMuonsV00_antikt4empflow_network_STANDARD_Jet
2026-02-12 14:46:35,874 PerfMonMTSvc                                         INFO Execute    4               195.72                    1544                                     14                                                      FtagNN_AntiKt4EMPFlowJets_InDetTrackParticles_BTagging_20250213_GN3PflowMuonsV00_antikt4empflow_network_SIMPLE_FLIP_Jet
2026-02-12 14:46:35,874 PerfMonMTSvc                                         INFO Execute    4               176.86                    0                                        3838                                                    CaloExtensionBuilderAlg                                                    
2026-02-12 14:46:35,874 PerfMonMTSvc                                         INFO Execute    4               167.66                    0                                        2918                                                    AntiKtVR30Rmax4Rmin02TruthChargedJets                                      
2026-02-12 14:46:35,874 PerfMonMTSvc                                         INFO Execute    4               164.69                    0                                        2353                                                    jetrecalg_AntiKtVR30Rmax4Rmin02TruthChargedJets                            
2026-02-12 14:46:35,875 PerfMonMTSvc                                         INFO Execute    4               154.01                    10784                                    1600                                                    jetrecalg_AntiKt10UFOCSSKSoftDropBeta100Zcut10Jets                         
2026-02-12 14:46:35,875 PerfMonMTSvc                                         INFO Execute    4               141.99                    0                                        159                                                     FtagNN_AntiKt4EMPFlowJets_InDetTrackParticles_BTagging_20250213_GN3V00_antikt4empflow_network_STANDARD_Jet
2026-02-12 14:46:35,875 PerfMonMTSvc                                         INFO Execute    4               138.66                    0                                        877                                                     AntiKtVR30Rmax4Rmin02PV0TrackJets                                          
2026-02-12 14:46:35,875 PerfMonMTSvc                                         INFO Execute    4               137.41                    0                                        782                                                     jetrecalg_AntiKtVR30Rmax4Rmin02PV0TrackJets                                
2026-02-12 14:46:35,875 PerfMonMTSvc                                         INFO Execute    4               137.32                    0                                        14                                                      FtagNN_AntiKt4EMPFlowJets_InDetTrackParticles_BTagging_20250213_GN3V00_antikt4empflow_network_SIMPLE_FLIP_Jet
2026-02-12 14:46:35,875 PerfMonMTSvc                                         INFO Execute    4               92.22                     1024                                     4291                                                    StreamDAOD_PHYS                                                            
2026-02-12 14:46:35,875 PerfMonMTSvc                                         INFO Execute    4               63.14                     0                                        716                                                     DiTauLowPtBuilder                                                          
2026-02-12 14:46:35,875 PerfMonMTSvc                                         INFO Execute    4               51.69                     0                                        630                                                     TauJets_TauIDDecorKernel                                                   
2026-02-12 14:46:35,875 PerfMonMTSvc                                         INFO Execute    4               48.70                     6096                                     3553                                                    AntiKt4TruthJets                                                           
2026-02-12 14:46:35,875 PerfMonMTSvc                                         INFO Execute    4               47.04                     0                                        6198                                                    AntiKt4EMTopoJets                                                          
2026-02-12 14:46:35,875 PerfMonMTSvc                                         INFO Execute    4               47.03                     0                                        2275                                                    jetrecalg_AntiKt10TruthDressedWZJets                                       
2026-02-12 14:46:35,875 PerfMonMTSvc                                         INFO Execute    4               45.17                     0                                        362                                                     FtagNN_AntiKt4EMPFlowJets_InDetTrackParticles_BTagging_20231205_GN2v01_antikt4empflow_STANDARD_Jet
2026-02-12 14:46:35,875 PerfMonMTSvc                                         INFO Execute    4               42.94                     0                                        104                                                     FtagNN_AntiKt10UFOCSSKSoftDropBeta100Zcut10Jets_InDetTrackParticles_JetCalibTools_CalibArea-00-04-83_CalibrationFactors_bbJESJMS_calibFactors_R22_MC20MC23_CSSKUFO_bJR10v01_20250212_STANDARD_Jet
2026-02-12 14:46:35,875 PerfMonMTSvc                                         INFO Execute    4               42.15                     0                                        3828                                                    jetrecalg_AntiKt4EMTopoJets                                                
2026-02-12 14:46:35,875 PerfMonMTSvc                                         INFO Execute    4               42.00                     0                                        2920                                                    AntiKt4TruthDressedWZJets                                                  
2026-02-12 14:46:35,875 PerfMonMTSvc                                         INFO Execute    4               41.43                     0                                        105                                                     FtagNN_AntiKt10UFOCSSKSoftDropBeta100Zcut10Jets_InDetTrackParticles_BTagging_20250310_GN2XTauV00_antikt10ufo_network_STANDARD_Jet
2026-02-12 14:46:35,875 PerfMonMTSvc                                         INFO Execute    4               41.24                     0                                        107                                                     FtagNN_AntiKt10UFOCSSKSoftDropBeta100Zcut10Jets_InDetTrackParticles_BTagging_20250912_GN3XPV01_antikt10ufo_network_STANDARD_Jet
2026-02-12 14:46:35,875 PerfMonMTSvc                                         INFO Execute    4               41.06                     0                                        2933                                                    AntiKt4TruthWZJets                                                         
2026-02-12 14:46:35,875 PerfMonMTSvc                                         INFO Execute    4               40.52                     6096                                     2356                                                    jetrecalg_AntiKt4TruthJets                                                 
2026-02-12 14:46:35,875 PerfMonMTSvc                                         INFO Execute    4               40.41                     0                                        66                                                      FtagNN_AntiKt10UFOCSSKSoftDropBeta100Zcut10Jets_InDetTrackParticles_BTagging_20240925_GN2Xv02_antikt10ufo_network_STANDARD_Jet
2026-02-12 14:46:35,875 PerfMonMTSvc                                         INFO Execute    4               39.48                     0                                        2093                                                    EGammaCommonKernel                                                         
2026-02-12 14:46:35,875 PerfMonMTSvc                                         INFO Execute    4               38.41                     0                                        2355                                                    jetrecalg_AntiKt4TruthDressedWZJets                                        
2026-02-12 14:46:35,876 PerfMonMTSvc                                         INFO Execute    4               38.19                     0                                        2369                                                    jetrecalg_AntiKt4TruthWZJets                                               
2026-02-12 14:46:35,876 PerfMonMTSvc                                         INFO Execute    4               37.76                     0                                        9                                                       FtagNN_AntiKt4EMPFlowJets_InDetTrackParticles_BTagging_20231205_GN2v01_antikt4empflow_SIMPLE_FLIP_Jet
2026-02-12 14:46:35,876 PerfMonMTSvc                                         INFO Execute    4               26.20                     0                                        2361                                                    MCTruthClassificationKernel                                                
2026-02-12 14:46:35,876 PerfMonMTSvc                                         INFO Execute    4               25.83                     0                                        49                                                      Electrons_decoratePLIT                                                     
2026-02-12 14:46:35,876 PerfMonMTSvc                                         INFO Execute    4               23.45                     0                                        2150                                                    AntiKt10TruthSoftDropBeta100Zcut10Jets                                     
2026-02-12 14:46:35,876 PerfMonMTSvc                                         INFO Execute    4               23.19                     11000                                    20939                                                   MuonRemovalTauAODReRecoAlg                                                 
2026-02-12 14:46:35,876 PerfMonMTSvc                                         INFO Execute    4               23.07                     0                                        52                                                      FtagNN_AntiKt10UFOCSSKSoftDropBeta100Zcut10Jets_InDetTrackParticles_JetCalibTools_CalibArea-00-04-83_CalibrationFactors_bbJESJMS_calibFactors_R22_MC20_CSSKUFO_bJR10v00Ext_20250212_STANDARD_Jet
2026-02-12 14:46:35,876 PerfMonMTSvc                                         INFO Execute    4               16.42                     0                                        267                                                     HFClassificationCommonKernel                                               
2026-02-12 14:46:35,876 PerfMonMTSvc                                         INFO Execute    4               15.53                     0                                        707                                                     jetrecalg_AntiKt10TruthDressedWZSoftDropBeta100Zcut10Jets                  
2026-02-12 14:46:35,876 PerfMonMTSvc                                         INFO Execute    4               15.46                     0                                        707                                                     jetrecalg_AntiKt10TruthSoftDropBeta100Zcut10Jets                           
2026-02-12 14:46:35,876 PerfMonMTSvc                                         INFO Execute    4               13.05                     2872                                     610                                                     antikt4empflow_sv1_secvtxfinding                                           
2026-02-12 14:46:35,876 PerfMonMTSvc                                         INFO Execute    4               11.20                     0                                        1859                                                    TrigNavSlimmingMTAlg_DAOD                                                  
2026-02-12 14:46:35,876 PerfMonMTSvc                                         INFO Execute    4               11.01                     0                                        178                                                     antikt4empflow_sv1flip_secvtxfinding                                       
2026-02-12 14:46:35,876 PerfMonMTSvc                                         INFO Execute    4               9.54                      0                                        21                                                      TauJets_MuonRM_TauIDDecorKernel                                            
2026-02-12 14:46:35,876 PerfMonMTSvc                                         INFO Execute    4               9.20                      0                                        598                                                     MiniCollectionTruthLinkKernelNo3                                           
2026-02-12 14:46:35,876 PerfMonMTSvc                                         INFO Execute    4               8.36                      0                                        3856                                                    METRecoAlg_Truth                                                           
2026-02-12 14:46:35,876 PerfMonMTSvc                                         INFO Execute    4               7.42                      0                                        66                                                      FtagNN_AntiKt10UFOCSSKSoftDropBeta100Zcut10Jets_InDetTrackParticles_BTagging_20230705_gn2xv01_antikt10ufo_network_STANDARD_Jet
2026-02-12 14:46:35,876 PerfMonMTSvc                                         INFO Execute    4               7.34                      0                                        1102                                                    jetrecalg_AntiKt10TruthJets                                                
2026-02-12 14:46:35,876 PerfMonMTSvc                                         INFO =======================================================================================
2026-02-12 14:46:35,877 PerfMonMTSvc                                         INFO Finalize   1               325.08                    0                                        -667818                                                 ConditionStore                                                             
2026-02-12 14:46:35,877 PerfMonMTSvc                                         INFO Finalize   1               176.62                    -64                                      -246792                                                 DetectorStore                                                              
2026-02-12 14:46:35,877 PerfMonMTSvc                                         INFO Finalize   1               121.80                    -65544                                   -303930                                                 ToolSvc                                                                    
2026-02-12 14:46:35,877 PerfMonMTSvc                                         INFO Finalize   1               59.49                     0                                        -64959                                                  RDBAccessSvc                                                               
2026-02-12 14:46:35,877 PerfMonMTSvc                                         INFO Finalize   1               13.81                     0                                        -16941                                                  StoreGateSvc                                                               
2026-02-12 14:46:35,877 PerfMonMTSvc                                         INFO Finalize   1               9.08                      0                                        -15548                                                  ToolSvc.DiTauIDDecoratorWrapper.DiTauRec_OnnxScoreCalculator               
2026-02-12 14:46:35,877 PerfMonMTSvc                                         INFO Finalize   1               6.18                      0                                        -51128                                                  Gaudi::MultiFileCatalog                                                    
2026-02-12 14:46:35,877 PerfMonMTSvc                                         INFO Finalize   1               3.67                      0                                        -13564                                                  MetaDataStore                                                              
2026-02-12 14:46:35,877 PerfMonMTSvc                                         INFO Finalize   1               2.50                      0                                        -3104                                                   DetDescrCnvSvc                                                             
2026-02-12 14:46:35,877 PerfMonMTSvc                                         INFO Finalize   1               0.62                      0                                        -20                                                     ChronoStatSvc                                                              
2026-02-12 14:46:35,877 PerfMonMTSvc                                         INFO Finalize   1               0.61                      0                                        6                                                       AntiKt4TruthJets                                                           
2026-02-12 14:46:35,877 PerfMonMTSvc                                         INFO Finalize   1               0.48                      0                                        -768                                                    IOVDbSvc                                                                   
2026-02-12 14:46:35,877 PerfMonMTSvc                                         INFO Finalize   1               0.34                      0                                        3                                                       AntiKt10UFOCSSKSoftDropBeta100Zcut10Jets                                   
2026-02-12 14:46:35,877 PerfMonMTSvc                                         INFO Finalize   1               0.32                      0                                        -5576                                                   InputMetaDataStore                                                         
2026-02-12 14:46:35,877 PerfMonMTSvc                                         INFO Finalize   1               0.27                      0                                        2                                                       AntiKt4EMTopoJets                                                          
2026-02-12 14:46:35,877 PerfMonMTSvc                                         INFO Finalize   1               0.23                      0                                        -0                                                      EGammaCommonKernel                                                         
2026-02-12 14:46:35,878 PerfMonMTSvc                                         INFO Finalize   1               0.22                      0                                        2                                                       EventCleanSeq                                                              
2026-02-12 14:46:35,878 PerfMonMTSvc                                         INFO Finalize   1               0.19                      0                                        1                                                       AntiKt4EMPFlowJets                                                         
2026-02-12 14:46:35,878 PerfMonMTSvc                                         INFO Finalize   1               0.12                      0                                        1                                                       AntiKtVR30Rmax4Rmin02PV0TrackJets                                          
2026-02-12 14:46:35,878 PerfMonMTSvc                                         INFO Finalize   1               0.11                      0                                        -1                                                      AthenaPoolSharedIOCnvSvc                                                   
2026-02-12 14:46:35,878 PerfMonMTSvc                                         INFO Finalize   1               0.10                      0                                        1                                                       AntiKt4TruthWZJets                                                         
2026-02-12 14:46:35,878 PerfMonMTSvc                                         INFO Finalize   1               0.10                      0                                        0                                                       FourLeptonVertexAlg                                                        
2026-02-12 14:46:35,878 PerfMonMTSvc                                         INFO Finalize   1               0.10                      0                                        1                                                       AntiKt4TruthDressedWZJets                                                  
2026-02-12 14:46:35,878 PerfMonMTSvc                                         INFO Finalize   1               0.10                      0                                        1                                                       AntiKtVR30Rmax4Rmin02TruthChargedJets                                      
2026-02-12 14:46:35,878 PerfMonMTSvc                                         INFO Finalize   1               0.10                      0                                        1                                                       AntiKt10LCTopoJets                                                         
2026-02-12 14:46:35,878 PerfMonMTSvc                                         INFO Finalize   1               0.09                      0                                        -4                                                      ToolSvc.PHYSDiTauLowPtTPThinningTool                                       
2026-02-12 14:46:35,878 PerfMonMTSvc                                         INFO Finalize   1               0.08                      0                                        1                                                       AntiKt10TruthSoftDropBeta100Zcut10Jets                                     
2026-02-12 14:46:35,878 PerfMonMTSvc                                         INFO Finalize   1               0.08                      0                                        -11                                                     EventSelector                                                              
2026-02-12 14:46:35,878 PerfMonMTSvc                                         INFO Finalize   1               0.08                      0                                        -0                                                      PHYSKernel                                                                 
2026-02-12 14:46:35,878 PerfMonMTSvc                                         INFO Finalize   1               0.08                      0                                        -0                                                      TruthCategoriesDecorator.xAODToHepMCTool                                   
2026-02-12 14:46:35,878 PerfMonMTSvc                                         INFO Finalize   1               0.07                      0                                        -0                                                      antikt10ufocssksoftdropbeta100zcut10_sv1flip_secvtxfinding.IDVKalVxInJetFlip
2026-02-12 14:46:35,878 PerfMonMTSvc                                         INFO Finalize   1               0.07                      0                                        -0                                                      InDetUsedInFitDecorator_0Alg                                               
2026-02-12 14:46:35,878 PerfMonMTSvc                                         INFO Finalize   1               0.07                      0                                        -0                                                      ToolSvc.TrigDecisionTool                                                   
2026-02-12 14:46:35,878 PerfMonMTSvc                                         INFO Finalize   1               0.06                      0                                        0                                                       AllExecutedEventsCounterAlg                                                
2026-02-12 14:46:35,878 PerfMonMTSvc                                         INFO Finalize   1               0.06                      0                                        -0                                                      MCTruthClassificationKernel                                                
2026-02-12 14:46:35,878 PerfMonMTSvc                                         INFO Finalize   1               0.06                      0                                        -0                                                      TruthCategoriesDecorator.HiggsTruthCategoryTool                            
2026-02-12 14:46:35,878 PerfMonMTSvc                                         INFO Finalize   1               0.05                      0                                        -0                                                      CondInputLoader                                                            
2026-02-12 14:46:35,878 PerfMonMTSvc                                         INFO Finalize   1               0.05                      0                                        -0                                                      ToolSvc.PHYSTrackParticleThinningTool                                      
2026-02-12 14:46:35,879 PerfMonMTSvc                                         INFO Finalize   1               0.05                      0                                        -24                                                     ToolSvc.CaloSurfaceBuilder                                                 
2026-02-12 14:46:35,879 PerfMonMTSvc                                         INFO Finalize   1               0.04                      0                                        -0                                                      BadBatmanAugmentation                                                      
2026-02-12 14:46:35,879 PerfMonMTSvc                                         INFO Finalize   1               0.04                      0                                        -0                                                      DFCommonMuonsKernel                                                        
2026-02-12 14:46:35,879 PerfMonMTSvc                                         INFO Finalize   1               0.04                      0                                        -0                                                      TauJets_MuonRM_TauIDDecorKernel                                            
2026-02-12 14:46:35,879 PerfMonMTSvc                                         INFO Finalize   1               0.04                      0                                        -0                                                      BeginIncFiringAlg                                                          
2026-02-12 14:46:35,879 PerfMonMTSvc                                         INFO Finalize   1               0.04                      0                                        -0                                                      DFCommonHSDecorator                                                        
2026-02-12 14:46:35,879 PerfMonMTSvc                                         INFO Finalize   1               0.04                      0                                        -0                                                      TauTruthCommonKernel2                                                      
2026-02-12 14:46:35,879 PerfMonMTSvc                                         INFO Finalize   1               0.04                      0                                        -0                                                      DiTauJetsLowPt_DiTauIDDecorKernel                                          
2026-02-12 14:46:35,879 PerfMonMTSvc                                         INFO Finalize   1               0.04                      0                                        -0                                                      DiTauIDDecorKernel                                                         
2026-02-12 14:46:35,879 PerfMonMTSvc                                         INFO Finalize   1               0.04                      0                                        -0                                                      jetrecalg_AntiKt4EMPFlowJets                                               
2026-02-12 14:46:35,879 PerfMonMTSvc                                         INFO Finalize   1               0.04                      0                                        -0                                                      DFCommonMuonsKernel2                                                       
2026-02-12 14:46:35,879 PerfMonMTSvc                                         INFO Finalize   1               0.04                      0                                        -0                                                      HFClassificationCommonKernel                                               
2026-02-12 14:46:35,879 PerfMonMTSvc                                         INFO =======================================================================================
2026-02-12 14:46:35,879 PerfMonMTSvc                                         INFO preLoadProxy 1               25.59                     0                                        40                                                      loadCachesOverhead:COOLOFL_INDET/OFLP200                                   
2026-02-12 14:46:35,879 PerfMonMTSvc                                         INFO preLoadProxy 1               19.60                     1024                                     3                                                       loadCachesOverhead:COOLOFL_LAR/OFLP200                                     
2026-02-12 14:46:35,879 PerfMonMTSvc                                         INFO preLoadProxy 1               15.54                     0                                        13                                                      loadCachesOverhead:COOLOFL_TRT/OFLP200                                     
2026-02-12 14:46:35,879 PerfMonMTSvc                                         INFO preLoadProxy 1               14.81                     1024                                     1156                                                    FldrCache:/LAR/Align                                                       
2026-02-12 14:46:35,879 PerfMonMTSvc                                         INFO preLoadProxy 1               13.94                     0                                        3                                                       loadCachesOverhead:COOLOFL_GLOBAL/OFLP200                                  
2026-02-12 14:46:35,879 PerfMonMTSvc                                         INFO preLoadProxy 1               13.86                     0                                        542                                                     FldrCache:/Indet/Align                                                     
2026-02-12 14:46:35,879 PerfMonMTSvc                                         INFO preLoadProxy 1               13.40                     0                                        2                                                       loadCachesOverhead:COOLOFL_DCS/OFLP200                                     
2026-02-12 14:46:35,879 PerfMonMTSvc                                         INFO preLoadProxy 1               12.97                     0                                        898                                                     FldrCache:/EXT/DCS/MAGNETS/SENSORDATA                                      
2026-02-12 14:46:35,879 PerfMonMTSvc                                         INFO preLoadProxy 1               12.53                     3072                                     673                                                     loadCachesOverhead:COOLOFL_MDT/OFLP200                                     
2026-02-12 14:46:35,880 PerfMonMTSvc                                         INFO preLoadProxy 1               11.88                     3072                                     1431                                                    FldrCache:/MDT/MM/PASSIVATION                                              
2026-02-12 14:46:35,880 PerfMonMTSvc                                         INFO preLoadProxy 1               11.04                     0                                        753                                                     FldrCache:/TRT/Align                                                       
2026-02-12 14:46:35,880 PerfMonMTSvc                                         INFO preLoadProxy 1               9.81                      0                                        821                                                     FldrCache:/GLOBAL/BField/Maps                                              
2026-02-12 14:46:35,880 PerfMonMTSvc                                         INFO preLoadProxy 1               7.09                      0                                        21                                                      FldrCache:/Indet/Beampos                                                   
2026-02-12 14:46:35,880 PerfMonMTSvc                                         INFO preLoadProxy 1               4.23                      0                                        18                                                      FldrCache:/Indet/IBLDist                                                   
2026-02-12 14:46:35,880 PerfMonMTSvc                                         INFO preLoadProxy 1               4.05                      0                                        8                                                       FldrCache:/LAR/LArCellPositionShift                                        
2026-02-12 14:46:35,880 PerfMonMTSvc                                         INFO preLoadProxy 1               4.03                      0                                        9                                                       FldrCache:/TRT/Calib/DX                                                    
2026-02-12 14:46:35,880 PerfMonMTSvc                                         INFO preLoadProxy 1               3.76                      0                                        3                                                       FldrCache:/GLOBAL/TrackingGeo/LayerMaterialV2                              
2026-02-12 14:46:35,880 PerfMonMTSvc                                         INFO preLoadProxy 1               0.79                      0                                        14                                                      UpdateAddr::/TagInfo                                                       
2026-02-12 14:46:35,880 PerfMonMTSvc                                         INFO preLoadProxy 1               0.44                      0                                        13                                                      FldrSetup:/TagInfo                                                         
2026-02-12 14:46:35,880 PerfMonMTSvc                                         INFO preLoadProxy 1               0.30                      0                                        22                                                      FldrSetup:/Digitization/Parameters                                         
2026-02-12 14:46:35,880 PerfMonMTSvc                                         INFO preLoadProxy 1               0.14                      0                                        12                                                      FldrSetup:/Indet/Align                                                     
2026-02-12 14:46:35,880 PerfMonMTSvc                                         INFO preLoadProxy 1               0.09                      0                                        0                                                       FldrSetup:LArCellPositionShift                                             
2026-02-12 14:46:35,880 PerfMonMTSvc                                         INFO preLoadProxy 1               0.08                      0                                        0                                                       FldrSetup:/GLOBAL/TrackingGeo/LayerMaterialV2                              
2026-02-12 14:46:35,880 PerfMonMTSvc                                         INFO preLoadProxy 1               0.07                      0                                        10                                                      FldrSetup:/Indet/IBLDist                                                   
2026-02-12 14:46:35,880 PerfMonMTSvc                                         INFO preLoadProxy 1               0.06                      0                                        9                                                       FldrSetup:/TRT/Align                                                       
2026-02-12 14:46:35,880 PerfMonMTSvc                                         INFO preLoadProxy 1               0.06                      0                                        2                                                       FldrSetup:/EXT/DCS/MAGNETS/SENSORDATA                                      
2026-02-12 14:46:35,880 PerfMonMTSvc                                         INFO preLoadProxy 1               0.04                      0                                        3                                                       FldrSetup:/GLOBAL/BField/Maps                                              
2026-02-12 14:46:35,880 PerfMonMTSvc                                         INFO preLoadProxy 1               0.04                      0                                        0                                                       FldrSetup:/TRT/Calib/DX                                                    
2026-02-12 14:46:35,880 PerfMonMTSvc                                         INFO preLoadProxy 1               0.04                      0                                        -0                                                      AthenaAttributeList[/Digitization/Parameters]                              
2026-02-12 14:46:35,880 PerfMonMTSvc                                         INFO preLoadProxy 1               0.04                      0                                        1                                                       FldrSetup:/MDT/MM/PASSIVATION                                              
2026-02-12 14:46:35,880 PerfMonMTSvc                                         INFO preLoadProxy 1               0.02                      0                                        2                                                       FldrSetup:/Indet/Beampos                                                   
2026-02-12 14:46:35,881 PerfMonMTSvc                                         INFO preLoadProxy 1               0.02                      0                                        -0                                                      UpdateAddr::AthenaMPEventQueue_1439847_335da0dc-8a20-4ada-8e7e-4df5da4df85b
2026-02-12 14:46:35,881 PerfMonMTSvc                                         INFO preLoadProxy 1               0.02                      0                                        -0                                                      UpdateAddr::PRESAMPLER_B_POS                                               
2026-02-12 14:46:35,881 PerfMonMTSvc                                         INFO preLoadProxy 1               0.01                      0                                        0                                                       FldrSetup:/LAR/Align                                                       
2026-02-12 14:46:35,881 PerfMonMTSvc                                         INFO preLoadProxy 1               0.01                      0                                        -0                                                      DetCondKeyTrans[/LAR/Align]                                                
2026-02-12 14:46:35,881 PerfMonMTSvc                                         INFO preLoadProxy 1               0.01                      0                                        -0                                                      CondAttrListCollection[/EXT/DCS/MAGNETS/SENSORDATA]                        
2026-02-12 14:46:35,881 PerfMonMTSvc                                         INFO preLoadProxy 1               0.01                      0                                        -0                                                      UpdateAddr::HEC_POS                                                        
2026-02-12 14:46:35,881 PerfMonMTSvc                                         INFO preLoadProxy 1               0.01                      0                                        -0                                                      AthenaAttributeList[/Indet/Beampos]                                        
2026-02-12 14:46:35,881 PerfMonMTSvc                                         INFO preLoadProxy 1               0.01                      0                                        -0                                                      UpdateAddr::PRESAMPLER_EC_POS                                              
2026-02-12 14:46:35,881 PerfMonMTSvc                                         INFO preLoadProxy 1               0.01                      0                                        -0                                                      UpdateAddr::PRESAMPLER_B_NEG                                               
2026-02-12 14:46:35,881 PerfMonMTSvc                                         INFO preLoadProxy 1               0.01                      0                                        -0                                                      CondAttrListCollection[/GLOBAL/BField/Maps]                                
2026-02-12 14:46:35,881 PerfMonMTSvc                                         INFO preLoadProxy 1               0.01                      0                                        -0                                                      UpdateAddr::HEC_NEG                                                        
2026-02-12 14:46:35,881 PerfMonMTSvc                                         INFO preLoadProxy 1               0.01                      0                                        -0                                                      AlignableTransformContainer[/Indet/Align]                                  
2026-02-12 14:46:35,881 PerfMonMTSvc                                         INFO preLoadProxy 1               0.01                      0                                        -0                                                      CondAttrListCollection[/MDT/MM/PASSIVATION]                                
2026-02-12 14:46:35,881 PerfMonMTSvc                                         INFO preLoadProxy 1               0.01                      0                                        -0                                                      Trk::LayerMaterialMap[/GLOBAL/TrackingGeo/LayerMaterialV2]                 
2026-02-12 14:46:35,881 PerfMonMTSvc                                         INFO preLoadProxy 1               0.01                      0                                        -0                                                      CondAttrListCollection[/Indet/IBLDist]                                     
2026-02-12 14:46:35,881 PerfMonMTSvc                                         INFO preLoadProxy 1               0.01                      0                                        -0                                                      UpdateAddr::PRESAMPLER_EC_NEG                                              
2026-02-12 14:46:35,881 PerfMonMTSvc                                         INFO preLoadProxy 1               0.01                      0                                        -0                                                      TRTCond::StrawDxContainer[/TRT/Calib/DX]                                   
2026-02-12 14:46:35,881 PerfMonMTSvc                                         INFO preLoadProxy 1               0.01                      0                                        -0                                                      CondAttrListCollection[/TagInfo]                                           
2026-02-12 14:46:35,881 PerfMonMTSvc                                         INFO preLoadProxy 1               0.01                      0                                        -0                                                      AlignableTransformContainer[/TRT/Align]                                    
2026-02-12 14:46:35,881 PerfMonMTSvc                                         INFO =======================================================================================
2026-02-12 14:46:35,881 PerfMonMTSvc                                         INFO                                 Event Level Monitoring                                 
2026-02-12 14:46:35,881 PerfMonMTSvc                                         INFO         (Only the first 10 and the last measurements are explicitly printed)
2026-02-12 14:46:35,882 PerfMonMTSvc                                         INFO =======================================================================================
2026-02-12 14:46:35,882 PerfMonMTSvc                                         INFO Event            CPU [s]      Wall [s]     Vmem [kB]    Rss [kB]     Pss [kB]     Swap [kB]   
2026-02-12 14:46:35,882 PerfMonMTSvc                                         INFO ---------------------------------------------------------------------------------------
2026-02-12 14:46:35,882 PerfMonMTSvc                                         INFO 1                        1.69        51.48      5554772      3913324      1982571            0
2026-02-12 14:46:35,882 PerfMonMTSvc                                         INFO =======================================================================================
2026-02-12 14:46:35,882 PerfMonMTSvc                                         INFO                                 Snapshots Summary                                      
2026-02-12 14:46:35,882 PerfMonMTSvc                                         INFO =======================================================================================
2026-02-12 14:46:35,882 PerfMonMTSvc                                         INFO Step          dCPU [s]     dWall [s]    <CPU>   dVmem [kB]  dRss [kB]   dPss [kB]   dSwap [kB] 
2026-02-12 14:46:35,882 PerfMonMTSvc                                         INFO ---------------------------------------------------------------------------------------
2026-02-12 14:46:35,882 PerfMonMTSvc                                         INFO Configure     11.89        14.28        0.83    1414644     1105452     618296      0          
2026-02-12 14:46:35,882 PerfMonMTSvc                                         INFO Initialize    11.83        25.94        0.46    1907572     1275368     1282593     0          
2026-02-12 14:46:35,882 PerfMonMTSvc                                         INFO FirstEvent    10.44        20.60        0.51    6174792     4816708     2879004     0          
2026-02-12 14:46:35,882 PerfMonMTSvc                                         INFO Execute       3.37         3.62         0.93    40336       47876       41366       0          
2026-02-12 14:46:35,882 PerfMonMTSvc                                         INFO Finalize      0.80         0.83         0.96    -65608      24128       709655      0          
2026-02-12 14:46:35,882 PerfMonMTSvc                                         INFO ***************************************************************************************
2026-02-12 14:46:35,882 PerfMonMTSvc                                         INFO Number of events processed:         5
2026-02-12 14:46:35,882 PerfMonMTSvc                                         INFO CPU usage per event [ms]:           2763
2026-02-12 14:46:35,882 PerfMonMTSvc                                         INFO Events per second:                  0.206
2026-02-12 14:46:35,882 PerfMonMTSvc                                         INFO CPU utilization efficiency [%]:     58
2026-02-12 14:46:35,882 PerfMonMTSvc                                         INFO ***************************************************************************************
2026-02-12 14:46:35,882 PerfMonMTSvc                                         INFO Max Vmem:                           5.30 GB
2026-02-12 14:46:35,882 PerfMonMTSvc                                         INFO Max Rss:                            3.73 GB
2026-02-12 14:46:35,882 PerfMonMTSvc                                         INFO Max Pss:                            1.89 GB
2026-02-12 14:46:35,883 PerfMonMTSvc                                         INFO Max Swap:                           0.00 KB
2026-02-12 14:46:35,883 PerfMonMTSvc                                         INFO ***************************************************************************************
2026-02-12 14:46:35,883 PerfMonMTSvc                                         INFO Leak estimate per event Vmem:       0.00 KB
2026-02-12 14:46:35,883 PerfMonMTSvc                                         INFO Leak estimate per event Pss:        0.00 KB
2026-02-12 14:46:35,883 PerfMonMTSvc                                         INFO   >> Estimated using the last 0 measurements from the Event Level Monitoring
2026-02-12 14:46:35,883 PerfMonMTSvc                                         INFO   >> Events prior to the first 25 are omitted...
2026-02-12 14:46:35,883 PerfMonMTSvc                                         INFO =======================================================================================
2026-02-12 14:46:35,883 PerfMonMTSvc                                         INFO                                   System Information                                   
2026-02-12 14:46:35,883 PerfMonMTSvc                                         INFO =======================================================================================
2026-02-12 14:46:35,884 PerfMonMTSvc                                         INFO CPU Model:                          Intel(R) Xeon(R) Gold 6326 CPU @ 2.90GHz 24576 KB
2026-02-12 14:46:35,884 PerfMonMTSvc                                         INFO Number of Available Cores:          32
2026-02-12 14:46:35,884 PerfMonMTSvc                                         INFO Total Memory:                       251.00 GB
2026-02-12 14:46:35,884 PerfMonMTSvc                                         INFO =======================================================================================
2026-02-12 14:46:35,884 PerfMonMTSvc                                         INFO                                Environment Information                                 
2026-02-12 14:46:35,884 PerfMonMTSvc                                         INFO =======================================================================================
2026-02-12 14:46:35,885 PerfMonMTSvc                                         INFO Malloc Library:                     libtcmalloc_minimal.so
2026-02-12 14:46:35,885 PerfMonMTSvc                                         INFO Math Library:                       libimf.so
2026-02-12 14:46:35,885 PerfMonMTSvc                                         INFO =======================================================================================
2026-02-12 14:46:36,057 ApplicationMgr                                       INFO Application Manager Finalized successfully
