2026-02-12 14:03:14,140 AthMpEvtLoopMgr.SharedEvtQueueConsumer               INFO Logs redirected in the AthenaMP event worker PID=1429283
2026-02-12 14:03:14,141 AthMpEvtLoopMgr.SharedEvtQueueConsumer               INFO Io registry updated in the AthenaMP event worker PID=1429283
2026-02-12 14:03:14,147 AthMpEvtLoopMgr.SharedEvtQueueConsumer               INFO File descriptors re-opened in the AthenaMP event worker PID=1429283
2026-02-12 14:03:14,147 PoolSvc                                              INFO I/O reinitialization...
2026-02-12 14:03:14,147 PoolSvc                                              INFO Setting up APR FileCatalog and Streams
2026-02-12 14:03:14,160 PoolSvc                                              INFO Resolved path (via ATLAS_POOLCOND_PATH) is /cvmfs/atlas-condb.cern.ch/repo/conditions/poolcond/PoolFileCatalog.xml
2026-02-12 14:03:14,172 PoolSvc                                              INFO Unable find catalog apcfile:poolcond/PoolCat_oflcond.xml in $ATLAS_POOLCOND_PATH and $DATAPATH
2026-02-12 14:03:14,173 PoolSvc                                              INFO POOL WriteCatalog is xmlcatalog_file:PoolFileCatalog.xml
2026-02-12 14:03:14,415 DbSession                                            INFO     Open     DbSession
2026-02-12 14:03:14,415 Domain[ROOT_All]                                     INFO >   Access   DbDomain     READ      [ROOT_All]
2026-02-12 14:03:14,415 DbSession                                            INFO     Open     DbSession
2026-02-12 14:03:14,415 Domain[ROOT_All]                                     INFO >   Access   DbDomain     READ      [ROOT_All]
2026-02-12 14:03:14,415 MetaDataSvc                                          INFO I/O reinitialization...
2026-02-12 14:03:14,415 MetaDataSvc                                          INFO Attached MetaDataTool: ToolSvc.IOVDbMetaDataTool
2026-02-12 14:03:14,415 MetaDataSvc                                          INFO Attached MetaDataTool: ToolSvc.BookkeeperTool
2026-02-12 14:03:14,415 MetaDataSvc                                          INFO Attached MetaDataTool: ToolSvc.StreamDAOD_PHYS_CopyEventStreamInfo
2026-02-12 14:03:14,415 MetaDataSvc                                          INFO Attached MetaDataTool: ToolSvc.TriggerMenuMetaDataTool
2026-02-12 14:03:14,416 MetaDataSvc                                          INFO Attached MetaDataTool: ToolSvc.TruthMetaDataTool
2026-02-12 14:03:14,416 MetaDataSvc                                          INFO Attached MetaDataTool: ToolSvc.xAODMaker::FileMetaDataTool
2026-02-12 14:03:14,416 MetaDataSvc                                          INFO Attached MetaDataTool: ToolSvc.xAODMaker::EventFormatMetaDataTool
2026-02-12 14:03:14,416 EventSelector                                        INFO I/O reinitialization...
2026-02-12 14:03:14,416 /eos/home-b/bkamgama/draft/Run_sleep_10000/...root   INFO ->  Access   DbDatabase   READ      [ROOT_All] AA21FB28-2672-434E-9813-0D7BE842151D
2026-02-12 14:03:14,429 RootDatabase                                         INFO /eos/home-b/bkamgama/draft/Run_sleep_10000/Compression_QT/DAOD_Compression_Analysis/workspaces/zstd_level1/data/zstd_rntuple_level1.AOD.pool.root File version:1063901
2026-02-12 14:03:14,453 StreamDAOD_PHYS                                      INFO I/O reinitialization...
2026-02-12 14:03:14,454 /eos/home-b/bkamgama/draft/Run_sleep_10000/...root   INFO Database being retired...
2026-02-12 14:03:14,454 /eos/home-b/bkamgama/draft/Run_sleep_10000/...root   INFO ->  Deaccess DbDatabase   READ      [ROOT_All] AA21FB28-2672-434E-9813-0D7BE842151D
2026-02-12 14:03:14,455 Domain[ROOT_All]                                     INFO >   Deaccess DbDomain     READ      [ROOT_All]
2026-02-12 14:03:14,455 DbSession                                            INFO     Open     DbSession
2026-02-12 14:03:14,455 Domain[ROOT_All]                                     INFO >   Access   DbDomain     READ      [ROOT_All]
2026-02-12 14:03:14,455 /eos/home-b/bkamgama/draft/Run_sleep_10000/...root   INFO ->  Access   DbDatabase   READ      [ROOT_All] AA21FB28-2672-434E-9813-0D7BE842151D
2026-02-12 14:03:14,459 RootDatabase                                         INFO /eos/home-b/bkamgama/draft/Run_sleep_10000/Compression_QT/DAOD_Compression_Analysis/workspaces/zstd_level1/data/zstd_rntuple_level1.AOD.pool.root File version:1063901
2026-02-12 14:03:14,476 AthMpEvtLoopMgr.SharedEvtQueueConsumer               INFO Exec function in the AthenaMP worker PID=1429283
2026-02-12 14:03:14,478 AthMpEvtLoopMgr.SharedEvtQueueConsumer               INFO Received from the queue: event num=1 chunk size=1
2026-02-12 14:03:14,479 AthMpEvtLoopMgr.SharedEvtQueueConsumer               INFO Seek to 1 succeeded
2026-02-12 14:03:14,486 ToolSvc.BookkeeperTool                               INFO Preparing local cache for source 'AA21FB28-2672-434E-9813-0D7BE842151D' with 194 variations
2026-02-12 14:03:14,489 ToolSvc.BookkeeperTool                               INFO No incomplete bookkeepers with name 'IncompleteCutBookkeepers' in this file
2026-02-12 14:03:14,489 ToolSvc.BookkeeperTool                               INFO No complete bookkeepers with name 'CutBookkeepers' in this file
2026-02-12 14:03:16,180 AthenaEventLoopMgr                                   INFO   ===>>>  start processing event #334732008, run #450000 0 events processed so far  <<<===
2026-02-12 14:03:16,305 xAODConfigSvc                                        INFO TrigConfxAOD/src/xAODConfigSvc.cxx:940 (StatusCode TrigConf::xAODConfigSvc::prepareEventxAODTriggerMenuJson(const xAOD::TrigConfKeys*, const xAOD::BunchConfKey*, const EventContext&)): Loaded xAOD::TriggerMenuJson configuration:  SMK = 2130037424, L1PSK = 3785439411, HLTPSK = 266086103, BGSK = 707058941
2026-02-12 14:03:16,389 PerfMonMTSvc                                         INFO Event [    1] CPU Time: 00h00m02s, Wall Time: 00h00m54s, Vmem: 5.30 GB, Rss: 3.73 GB, Pss: 1.88 GB, Swap: 0.00 KB
2026-02-12 14:03:16,389 ToolSvc.TrigDecisionTool                             INFO Updating config in slot 0 with SMK: 2130037424 and L1PSK: 3785439411 and HLTPSK: 266086103 and BGSK: 707058941 getForceConfigUpdate()=1 HLT Chains: 2535
2026-02-12 14:03:16,484 ToolSvc.PhysCommonTruthCharmTool                  WARNING Found xAODTruthMetaDataContainer empty! Configuring to be NOT Sherpa.
2026-02-12 14:03:16,485 ToolSvc.PhysCommonTruthCharmTool                     INFO From metadata configured: Sherpa? 0
2026-02-12 14:03:22,914 ToolSvc.DFCommonBornLeptonCollTool                   INFO From metadata configured: Sherpa? 0
2026-02-12 14:03:23,701 ToolSvc.xAODTrackParticleCompressorTool              INFO Initialising
2026-02-12 14:03:23,701 ToolSvc.xAODTrackParticleCompressorTool              INFO   OffDiagCovMatrixBits = 23
2026-02-12 14:03:23,702 ToolSvc.xAODTrackParticleCompressorTool              INFO   DiagCovMatrixBits    = 23
2026-02-12 14:03:23,702 ToolSvc.xAODTrackParticleCompressorTool              INFO   UseOffDiagCompr = 0
2026-02-12 14:03:24,194 xAODClusterCompressor                                INFO Compression of ClusterMoments to 16 bits enabled
2026-02-12 14:03:24,194 AthenaPoolConverter                                  INFO Retrieved compression tool
WARNING from FastJet: Recluster: the original cluster sequence is lacking explicit ghosts; area support will no longer be available after re-clustering
WARNING from FastJet: Recluster: the original cluster sequence is lacking explicit ghosts; area support will no longer be available after re-clustering
WARNING from FastJet: Recluster: the original cluster sequence is lacking explicit ghosts; area support will no longer be available after re-clustering
2026-02-12 14:03:25,558 ClassIDSvc                                           INFO getRegistryEntries: read 2784 CLIDRegistry entries for module ALL
xAOD::AuxSelection WARNING Selected dynamic Aux atribute "DFCommonJets_eventClean_LooseBadLLP" not found in the registry
xAOD::AuxSelection WARNING Selected dynamic Aux atribute "HTXS_Higgs_decay_eta" not found in the registry
xAOD::AuxSelection WARNING Selected dynamic Aux atribute "HTXS_Higgs_decay_m" not found in the registry
xAOD::AuxSelection WARNING Selected dynamic Aux atribute "HTXS_Higgs_decay_phi" not found in the registry
xAOD::AuxSelection WARNING Selected dynamic Aux atribute "HTXS_Higgs_decay_pt" not found in the registry
xAOD::AuxSelection WARNING Selected dynamic Aux atribute "HTXS_Higgs_eta" not found in the registry
xAOD::AuxSelection WARNING Selected dynamic Aux atribute "HTXS_Higgs_m" not found in the registry
xAOD::AuxSelection WARNING Selected dynamic Aux atribute "HTXS_Higgs_phi" not found in the registry
xAOD::AuxSelection WARNING Selected dynamic Aux atribute "HTXS_Higgs_pt" not found in the registry
xAOD::AuxSelection WARNING Selected dynamic Aux atribute "HTXS_Njets_pTjet25" not found in the registry
xAOD::AuxSelection WARNING Selected dynamic Aux atribute "HTXS_Njets_pTjet30" not found in the registry
xAOD::AuxSelection WARNING Selected dynamic Aux atribute "HTXS_Stage0_Category" not found in the registry
xAOD::AuxSelection WARNING Selected dynamic Aux atribute "HTXS_Stage1_2_Category_pTjet25" not found in the registry
xAOD::AuxSelection WARNING Selected dynamic Aux atribute "HTXS_Stage1_2_Category_pTjet30" not found in the registry
xAOD::AuxSelection WARNING Selected dynamic Aux atribute "HTXS_Stage1_2_FineIndex_pTjet25" not found in the registry
xAOD::AuxSelection WARNING Selected dynamic Aux atribute "HTXS_Stage1_2_FineIndex_pTjet30" not found in the registry
xAOD::AuxSelection WARNING Selected dynamic Aux atribute "HTXS_Stage1_2_Fine_Category_pTjet25" not found in the registry
xAOD::AuxSelection WARNING Selected dynamic Aux atribute "HTXS_Stage1_2_Fine_Category_pTjet30" not found in the registry
xAOD::AuxSelection WARNING Selected dynamic Aux atribute "HTXS_Stage1_2_Fine_FineIndex_pTjet25" not found in the registry
xAOD::AuxSelection WARNING Selected dynamic Aux atribute "HTXS_Stage1_2_Fine_FineIndex_pTjet30" not found in the registry
xAOD::AuxSelection WARNING Selected dynamic Aux atribute "HTXS_Stage1_Category_pTjet25" not found in the registry
xAOD::AuxSelection WARNING Selected dynamic Aux atribute "HTXS_Stage1_Category_pTjet30" not found in the registry
xAOD::AuxSelection WARNING Selected dynamic Aux atribute "HTXS_Stage1_FineIndex_pTjet25" not found in the registry
xAOD::AuxSelection WARNING Selected dynamic Aux atribute "HTXS_Stage1_FineIndex_pTjet30" not found in the registry
xAOD::AuxSelection WARNING Selected dynamic Aux atribute "HTXS_V_decay_eta" not found in the registry
xAOD::AuxSelection WARNING Selected dynamic Aux atribute "HTXS_V_decay_m" not found in the registry
xAOD::AuxSelection WARNING Selected dynamic Aux atribute "HTXS_V_decay_phi" not found in the registry
xAOD::AuxSelection WARNING Selected dynamic Aux atribute "HTXS_V_decay_pt" not found in the registry
xAOD::AuxSelection WARNING Selected dynamic Aux atribute "HTXS_V_eta" not found in the registry
xAOD::AuxSelection WARNING Selected dynamic Aux atribute "HTXS_V_jets25_eta" not found in the registry
xAOD::AuxSelection WARNING Selected dynamic Aux atribute "HTXS_V_jets25_m" not found in the registry
xAOD::AuxSelection WARNING Selected dynamic Aux atribute "HTXS_V_jets25_phi" not found in the registry
xAOD::AuxSelection WARNING Selected dynamic Aux atribute "HTXS_V_jets25_pt" not found in the registry
xAOD::AuxSelection WARNING Selected dynamic Aux atribute "HTXS_V_jets30_eta" not found in the registry
xAOD::AuxSelection WARNING Selected dynamic Aux atribute "HTXS_V_jets30_m" not found in the registry
xAOD::AuxSelection WARNING Selected dynamic Aux atribute "HTXS_V_jets30_phi" not found in the registry
xAOD::AuxSelection WARNING Selected dynamic Aux atribute "HTXS_V_jets30_pt" not found in the registry
xAOD::AuxSelection WARNING Selected dynamic Aux atribute "HTXS_V_m" not found in the registry
xAOD::AuxSelection WARNING Selected dynamic Aux atribute "HTXS_V_phi" not found in the registry
xAOD::AuxSelection WARNING Selected dynamic Aux atribute "HTXS_V_pt" not found in the registry
xAOD::AuxSelection WARNING Selected dynamic Aux atribute "HTXS_errorCode" not found in the registry
xAOD::AuxSelection WARNING Selected dynamic Aux atribute "HTXS_isZ2vvDecay" not found in the registry
xAOD::AuxSelection WARNING Selected dynamic Aux atribute "truthClassification" not found in the registry
xAOD::AuxSelection WARNING Selected dynamic Aux atribute "f_cluster_core" not found in the registry
xAOD::AuxSelection WARNING Selected dynamic Aux atribute "DFCommonGoodMuon" not found in the registry
xAOD::AuxSelection WARNING Selected dynamic Aux atribute "absipSigLeadTrk" not found in the registry
xAOD::AuxSelection WARNING Selected dynamic Aux atribute "DecayModeVector" not found in the registry
xAOD::AuxSelection WARNING Selected dynamic Aux atribute "IsHadronicTau" not found in the registry
xAOD::AuxSelection WARNING Selected dynamic Aux atribute "decay_vertex_x" not found in the registry
xAOD::AuxSelection WARNING Selected dynamic Aux atribute "decay_vertex_y" not found in the registry
xAOD::AuxSelection WARNING Selected dynamic Aux atribute "decay_vertex_z" not found in the registry
xAOD::AuxSelection WARNING Selected dynamic Aux atribute "eta_invis" not found in the registry
xAOD::AuxSelection WARNING Selected dynamic Aux atribute "eta_vis_neutral" not found in the registry
xAOD::AuxSelection WARNING Selected dynamic Aux atribute "m_invis" not found in the registry
xAOD::AuxSelection WARNING Selected dynamic Aux atribute "m_vis_neutral" not found in the registry
xAOD::AuxSelection WARNING Selected dynamic Aux atribute "numCharged" not found in the registry
xAOD::AuxSelection WARNING Selected dynamic Aux atribute "numChargedPion" not found in the registry
xAOD::AuxSelection WARNING Selected dynamic Aux atribute "numNeutral" not found in the registry
xAOD::AuxSelection WARNING Selected dynamic Aux atribute "numNeutralPion" not found in the registry
xAOD::AuxSelection WARNING Selected dynamic Aux atribute "phi_invis" not found in the registry
xAOD::AuxSelection WARNING Selected dynamic Aux atribute "phi_vis_neutral" not found in the registry
xAOD::AuxSelection WARNING Selected dynamic Aux atribute "prod_vertex_x" not found in the registry
xAOD::AuxSelection WARNING Selected dynamic Aux atribute "prod_vertex_y" not found in the registry
xAOD::AuxSelection WARNING Selected dynamic Aux atribute "prod_vertex_z" not found in the registry
xAOD::AuxSelection WARNING Selected dynamic Aux atribute "pt_invis" not found in the registry
xAOD::AuxSelection WARNING Selected dynamic Aux atribute "pt_vis_neutral" not found in the registry
xAOD::AuxSelection WARNING Selected dynamic Aux atribute "GN3XPV01_pqcd" not found in the registry
xAOD::AuxSelection WARNING Selected dynamic Aux atribute "bJR10v00_mass" not found in the registry
xAOD::AuxSelection WARNING Selected dynamic Aux atribute "bJR10v00_pt" not found in the registry
xAOD::AuxSelection WARNING Selected dynamic Aux atribute "PartonTruthLabelTruthLabelBarcode" not found in the registry
xAOD::AuxSelection WARNING Selected dynamic Aux atribute "PartonTruthLabelTruthLabelDR" not found in the registry
xAOD::AuxSelection WARNING Selected dynamic Aux atribute "PartonTruthLabelTruthLabelID" not found in the registry
xAOD::AuxSelection WARNING Selected dynamic Aux atribute "PartonTruthLabelTruthLabelLxy" not found in the registry
xAOD::AuxSelection WARNING Selected dynamic Aux atribute "PartonTruthLabelTruthLabelPdgId" not found in the registry
xAOD::AuxSelection WARNING Selected dynamic Aux atribute "PartonTruthLabelTruthLabelPt" not found in the registry
2026-02-12 14:03:25,942 copyAuxStoreThinned                               WARNING AthContainers/src/copyAuxStoreThinned.cxx:138: unlocked decoration UEcorr_Pt (955) in object of type xAOD::ElectronAuxContainer_v3
2026-02-12 14:03:25,986 ClassIDSvc                                           INFO getRegistryEntries: read 471 CLIDRegistry entries for module ALL
2026-02-12 14:03:26,069 AthenaEventLoopMgr                                   INFO   ===>>>  done processing event #334732008, run #450000 1 events processed so far  <<<===
2026-02-12 14:03:26,083 PoolSvc                                           WARNING connect: Using default input Stream instead of id = 4294967295
2026-02-12 14:03:26,083 AthMpEvtLoopMgr.SharedEvtQueueConsumer               INFO Received from the queue: event num=2 chunk size=1
2026-02-12 14:03:26,083 AthMpEvtLoopMgr.SharedEvtQueueConsumer               INFO Seek to 2 succeeded
2026-02-12 14:03:26,190 ToolSvc.DFCommonMuonsSelector                     WARNING MuonSelectionTool currently supports Loose, Medium, Tight, HighPt, and LowPtEfficiency WPs for Run3; all other WPs can only be used in ExpertDevelopMode mode
WARNING from FastJet: Recluster: the original cluster sequence is lacking explicit ghosts; area support will no longer be available after re-clustering
WARNING from FastJet: Recluster: the original cluster sequence is lacking explicit ghosts; area support will no longer be available after re-clustering (LAST SUCH WARNING)
2026-02-12 14:03:26,985 copyAuxStoreThinned                               WARNING AthContainers/src/copyAuxStoreThinned.cxx:138: unlocked decoration UEcorr_Pt (955) in object of type xAOD::ElectronAuxContainer_v3
2026-02-12 14:03:26,988 copyAuxStoreThinned                               WARNING AthContainers/src/copyAuxStoreThinned.cxx:138: unlocked decoration UEcorr_Pt (955) in object of type xAOD::MuonAuxContainer_v5
2026-02-12 14:03:27,007 AthMpEvtLoopMgr.SharedEvtQueueConsumer               INFO Received from the queue: event num=3 chunk size=1
2026-02-12 14:03:27,007 AthMpEvtLoopMgr.SharedEvtQueueConsumer               INFO Seek to 3 succeeded
2026-02-12 14:03:27,949 copyAuxStoreThinned                               WARNING AthContainers/src/copyAuxStoreThinned.cxx:138: unlocked decoration UEcorr_Pt (955) in object of type xAOD::ElectronAuxContainer_v3
2026-02-12 14:03:27,952 copyAuxStoreThinned                               WARNING AthContainers/src/copyAuxStoreThinned.cxx:138: unlocked decoration UEcorr_Pt (955) in object of type xAOD::MuonAuxContainer_v5
2026-02-12 14:03:27,970 AthMpEvtLoopMgr.SharedEvtQueueConsumer               INFO Received from the queue: event num=4 chunk size=1
2026-02-12 14:03:27,970 AthMpEvtLoopMgr.SharedEvtQueueConsumer               INFO Seek to 4 succeeded
2026-02-12 14:03:28,748 copyAuxStoreThinned                               WARNING AthContainers/src/copyAuxStoreThinned.cxx:138: unlocked decoration UEcorr_Pt (955) in object of type xAOD::ElectronAuxContainer_v3
2026-02-12 14:03:28,769 AthMpEvtLoopMgr.SharedEvtQueueConsumer               INFO Received from the queue: event num=6 chunk size=1
2026-02-12 14:03:28,769 AthMpEvtLoopMgr.SharedEvtQueueConsumer               INFO Seek to 6 succeeded
2026-02-12 14:03:29,632 copyAuxStoreThinned                               WARNING AthContainers/src/copyAuxStoreThinned.cxx:138: unlocked decoration UEcorr_Pt (955) in object of type xAOD::ElectronAuxContainer_v3
2026-02-12 14:03:29,636 copyAuxStoreThinned                               WARNING AthContainers/src/copyAuxStoreThinned.cxx:138: unlocked decoration UEcorr_Pt (955) in object of type xAOD::MuonAuxContainer_v5
2026-02-12 14:03:29,653 AthMpEvtLoopMgr.SharedEvtQueueConsumer               INFO Received from the queue: event num=8 chunk size=1
2026-02-12 14:03:29,653 AthMpEvtLoopMgr.SharedEvtQueueConsumer               INFO Seek to 8 succeeded
2026-02-12 14:03:30,582 copyAuxStoreThinned                               WARNING AthContainers/src/copyAuxStoreThinned.cxx:138: unlocked decoration UEcorr_Pt (955) in object of type xAOD::ElectronAuxContainer_v3
2026-02-12 14:03:30,586 copyAuxStoreThinned                               WARNING AthContainers/src/copyAuxStoreThinned.cxx:138: unlocked decoration UEcorr_Pt (955) in object of type xAOD::MuonAuxContainer_v5
2026-02-12 14:03:30,771 AthMpEvtLoopMgr.SharedEvtQueueConsumer               INFO Fin function in the AthenaMP worker PID=1429283
2026-02-12 14:03:30,785 ToolSvc.BookkeeperTool                               INFO Successfully copied CutBookkeepers to the output MetaDataStore
2026-02-12 14:03:30,845 /eos/home-b/bkamgama/draft/Run_sleep_10000/...root   INFO Database being retired...
2026-02-12 14:03:31,301 /eos/home-b/bkamgama/draft/Run_sleep_10000/...root   INFO ->  Deaccess DbDatabase   READ      [ROOT_All] AA21FB28-2672-434E-9813-0D7BE842151D
2026-02-12 14:03:31,302 AthenaPoolSharedIOCnvSvc.OutputStreamingTool         INFO in stop()
2026-02-12 14:03:31,302 AthenaPoolSharedIOCnvSvc.OutputStreamingTool         INFO Client stop() inform Server: 2
2026-02-12 14:03:31,332 ApplicationMgr                                       INFO Application Manager Stopped successfully
2026-02-12 14:03:31,424 CondInputLoader                                      INFO Finalizing CondInputLoader...
2026-02-12 14:03:31,425 MCTruthClassificationKernel                          INFO ============================================================================
2026-02-12 14:03:31,425 MCTruthClassificationKernel                          INFO  The following CP tools were called by MCTruthClassificationKernel for the whole train:
2026-02-12 14:03:31,425 MCTruthClassificationKernel                          INFO ToolSvc.DFCommonTruthClassificationTool
2026-02-12 14:03:31,425 MCTruthClassificationKernel                          INFO ============================================================================
2026-02-12 14:03:31,425 PhysCommonTruthCharmKernel                           INFO ============================================================================
2026-02-12 14:03:31,425 PhysCommonTruthCharmKernel                           INFO  The following CP tools were called by PhysCommonTruthCharmKernel for the whole train:
2026-02-12 14:03:31,425 PhysCommonTruthCharmKernel                           INFO ToolSvc.PhysCommonTruthCharmTool
2026-02-12 14:03:31,425 PhysCommonTruthCharmKernel                           INFO ============================================================================
2026-02-12 14:03:31,425 MCTruthCommonHFAndDecaysKernel                       INFO ============================================================================
2026-02-12 14:03:31,426 MCTruthCommonHFAndDecaysKernel                       INFO  The following CP tools were called by MCTruthCommonHFAndDecaysKernel for the whole train:
2026-02-12 14:03:31,426 MCTruthCommonHFAndDecaysKernel                       INFO ToolSvc.DFCommonHFAndDecaysTool
2026-02-12 14:03:31,426 MCTruthCommonHFAndDecaysKernel                       INFO ============================================================================
2026-02-12 14:03:31,426 DFCommonTruthMetaDataWriterKernel                    INFO ============================================================================
2026-02-12 14:03:31,426 DFCommonTruthMetaDataWriterKernel                    INFO  The following CP tools were called by DFCommonTruthMetaDataWriterKernel for the whole train:
2026-02-12 14:03:31,426 DFCommonTruthMetaDataWriterKernel                    INFO ToolSvc.DFCommonTruthMetaDataWriter
2026-02-12 14:03:31,426 DFCommonTruthMetaDataWriterKernel                    INFO ============================================================================
2026-02-12 14:03:31,426 MCTruthCommonPreJetKernelNo1                         INFO ============================================================================
2026-02-12 14:03:31,426 MCTruthCommonPreJetKernelNo1                         INFO  The following CP tools were called by MCTruthCommonPreJetKernelNo1 for the whole train:
2026-02-12 14:03:31,426 MCTruthCommonPreJetKernelNo1                         INFO ToolSvc.DFCommonTruthMuonTool
2026-02-12 14:03:31,426 MCTruthCommonPreJetKernelNo1                         INFO ============================================================================
2026-02-12 14:03:31,426 MCTruthCommonPreJetKernelNo2                         INFO ============================================================================
2026-02-12 14:03:31,426 MCTruthCommonPreJetKernelNo2                         INFO  The following CP tools were called by MCTruthCommonPreJetKernelNo2 for the whole train:
2026-02-12 14:03:31,426 MCTruthCommonPreJetKernelNo2                         INFO ToolSvc.DFCommonTruthElectronTool
2026-02-12 14:03:31,426 MCTruthCommonPreJetKernelNo2                         INFO ============================================================================
2026-02-12 14:03:31,426 MCTruthCommonPreJetKernelNo3                         INFO ============================================================================
2026-02-12 14:03:31,426 MCTruthCommonPreJetKernelNo3                         INFO  The following CP tools were called by MCTruthCommonPreJetKernelNo3 for the whole train:
2026-02-12 14:03:31,427 MCTruthCommonPreJetKernelNo3                         INFO ToolSvc.DFCommonTruthPhotonToolSim
2026-02-12 14:03:31,427 MCTruthCommonPreJetKernelNo3                         INFO ============================================================================
2026-02-12 14:03:31,427 MCTruthCommonPreJetKernelNo4                         INFO ============================================================================
2026-02-12 14:03:31,427 MCTruthCommonPreJetKernelNo4                         INFO  The following CP tools were called by MCTruthCommonPreJetKernelNo4 for the whole train:
2026-02-12 14:03:31,427 MCTruthCommonPreJetKernelNo4                         INFO ToolSvc.DFCommonTruthNeutrinoTool
2026-02-12 14:03:31,427 MCTruthCommonPreJetKernelNo4                         INFO ============================================================================
2026-02-12 14:03:31,427 MCTruthCommonPreJetKernelNo5                         INFO ============================================================================
2026-02-12 14:03:31,427 MCTruthCommonPreJetKernelNo5                         INFO  The following CP tools were called by MCTruthCommonPreJetKernelNo5 for the whole train:
2026-02-12 14:03:31,427 MCTruthCommonPreJetKernelNo5                         INFO ToolSvc.DFCommonTruthBottomTool
2026-02-12 14:03:31,427 MCTruthCommonPreJetKernelNo5                         INFO ============================================================================
2026-02-12 14:03:31,427 MCTruthCommonPreJetKernelNo6                         INFO ============================================================================
2026-02-12 14:03:31,427 MCTruthCommonPreJetKernelNo6                         INFO  The following CP tools were called by MCTruthCommonPreJetKernelNo6 for the whole train:
2026-02-12 14:03:31,427 MCTruthCommonPreJetKernelNo6                         INFO ToolSvc.DFCommonTruthTopTool
2026-02-12 14:03:31,427 MCTruthCommonPreJetKernelNo6                         INFO ============================================================================
2026-02-12 14:03:31,427 MCTruthCommonPreJetKernelNo7                         INFO ============================================================================
2026-02-12 14:03:31,427 MCTruthCommonPreJetKernelNo7                         INFO  The following CP tools were called by MCTruthCommonPreJetKernelNo7 for the whole train:
2026-02-12 14:03:31,427 MCTruthCommonPreJetKernelNo7                         INFO ToolSvc.DFCommonTruthBosonTool
2026-02-12 14:03:31,428 MCTruthCommonPreJetKernelNo7                         INFO ============================================================================
2026-02-12 14:03:31,428 MCTruthCommonPreJetKernelNo8                         INFO ============================================================================
2026-02-12 14:03:31,428 MCTruthCommonPreJetKernelNo8                         INFO  The following CP tools were called by MCTruthCommonPreJetKernelNo8 for the whole train:
2026-02-12 14:03:31,428 MCTruthCommonPreJetKernelNo8                         INFO ToolSvc.DFCommonTruthBSMTool
2026-02-12 14:03:31,428 MCTruthCommonPreJetKernelNo8                         INFO ============================================================================
2026-02-12 14:03:31,428 MCTruthCommonPreJetKernelNo9                         INFO ============================================================================
2026-02-12 14:03:31,428 MCTruthCommonPreJetKernelNo9                         INFO  The following CP tools were called by MCTruthCommonPreJetKernelNo9 for the whole train:
2026-02-12 14:03:31,428 MCTruthCommonPreJetKernelNo9                         INFO ToolSvc.DFCommonTruthElectronIsolationTool1
2026-02-12 14:03:31,428 MCTruthCommonPreJetKernelNo9                         INFO ============================================================================
2026-02-12 14:03:31,428 MCTruthCommonPreJetKernelNo10                        INFO ============================================================================
2026-02-12 14:03:31,428 MCTruthCommonPreJetKernelNo10                        INFO  The following CP tools were called by MCTruthCommonPreJetKernelNo10 for the whole train:
2026-02-12 14:03:31,428 MCTruthCommonPreJetKernelNo10                        INFO ToolSvc.DFCommonTruthElectronIsolationTool2
2026-02-12 14:03:31,428 MCTruthCommonPreJetKernelNo10                        INFO ============================================================================
2026-02-12 14:03:31,428 MCTruthCommonPreJetKernelNo11                        INFO ============================================================================
2026-02-12 14:03:31,428 MCTruthCommonPreJetKernelNo11                        INFO  The following CP tools were called by MCTruthCommonPreJetKernelNo11 for the whole train:
2026-02-12 14:03:31,428 MCTruthCommonPreJetKernelNo11                        INFO ToolSvc.DFCommonTruthMuonIsolationTool1
2026-02-12 14:03:31,428 MCTruthCommonPreJetKernelNo11                        INFO ============================================================================
2026-02-12 14:03:31,428 MCTruthCommonPreJetKernelNo12                        INFO ============================================================================
2026-02-12 14:03:31,429 MCTruthCommonPreJetKernelNo12                        INFO  The following CP tools were called by MCTruthCommonPreJetKernelNo12 for the whole train:
2026-02-12 14:03:31,429 MCTruthCommonPreJetKernelNo12                        INFO ToolSvc.DFCommonTruthMuonIsolationTool2
2026-02-12 14:03:31,429 MCTruthCommonPreJetKernelNo12                        INFO ============================================================================
2026-02-12 14:03:31,429 MCTruthCommonPreJetKernelNo13                        INFO ============================================================================
2026-02-12 14:03:31,429 MCTruthCommonPreJetKernelNo13                        INFO  The following CP tools were called by MCTruthCommonPreJetKernelNo13 for the whole train:
2026-02-12 14:03:31,429 MCTruthCommonPreJetKernelNo13                        INFO ToolSvc.DFCommonTruthPhotonIsolationTool1
2026-02-12 14:03:31,429 MCTruthCommonPreJetKernelNo13                        INFO ============================================================================
2026-02-12 14:03:31,429 MCTruthCommonPreJetKernelNo14                        INFO ============================================================================
2026-02-12 14:03:31,429 MCTruthCommonPreJetKernelNo14                        INFO  The following CP tools were called by MCTruthCommonPreJetKernelNo14 for the whole train:
2026-02-12 14:03:31,429 MCTruthCommonPreJetKernelNo14                        INFO ToolSvc.DFCommonTruthPhotonIsolationTool2
2026-02-12 14:03:31,429 MCTruthCommonPreJetKernelNo14                        INFO ============================================================================
2026-02-12 14:03:31,429 MCTruthCommonPreJetKernelNo15                        INFO ============================================================================
2026-02-12 14:03:31,429 MCTruthCommonPreJetKernelNo15                        INFO  The following CP tools were called by MCTruthCommonPreJetKernelNo15 for the whole train:
2026-02-12 14:03:31,429 MCTruthCommonPreJetKernelNo15                        INFO ToolSvc.DFCommonTruthPhotonIsolationTool3
2026-02-12 14:03:31,429 MCTruthCommonPreJetKernelNo15                        INFO ============================================================================
2026-02-12 14:03:31,429 MCTruthCommonPreJetKernelNo16                        INFO ============================================================================
2026-02-12 14:03:31,429 MCTruthCommonPreJetKernelNo16                        INFO  The following CP tools were called by MCTruthCommonPreJetKernelNo16 for the whole train:
2026-02-12 14:03:31,429 MCTruthCommonPreJetKernelNo16                        INFO ToolSvc.DFCommonTruthForwardProtonTool
2026-02-12 14:03:31,430 MCTruthCommonPreJetKernelNo16                        INFO ============================================================================
2026-02-12 14:03:31,430 MCTruthCommonPreJetKernelNo17                        INFO ============================================================================
2026-02-12 14:03:31,430 MCTruthCommonPreJetKernelNo17                        INFO  The following CP tools were called by MCTruthCommonPreJetKernelNo17 for the whole train:
2026-02-12 14:03:31,430 MCTruthCommonPreJetKernelNo17                        INFO ToolSvc.DFCommonTruthElectronDressingTool
2026-02-12 14:03:31,430 MCTruthCommonPreJetKernelNo17                        INFO ============================================================================
2026-02-12 14:03:31,430 MCTruthCommonPreJetKernelNo18                        INFO ============================================================================
2026-02-12 14:03:31,430 MCTruthCommonPreJetKernelNo18                        INFO  The following CP tools were called by MCTruthCommonPreJetKernelNo18 for the whole train:
2026-02-12 14:03:31,430 MCTruthCommonPreJetKernelNo18                        INFO ToolSvc.DFCommonTruthMuonDressingTool
2026-02-12 14:03:31,430 MCTruthCommonPreJetKernelNo18                        INFO ============================================================================
2026-02-12 14:03:31,431 TauTruthCommonKernel2                                INFO ============================================================================
2026-02-12 14:03:31,431 TauTruthCommonKernel2                                INFO  The following CP tools were called by TauTruthCommonKernel2 for the whole train:
2026-02-12 14:03:31,431 TauTruthCommonKernel2                                INFO ToolSvc.DFCommonTauJetsTruthMatchingWrapper
2026-02-12 14:03:31,431 TauTruthCommonKernel2                                INFO ============================================================================
2026-02-12 14:03:31,431 MCTruthCommonPostJetKernelNo1                        INFO ============================================================================
2026-02-12 14:03:31,431 MCTruthCommonPostJetKernelNo1                        INFO  The following CP tools were called by MCTruthCommonPostJetKernelNo1 for the whole train:
2026-02-12 14:03:31,431 MCTruthCommonPostJetKernelNo1                        INFO ToolSvc.DFCommonTruthTauDressingTool
2026-02-12 14:03:31,431 MCTruthCommonPostJetKernelNo1                        INFO ============================================================================
2026-02-12 14:03:31,432 MCTruthCommonPostJetKernelNo2                        INFO ============================================================================
2026-02-12 14:03:31,432 MCTruthCommonPostJetKernelNo2                        INFO  The following CP tools were called by MCTruthCommonPostJetKernelNo2 for the whole train:
2026-02-12 14:03:31,432 MCTruthCommonPostJetKernelNo2                        INFO ToolSvc.DFCommonTruthGenFilt
2026-02-12 14:03:31,432 MCTruthCommonPostJetKernelNo2                        INFO ============================================================================
2026-02-12 14:03:31,432 MCTruthCommonPostJetKernelNo3                        INFO ============================================================================
2026-02-12 14:03:31,432 MCTruthCommonPostJetKernelNo3                        INFO  The following CP tools were called by MCTruthCommonPostJetKernelNo3 for the whole train:
2026-02-12 14:03:31,432 MCTruthCommonPostJetKernelNo3                        INFO ToolSvc.DFCommonTruthDressedWZQGLabelTool
2026-02-12 14:03:31,432 MCTruthCommonPostJetKernelNo3                        INFO ============================================================================
2026-02-12 14:03:31,432 MCTruthNavigationDecoratorKernel                     INFO ============================================================================
2026-02-12 14:03:31,432 MCTruthNavigationDecoratorKernel                     INFO  The following CP tools were called by MCTruthNavigationDecoratorKernel for the whole train:
2026-02-12 14:03:31,432 MCTruthNavigationDecoratorKernel                     INFO ToolSvc.DFCommonTruthNavigationDecorator
2026-02-12 14:03:31,432 MCTruthNavigationDecoratorKernel                     INFO ============================================================================
2026-02-12 14:03:31,432 MCTruthCommonBosonsAndDecaysKernel                   INFO ============================================================================
2026-02-12 14:03:31,432 MCTruthCommonBosonsAndDecaysKernel                   INFO  The following CP tools were called by MCTruthCommonBosonsAndDecaysKernel for the whole train:
2026-02-12 14:03:31,432 MCTruthCommonBosonsAndDecaysKernel                   INFO ToolSvc.DFCommonBosonsAndDecaysTool
2026-02-12 14:03:31,432 MCTruthCommonBosonsAndDecaysKernel                   INFO ============================================================================
2026-02-12 14:03:31,433 MCTruthCommonBSMAndDecaysKernel                      INFO ============================================================================
2026-02-12 14:03:31,433 MCTruthCommonBSMAndDecaysKernel                      INFO  The following CP tools were called by MCTruthCommonBSMAndDecaysKernel for the whole train:
2026-02-12 14:03:31,433 MCTruthCommonBSMAndDecaysKernel                      INFO ToolSvc.DFCommonBSMAndDecaysTool
2026-02-12 14:03:31,433 MCTruthCommonBSMAndDecaysKernel                      INFO ============================================================================
2026-02-12 14:03:31,433 MCTruthCommonBornLeptonsKernel                       INFO ============================================================================
2026-02-12 14:03:31,433 MCTruthCommonBornLeptonsKernel                       INFO  The following CP tools were called by MCTruthCommonBornLeptonsKernel for the whole train:
2026-02-12 14:03:31,433 MCTruthCommonBornLeptonsKernel                       INFO ToolSvc.DFCommonBornLeptonCollTool
2026-02-12 14:03:31,433 MCTruthCommonBornLeptonsKernel                       INFO ============================================================================
2026-02-12 14:03:31,433 MiniCollectionTruthLinkKernelNo1                     INFO ============================================================================
2026-02-12 14:03:31,433 MiniCollectionTruthLinkKernelNo1                     INFO  The following CP tools were called by MiniCollectionTruthLinkKernelNo1 for the whole train:
2026-02-12 14:03:31,433 MiniCollectionTruthLinkKernelNo1                     INFO ToolSvc.ElMiniCollectionTruthLinkTool
2026-02-12 14:03:31,433 MiniCollectionTruthLinkKernelNo1                     INFO ============================================================================
2026-02-12 14:03:31,433 MiniCollectionTruthLinkKernelNo2                     INFO ============================================================================
2026-02-12 14:03:31,433 MiniCollectionTruthLinkKernelNo2                     INFO  The following CP tools were called by MiniCollectionTruthLinkKernelNo2 for the whole train:
2026-02-12 14:03:31,433 MiniCollectionTruthLinkKernelNo2                     INFO ToolSvc.PhMiniCollectionTruthLinkTool
2026-02-12 14:03:31,433 MiniCollectionTruthLinkKernelNo2                     INFO ============================================================================
2026-02-12 14:03:31,433 MiniCollectionTruthLinkKernelNo3                     INFO ============================================================================
2026-02-12 14:03:31,433 MiniCollectionTruthLinkKernelNo3                     INFO  The following CP tools were called by MiniCollectionTruthLinkKernelNo3 for the whole train:
2026-02-12 14:03:31,433 MiniCollectionTruthLinkKernelNo3                     INFO ToolSvc.MuMiniCollectionTruthLinkTool
2026-02-12 14:03:31,434 MiniCollectionTruthLinkKernelNo3                     INFO ============================================================================
2026-02-12 14:03:31,434 MCTruthCommonTruthPVCollKernel                       INFO ============================================================================
2026-02-12 14:03:31,434 MCTruthCommonTruthPVCollKernel                       INFO  The following CP tools were called by MCTruthCommonTruthPVCollKernel for the whole train:
2026-02-12 14:03:31,434 MCTruthCommonTruthPVCollKernel                       INFO ToolSvc.DFCommonTruthPVCollTool
2026-02-12 14:03:31,434 MCTruthCommonTruthPVCollKernel                       INFO ============================================================================
2026-02-12 14:03:31,434 DFCommonHSDecorator                                  INFO ============================================================================
2026-02-12 14:03:31,434 DFCommonHSDecorator                                  INFO  The following CP tools were called by DFCommonHSDecorator for the whole train:
2026-02-12 14:03:31,434 DFCommonHSDecorator                                  INFO ToolSvc.HardScatterDecorTool
2026-02-12 14:03:31,434 DFCommonHSDecorator                                  INFO ============================================================================
2026-02-12 14:03:31,434 InDetCommonKernelDFCommonTrackSelection              INFO ============================================================================
2026-02-12 14:03:31,434 InDetCommonKernelDFCommonTrackSelection              INFO  The following CP tools were called by InDetCommonKernelDFCommonTrackSelection for the whole train:
2026-02-12 14:03:31,434 InDetCommonKernelDFCommonTrackSelection              INFO ToolSvc.DFCommonTrackSelection
2026-02-12 14:03:31,434 InDetCommonKernelDFCommonTrackSelection              INFO ============================================================================
2026-02-12 14:03:31,434 InDetCommonKernelDFCommonZ0AtPV                      INFO ============================================================================
2026-02-12 14:03:31,434 InDetCommonKernelDFCommonZ0AtPV                      INFO  The following CP tools were called by InDetCommonKernelDFCommonZ0AtPV for the whole train:
2026-02-12 14:03:31,434 InDetCommonKernelDFCommonZ0AtPV                      INFO ToolSvc.DFCommonZ0AtPV
2026-02-12 14:03:31,434 InDetCommonKernelDFCommonZ0AtPV                      INFO ============================================================================
2026-02-12 14:03:31,435 InDetCommonKernelDFCommonUsedInFitDecorator          INFO ============================================================================
2026-02-12 14:03:31,435 InDetCommonKernelDFCommonUsedInFitDecorator          INFO  The following CP tools were called by InDetCommonKernelDFCommonUsedInFitDecorator for the whole train:
2026-02-12 14:03:31,435 InDetCommonKernelDFCommonUsedInFitDecorator          INFO ToolSvc.DFCommonUsedInFitDecorator
2026-02-12 14:03:31,435 InDetCommonKernelDFCommonUsedInFitDecorator          INFO ============================================================================
2026-02-12 14:03:31,435 DFCommonMuonsKernel                                  INFO ============================================================================
2026-02-12 14:03:31,435 DFCommonMuonsKernel                                  INFO  The following CP tools were called by DFCommonMuonsKernel for the whole train:
2026-02-12 14:03:31,435 DFCommonMuonsKernel                                  INFO ToolSvc.DFCommonMuonToolWrapperIDCuts
2026-02-12 14:03:31,435 DFCommonMuonsKernel                                  INFO ToolSvc.DFCommonMuonToolWrapperPreselection
2026-02-12 14:03:31,435 DFCommonMuonsKernel                                  INFO ============================================================================
2026-02-12 14:03:31,435 IsolationBuilderNonpro...All_MaxWeightLooseCone500   INFO Finalizing IsolationBuilderNonprompt_All_MaxWeightLooseCone500...
2026-02-12 14:03:31,435 IsolationBuilderNonprompt_All_MaxWeight500           INFO Finalizing IsolationBuilderNonprompt_All_MaxWeight500...
2026-02-12 14:03:31,435 IsolationBuilderNonpro...ll_MaxWeightLooseCone1000   INFO Finalizing IsolationBuilderNonprompt_All_MaxWeightLooseCone1000...
2026-02-12 14:03:31,435 IsolationBuilderNonprompt_All_MaxWeight1000          INFO Finalizing IsolationBuilderNonprompt_All_MaxWeight1000...
2026-02-12 14:03:31,436 EGammaCommonKernel                                   INFO ============================================================================
2026-02-12 14:03:31,436 EGammaCommonKernel                                   INFO  The following CP tools were called by EGammaCommonKernel for the whole train:
2026-02-12 14:03:31,436 EGammaCommonKernel                                   INFO ToolSvc.DFCommonPhotonsDirection
2026-02-12 14:03:31,436 EGammaCommonKernel                                   INFO ToolSvc.ElectronPassLHVeryLoose
2026-02-12 14:03:31,436 EGammaCommonKernel                                   INFO ToolSvc.ElectronPassLHLoose
2026-02-12 14:03:31,436 EGammaCommonKernel                                   INFO ToolSvc.ElectronPassLHLooseBL
2026-02-12 14:03:31,436 EGammaCommonKernel                                   INFO ToolSvc.ElectronPassLHMedium
2026-02-12 14:03:31,436 EGammaCommonKernel                                   INFO ToolSvc.ElectronPassLHTight
2026-02-12 14:03:31,436 EGammaCommonKernel                                   INFO ToolSvc.ElectronPassDNNLoose
2026-02-12 14:03:31,436 EGammaCommonKernel                                   INFO ToolSvc.ElectronPassDNNMedium
2026-02-12 14:03:31,436 EGammaCommonKernel                                   INFO ToolSvc.ElectronPassDNNTight
2026-02-12 14:03:31,436 EGammaCommonKernel                                   INFO ToolSvc.ElectronPassDNNVeryLooseNoCF97
2026-02-12 14:03:31,436 EGammaCommonKernel                                   INFO ToolSvc.ElectronPassDNNLooseNoCF
2026-02-12 14:03:31,436 EGammaCommonKernel                                   INFO ToolSvc.ElectronPassDNNMediumNoCF
2026-02-12 14:03:31,436 EGammaCommonKernel                                   INFO ToolSvc.ElectronPassDNNTightNoCF
2026-02-12 14:03:31,436 EGammaCommonKernel                                   INFO ToolSvc.PhotonPassIsEMLoose
2026-02-12 14:03:31,436 EGammaCommonKernel                                   INFO ToolSvc.PhotonPassIsEMMedium
2026-02-12 14:03:31,436 EGammaCommonKernel                                   INFO ToolSvc.PhotonPassIsEMTight
2026-02-12 14:03:31,436 EGammaCommonKernel                                   INFO ToolSvc.PhotonPassCleaning
2026-02-12 14:03:31,436 EGammaCommonKernel                                   INFO ToolSvc.ElectronAdditionnalAmbiguity
2026-02-12 14:03:31,436 EGammaCommonKernel                                   INFO ToolSvc.ElectronPassECIDS
2026-02-12 14:03:31,437 EGammaCommonKernel                                   INFO ToolSvc.ForwardElectronPassLHLoose
2026-02-12 14:03:31,437 EGammaCommonKernel                                   INFO ToolSvc.ForwardElectronPassLHMedium
2026-02-12 14:03:31,437 EGammaCommonKernel                                   INFO ToolSvc.ForwardElectronPassLHTight
2026-02-12 14:03:31,437 EGammaCommonKernel                                   INFO ToolSvc.DerivationFramework::EGammaClusterCoreCellRecovery
2026-02-12 14:03:31,437 EGammaCommonKernel                                   INFO ToolSvc.BkgElectronClassificationTool
2026-02-12 14:03:31,437 EGammaCommonKernel                                   INFO ToolSvc.TruthEgetIsolationTool
2026-02-12 14:03:31,437 EGammaCommonKernel                                   INFO ToolSvc.TruthEgptIsolationTool
2026-02-12 14:03:31,437 EGammaCommonKernel                                   INFO ============================================================================
2026-02-12 14:03:31,437 PFlowIsolationBuilder                                INFO Finalizing PFlowIsolationBuilder...
2026-02-12 14:03:31,438 BadBatmanAugmentation                                INFO ============================================================================
2026-02-12 14:03:31,438 BadBatmanAugmentation                                INFO  The following CP tools were called by BadBatmanAugmentation for the whole train:
2026-02-12 14:03:31,438 BadBatmanAugmentation                                INFO ToolSvc.BadBatmanAugmentationTool
2026-02-12 14:03:31,438 BadBatmanAugmentation                                INFO ============================================================================
2026-02-12 14:03:31,438 DistanceInTrainAugmentation                          INFO ============================================================================
2026-02-12 14:03:31,438 DistanceInTrainAugmentation                          INFO  The following CP tools were called by DistanceInTrainAugmentation for the whole train:
2026-02-12 14:03:31,439 DistanceInTrainAugmentation                          INFO ToolSvc.DistanceInTrainAugmentationTool
2026-02-12 14:03:31,439 DistanceInTrainAugmentation                          INFO ============================================================================
2026-02-12 14:03:31,439 TauJets_TauIDDecorKernel                             INFO ============================================================================
2026-02-12 14:03:31,439 TauJets_TauIDDecorKernel                             INFO  The following CP tools were called by TauJets_TauIDDecorKernel for the whole train:
2026-02-12 14:03:31,439 TauJets_TauIDDecorKernel                             INFO ToolSvc.TauJets_TauIDDecoratorWrapper
2026-02-12 14:03:31,439 TauJets_TauIDDecorKernel                             INFO ============================================================================
2026-02-12 14:03:31,439 TauRNNLooseAugmentationKernel                        INFO ============================================================================
2026-02-12 14:03:31,439 TauRNNLooseAugmentationKernel                        INFO  The following CP tools were called by TauRNNLooseAugmentationKernel for the whole train:
2026-02-12 14:03:31,439 TauRNNLooseAugmentationKernel                        INFO ToolSvc.TauRNNLooseWrapper
2026-02-12 14:03:31,439 TauRNNLooseAugmentationKernel                        INFO ============================================================================
2026-02-12 14:03:31,439 DFCommonMuonsKernel2                                 INFO ============================================================================
2026-02-12 14:03:31,439 DFCommonMuonsKernel2                                 INFO  The following CP tools were called by DFCommonMuonsKernel2 for the whole train:
2026-02-12 14:03:31,439 DFCommonMuonsKernel2                                 INFO ToolSvc.MuonJetDrTool
2026-02-12 14:03:31,439 DFCommonMuonsKernel2                                 INFO ============================================================================
2026-02-12 14:03:31,440 DiTauLowPtBuilder                                    INFO Finalizing DiTauLowPtBuilder...
2026-02-12 14:03:31,440 TauJets_MuonRM_TauIDDecorKernel                      INFO ============================================================================
2026-02-12 14:03:31,440 TauJets_MuonRM_TauIDDecorKernel                      INFO  The following CP tools were called by TauJets_MuonRM_TauIDDecorKernel for the whole train:
2026-02-12 14:03:31,440 TauJets_MuonRM_TauIDDecorKernel                      INFO ToolSvc.TauJets_MuonRM_TauIDDecoratorWrapper
2026-02-12 14:03:31,440 TauJets_MuonRM_TauIDDecorKernel                      INFO ============================================================================
2026-02-12 14:03:31,440 DiTauIDDecorKernel                                   INFO ============================================================================
2026-02-12 14:03:31,440 DiTauIDDecorKernel                                   INFO  The following CP tools were called by DiTauIDDecorKernel for the whole train:
2026-02-12 14:03:31,440 DiTauIDDecorKernel                                   INFO ToolSvc.DiTauIDDecoratorWrapper
2026-02-12 14:03:31,440 DiTauIDDecorKernel                                   INFO ============================================================================
2026-02-12 14:03:31,440 DiTauJets_DiTauIDDecorKernel                         INFO ============================================================================
2026-02-12 14:03:31,440 DiTauJets_DiTauIDDecorKernel                         INFO  The following CP tools were called by DiTauJets_DiTauIDDecorKernel for the whole train:
2026-02-12 14:03:31,441 DiTauJets_DiTauIDDecorKernel                         INFO ToolSvc.DiTauJets_DiTauChargeDecorator
2026-02-12 14:03:31,441 DiTauJets_DiTauIDDecorKernel                         INFO ============================================================================
2026-02-12 14:03:31,441 DiTauJetsLowPt_DiTauIDDecorKernel                    INFO ============================================================================
2026-02-12 14:03:31,441 DiTauJetsLowPt_DiTauIDDecorKernel                    INFO  The following CP tools were called by DiTauJetsLowPt_DiTauIDDecorKernel for the whole train:
2026-02-12 14:03:31,441 DiTauJetsLowPt_DiTauIDDecorKernel                    INFO ToolSvc.DiTauJetsLowPt_DiTauChargeDecorator
2026-02-12 14:03:31,441 DiTauJetsLowPt_DiTauIDDecorKernel                    INFO ============================================================================
2026-02-12 14:03:31,442 PHYSKernel                                           INFO ============================================================================
2026-02-12 14:03:31,442 PHYSKernel                                           INFO || SUMMARY OF THE DERIVATION FRAMEWORK KERNEL WITH NAME PHYSKernel || 
2026-02-12 14:03:31,442 PHYSKernel                                           INFO ============================================================================
2026-02-12 14:03:31,442 PHYSKernel                                           INFO ============================================================================
2026-02-12 14:03:31,442 PHYSKernel                                           INFO Events analyzed: 6
2026-02-12 14:03:31,442 PHYSKernel                                           INFO Events accepted: 6
2026-02-12 14:03:31,442 PHYSKernel                                           INFO ============================================================================
2026-02-12 14:03:31,442 FourLeptonVertexAlg                                  INFO Proccessed in total 6 events. Lepton multiplicities observed:
2026-02-12 14:03:31,442 FourLeptonVertexAlg                                  INFO     ---- Events with 0 leptons: 3 (elec/muon) 5/4 (50%)
2026-02-12 14:03:31,442 FourLeptonVertexAlg                                  INFO     ---- Events with 1 leptons: 3 (elec/muon) 1/2 (50%)
2026-02-12 14:03:31,442 FourLeptonVertexAlg                                  INFO     ---- Events with 2 leptons: 0 (elec/muon) 0/0 (0%)
2026-02-12 14:03:31,442 FourLeptonVertexAlg                                  INFO     ---- Events with 3 leptons: 0 (elec/muon) 0/0 (0%)
2026-02-12 14:03:31,442 FourLeptonVertexAlg                                  INFO     ---- Events with 4 leptons: 0 (elec/muon) 0/0 (0%)
2026-02-12 14:03:31,442 FourLeptonVertexAlg                                  INFO     ---- Events with 5 leptons: 0 (elec/muon) 0/0 (0%)
2026-02-12 14:03:31,443 FourLeptonVertexAlg                                  INFO     ---- Events with 6 leptons: 0 (elec/muon) 0/0 (0%)
2026-02-12 14:03:31,443 FourLeptonVertexAlg                                  INFO     ---- Events with 7 leptons: 0 (elec/muon) 0/0 (0%)
2026-02-12 14:03:31,443 FourLeptonVertexAlg                                  INFO ---> Attempted fits 0 out of which 0 (0%) succeeded.
2026-02-12 14:03:31,443 HFClassificationCommonKernel                         INFO ============================================================================
2026-02-12 14:03:31,443 HFClassificationCommonKernel                         INFO  The following CP tools were called by HFClassificationCommonKernel for the whole train:
2026-02-12 14:03:31,443 HFClassificationCommonKernel                         INFO ToolSvc.DFCommonClassifyAndCalculateHFAugmentation
2026-02-12 14:03:31,443 HFClassificationCommonKernel                         INFO ============================================================================
2026-02-12 14:03:31,443 MCTruthCommonTausAndDecaysKernel                     INFO ============================================================================
2026-02-12 14:03:31,443 MCTruthCommonTausAndDecaysKernel                     INFO  The following CP tools were called by MCTruthCommonTausAndDecaysKernel for the whole train:
2026-02-12 14:03:31,443 MCTruthCommonTausAndDecaysKernel                     INFO ToolSvc.DFCommonTausAndDecaysTool
2026-02-12 14:03:31,443 MCTruthCommonTausAndDecaysKernel                     INFO ============================================================================
2026-02-12 14:03:31,443 AllExecutedEventsCounterAlg                          INFO accepted 6 out of 6 events for filter AllExecutedEvents (Number of processed events before any cut)
2026-02-12 14:03:31,444 DecisionSvc                                          INFO Finalized successfully.
2026-02-12 14:03:31,444 AthDictLoaderSvc                                     INFO in finalize...
2026-02-12 14:03:32,000 Domain[ROOT_All]                                     INFO >   Deaccess DbDomain     READ      [ROOT_All]
2026-02-12 14:03:32,000 AthenaPoolSharedIOCnvSvc                             INFO PerfStats ----------------------------------------
2026-02-12 14:03:32,001 AthenaPoolSharedIOCnvSvc                             INFO PerfStats Timing Measurements for AthenaPoolCnvSvc
2026-02-12 14:03:32,001 AthenaPoolSharedIOCnvSvc                             INFO PerfStats ----------------------------------------
2026-02-12 14:03:32,001 AthenaPoolSharedIOCnvSvc                             INFO PerfStats | cObjR_ALL       |           14948 ms |
2026-02-12 14:03:32,001 AthenaPoolSharedIOCnvSvc                             INFO PerfStats | fRep_ALL        |             481 ms |
2026-02-12 14:03:32,001 AthenaPoolSharedIOCnvSvc                             INFO PerfStats | cObj_ALL        |           16470 ms |
2026-02-12 14:03:32,001 AthenaPoolSharedIOCnvSvc                             INFO PerfStats | cRep_ALL        |              56 ms |
2026-02-12 14:03:32,001 AthenaPoolSharedIOCnvSvc                             INFO PerfStats ----------------------------------------
2026-02-12 14:03:32,001 Domain[ROOT_All]                                     INFO >   Deaccess DbDomain     READ      [ROOT_All]
2026-02-12 14:03:32,008 IOVDbFolder                                          INFO Folder /Digitization/Parameters (AttrList) db-read 0/1 objs/chan/bytes 1/0/0 ((     0.00 ))s
2026-02-12 14:03:32,008 IOVDbFolder                                          INFO Folder /EXT/DCS/MAGNETS/SENSORDATA (AttrListColl) db-read 1/1 objs/chan/bytes 4/4/20 ((     0.04 ))s
2026-02-12 14:03:32,008 IOVDbFolder                                          INFO Folder /GLOBAL/BField/Maps (AttrListColl) db-read 1/1 objs/chan/bytes 3/3/202 ((     0.04 ))s
2026-02-12 14:03:32,008 IOVDbFolder                                          INFO Folder /GLOBAL/TrackingGeo/LayerMaterialV2 (PoolRef) db-read 1/1 objs/chan/bytes 1/1/231 ((     0.01 ))s
2026-02-12 14:03:32,008 IOVDbFolder                                          INFO Folder /Indet/Align (PoolRefColl) db-read 1/1 objs/chan/bytes 43/43/7009 ((     0.04 ))s
2026-02-12 14:03:32,009 IOVDbFolder                                          INFO Folder /Indet/Beampos (AttrList) db-read 1/1 objs/chan/bytes 6/1/456 ((     0.03 ))s
2026-02-12 14:03:32,009 IOVDbFolder                                          INFO Folder /Indet/IBLDist (AttrListColl) db-read 1/1 objs/chan/bytes 14/14/280 ((     0.02 ))s
2026-02-12 14:03:32,009 IOVDbFolder                                          INFO Folder /LAR/Align (PoolRef) db-read 1/1 objs/chan/bytes 1/1/170 ((     0.04 ))s
2026-02-12 14:03:32,009 IOVDbFolder                                          INFO Folder /MDT/MM/PASSIVATION (AttrListColl) db-read 1/1 objs/chan/bytes 1/1/680679 ((     0.03 ))s
2026-02-12 14:03:32,009 IOVDbFolder                                          INFO Folder /TRT/Align (PoolRefColl) db-read 1/1 objs/chan/bytes 32/32/5120 ((     0.03 ))s
2026-02-12 14:03:32,009 IOVDbFolder                                          INFO Folder /TRT/Calib/DX (PoolRef) db-read 1/1 objs/chan/bytes 1/1/183 ((     0.02 ))s
2026-02-12 14:03:32,009 IOVDbFolder                                          INFO Folder /TagInfo (AttrListColl) db-read 0/1 objs/chan/bytes 1/0/0 ((     0.00 ))s
2026-02-12 14:03:32,009 IOVDbFolder                                          INFO Folder /LAR/LArCellPositionShift (PoolRef) db-read 1/1 objs/chan/bytes 1/1/195 ((     0.03 ))s
2026-02-12 14:03:32,009 IOVDbSvc                                             INFO Total payload read from IOVDb: 694545 bytes in ((      0.32 ))s
2026-02-12 14:03:32,009 IOVDbSvc                                             INFO Connection sqlite://;schema=mycool.db;dbname=OFLP200 : nConnect: 0 nFolders: 0 ReadTime: ((     0.00 ))s
2026-02-12 14:03:32,009 IOVDbSvc                                             INFO Connection COOLOFL_LAR/OFLP200 : nConnect: 2 nFolders: 2 ReadTime: ((     0.07 ))s
2026-02-12 14:03:32,009 IOVDbSvc                                             INFO Connection COOLOFL_GLOBAL/OFLP200 : nConnect: 2 nFolders: 2 ReadTime: ((     0.05 ))s
2026-02-12 14:03:32,009 IOVDbSvc                                             INFO Connection COOLOFL_DCS/OFLP200 : nConnect: 2 nFolders: 1 ReadTime: ((     0.04 ))s
2026-02-12 14:03:32,009 IOVDbSvc                                             INFO Connection COOLOFL_INDET/OFLP200 : nConnect: 2 nFolders: 3 ReadTime: ((     0.08 ))s
2026-02-12 14:03:32,009 IOVDbSvc                                             INFO Connection COOLOFL_MDT/OFLP200 : nConnect: 2 nFolders: 1 ReadTime: ((     0.03 ))s
2026-02-12 14:03:32,009 IOVDbSvc                                             INFO Connection COOLOFL_TRT/OFLP200 : nConnect: 2 nFolders: 2 ReadTime: ((     0.05 ))s
2026-02-12 14:03:32,010 ToolSvc                                              INFO Removing all tools created by ToolSvc
2026-02-12 14:03:32,011 TruthCategoriesDecorator.HiggsTruthCategoryTool      INFO  ====================================================== 
2026-02-12 14:03:32,011 TruthCategoriesDecorator.HiggsTruthCategoryTool      INFO  ---- FinalizingTruthCategoriesDecorator.HiggsTruthCategoryTool...
2026-02-12 14:03:32,011 TruthCategoriesDecorator.HiggsTruthCategoryTool      INFO  ====================================================== 
2026-02-12 14:03:32,011 TruthCategoriesDecorator.HiggsTruthCategoryTool      INFO  ====================================================== 
2026-02-12 14:03:32,011 TruthCategoriesDecorator.xAODToHepMCTool             INFO ==============================================================
2026-02-12 14:03:32,011 TruthCategoriesDecorator.xAODToHepMCTool             INFO ==========    xAOD -> HepMC Tool :: Run Summary     ==========
2026-02-12 14:03:32,011 TruthCategoriesDecorator.xAODToHepMCTool             INFO ==============================================================
2026-02-12 14:03:32,011 TruthCategoriesDecorator.xAODToHepMCTool             INFO No missing production vertices
2026-02-12 14:03:32,011 TruthCategoriesDecorator.xAODToHepMCTool             INFO No events with undefined beams.
2026-02-12 14:03:32,011 TruthCategoriesDecorator.xAODToHepMCTool             INFO ==============================================================
2026-02-12 14:03:32,011 TruthCategoriesDecorator.xAODToHepMCTool             INFO ===================    End Run Summary     ===================
2026-02-12 14:03:32,011 TruthCategoriesDecorator.xAODToHepMCTool             INFO ==============================================================
2026-02-12 14:03:32,012 ToolSvc.PHYSDiTauLowPtTPThinningTool                 INFO Processed 912 tracks, 55 were retained 
2026-02-12 14:03:32,012 ToolSvc.PHYSDiTauLowPtThinningTool                   INFO Processed 10 objects, 4 were retained 
2026-02-12 14:03:32,012 ToolSvc.PHYSDiTauTPThinningTool                      INFO Processed 912 tracks, 0 were retained 
2026-02-12 14:03:32,012 ToolSvc.PHYSDiTauThinningTool                        INFO Processed 0 objects, 0 were retained 
2026-02-12 14:03:32,012 ToolSvc.PHYSTauJets_MuonRMThinningTool               INFO Processed 1 taus, 1 were kept
2026-02-12 14:03:32,012 ToolSvc.PHYSTauJetThinningTool                       INFO Processed 45 taus, 26 were kept
2026-02-12 14:03:32,012 ToolSvc.PHYSMuonTPThinningTool                       INFO Processed 912 tracks, 4 were retained 
2026-02-12 14:03:32,012 ToolSvc.PHYSTrackParticleThinningTool                INFO Processed 912 tracks, 26 were retained 
2026-02-12 14:03:32,012 ToolSvc.TrigDecisionTool                             INFO Finalized
2026-02-12 14:03:32,013 JetTagVertexDecoratorAlgAntiKt10UFO...JFVarFactory   INFO  Finalization of JetFitterVariablesFactory successful
2026-02-12 14:03:32,013 JetTagVertexDecoratorAlgAntiKt10...Analysis::SVTag   INFO #BTAG# Number of jets used for calibration for reference ALL : #b= 0 #light= 0 #charm= 0
2026-02-12 14:03:32,013 InDetVKalVxInJetTool                                 INFO Time User   : Tot=   40 [ms] Ave/Min/Max=   0.408(+-    1.98)/       0/      10 [ms] #= 98
2026-02-12 14:03:32,013 InDetVKalVxInJetTool                                 INFO Time User   : Tot=   40 [ms] Ave/Min/Max=   0.408(+-    1.98)/       0/      10 [ms] #= 98
2026-02-12 14:03:32,013 JetTagVertexDecoratorAlgAntiKt4EMPF...JFVarFactory   INFO  Finalization of JetFitterVariablesFactory successful
2026-02-12 14:03:32,013 JetTagVertexDecoratorAlgAntiKt4E...Analysis::SVTag   INFO #BTAG# Number of jets used for calibration for reference ALL : #b= 0 #light= 0 #charm= 0
2026-02-12 14:03:32,013 InDetVKalVxInJetTool                                 INFO Time User   : Tot=   40 [ms] Ave/Min/Max=   0.408(+-    1.98)/       0/      10 [ms] #= 98
2026-02-12 14:03:32,014 InDetVKalVxInJetTool                                 INFO Time User   : Tot=   40 [ms] Ave/Min/Max=   0.408(+-    1.98)/       0/      10 [ms] #= 98
2026-02-12 14:03:32,019 ToolSvc.DFCommonTruthForwardProtonTool               INFO Processed 6170 truth particles, 0 were retained 
2026-02-12 14:03:32,020 ToolSvc.DFCommonTruthBSMTool                         INFO Processed 6170 truth particles, 0 were retained 
2026-02-12 14:03:32,020 ToolSvc.DFCommonTruthBosonTool                       INFO Processed 6170 truth particles, 23 were retained 
2026-02-12 14:03:32,020 ToolSvc.DFCommonTruthTopTool                         INFO Processed 6170 truth particles, 24 were retained 
2026-02-12 14:03:32,020 ToolSvc.DFCommonTruthBottomTool                      INFO Processed 6170 truth particles, 25 were retained 
2026-02-12 14:03:32,020 ToolSvc.DFCommonTruthNeutrinoTool                    INFO Processed 6170 truth particles, 6 were retained 
2026-02-12 14:03:32,020 ToolSvc.DFCommonTruthPhotonToolSim                   INFO Processed 6170 truth particles, 25 were retained 
2026-02-12 14:03:32,020 ToolSvc.DFCommonTruthElectronTool                    INFO Processed 6170 truth particles, 18 were retained 
2026-02-12 14:03:32,020 ToolSvc.DFCommonTruthMuonTool                        INFO Processed 6170 truth particles, 2 were retained 
2026-02-12 14:03:32,020 ToolSvc.PhysCommonTruthCharmTool                     INFO Processed 6170 truth particles, 30 were retained 
2026-02-12 14:03:32,020 ToolSvc.DFCommonTruthClassificationTool              INFO Processed and decorated 6170 truth particles
2026-02-12 14:03:32,021 AthenaPoolSharedIOCnvSvc.OutputStreamingTool         INFO in finalize()
2026-02-12 14:03:32,032 InDet_TrkInJetType                                   INFO Time User   : Tot=   20 [ms] Ave/Min/Max=  0.0392(+-   0.625)/       0/      10 [ms] #=510
2026-02-12 14:03:32,032 InDet_TrkInJetType                                   INFO Time User   : Tot=   20 [ms] Ave/Min/Max=  0.0392(+-   0.625)/       0/      10 [ms] #=510
2026-02-12 14:03:32,032 InDet_TrkInJetType                                   INFO Time User   : Tot=   20 [ms] Ave/Min/Max=  0.0392(+-   0.625)/       0/      10 [ms] #=510
2026-02-12 14:03:32,032 InDet_TrkInJetType                                   INFO Time User   : Tot=   20 [ms] Ave/Min/Max=  0.0392(+-   0.625)/       0/      10 [ms] #=510
2026-02-12 14:03:32,033 ToolSvc.DiTauIDDeco...DiTauRec_OnnxScoreCalculator   INFO Finalizing DiTauOnnxDiscriminantTool
2026-02-12 14:03:32,047 AtlasTrackingGeometryCond...MuonStationTypeBuilder   INFO  finalize() successful
2026-02-12 14:03:32,049 METAssociat...MET_AssociationTool_AntiKt4EMPFlowHR   INFO Finalizing METAssociation_AntiKt4EMPFlowHR.MET_AssociationTool_AntiKt4EMPFlowHR...
2026-02-12 14:03:32,049 METAssociatio...MET_AssociationTool_AntiKt4EMPFlow   INFO Finalizing METAssociation_AntiKt4EMPFlow.MET_AssociationTool_AntiKt4EMPFlow...
2026-02-12 14:03:32,050 METAssociation...MET_AssociationTool_AntiKt4EMTopo   INFO Finalizing METAssociation_AntiKt4EMTopo.MET_AssociationTool_AntiKt4EMTopo...
2026-02-12 14:03:32,050 METRecoAlg_Truth.MET_RegionTool_Truth                INFO Finalizing METRecoAlg_Truth.MET_RegionTool_Truth...
2026-02-12 14:03:32,050 METRecoAlg_Truth.MET_RecoTool_Truth                  INFO Finalizing METRecoAlg_Truth.MET_RecoTool_Truth...
2026-02-12 14:03:32,050 METRecoAlg_Truth.MET_R...MET_IntMuonsRegions_Truth   INFO Finalizing METRecoAlg_Truth.MET_RegionTool_Truth.MET_IntMuonsRegions_Truth...
2026-02-12 14:03:32,051 METRecoAlg_Truth.MET_Reg...MET_IntOutRegions_Truth   INFO Finalizing METRecoAlg_Truth.MET_RegionTool_Truth.MET_IntOutRegions_Truth...
2026-02-12 14:03:32,051 METRecoAlg_Truth.MET_Region...MET_IntRegions_Truth   INFO Finalizing METRecoAlg_Truth.MET_RegionTool_Truth.MET_IntRegions_Truth...
2026-02-12 14:03:32,051 METRecoAlg_Truth.MET_Reg...MET_NonIntRegions_Truth   INFO Finalizing METRecoAlg_Truth.MET_RegionTool_Truth.MET_NonIntRegions_Truth...

The MCnet usage guidelines apply to Rivet: see http://www.montecarlonet.org/GUIDELINES
Please acknowledge Rivet in results made using it, and cite https://arxiv.org/abs/2404.15984 and https://arxiv.org/abs/2312.15070
2026-02-12 14:03:32,143 PerfMonMTSvc                                         INFO Finalizing PerfMonMTSvc
2026-02-12 14:03:32,144 IdDictDetDescrCnv                                    INFO in finalize
2026-02-12 14:03:32,147 *****Chrono*****                                     INFO ****************************************************************************************************
2026-02-12 14:03:32,147 *****Chrono*****                                     INFO  The Final CPU consumption ( Chrono ) Table (ordered)
2026-02-12 14:03:32,147 *****Chrono*****                                     INFO ****************************************************************************************************
2026-02-12 14:03:32,147 DiTauJets_DiTauIDDecorKernel                         INFO Time User   : Tot=    0 [us] Ave/Min/Max=       0(+-       0)/       0/       0 [us] #=  6
2026-02-12 14:03:32,147 MCTruthCommonPreJetKernelNo11                        INFO Time User   : Tot=    0 [us] Ave/Min/Max=       0(+-       0)/       0/       0 [us] #=  6
2026-02-12 14:03:32,147 MCTruthCommonPreJetKernelNo12                        INFO Time User   : Tot=    0 [us] Ave/Min/Max=       0(+-       0)/       0/       0 [us] #=  6
2026-02-12 14:03:32,147 MCTruthCommonPreJetKernelNo18                        INFO Time User   : Tot=    0 [us] Ave/Min/Max=       0(+-       0)/       0/       0 [us] #=  6
2026-02-12 14:03:32,147 MCTruthCommonPreJetKernelNo10                        INFO Time User   : Tot=    0 [us] Ave/Min/Max=       0(+-       0)/       0/       0 [us] #=  6
2026-02-12 14:03:32,147 InDetCommonKernelDFCommonZ0AtPV                      INFO Time User   : Tot=    0 [us] Ave/Min/Max=       0(+-       0)/       0/       0 [us] #=  6
2026-02-12 14:03:32,147 MCTruthCommonPostJetKernelNo3                        INFO Time User   : Tot=    0 [us] Ave/Min/Max=       0(+-       0)/       0/       0 [us] #=  6
2026-02-12 14:03:32,147 MCTruthCommonPreJetKernelNo14                        INFO Time User   : Tot=    0 [us] Ave/Min/Max=       0(+-       0)/       0/       0 [us] #=  6
2026-02-12 14:03:32,147 MCTruthCommonPostJetKernelNo1                        INFO Time User   : Tot=    0 [us] Ave/Min/Max=       0(+-       0)/       0/       0 [us] #=  6
2026-02-12 14:03:32,148 DiTauJetsLowPt_DiTauIDDecorKernel                    INFO Time User   : Tot=    0 [us] Ave/Min/Max=       0(+-       0)/       0/       0 [us] #=  6
2026-02-12 14:03:32,148 MCTruthCommonPreJetKernelNo9                         INFO Time User   : Tot=    0 [us] Ave/Min/Max=       0(+-       0)/       0/       0 [us] #=  6
2026-02-12 14:03:32,148 MCTruthCommonPreJetKernelNo15                        INFO Time User   : Tot=    0 [us] Ave/Min/Max=       0(+-       0)/       0/       0 [us] #=  6
2026-02-12 14:03:32,148 MCTruthCommonPreJetKernelNo16                        INFO Time User   : Tot=    0 [us] Ave/Min/Max=       0(+-       0)/       0/       0 [us] #=  6
2026-02-12 14:03:32,148 MCTruthCommonTruthPVCollKernel                       INFO Time User   : Tot=    0 [us] Ave/Min/Max=       0(+-       0)/       0/       0 [us] #=  6
2026-02-12 14:03:32,148 DFCommonMuonsKernel2                                 INFO Time User   : Tot=    0 [us] Ave/Min/Max=       0(+-       0)/       0/       0 [us] #=  6
2026-02-12 14:03:32,148 MCTruthCommonPreJetKernelNo1                         INFO Time User   : Tot=    0 [us] Ave/Min/Max=       0(+-       0)/       0/       0 [us] #=  6
2026-02-12 14:03:32,148 TauRNNLooseAugmentationKernel                        INFO Time User   : Tot=    0 [us] Ave/Min/Max=       0(+-       0)/       0/       0 [us] #=  6
2026-02-12 14:03:32,148 MCTruthCommonTausAndDecaysKernel                     INFO Time User   : Tot=    0 [us] Ave/Min/Max=       0(+-       0)/       0/       0 [us] #=  6
2026-02-12 14:03:32,148 MCTruthCommonPreJetKernelNo4                         INFO Time User   : Tot=    0 [us] Ave/Min/Max=       0(+-       0)/       0/       0 [us] #=  6
2026-02-12 14:03:32,148 MCTruthCommonPreJetKernelNo13                        INFO Time User   : Tot=    0 [us] Ave/Min/Max=       0(+-       0)/       0/       0 [us] #=  6
2026-02-12 14:03:32,148 MCTruthCommonPreJetKernelNo17                        INFO Time User   : Tot=    0 [us] Ave/Min/Max=       0(+-       0)/       0/       0 [us] #=  6
2026-02-12 14:03:32,148 BadBatmanAugmentation                                INFO Time User   : Tot=    0 [us] Ave/Min/Max=       0(+-       0)/       0/       0 [us] #=  6
2026-02-12 14:03:32,148 MCTruthCommonPreJetKernelNo7                         INFO Time User   : Tot=    0 [us] Ave/Min/Max=       0(+-       0)/       0/       0 [us] #=  6
2026-02-12 14:03:32,148 MCTruthCommonBornLeptonsKernel                       INFO Time User   : Tot=    0 [us] Ave/Min/Max=       0(+-       0)/       0/       0 [us] #=  6
2026-02-12 14:03:32,148 MCTruthCommonPreJetKernelNo6                         INFO Time User   : Tot=    0 [us] Ave/Min/Max=       0(+-       0)/       0/       0 [us] #=  6
2026-02-12 14:03:32,148 DistanceInTrainAugmentation                          INFO Time User   : Tot=    0 [us] Ave/Min/Max=       0(+-       0)/       0/       0 [us] #=  6
2026-02-12 14:03:32,148 MCTruthCommonPreJetKernelNo5                         INFO Time User   : Tot=    0 [us] Ave/Min/Max=       0(+-       0)/       0/       0 [us] #=  6
2026-02-12 14:03:32,148 MCTruthCommonPreJetKernelNo3                         INFO Time User   : Tot=    0 [us] Ave/Min/Max=       0(+-       0)/       0/       0 [us] #=  6
2026-02-12 14:03:32,149 DFCommonTruthMetaDataWriterKernel                    INFO Time User   : Tot=    0 [us] Ave/Min/Max=       0(+-       0)/       0/       0 [us] #=  6
2026-02-12 14:03:32,149 InDetCommonKernelDFCommonUsedInFitDecorator          INFO Time User   : Tot=    0 [us] Ave/Min/Max=       0(+-       0)/       0/       0 [us] #=  6
2026-02-12 14:03:32,149 AthenaMP_seek                                        INFO Time User   : Tot=    0 [us] Ave/Min/Max=       0(+-       0)/       0/       0 [us] #=  6
2026-02-12 14:03:32,149 MCTruthCommonPostJetKernelNo2                        INFO Time User   : Tot=    0 [us] Ave/Min/Max=       0(+-       0)/       0/       0 [us] #=  6
2026-02-12 14:03:32,149 MCTruthCommonBosonsAndDecaysKernel                   INFO Time User   : Tot=    0 [us] Ave/Min/Max=       0(+-       0)/       0/       0 [us] #=  6
2026-02-12 14:03:32,149 MCTruthCommonBSMAndDecaysKernel                      INFO Time User   : Tot=    0 [us] Ave/Min/Max=       0(+-       0)/       0/       0 [us] #=  6
2026-02-12 14:03:32,149 MCTruthCommonPreJetKernelNo8                         INFO Time User   : Tot=    0 [us] Ave/Min/Max=       0(+-       0)/       0/       0 [us] #=  6
2026-02-12 14:03:32,149 MCTruthCommonPreJetKernelNo2                         INFO Time User   : Tot=    0 [us] Ave/Min/Max=       0(+-       0)/       0/       0 [us] #=  6
2026-02-12 14:03:32,149 DFCommonMuonsKernel                                  INFO Time User   : Tot=    0 [us] Ave/Min/Max=       0(+-       0)/       0/       0 [us] #=  6
2026-02-12 14:03:32,149 MCTruthNavigationDecoratorKernel                     INFO Time User   : Tot=    0 [us] Ave/Min/Max=       0(+-       0)/       0/       0 [us] #=  6
2026-02-12 14:03:32,149 DiTauIDDecorKernel                                   INFO Time User   : Tot=    0 [us] Ave/Min/Max=       0(+-       0)/       0/       0 [us] #=  6
2026-02-12 14:03:32,149 PhysCommonTruthCharmKernel                           INFO Time User   : Tot=   10 [ms] Ave/Min/Max=    1.67(+-    3.73)/       0/      10 [ms] #=  6
2026-02-12 14:03:32,149 TauJets_MuonRM_TauIDDecorKernel                      INFO Time User   : Tot=   10 [ms] Ave/Min/Max=    1.67(+-    3.73)/       0/      10 [ms] #=  6
2026-02-12 14:03:32,149 MiniCollectionTruthLinkKernelNo2                     INFO Time User   : Tot=   10 [ms] Ave/Min/Max=    1.67(+-    3.73)/       0/      10 [ms] #=  6
2026-02-12 14:03:32,149 HFClassificationCommonKernel                         INFO Time User   : Tot=   10 [ms] Ave/Min/Max=    1.67(+-    3.73)/       0/      10 [ms] #=  6
2026-02-12 14:03:32,149 PHYSKernel                                           INFO Time User   : Tot=   10 [ms] Ave/Min/Max=    1.67(+-    3.73)/       0/      10 [ms] #=  6
2026-02-12 14:03:32,149 MCTruthCommonHFAndDecaysKernel                       INFO Time User   : Tot=   10 [ms] Ave/Min/Max=    1.67(+-    3.73)/       0/      10 [ms] #=  6
2026-02-12 14:03:32,149 InDet_TrkInJetType                                   INFO Time User   : Tot=   20 [ms] Ave/Min/Max=  0.0392(+-   0.625)/       0/      10 [ms] #=510
2026-02-12 14:03:32,149 MiniCollectionTruthLinkKernelNo3                     INFO Time User   : Tot=   30 [ms] Ave/Min/Max=       5(+-    7.64)/       0/      20 [ms] #=  6
2026-02-12 14:03:32,149 InDetVKalVxInJetTool                                 INFO Time User   : Tot=   40 [ms] Ave/Min/Max=   0.408(+-    1.98)/       0/      10 [ms] #= 98
2026-02-12 14:03:32,150 DFCommonHSDecorator                                  INFO Time User   : Tot=   40 [ms] Ave/Min/Max=    6.67(+-    14.9)/       0/      40 [ms] #=  6
2026-02-12 14:03:32,150 InDetCommonKernelDFCommonTrackSelection              INFO Time User   : Tot=   40 [ms] Ave/Min/Max=    6.67(+-    14.9)/       0/      40 [ms] #=  6
2026-02-12 14:03:32,150 MCTruthClassificationKernel                          INFO Time User   : Tot=   50 [ms] Ave/Min/Max=    8.33(+-    14.6)/       0/      40 [ms] #=  6
2026-02-12 14:03:32,150 TauJets_TauIDDecorKernel                             INFO Time User   : Tot=  110 [ms] Ave/Min/Max=    18.3(+-    6.87)/      10/      30 [ms] #=  6
2026-02-12 14:03:32,150 EGammaCommonKernel                                   INFO Time User   : Tot=  130 [ms] Ave/Min/Max=    21.7(+-    21.9)/      10/      70 [ms] #=  6
2026-02-12 14:03:32,150 MiniCollectionTruthLinkKernelNo1                     INFO Time User   : Tot= 0.66  [s] Ave/Min/Max=    0.11(+-   0.246)/       0/    0.66  [s] #=  6
2026-02-12 14:03:32,150 ChronoStatSvc                                        INFO Time User   : Tot=-2e+05 [us]  #=  1
2026-02-12 14:03:32,150 TauTruthCommonKernel2                                INFO Time User   : Tot=  5.8  [s] Ave/Min/Max=   0.967(+-    2.16)/       0/     5.8  [s] #=  6
2026-02-12 14:03:32,150 AthenaMP_nextEvent                                   INFO Time User   : Tot= 14.2  [s] Ave/Min/Max=    2.37(+-    3.32)/    0.79/    9.78  [s] #=  6
2026-02-12 14:03:32,150 *****Chrono*****                                     INFO ****************************************************************************************************
2026-02-12 14:03:32,150 ChronoStatSvc.finalize()                             INFO  Service finalized successfully 
2026-02-12 14:03:32,150 FPEAuditor                                           INFO FPE summary for this job
2026-02-12 14:03:32,150 FPEAuditor                                           INFO  FPE OVERFLOWs  : 0
2026-02-12 14:03:32,150 FPEAuditor                                           INFO  FPE INVALIDs   : 0
2026-02-12 14:03:32,150 FPEAuditor                                           INFO  FPE DIVBYZEROs : 0
2026-02-12 14:03:32,248 PerfMonMTSvc                                         INFO =======================================================================================
2026-02-12 14:03:32,248 PerfMonMTSvc                                         INFO                                  PerfMonMTSvc Report                                   
2026-02-12 14:03:32,248 PerfMonMTSvc                                         INFO =======================================================================================
2026-02-12 14:03:32,248 PerfMonMTSvc                                         INFO *** Full set of information can also be found in: perfmonmt_Derivation.json
2026-02-12 14:03:32,249 PerfMonMTSvc                                         INFO *** In order to make plots using the results run the following commands:
2026-02-12 14:03:32,249 PerfMonMTSvc                                         INFO *** $ perfmonmt-plotter.py -i perfmonmt_Derivation.json
2026-02-12 14:03:32,249 PerfMonMTSvc                                         INFO *** In order to print tables using the results run the following commands:
2026-02-12 14:03:32,249 PerfMonMTSvc                                         INFO *** $ perfmonmt-printer.py -i perfmonmt_Derivation.json
2026-02-12 14:03:32,249 PerfMonMTSvc                                         INFO =======================================================================================
2026-02-12 14:03:32,249 PerfMonMTSvc                                         INFO =======================================================================================
2026-02-12 14:03:32,249 PerfMonMTSvc                                         INFO                              Component Level Monitoring                                
2026-02-12 14:03:32,249 PerfMonMTSvc                                         INFO =======================================================================================
2026-02-12 14:03:32,249 PerfMonMTSvc                                         INFO Step       Count           CPU Time [ms]             Vmem [kB]                                Malloc [kB]                                             Component                                                                  
2026-02-12 14:03:32,249 PerfMonMTSvc                                         INFO ---------------------------------------------------------------------------------------
2026-02-12 14:03:32,269 PerfMonMTSvc                                         INFO Initialize 1               3072.19                   128152                                   33760                                                   EGammaCommonKernel                                                         
2026-02-12 14:03:32,269 PerfMonMTSvc                                         INFO Initialize 1               614.51                    35596                                    13247                                                   MuonRemovalTauAODReRecoAlg                                                 
2026-02-12 14:03:32,270 PerfMonMTSvc                                         INFO Initialize 1               488.08                    34356                                    74752                                                   AntiKt10UFOCSSKSoftDropBeta100Zcut10Jets                                   
2026-02-12 14:03:32,270 PerfMonMTSvc                                         INFO Initialize 1               444.02                    10972                                    7584                                                    DFCommonMuonsKernel                                                        
2026-02-12 14:03:32,270 PerfMonMTSvc                                         INFO Initialize 1               424.93                    8424                                     7460                                                    ToolSvc.DFCommonMuonToolWrapperIDCuts                                      
2026-02-12 14:03:32,270 PerfMonMTSvc                                         INFO Initialize 1               420.07                    27648                                    73350                                                   jetrecalg_AntiKt10UFOCSSKSoftDropBeta100Zcut10Jets                         
2026-02-12 14:03:32,270 PerfMonMTSvc                                         INFO Initialize 1               418.26                    46276                                    67585                                                   AntiKt4EMPFlowJets                                                         
2026-02-12 14:03:32,270 PerfMonMTSvc                                         INFO Initialize 1               417.86                    7832                                     7378                                                    ToolSvc.DFCommonMuonsSelector                                              
2026-02-12 14:03:32,270 PerfMonMTSvc                                         INFO Initialize 1               415.19                    46276                                    67283                                                   jetrecalg_AntiKt4EMPFlowJets                                               
2026-02-12 14:03:32,270 PerfMonMTSvc                                         INFO Initialize 1               414.82                    46276                                    67247                                                   jetrecalg_AntiKt4EMPFlowJets.emscalemom_AntiKt4EMPFlow                     
2026-02-12 14:03:32,270 PerfMonMTSvc                                         INFO Initialize 1               414.45                    46276                                    67209                                                   jetrecalg_AntiKt4EMPFlowJets.jetens                                        
2026-02-12 14:03:32,270 PerfMonMTSvc                                         INFO Initialize 1               411.41                    46276                                    66960                                                   jetrecalg_AntiKt4EMPFlowJets.width                                         
2026-02-12 14:03:32,270 PerfMonMTSvc                                         INFO Initialize 1               411.20                    46276                                    66951                                                   jetrecalg_AntiKt4EMPFlowJets.caloqual                                      
2026-02-12 14:03:32,270 PerfMonMTSvc                                         INFO Initialize 1               410.53                    46276                                    66919                                                   jetrecalg_AntiKt4EMPFlowJets.trkmoms                                       
2026-02-12 14:03:32,271 PerfMonMTSvc                                         INFO Initialize 1               409.54                    46276                                    66847                                                   jetrecalg_AntiKt4EMPFlowJets.trksummoms                                    
2026-02-12 14:03:32,271 PerfMonMTSvc                                         INFO Initialize 1               409.10                    46276                                    66785                                                   jetrecalg_AntiKt4EMPFlowJets.jvf                                           
2026-02-12 14:03:32,271 PerfMonMTSvc                                         INFO Initialize 1               408.62                    46276                                    66724                                                   jetrecalg_AntiKt4EMPFlowJets.jvt                                           
2026-02-12 14:03:32,271 PerfMonMTSvc                                         INFO Initialize 1               406.70                    46276                                    66586                                                   jetrecalg_AntiKt4EMPFlowJets.larhvcorr                                     
2026-02-12 14:03:32,271 PerfMonMTSvc                                         INFO Initialize 1               406.53                    46276                                    66576                                                   jetrecalg_AntiKt4EMPFlowJets.iso                                           
2026-02-12 14:03:32,271 PerfMonMTSvc                                         INFO Initialize 1               406.30                    46276                                    66561                                                   jetrecalg_AntiKt4EMPFlowJets.jetPtAssociation                              
2026-02-12 14:03:32,271 PerfMonMTSvc                                         INFO Initialize 1               406.12                    46276                                    66542                                                   jetrecalg_AntiKt4EMPFlowJets.qgtagging                                     
2026-02-12 14:03:32,271 PerfMonMTSvc                                         INFO Initialize 1               405.10                    46276                                    66462                                                   jetrecalg_AntiKt4EMPFlowJets.nnjvt                                         
2026-02-12 14:03:32,271 PerfMonMTSvc                                         INFO Initialize 1               402.89                    46276                                    66424                                                   jetrecalg_AntiKt4EMPFlowJets.fJVT                                          
2026-02-12 14:03:32,271 PerfMonMTSvc                                         INFO Initialize 1               384.80                    28136                                    1972                                                    TrigNavSlimmingMTAlg_DAOD                                                  
2026-02-12 14:03:32,271 PerfMonMTSvc                                         INFO Initialize 1               364.09                    79640                                    3659                                                    ToolSvc.ElectronPassDNNLoose                                               
2026-02-12 14:03:32,271 PerfMonMTSvc                                         INFO Initialize 1               353.33                    25156                                    1675                                                    ToolSvc.TrigDecisionTool.Navigation                                        
2026-02-12 14:03:32,271 PerfMonMTSvc                                         INFO Initialize 1               344.18                    78848                                    3449                                                    ToolSvc.ElectronPassDNNLoose.ElectronDNNSelectorLoose                      
2026-02-12 14:03:32,271 PerfMonMTSvc                                         INFO Initialize 1               333.64                    2048                                     1383                                                    ToolSvc.ElectronPassDNNMediumNoCF                                          
2026-02-12 14:03:32,271 PerfMonMTSvc                                         INFO Initialize 1               328.01                    2048                                     1255                                                    ToolSvc.ElectronPassDNNMediumNoCF.ElectronDNNSelectorMediumNoCF            
2026-02-12 14:03:32,271 PerfMonMTSvc                                         INFO Initialize 1               325.91                    8192                                     39912                                                   jetrecalg_AntiKt10UFOCSSKSoftDropBeta100Zcut10Jets.width                   
2026-02-12 14:03:32,271 PerfMonMTSvc                                         INFO Initialize 1               325.64                    8192                                     39895                                                   jetrecalg_AntiKt10UFOCSSKSoftDropBeta100Zcut10Jets.nsubjettiness           
2026-02-12 14:03:32,271 PerfMonMTSvc                                         INFO Initialize 1               324.52                    8192                                     39849                                                   jetrecalg_AntiKt10UFOCSSKSoftDropBeta100Zcut10Jets.ktsplitter              
2026-02-12 14:03:32,272 PerfMonMTSvc                                         INFO Initialize 1               324.03                    8192                                     39827                                                   jetrecalg_AntiKt10UFOCSSKSoftDropBeta100Zcut10Jets.ecorr                   
2026-02-12 14:03:32,272 PerfMonMTSvc                                         INFO Initialize 1               323.40                    8192                                     39796                                                   jetrecalg_AntiKt10UFOCSSKSoftDropBeta100Zcut10Jets.qw                      
2026-02-12 14:03:32,272 PerfMonMTSvc                                         INFO Initialize 1               322.89                    8192                                     39766                                                   jetrecalg_AntiKt10UFOCSSKSoftDropBeta100Zcut10Jets.comshapes               
2026-02-12 14:03:32,272 PerfMonMTSvc                                         INFO Initialize 1               322.04                    8192                                     39724                                                   jetrecalg_AntiKt10UFOCSSKSoftDropBeta100Zcut10Jets.ecorrgeneral            
2026-02-12 14:03:32,272 PerfMonMTSvc                                         INFO Initialize 1               321.01                    8192                                     39658                                                   jetrecalg_AntiKt10UFOCSSKSoftDropBeta100Zcut10Jets.truthlabeler_R10TruthLabel_R21Precision
2026-02-12 14:03:32,272 PerfMonMTSvc                                         INFO Initialize 1               320.13                    8192                                     39613                                                   jetrecalg_AntiKt10UFOCSSKSoftDropBeta100Zcut10Jets.truthlabeler_R10TruthLabel_R21Precision_2022v1
2026-02-12 14:03:32,272 PerfMonMTSvc                                         INFO Initialize 1               319.35                    8192                                     39565                                                   jetrecalg_AntiKt10UFOCSSKSoftDropBeta100Zcut10Jets.truthlabeler_R10TruthLabel_R22v1
2026-02-12 14:03:32,272 PerfMonMTSvc                                         INFO Initialize 1               318.59                    8192                                     39518                                                   jetrecalg_AntiKt10UFOCSSKSoftDropBeta100Zcut10Jets.truthlabeler_R10WZTruthLabel_R22v1
2026-02-12 14:03:32,272 PerfMonMTSvc                                         INFO Initialize 1               317.84                    8192                                     39492                                                   jetrecalg_AntiKt10UFOCSSKSoftDropBeta100Zcut10Jets.emscalemom_AntiKt10UFOCSSKSoftDropBeta100Zcut10
2026-02-12 14:03:32,272 PerfMonMTSvc                                         INFO Initialize 1               317.50                    8192                                     39454                                                   jetrecalg_AntiKt10UFOCSSKSoftDropBeta100Zcut10Jets.jetenslargeR            
2026-02-12 14:03:32,272 PerfMonMTSvc                                         INFO Initialize 1               316.17                    8192                                     39409                                                   jetrecalg_AntiKt10UFOCSSKSoftDropBeta100Zcut10Jets.constitFrac             
2026-02-12 14:03:32,272 PerfMonMTSvc                                         INFO Initialize 1               315.89                    8192                                     39395                                                   jetrecalg_AntiKt10UFOCSSKSoftDropBeta100Zcut10Jets.groomMRatio             
2026-02-12 14:03:32,272 PerfMonMTSvc                                         INFO Initialize 1               315.74                    8192                                     39385                                                   jetrecalg_AntiKt10UFOCSSKSoftDropBeta100Zcut10Jets.BoostedJetTaggerTool-Top
2026-02-12 14:03:32,272 PerfMonMTSvc                                         INFO Initialize 1               315.37                    8192                                     39300                                                   jetrecalg_AntiKt10UFOCSSKSoftDropBeta100Zcut10Jets.BoostedJetTaggerTool-Top.MLHelper
2026-02-12 14:03:32,272 PerfMonMTSvc                                         INFO Initialize 1               312.03                    1024                                     1384                                                    ToolSvc.ElectronPassDNNVeryLooseNoCF97                                     
2026-02-12 14:03:32,272 PerfMonMTSvc                                         INFO Initialize 1               311.82                    1024                                     1383                                                    ToolSvc.ElectronPassDNNLooseNoCF                                           
2026-02-12 14:03:32,272 PerfMonMTSvc                                         INFO Initialize 1               311.53                    5120                                     1384                                                    ToolSvc.ElectronPassDNNMedium                                              
2026-02-12 14:03:32,272 PerfMonMTSvc                                         INFO Initialize 1               310.66                    1024                                     1384                                                    ToolSvc.ElectronPassDNNTight                                               
2026-02-12 14:03:32,273 PerfMonMTSvc                                         INFO =======================================================================================
2026-02-12 14:03:32,273 PerfMonMTSvc                                         INFO FirstEvent 1               6227.32                   274520                                   327170                                                  TauTruthCommonKernel2                                                      
2026-02-12 14:03:32,273 PerfMonMTSvc                                         INFO FirstEvent 2               2728.16                   234688                                   228311                                                  CondInputLoader                                                            
2026-02-12 14:03:32,273 PerfMonMTSvc                                         INFO FirstEvent 2               1393.77                   140288                                   140696                                                  AtlasTrackingGeometryCondAlg                                               
2026-02-12 14:03:32,273 PerfMonMTSvc                                         INFO FirstEvent 2               1155.99                   262144                                   166070                                                  AtlasFieldMapCondAlg                                                       
2026-02-12 14:03:32,273 PerfMonMTSvc                                         INFO FirstEvent 1               669.48                    14528                                    21928                                                   MiniCollectionTruthLinkKernelNo1                                           
2026-02-12 14:03:32,273 PerfMonMTSvc                                         INFO FirstEvent 1               398.60                    77680                                    13747                                                   StreamDAOD_PHYS                                                            
2026-02-12 14:03:32,273 PerfMonMTSvc                                         INFO FirstEvent 1               392.48                    12352                                    12003                                                   IsolationBuilderNonprompt_All_MaxWeight500                                 
2026-02-12 14:03:32,273 PerfMonMTSvc                                         INFO FirstEvent 2               359.43                    83968                                    178281                                                  MuonDetectorCondAlg                                                        
2026-02-12 14:03:32,273 PerfMonMTSvc                                         INFO FirstEvent 2               331.77                    115712                                   106955                                                  TRTAlignCondAlg                                                            
2026-02-12 14:03:32,273 PerfMonMTSvc                                         INFO FirstEvent 1               250.57                    3696                                     3720                                                    TrigBTagCopierAlg                                                          
2026-02-12 14:03:32,273 PerfMonMTSvc                                         INFO FirstEvent 1               211.24                    0                                        38808                                                   IncidentProcAlg1                                                           
2026-02-12 14:03:32,273 PerfMonMTSvc                                         INFO FirstEvent 1               148.30                    16432                                    13407                                                   AntiKt4EMPFlowJets                                                         
2026-02-12 14:03:32,273 PerfMonMTSvc                                         INFO FirstEvent 1               128.59                    19840                                    18991                                                   TrigNavSlimmingMTAlg_DAOD                                                  
2026-02-12 14:03:32,273 PerfMonMTSvc                                         INFO FirstEvent 1               126.87                    5168                                     1328                                                    jetrecalg_AntiKt4EMPFlowJets                                               
2026-02-12 14:03:32,273 PerfMonMTSvc                                         INFO FirstEvent 2               118.12                    54720                                    58445                                                   CaloAlignCondAlg                                                           
2026-02-12 14:03:32,273 PerfMonMTSvc                                         INFO FirstEvent 2               101.14                    7168                                     6054                                                    SCT_AlignCondAlg                                                           
2026-02-12 14:03:32,274 PerfMonMTSvc                                         INFO FirstEvent 1               81.11                     0                                        -0                                                      IncidentProcAlg3                                                           
2026-02-12 14:03:32,274 PerfMonMTSvc                                         INFO FirstEvent 1               75.71                     5744                                     3678                                                    AntiKt10UFOCSSKSoftDropBeta100Zcut10Jets                                   
2026-02-12 14:03:32,274 PerfMonMTSvc                                         INFO FirstEvent 1               74.95                     17020                                    14808                                                   EGammaCommonKernel                                                         
2026-02-12 14:03:32,274 PerfMonMTSvc                                         INFO FirstEvent 1               62.86                     1024                                     123                                                     FtagNN_AntiKt4EMPFlowJets_InDetTrackParticles_BTagging_20250912_GN3EPCLV01_antikt4empflow_network_STANDARD_Jet
2026-02-12 14:03:32,274 PerfMonMTSvc                                         INFO FirstEvent 1               59.02                     0                                        123                                                     FtagNN_AntiKt4EMPFlowJets_InDetTrackParticles_BTagging_20250213_GN3PflowMuonsV00_antikt4empflow_network_STANDARD_Jet
2026-02-12 14:03:32,274 PerfMonMTSvc                                         INFO FirstEvent 1               54.46                     0                                        3                                                       FtagNN_AntiKt4EMPFlowJets_InDetTrackParticles_BTagging_20250912_GN3EPCLV01_antikt4empflow_network_SIMPLE_FLIP_Jet
2026-02-12 14:03:32,274 PerfMonMTSvc                                         INFO FirstEvent 1               54.30                     56612                                    54705                                                   InDetCommonKernelDFCommonTrackSelection                                    
2026-02-12 14:03:32,274 PerfMonMTSvc                                         INFO FirstEvent 1               54.24                     0                                        52227                                                   MCTruthClassificationKernel                                                
2026-02-12 14:03:32,274 PerfMonMTSvc                                         INFO FirstEvent 1               50.30                     0                                        3                                                       FtagNN_AntiKt4EMPFlowJets_InDetTrackParticles_BTagging_20250213_GN3PflowMuonsV00_antikt4empflow_network_SIMPLE_FLIP_Jet
2026-02-12 14:03:32,274 PerfMonMTSvc                                         INFO FirstEvent 1               45.57                     6836                                     4111                                                    DFCommonHSDecorator                                                        
2026-02-12 14:03:32,274 PerfMonMTSvc                                         INFO FirstEvent 1               44.73                     0                                        109                                                     FtagNN_AntiKt4EMPFlowJets_InDetTrackParticles_BTagging_20250213_GN3V00_antikt4empflow_network_STANDARD_Jet
2026-02-12 14:03:32,274 PerfMonMTSvc                                         INFO FirstEvent 1               43.28                     32680                                    31558                                                   jetalg_ConstitModCorrectPFOCHS_EMPFlow                                     
2026-02-12 14:03:32,274 PerfMonMTSvc                                         INFO FirstEvent 1               40.81                     0                                        586                                                     AntiKtVR30Rmax4Rmin02TruthChargedJets                                      
2026-02-12 14:03:32,274 PerfMonMTSvc                                         INFO FirstEvent 1               40.61                     33240                                    32754                                                   AntiKt4EMTopoJets                                                          
2026-02-12 14:03:32,274 PerfMonMTSvc                                         INFO FirstEvent 1               40.20                     0                                        489                                                     jetrecalg_AntiKtVR30Rmax4Rmin02TruthChargedJets                            
2026-02-12 14:03:32,274 PerfMonMTSvc                                         INFO FirstEvent 1               37.24                     0                                        3                                                       FtagNN_AntiKt4EMPFlowJets_InDetTrackParticles_BTagging_20250213_GN3V00_antikt4empflow_network_SIMPLE_FLIP_Jet
2026-02-12 14:03:32,274 PerfMonMTSvc                                         INFO FirstEvent 1               35.74                     1192                                     187                                                     AntiKtVR30Rmax4Rmin02PV0TrackJets                                          
2026-02-12 14:03:32,274 PerfMonMTSvc                                         INFO FirstEvent 1               35.18                     1192                                     165                                                     jetrecalg_AntiKtVR30Rmax4Rmin02PV0TrackJets                                
2026-02-12 14:03:32,275 PerfMonMTSvc                                         INFO FirstEvent 1               33.92                     2272                                     6492                                                    TauJets_TauIDDecorKernel                                                   
2026-02-12 14:03:32,275 PerfMonMTSvc                                         INFO FirstEvent 2               33.44                     37172                                    56692                                                   AthReadAlg_AllCalo                                                         
2026-02-12 14:03:32,275 PerfMonMTSvc                                         INFO FirstEvent 1               30.62                     25768                                    25932                                                   PFlowIsolationBuilder                                                      
2026-02-12 14:03:32,275 PerfMonMTSvc                                         INFO FirstEvent 1               28.86                     0                                        1529                                                    CaloExtensionBuilderAlg                                                    
2026-02-12 14:03:32,275 PerfMonMTSvc                                         INFO FirstEvent 2               26.10                     5120                                     4942                                                    CaloSuperCellAlignCondAlg                                                  
2026-02-12 14:03:32,275 PerfMonMTSvc                                         INFO FirstEvent 1               25.81                     3200                                     511                                                     jetrecalg_AntiKt10UFOCSSKSoftDropBeta100Zcut10Jets                         
2026-02-12 14:03:32,275 PerfMonMTSvc                                         INFO FirstEvent 1               24.30                     0                                        6984                                                    AntiKt4TruthJets                                                           
2026-02-12 14:03:32,275 PerfMonMTSvc                                         INFO FirstEvent 2               22.12                     0                                        1991                                                    PixelAlignCondAlg                                                          
2026-02-12 14:03:32,275 PerfMonMTSvc                                         INFO FirstEvent 1               17.33                     1272                                     42                                                      MiniCollectionTruthLinkKernelNo3                                           
2026-02-12 14:03:32,275 PerfMonMTSvc                                         INFO FirstEvent 1               17.26                     4688                                     3403                                                    jetrecalg_AntiKt4EMTopoJets                                                
2026-02-12 14:03:32,275 PerfMonMTSvc                                         INFO FirstEvent 1               16.97                     2048                                     143                                                     DiTauLowPtBuilder                                                          
2026-02-12 14:03:32,275 PerfMonMTSvc                                         INFO FirstEvent 2               16.60                     0                                        148                                                     NswPassivationDbAlg                                                        
2026-02-12 14:03:32,275 PerfMonMTSvc                                         INFO FirstEvent 1               16.19                     0                                        114                                                     FtagNN_AntiKt4EMPFlowJets_InDetTrackParticles_BTagging_20231205_GN2v01_antikt4empflow_STANDARD_Jet
2026-02-12 14:03:32,275 PerfMonMTSvc                                         INFO FirstEvent 1               15.05                     10240                                    10644                                                   pflowselalg                                                                
2026-02-12 14:03:32,275 PerfMonMTSvc                                         INFO FirstEvent 2               13.58                     8192                                     7862                                                    SCT_DetectorElementCondAlg                                                 
2026-02-12 14:03:32,275 PerfMonMTSvc                                         INFO FirstEvent 1               12.46                     0                                        499                                                     jetrecalg_AntiKt4TruthJets                                                 
2026-02-12 14:03:32,275 PerfMonMTSvc                                         INFO =======================================================================================
2026-02-12 14:03:32,275 PerfMonMTSvc                                         INFO Execute    5               615.37                    0                                        12215                                                   AntiKt4EMPFlowJets                                                         
2026-02-12 14:03:32,276 PerfMonMTSvc                                         INFO Execute    5               600.18                    0                                        5502                                                    jetrecalg_AntiKt4EMPFlowJets                                               
2026-02-12 14:03:32,276 PerfMonMTSvc                                         INFO Execute    5               521.43                    16176                                    16072                                                   AntiKt10UFOCSSKSoftDropBeta100Zcut10Jets                                   
2026-02-12 14:03:32,276 PerfMonMTSvc                                         INFO Execute    5               319.30                    0                                        304                                                     FtagNN_AntiKt4EMPFlowJets_InDetTrackParticles_BTagging_20250912_GN3EPCLV01_antikt4empflow_network_STANDARD_Jet
2026-02-12 14:03:32,276 PerfMonMTSvc                                         INFO Execute    5               312.68                    1872                                     23                                                      FtagNN_AntiKt4EMPFlowJets_InDetTrackParticles_BTagging_20250912_GN3EPCLV01_antikt4empflow_network_SIMPLE_FLIP_Jet
2026-02-12 14:03:32,276 PerfMonMTSvc                                         INFO Execute    5               302.61                    1024                                     262                                                     FtagNN_AntiKt4EMPFlowJets_InDetTrackParticles_BTagging_20250213_GN3PflowMuonsV00_antikt4empflow_network_STANDARD_Jet
2026-02-12 14:03:32,276 PerfMonMTSvc                                         INFO Execute    5               299.02                    1024                                     20                                                      FtagNN_AntiKt4EMPFlowJets_InDetTrackParticles_BTagging_20250213_GN3PflowMuonsV00_antikt4empflow_network_SIMPLE_FLIP_Jet
2026-02-12 14:03:32,276 PerfMonMTSvc                                         INFO Execute    5               257.98                    0                                        5555                                                    CaloExtensionBuilderAlg                                                    
2026-02-12 14:03:32,276 PerfMonMTSvc                                         INFO Execute    5               210.76                    0                                        184                                                     FtagNN_AntiKt4EMPFlowJets_InDetTrackParticles_BTagging_20250213_GN3V00_antikt4empflow_network_STANDARD_Jet
2026-02-12 14:03:32,276 PerfMonMTSvc                                         INFO Execute    5               204.45                    0                                        20                                                      FtagNN_AntiKt4EMPFlowJets_InDetTrackParticles_BTagging_20250213_GN3V00_antikt4empflow_network_SIMPLE_FLIP_Jet
2026-02-12 14:03:32,276 PerfMonMTSvc                                         INFO Execute    5               202.05                    0                                        3024                                                    AntiKtVR30Rmax4Rmin02TruthChargedJets                                      
2026-02-12 14:03:32,276 PerfMonMTSvc                                         INFO Execute    5               198.95                    0                                        2435                                                    jetrecalg_AntiKtVR30Rmax4Rmin02TruthChargedJets                            
2026-02-12 14:03:32,276 PerfMonMTSvc                                         INFO Execute    5               178.20                    0                                        1066                                                    AntiKtVR30Rmax4Rmin02PV0TrackJets                                          
2026-02-12 14:03:32,276 PerfMonMTSvc                                         INFO Execute    5               176.35                    0                                        951                                                     jetrecalg_AntiKtVR30Rmax4Rmin02PV0TrackJets                                
2026-02-12 14:03:32,276 PerfMonMTSvc                                         INFO Execute    5               160.74                    16176                                    1973                                                    jetrecalg_AntiKt10UFOCSSKSoftDropBeta100Zcut10Jets                         
2026-02-12 14:03:32,276 PerfMonMTSvc                                         INFO Execute    5               130.82                    1024                                     4882                                                    StreamDAOD_PHYS                                                            
2026-02-12 14:03:32,276 PerfMonMTSvc                                         INFO Execute    5               91.19                     0                                        959                                                     DiTauLowPtBuilder                                                          
2026-02-12 14:03:32,277 PerfMonMTSvc                                         INFO Execute    5               76.47                     0                                        795                                                     TauJets_TauIDDecorKernel                                                   
2026-02-12 14:03:32,277 PerfMonMTSvc                                         INFO Execute    5               65.75                     0                                        2670                                                    EGammaCommonKernel                                                         
2026-02-12 14:03:32,277 PerfMonMTSvc                                         INFO Execute    5               62.65                     0                                        337                                                     FtagNN_AntiKt4EMPFlowJets_InDetTrackParticles_BTagging_20231205_GN2v01_antikt4empflow_STANDARD_Jet
2026-02-12 14:03:32,277 PerfMonMTSvc                                         INFO Execute    5               61.71                     1288                                     7635                                                    AntiKt4EMTopoJets                                                          
2026-02-12 14:03:32,277 PerfMonMTSvc                                         INFO Execute    5               56.84                     0                                        2329                                                    jetrecalg_AntiKt10TruthDressedWZJets                                       
2026-02-12 14:03:32,277 PerfMonMTSvc                                         INFO Execute    5               55.80                     6096                                     3660                                                    AntiKt4TruthJets                                                           
2026-02-12 14:03:32,277 PerfMonMTSvc                                         INFO Execute    5               54.86                     1288                                     4630                                                    jetrecalg_AntiKt4EMTopoJets                                                
2026-02-12 14:03:32,277 PerfMonMTSvc                                         INFO Execute    5               54.67                     0                                        14                                                      FtagNN_AntiKt4EMPFlowJets_InDetTrackParticles_BTagging_20231205_GN2v01_antikt4empflow_SIMPLE_FLIP_Jet
2026-02-12 14:03:32,277 PerfMonMTSvc                                         INFO Execute    5               47.61                     0                                        3035                                                    AntiKt4TruthDressedWZJets                                                  
2026-02-12 14:03:32,277 PerfMonMTSvc                                         INFO Execute    5               47.30                     0                                        3048                                                    AntiKt4TruthWZJets                                                         
2026-02-12 14:03:32,277 PerfMonMTSvc                                         INFO Execute    5               47.19                     6096                                     2445                                                    jetrecalg_AntiKt4TruthJets                                                 
2026-02-12 14:03:32,277 PerfMonMTSvc                                         INFO Execute    5               47.10                     0                                        103                                                     FtagNN_AntiKt10UFOCSSKSoftDropBeta100Zcut10Jets_InDetTrackParticles_JetCalibTools_CalibArea-00-04-83_CalibrationFactors_bbJESJMS_calibFactors_R22_MC20MC23_CSSKUFO_bJR10v01_20250212_STANDARD_Jet
2026-02-12 14:03:32,277 PerfMonMTSvc                                         INFO Execute    5               45.62                     0                                        53                                                      FtagNN_AntiKt10UFOCSSKSoftDropBeta100Zcut10Jets_InDetTrackParticles_BTagging_20240925_GN2Xv02_antikt10ufo_network_STANDARD_Jet
2026-02-12 14:03:32,277 PerfMonMTSvc                                         INFO Execute    5               45.16                     0                                        106                                                     FtagNN_AntiKt10UFOCSSKSoftDropBeta100Zcut10Jets_InDetTrackParticles_BTagging_20250310_GN2XTauV00_antikt10ufo_network_STANDARD_Jet
2026-02-12 14:03:32,277 PerfMonMTSvc                                         INFO Execute    5               45.03                     0                                        108                                                     FtagNN_AntiKt10UFOCSSKSoftDropBeta100Zcut10Jets_InDetTrackParticles_BTagging_20250912_GN3XPV01_antikt10ufo_network_STANDARD_Jet
2026-02-12 14:03:32,277 PerfMonMTSvc                                         INFO Execute    5               44.36                     0                                        69                                                      Electrons_decoratePLIT                                                     
2026-02-12 14:03:32,277 PerfMonMTSvc                                         INFO Execute    5               44.26                     0                                        2459                                                    jetrecalg_AntiKt4TruthWZJets                                               
2026-02-12 14:03:32,277 PerfMonMTSvc                                         INFO Execute    5               44.11                     0                                        2445                                                    jetrecalg_AntiKt4TruthDressedWZJets                                        
2026-02-12 14:03:32,277 PerfMonMTSvc                                         INFO Execute    5               26.69                     0                                        2430                                                    AntiKt10TruthSoftDropBeta100Zcut10Jets                                     
2026-02-12 14:03:32,278 PerfMonMTSvc                                         INFO Execute    5               25.25                     0                                        51                                                      FtagNN_AntiKt10UFOCSSKSoftDropBeta100Zcut10Jets_InDetTrackParticles_JetCalibTools_CalibArea-00-04-83_CalibrationFactors_bbJESJMS_calibFactors_R22_MC20_CSSKUFO_bJR10v00Ext_20250212_STANDARD_Jet
2026-02-12 14:03:32,278 PerfMonMTSvc                                         INFO Execute    5               24.78                     11000                                    21532                                                   MuonRemovalTauAODReRecoAlg                                                 
2026-02-12 14:03:32,278 PerfMonMTSvc                                         INFO Execute    5               21.11                     2872                                     784                                                     antikt4empflow_sv1_secvtxfinding                                           
2026-02-12 14:03:32,278 PerfMonMTSvc                                         INFO Execute    5               18.79                     0                                        853                                                     jetrecalg_AntiKt10TruthDressedWZSoftDropBeta100Zcut10Jets                  
2026-02-12 14:03:32,278 PerfMonMTSvc                                         INFO Execute    5               18.34                     0                                        853                                                     jetrecalg_AntiKt10TruthSoftDropBeta100Zcut10Jets                           
2026-02-12 14:03:32,278 PerfMonMTSvc                                         INFO Execute    5               16.29                     0                                        180                                                     antikt4empflow_sv1flip_secvtxfinding                                       
2026-02-12 14:03:32,278 PerfMonMTSvc                                         INFO Execute    5               14.64                     0                                        2009                                                    MCTruthClassificationKernel                                                
2026-02-12 14:03:32,278 PerfMonMTSvc                                         INFO Execute    5               11.89                     0                                        334                                                     HFClassificationCommonKernel                                               
2026-02-12 14:03:32,278 PerfMonMTSvc                                         INFO Execute    5               11.01                     0                                        2133                                                    TrigNavSlimmingMTAlg_DAOD                                                  
2026-02-12 14:03:32,278 PerfMonMTSvc                                         INFO Execute    5               9.75                      0                                        951                                                     MiniCollectionTruthLinkKernelNo3                                           
2026-02-12 14:03:32,278 PerfMonMTSvc                                         INFO Execute    5               9.57                      0                                        1358                                                    METAssociation_AntiKt4EMPFlowHR                                            
2026-02-12 14:03:32,278 PerfMonMTSvc                                         INFO Execute    5               9.48                      0                                        21                                                      TauJets_MuonRM_TauIDDecorKernel                                            
2026-02-12 14:03:32,278 PerfMonMTSvc                                         INFO Execute    5               8.77                      0                                        4361                                                    pflowselalg                                                                
2026-02-12 14:03:32,278 PerfMonMTSvc                                         INFO Execute    5               8.66                      0                                        1044                                                    METAssociation_AntiKt4EMTopo                                               
2026-02-12 14:03:32,278 PerfMonMTSvc                                         INFO =======================================================================================
2026-02-12 14:03:32,279 PerfMonMTSvc                                         INFO Finalize   1               305.13                    0                                        -667818                                                 ConditionStore                                                             
2026-02-12 14:03:32,279 PerfMonMTSvc                                         INFO Finalize   1               183.80                    -64                                      -246792                                                 DetectorStore                                                              
2026-02-12 14:03:32,279 PerfMonMTSvc                                         INFO Finalize   1               124.80                    -65544                                   -304287                                                 ToolSvc                                                                    
2026-02-12 14:03:32,279 PerfMonMTSvc                                         INFO Finalize   1               64.44                     0                                        -64959                                                  RDBAccessSvc                                                               
2026-02-12 14:03:32,279 PerfMonMTSvc                                         INFO Finalize   1               14.29                     0                                        -16945                                                  StoreGateSvc                                                               
2026-02-12 14:03:32,279 PerfMonMTSvc                                         INFO Finalize   1               9.64                      0                                        -15548                                                  ToolSvc.DiTauIDDecoratorWrapper.DiTauRec_OnnxScoreCalculator               
2026-02-12 14:03:32,279 PerfMonMTSvc                                         INFO Finalize   1               6.28                      0                                        -51128                                                  Gaudi::MultiFileCatalog                                                    
2026-02-12 14:03:32,279 PerfMonMTSvc                                         INFO Finalize   1               3.90                      0                                        -13564                                                  MetaDataStore                                                              
2026-02-12 14:03:32,279 PerfMonMTSvc                                         INFO Finalize   1               2.60                      0                                        -3104                                                   DetDescrCnvSvc                                                             
2026-02-12 14:03:32,279 PerfMonMTSvc                                         INFO Finalize   1               0.70                      0                                        -20                                                     ChronoStatSvc                                                              
2026-02-12 14:03:32,279 PerfMonMTSvc                                         INFO Finalize   1               0.59                      0                                        -768                                                    IOVDbSvc                                                                   
2026-02-12 14:03:32,279 PerfMonMTSvc                                         INFO Finalize   1               0.59                      0                                        6                                                       AntiKt4TruthJets                                                           
2026-02-12 14:03:32,279 PerfMonMTSvc                                         INFO Finalize   1               0.35                      0                                        -5576                                                   InputMetaDataStore                                                         
2026-02-12 14:03:32,279 PerfMonMTSvc                                         INFO Finalize   1               0.34                      0                                        3                                                       AntiKt10UFOCSSKSoftDropBeta100Zcut10Jets                                   
2026-02-12 14:03:32,280 PerfMonMTSvc                                         INFO Finalize   1               0.27                      0                                        2                                                       AntiKt4EMTopoJets                                                          
2026-02-12 14:03:32,280 PerfMonMTSvc                                         INFO Finalize   1               0.26                      0                                        -0                                                      EGammaCommonKernel                                                         
2026-02-12 14:03:32,280 PerfMonMTSvc                                         INFO Finalize   1               0.22                      0                                        2                                                       EventCleanSeq                                                              
2026-02-12 14:03:32,280 PerfMonMTSvc                                         INFO Finalize   1               0.18                      0                                        1                                                       AntiKt4EMPFlowJets                                                         
2026-02-12 14:03:32,280 PerfMonMTSvc                                         INFO Finalize   1               0.13                      0                                        -1                                                      AthenaPoolSharedIOCnvSvc                                                   
2026-02-12 14:03:32,280 PerfMonMTSvc                                         INFO Finalize   1               0.12                      0                                        0                                                       FourLeptonVertexAlg                                                        
2026-02-12 14:03:32,280 PerfMonMTSvc                                         INFO Finalize   1               0.12                      0                                        1                                                       AntiKtVR30Rmax4Rmin02PV0TrackJets                                          
2026-02-12 14:03:32,280 PerfMonMTSvc                                         INFO Finalize   1               0.10                      0                                        1                                                       AntiKt4TruthWZJets                                                         
2026-02-12 14:03:32,280 PerfMonMTSvc                                         INFO Finalize   1               0.10                      0                                        -4                                                      ToolSvc.PHYSDiTauLowPtTPThinningTool                                       
2026-02-12 14:03:32,280 PerfMonMTSvc                                         INFO Finalize   1               0.10                      0                                        1                                                       AntiKt4TruthDressedWZJets                                                  
2026-02-12 14:03:32,280 PerfMonMTSvc                                         INFO Finalize   1               0.10                      0                                        1                                                       AntiKt10LCTopoJets                                                         
2026-02-12 14:03:32,280 PerfMonMTSvc                                         INFO Finalize   1               0.09                      0                                        1                                                       AntiKtVR30Rmax4Rmin02TruthChargedJets                                      
2026-02-12 14:03:32,280 PerfMonMTSvc                                         INFO Finalize   1               0.09                      0                                        -11                                                     EventSelector                                                              
2026-02-12 14:03:32,280 PerfMonMTSvc                                         INFO Finalize   1               0.09                      0                                        -0                                                      TruthCategoriesDecorator.xAODToHepMCTool                                   
2026-02-12 14:03:32,280 PerfMonMTSvc                                         INFO Finalize   1               0.08                      0                                        1                                                       AntiKt10TruthSoftDropBeta100Zcut10Jets                                     
2026-02-12 14:03:32,280 PerfMonMTSvc                                         INFO Finalize   1               0.08                      0                                        -0                                                      PHYSKernel                                                                 
2026-02-12 14:03:32,280 PerfMonMTSvc                                         INFO Finalize   1               0.08                      0                                        -0                                                      antikt10ufocssksoftdropbeta100zcut10_sv1flip_secvtxfinding.IDVKalVxInJetFlip
2026-02-12 14:03:32,280 PerfMonMTSvc                                         INFO Finalize   1               0.07                      0                                        -0                                                      ToolSvc.TrigDecisionTool                                                   
2026-02-12 14:03:32,280 PerfMonMTSvc                                         INFO Finalize   1               0.07                      0                                        -0                                                      InDetUsedInFitDecorator_0Alg                                               
2026-02-12 14:03:32,280 PerfMonMTSvc                                         INFO Finalize   1               0.07                      0                                        0                                                       AllExecutedEventsCounterAlg                                                
2026-02-12 14:03:32,281 PerfMonMTSvc                                         INFO Finalize   1               0.06                      0                                        -0                                                      MCTruthClassificationKernel                                                
2026-02-12 14:03:32,281 PerfMonMTSvc                                         INFO Finalize   1               0.06                      0                                        -0                                                      TruthCategoriesDecorator.HiggsTruthCategoryTool                            
2026-02-12 14:03:32,281 PerfMonMTSvc                                         INFO Finalize   1               0.06                      0                                        -0                                                      CondInputLoader                                                            
2026-02-12 14:03:32,281 PerfMonMTSvc                                         INFO Finalize   1               0.06                      0                                        -24                                                     ToolSvc.CaloSurfaceBuilder                                                 
2026-02-12 14:03:32,281 PerfMonMTSvc                                         INFO Finalize   1               0.06                      0                                        -0                                                      AtlasTrackingGeometryCondAlg.AtlasGeometryBuilder.MuonTrackingGeometryBuilderCond.MuonStationBuilderCond.MuonStationTypeBuilder
2026-02-12 14:03:32,281 PerfMonMTSvc                                         INFO Finalize   1               0.05                      0                                        -0                                                      BeginIncFiringAlg                                                          
2026-02-12 14:03:32,281 PerfMonMTSvc                                         INFO Finalize   1               0.05                      0                                        -0                                                      BadBatmanAugmentation                                                      
2026-02-12 14:03:32,281 PerfMonMTSvc                                         INFO Finalize   1               0.05                      0                                        -0                                                      DFCommonMuonsKernel                                                        
2026-02-12 14:03:32,281 PerfMonMTSvc                                         INFO Finalize   1               0.05                      0                                        -0                                                      MCTruthCommonPreJetKernelNo17                                              
2026-02-12 14:03:32,281 PerfMonMTSvc                                         INFO Finalize   1               0.05                      0                                        -0                                                      MCTruthCommonPreJetKernelNo4                                               
2026-02-12 14:03:32,281 PerfMonMTSvc                                         INFO Finalize   1               0.05                      0                                        -0                                                      TauJets_MuonRM_TauIDDecorKernel                                            
2026-02-12 14:03:32,281 PerfMonMTSvc                                         INFO Finalize   1               0.05                      0                                        -0                                                      DiTauIDDecorKernel                                                         
2026-02-12 14:03:32,281 PerfMonMTSvc                                         INFO Finalize   1               0.05                      0                                        -0                                                      DiTauJets_DiTauIDDecorKernel                                               
2026-02-12 14:03:32,281 PerfMonMTSvc                                         INFO Finalize   1               0.05                      0                                        -0                                                      ToolSvc.PHYSTrackParticleThinningTool                                      
2026-02-12 14:03:32,281 PerfMonMTSvc                                         INFO Finalize   1               0.05                      0                                        -0                                                      DFCommonMuonsKernel2                                                       
2026-02-12 14:03:32,281 PerfMonMTSvc                                         INFO Finalize   1               0.05                      0                                        -0                                                      ToolSvc.ForwardElectronPassLHTight.ForwardElectronLHSelectorTight          
2026-02-12 14:03:32,281 PerfMonMTSvc                                         INFO =======================================================================================
2026-02-12 14:03:32,281 PerfMonMTSvc                                         INFO preLoadProxy 1               26.36                     0                                        28                                                      loadCachesOverhead:COOLOFL_INDET/OFLP200                                   
2026-02-12 14:03:32,282 PerfMonMTSvc                                         INFO preLoadProxy 1               19.31                     1024                                     3                                                       loadCachesOverhead:COOLOFL_LAR/OFLP200                                     
2026-02-12 14:03:32,282 PerfMonMTSvc                                         INFO preLoadProxy 1               16.04                     0                                        13                                                      loadCachesOverhead:COOLOFL_TRT/OFLP200                                     
2026-02-12 14:03:32,282 PerfMonMTSvc                                         INFO preLoadProxy 1               15.15                     1024                                     1156                                                    FldrCache:/LAR/Align                                                       
2026-02-12 14:03:32,282 PerfMonMTSvc                                         INFO preLoadProxy 1               14.62                     0                                        3                                                       loadCachesOverhead:COOLOFL_GLOBAL/OFLP200                                  
2026-02-12 14:03:32,282 PerfMonMTSvc                                         INFO preLoadProxy 1               13.80                     0                                        2                                                       loadCachesOverhead:COOLOFL_DCS/OFLP200                                     
2026-02-12 14:03:32,282 PerfMonMTSvc                                         INFO preLoadProxy 1               13.74                     0                                        529                                                     FldrCache:/Indet/Align                                                     
2026-02-12 14:03:32,282 PerfMonMTSvc                                         INFO preLoadProxy 1               13.28                     0                                        898                                                     FldrCache:/EXT/DCS/MAGNETS/SENSORDATA                                      
2026-02-12 14:03:32,282 PerfMonMTSvc                                         INFO preLoadProxy 1               12.19                     3072                                     673                                                     loadCachesOverhead:COOLOFL_MDT/OFLP200                                     
2026-02-12 14:03:32,282 PerfMonMTSvc                                         INFO preLoadProxy 1               11.61                     3072                                     1431                                                    FldrCache:/MDT/MM/PASSIVATION                                              
2026-02-12 14:03:32,282 PerfMonMTSvc                                         INFO preLoadProxy 1               11.49                     0                                        753                                                     FldrCache:/TRT/Align                                                       
2026-02-12 14:03:32,282 PerfMonMTSvc                                         INFO preLoadProxy 1               10.22                     0                                        821                                                     FldrCache:/GLOBAL/BField/Maps                                              
2026-02-12 14:03:32,282 PerfMonMTSvc                                         INFO preLoadProxy 1               7.58                      0                                        21                                                      FldrCache:/Indet/Beampos                                                   
2026-02-12 14:03:32,282 PerfMonMTSvc                                         INFO preLoadProxy 1               4.47                      0                                        18                                                      FldrCache:/Indet/IBLDist                                                   
2026-02-12 14:03:32,282 PerfMonMTSvc                                         INFO preLoadProxy 1               3.99                      0                                        9                                                       FldrCache:/TRT/Calib/DX                                                    
2026-02-12 14:03:32,282 PerfMonMTSvc                                         INFO preLoadProxy 1               3.85                      0                                        3                                                       FldrCache:/GLOBAL/TrackingGeo/LayerMaterialV2                              
2026-02-12 14:03:32,282 PerfMonMTSvc                                         INFO preLoadProxy 1               3.52                      0                                        8                                                       FldrCache:/LAR/LArCellPositionShift                                        
2026-02-12 14:03:32,282 PerfMonMTSvc                                         INFO preLoadProxy 1               0.80                      0                                        14                                                      UpdateAddr::/TagInfo                                                       
2026-02-12 14:03:32,282 PerfMonMTSvc                                         INFO preLoadProxy 1               0.46                      0                                        13                                                      FldrSetup:/TagInfo                                                         
2026-02-12 14:03:32,282 PerfMonMTSvc                                         INFO preLoadProxy 1               0.31                      0                                        22                                                      FldrSetup:/Digitization/Parameters                                         
2026-02-12 14:03:32,283 PerfMonMTSvc                                         INFO preLoadProxy 1               0.19                      0                                        12                                                      FldrSetup:/Indet/Align                                                     
2026-02-12 14:03:32,283 PerfMonMTSvc                                         INFO preLoadProxy 1               0.09                      0                                        0                                                       FldrSetup:/GLOBAL/TrackingGeo/LayerMaterialV2                              
2026-02-12 14:03:32,283 PerfMonMTSvc                                         INFO preLoadProxy 1               0.08                      0                                        0                                                       FldrSetup:/TRT/Calib/DX                                                    
2026-02-12 14:03:32,283 PerfMonMTSvc                                         INFO preLoadProxy 1               0.07                      0                                        2                                                       FldrSetup:/EXT/DCS/MAGNETS/SENSORDATA                                      
2026-02-12 14:03:32,283 PerfMonMTSvc                                         INFO preLoadProxy 1               0.07                      0                                        9                                                       FldrSetup:/TRT/Align                                                       
2026-02-12 14:03:32,283 PerfMonMTSvc                                         INFO preLoadProxy 1               0.07                      0                                        10                                                      FldrSetup:/Indet/IBLDist                                                   
2026-02-12 14:03:32,283 PerfMonMTSvc                                         INFO preLoadProxy 1               0.07                      0                                        0                                                       FldrSetup:LArCellPositionShift                                             
2026-02-12 14:03:32,283 PerfMonMTSvc                                         INFO preLoadProxy 1               0.05                      0                                        3                                                       FldrSetup:/GLOBAL/BField/Maps                                              
2026-02-12 14:03:32,283 PerfMonMTSvc                                         INFO preLoadProxy 1               0.04                      0                                        -0                                                      AthenaAttributeList[/Digitization/Parameters]                              
2026-02-12 14:03:32,283 PerfMonMTSvc                                         INFO preLoadProxy 1               0.04                      0                                        1                                                       FldrSetup:/MDT/MM/PASSIVATION                                              
2026-02-12 14:03:32,283 PerfMonMTSvc                                         INFO preLoadProxy 1               0.03                      0                                        2                                                       FldrSetup:/Indet/Beampos                                                   
2026-02-12 14:03:32,283 PerfMonMTSvc                                         INFO preLoadProxy 1               0.02                      0                                        -0                                                      UpdateAddr::AthenaMPEventQueue_1429112_e10475a4-b5b9-4b55-b201-e9952fc426cc
2026-02-12 14:03:32,283 PerfMonMTSvc                                         INFO preLoadProxy 1               0.02                      0                                        -0                                                      UpdateAddr::PRESAMPLER_B_POS                                               
2026-02-12 14:03:32,283 PerfMonMTSvc                                         INFO preLoadProxy 1               0.01                      0                                        0                                                       FldrSetup:/LAR/Align                                                       
2026-02-12 14:03:32,283 PerfMonMTSvc                                         INFO preLoadProxy 1               0.01                      0                                        -0                                                      AlignableTransformContainer[/Indet/Align]                                  
2026-02-12 14:03:32,283 PerfMonMTSvc                                         INFO preLoadProxy 1               0.01                      0                                        -0                                                      CondAttrListCollection[/MDT/MM/PASSIVATION]                                
2026-02-12 14:03:32,283 PerfMonMTSvc                                         INFO preLoadProxy 1               0.01                      0                                        -0                                                      CondAttrListCollection[/EXT/DCS/MAGNETS/SENSORDATA]                        
2026-02-12 14:03:32,283 PerfMonMTSvc                                         INFO preLoadProxy 1               0.01                      0                                        -0                                                      UpdateAddr::PRESAMPLER_EC_POS                                              
2026-02-12 14:03:32,283 PerfMonMTSvc                                         INFO preLoadProxy 1               0.01                      0                                        -0                                                      CondAttrListCollection[/GLOBAL/BField/Maps]                                
2026-02-12 14:03:32,283 PerfMonMTSvc                                         INFO preLoadProxy 1               0.01                      0                                        -0                                                      UpdateAddr::HEC_NEG                                                        
2026-02-12 14:03:32,284 PerfMonMTSvc                                         INFO preLoadProxy 1               0.01                      0                                        -0                                                      UpdateAddr::HEC_POS                                                        
2026-02-12 14:03:32,284 PerfMonMTSvc                                         INFO preLoadProxy 1               0.01                      0                                        -0                                                      UpdateAddr::PRESAMPLER_B_NEG                                               
2026-02-12 14:03:32,284 PerfMonMTSvc                                         INFO preLoadProxy 1               0.01                      0                                        -0                                                      DetCondKeyTrans[/LAR/Align]                                                
2026-02-12 14:03:32,284 PerfMonMTSvc                                         INFO preLoadProxy 1               0.01                      0                                        -0                                                      CondAttrListCollection[/Indet/IBLDist]                                     
2026-02-12 14:03:32,284 PerfMonMTSvc                                         INFO preLoadProxy 1               0.01                      0                                        -0                                                      UpdateAddr::PRESAMPLER_EC_NEG                                              
2026-02-12 14:03:32,284 PerfMonMTSvc                                         INFO preLoadProxy 1               0.01                      0                                        -0                                                      AlignableTransformContainer[/TRT/Align]                                    
2026-02-12 14:03:32,284 PerfMonMTSvc                                         INFO preLoadProxy 1               0.01                      0                                        -0                                                      TRTCond::StrawDxContainer[/TRT/Calib/DX]                                   
2026-02-12 14:03:32,284 PerfMonMTSvc                                         INFO preLoadProxy 1               0.01                      0                                        -0                                                      Trk::LayerMaterialMap[/GLOBAL/TrackingGeo/LayerMaterialV2]                 
2026-02-12 14:03:32,284 PerfMonMTSvc                                         INFO preLoadProxy 1               0.01                      0                                        -0                                                      CondAttrListCollection[/TagInfo]                                           
2026-02-12 14:03:32,284 PerfMonMTSvc                                         INFO preLoadProxy 1               0.01                      0                                        -0                                                      CaloRec::CaloCellPositionShift[LArCellPositionShift]                       
2026-02-12 14:03:32,284 PerfMonMTSvc                                         INFO =======================================================================================
2026-02-12 14:03:32,284 PerfMonMTSvc                                         INFO                                 Event Level Monitoring                                 
2026-02-12 14:03:32,284 PerfMonMTSvc                                         INFO         (Only the first 10 and the last measurements are explicitly printed)
2026-02-12 14:03:32,284 PerfMonMTSvc                                         INFO =======================================================================================
2026-02-12 14:03:32,284 PerfMonMTSvc                                         INFO Event            CPU [s]      Wall [s]     Vmem [kB]    Rss [kB]     Pss [kB]     Swap [kB]   
2026-02-12 14:03:32,284 PerfMonMTSvc                                         INFO ---------------------------------------------------------------------------------------
2026-02-12 14:03:32,284 PerfMonMTSvc                                         INFO 1                        2.05        54.61      5555764      3908112      1970697            0
2026-02-12 14:03:32,284 PerfMonMTSvc                                         INFO =======================================================================================
2026-02-12 14:03:32,285 PerfMonMTSvc                                         INFO                                 Snapshots Summary                                      
2026-02-12 14:03:32,285 PerfMonMTSvc                                         INFO =======================================================================================
2026-02-12 14:03:32,285 PerfMonMTSvc                                         INFO Step          dCPU [s]     dWall [s]    <CPU>   dVmem [kB]  dRss [kB]   dPss [kB]   dSwap [kB] 
2026-02-12 14:03:32,285 PerfMonMTSvc                                         INFO ---------------------------------------------------------------------------------------
2026-02-12 14:03:32,285 PerfMonMTSvc                                         INFO Configure     12.69        15.27        0.83    1415664     1112024     607523      0          
2026-02-12 14:03:32,285 PerfMonMTSvc                                         INFO Initialize    12.40        26.95        0.46    1907868     1416896     1230051     0          
2026-02-12 14:03:32,285 PerfMonMTSvc                                         INFO FirstEvent    11.58        21.91        0.53    6172880     4819152     2847691     0          
2026-02-12 14:03:32,285 PerfMonMTSvc                                         INFO Execute       4.54         4.62         0.98    42384       50612       42367       0          
2026-02-12 14:03:32,285 PerfMonMTSvc                                         INFO Finalize      0.78         0.83         0.94    -65608      24864       703057      0          
2026-02-12 14:03:32,285 PerfMonMTSvc                                         INFO ***************************************************************************************
2026-02-12 14:03:32,285 PerfMonMTSvc                                         INFO Number of events processed:         6
2026-02-12 14:03:32,285 PerfMonMTSvc                                         INFO CPU usage per event [ms]:           2687
2026-02-12 14:03:32,285 PerfMonMTSvc                                         INFO Events per second:                  0.226
2026-02-12 14:03:32,285 PerfMonMTSvc                                         INFO CPU utilization efficiency [%]:     60
2026-02-12 14:03:32,285 PerfMonMTSvc                                         INFO ***************************************************************************************
2026-02-12 14:03:32,285 PerfMonMTSvc                                         INFO Max Vmem:                           5.30 GB
2026-02-12 14:03:32,285 PerfMonMTSvc                                         INFO Max Rss:                            3.73 GB
2026-02-12 14:03:32,285 PerfMonMTSvc                                         INFO Max Pss:                            1.88 GB
2026-02-12 14:03:32,285 PerfMonMTSvc                                         INFO Max Swap:                           0.00 KB
2026-02-12 14:03:32,286 PerfMonMTSvc                                         INFO ***************************************************************************************
2026-02-12 14:03:32,286 PerfMonMTSvc                                         INFO Leak estimate per event Vmem:       0.00 KB
2026-02-12 14:03:32,286 PerfMonMTSvc                                         INFO Leak estimate per event Pss:        0.00 KB
2026-02-12 14:03:32,286 PerfMonMTSvc                                         INFO   >> Estimated using the last 0 measurements from the Event Level Monitoring
2026-02-12 14:03:32,286 PerfMonMTSvc                                         INFO   >> Events prior to the first 25 are omitted...
2026-02-12 14:03:32,286 PerfMonMTSvc                                         INFO =======================================================================================
2026-02-12 14:03:32,286 PerfMonMTSvc                                         INFO                                   System Information                                   
2026-02-12 14:03:32,286 PerfMonMTSvc                                         INFO =======================================================================================
2026-02-12 14:03:32,287 PerfMonMTSvc                                         INFO CPU Model:                          Intel(R) Xeon(R) Gold 6326 CPU @ 2.90GHz 24576 KB
2026-02-12 14:03:32,287 PerfMonMTSvc                                         INFO Number of Available Cores:          32
2026-02-12 14:03:32,287 PerfMonMTSvc                                         INFO Total Memory:                       251.00 GB
2026-02-12 14:03:32,287 PerfMonMTSvc                                         INFO =======================================================================================
2026-02-12 14:03:32,287 PerfMonMTSvc                                         INFO                                Environment Information                                 
2026-02-12 14:03:32,287 PerfMonMTSvc                                         INFO =======================================================================================
2026-02-12 14:03:32,288 PerfMonMTSvc                                         INFO Malloc Library:                     libtcmalloc_minimal.so
2026-02-12 14:03:32,288 PerfMonMTSvc                                         INFO Math Library:                       libimf.so
2026-02-12 14:03:32,288 PerfMonMTSvc                                         INFO =======================================================================================
2026-02-12 14:03:33,026 ApplicationMgr                                       INFO Application Manager Finalized successfully
