2026-02-12 14:46:18,595 AthMpEvtLoopMgr.SharedEvtQueueConsumer               INFO Logs redirected in the AthenaMP event worker PID=1440341
2026-02-12 14:46:18,595 AthMpEvtLoopMgr.SharedEvtQueueConsumer               INFO Io registry updated in the AthenaMP event worker PID=1440341
2026-02-12 14:46:18,611 AthMpEvtLoopMgr.SharedEvtQueueConsumer               INFO File descriptors re-opened in the AthenaMP event worker PID=1440341
2026-02-12 14:46:18,611 PoolSvc                                              INFO I/O reinitialization...
2026-02-12 14:46:18,611 PoolSvc                                              INFO Setting up APR FileCatalog and Streams
2026-02-12 14:46:18,621 PoolSvc                                              INFO Resolved path (via ATLAS_POOLCOND_PATH) is /cvmfs/atlas-condb.cern.ch/repo/conditions/poolcond/PoolFileCatalog.xml
2026-02-12 14:46:18,635 PoolSvc                                              INFO Unable find catalog apcfile:poolcond/PoolCat_oflcond.xml in $ATLAS_POOLCOND_PATH and $DATAPATH
2026-02-12 14:46:18,635 PoolSvc                                              INFO POOL WriteCatalog is xmlcatalog_file:PoolFileCatalog.xml
2026-02-12 14:46:18,859 DbSession                                            INFO     Open     DbSession
2026-02-12 14:46:18,859 Domain[ROOT_All]                                     INFO >   Access   DbDomain     READ      [ROOT_All]
2026-02-12 14:46:18,859 DbSession                                            INFO     Open     DbSession
2026-02-12 14:46:18,860 Domain[ROOT_All]                                     INFO >   Access   DbDomain     READ      [ROOT_All]
2026-02-12 14:46:18,860 MetaDataSvc                                          INFO I/O reinitialization...
2026-02-12 14:46:18,860 MetaDataSvc                                          INFO Attached MetaDataTool: ToolSvc.IOVDbMetaDataTool
2026-02-12 14:46:18,860 MetaDataSvc                                          INFO Attached MetaDataTool: ToolSvc.BookkeeperTool
2026-02-12 14:46:18,860 MetaDataSvc                                          INFO Attached MetaDataTool: ToolSvc.StreamDAOD_PHYS_CopyEventStreamInfo
2026-02-12 14:46:18,860 MetaDataSvc                                          INFO Attached MetaDataTool: ToolSvc.TriggerMenuMetaDataTool
2026-02-12 14:46:18,860 MetaDataSvc                                          INFO Attached MetaDataTool: ToolSvc.TruthMetaDataTool
2026-02-12 14:46:18,860 MetaDataSvc                                          INFO Attached MetaDataTool: ToolSvc.xAODMaker::FileMetaDataTool
2026-02-12 14:46:18,860 MetaDataSvc                                          INFO Attached MetaDataTool: ToolSvc.xAODMaker::EventFormatMetaDataTool
2026-02-12 14:46:18,860 EventSelector                                        INFO I/O reinitialization...
2026-02-12 14:46:18,860 /eos/home-b/bkamgama/draft/Run_sleep_10000/...root   INFO ->  Access   DbDatabase   READ      [ROOT_All] AA21FB28-2672-434E-9813-0D7BE842151D
2026-02-12 14:46:18,877 RootDatabase                                         INFO /eos/home-b/bkamgama/draft/Run_sleep_10000/Compression_QT/DAOD_Compression_Analysis/workspaces/zstd_level1/data/zstd_rntuple_level1.AOD.pool.root File version:1063901
2026-02-12 14:46:18,894 StreamDAOD_PHYS                                      INFO I/O reinitialization...
2026-02-12 14:46:18,894 /eos/home-b/bkamgama/draft/Run_sleep_10000/...root   INFO Database being retired...
2026-02-12 14:46:18,895 /eos/home-b/bkamgama/draft/Run_sleep_10000/...root   INFO ->  Deaccess DbDatabase   READ      [ROOT_All] AA21FB28-2672-434E-9813-0D7BE842151D
2026-02-12 14:46:18,895 Domain[ROOT_All]                                     INFO >   Deaccess DbDomain     READ      [ROOT_All]
2026-02-12 14:46:18,895 DbSession                                            INFO     Open     DbSession
2026-02-12 14:46:18,895 Domain[ROOT_All]                                     INFO >   Access   DbDomain     READ      [ROOT_All]
2026-02-12 14:46:18,895 /eos/home-b/bkamgama/draft/Run_sleep_10000/...root   INFO ->  Access   DbDatabase   READ      [ROOT_All] AA21FB28-2672-434E-9813-0D7BE842151D
2026-02-12 14:46:18,904 RootDatabase                                         INFO /eos/home-b/bkamgama/draft/Run_sleep_10000/Compression_QT/DAOD_Compression_Analysis/workspaces/zstd_level1/data/zstd_rntuple_level1.AOD.pool.root File version:1063901
2026-02-12 14:46:18,919 AthMpEvtLoopMgr.SharedEvtQueueConsumer               INFO Exec function in the AthenaMP worker PID=1440341
2026-02-12 14:46:18,921 AthMpEvtLoopMgr.SharedEvtQueueConsumer               INFO Received from the queue: event num=0 chunk size=1
2026-02-12 14:46:18,922 AthMpEvtLoopMgr.SharedEvtQueueConsumer               INFO Seek to 0 succeeded
2026-02-12 14:46:18,928 ToolSvc.BookkeeperTool                               INFO Preparing local cache for source 'AA21FB28-2672-434E-9813-0D7BE842151D' with 194 variations
2026-02-12 14:46:18,930 ToolSvc.BookkeeperTool                               INFO No incomplete bookkeepers with name 'IncompleteCutBookkeepers' in this file
2026-02-12 14:46:18,930 ToolSvc.BookkeeperTool                               INFO No complete bookkeepers with name 'CutBookkeepers' in this file
2026-02-12 14:46:21,147 AthenaEventLoopMgr                                   INFO   ===>>>  start processing event #334732001, run #450000 0 events processed so far  <<<===
2026-02-12 14:46:21,268 xAODConfigSvc                                        INFO TrigConfxAOD/src/xAODConfigSvc.cxx:940 (StatusCode TrigConf::xAODConfigSvc::prepareEventxAODTriggerMenuJson(const xAOD::TrigConfKeys*, const xAOD::BunchConfKey*, const EventContext&)): Loaded xAOD::TriggerMenuJson configuration:  SMK = 2130037424, L1PSK = 3785439411, HLTPSK = 266086103, BGSK = 707058941
2026-02-12 14:46:21,392 PerfMonMTSvc                                         INFO Event [    1] CPU Time: 00h00m01s, Wall Time: 00h00m51s, Vmem: 5.30 GB, Rss: 3.73 GB, Pss: 1.89 GB, Swap: 0.00 KB
2026-02-12 14:46:21,392 ToolSvc.TrigDecisionTool                             INFO Updating config in slot 0 with SMK: 2130037424 and L1PSK: 3785439411 and HLTPSK: 266086103 and BGSK: 707058941 getForceConfigUpdate()=1 HLT Chains: 2535
2026-02-12 14:46:21,556 ToolSvc.PhysCommonTruthCharmTool                  WARNING Found xAODTruthMetaDataContainer empty! Configuring to be NOT Sherpa.
2026-02-12 14:46:21,556 ToolSvc.PhysCommonTruthCharmTool                     INFO From metadata configured: Sherpa? 0
2026-02-12 14:46:27,391 ToolSvc.DFCommonBornLeptonCollTool                   INFO From metadata configured: Sherpa? 0
2026-02-12 14:46:28,627 ToolSvc.xAODTrackParticleCompressorTool              INFO Initialising
2026-02-12 14:46:28,627 ToolSvc.xAODTrackParticleCompressorTool              INFO   OffDiagCovMatrixBits = 23
2026-02-12 14:46:28,627 ToolSvc.xAODTrackParticleCompressorTool              INFO   DiagCovMatrixBits    = 23
2026-02-12 14:46:28,627 ToolSvc.xAODTrackParticleCompressorTool              INFO   UseOffDiagCompr = 0
2026-02-12 14:46:28,677 ToolSvc.DFCommonMuonsSelector                     WARNING MuonSelectionTool currently supports Loose, Medium, Tight, HighPt, and LowPtEfficiency WPs for Run3; all other WPs can only be used in ExpertDevelopMode mode
2026-02-12 14:46:28,751 xAODClusterCompressor                                INFO Compression of ClusterMoments to 16 bits enabled
2026-02-12 14:46:28,752 AthenaPoolConverter                                  INFO Retrieved compression tool
WARNING from FastJet: Recluster: the original cluster sequence is lacking explicit ghosts; area support will no longer be available after re-clustering
WARNING from FastJet: Recluster: the original cluster sequence is lacking explicit ghosts; area support will no longer be available after re-clustering
WARNING from FastJet: Recluster: the original cluster sequence is lacking explicit ghosts; area support will no longer be available after re-clustering
WARNING from FastJet: Recluster: the original cluster sequence is lacking explicit ghosts; area support will no longer be available after re-clustering
WARNING from FastJet: Recluster: the original cluster sequence is lacking explicit ghosts; area support will no longer be available after re-clustering (LAST SUCH WARNING)
2026-02-12 14:46:30,539 ClassIDSvc                                           INFO getRegistryEntries: read 2953 CLIDRegistry entries for module ALL
xAOD::AuxSelection WARNING Selected dynamic Aux atribute "DFCommonJets_eventClean_LooseBadLLP" not found in the registry
xAOD::AuxSelection WARNING Selected dynamic Aux atribute "HTXS_Higgs_decay_eta" not found in the registry
xAOD::AuxSelection WARNING Selected dynamic Aux atribute "HTXS_Higgs_decay_m" not found in the registry
xAOD::AuxSelection WARNING Selected dynamic Aux atribute "HTXS_Higgs_decay_phi" not found in the registry
xAOD::AuxSelection WARNING Selected dynamic Aux atribute "HTXS_Higgs_decay_pt" not found in the registry
xAOD::AuxSelection WARNING Selected dynamic Aux atribute "HTXS_Higgs_eta" not found in the registry
xAOD::AuxSelection WARNING Selected dynamic Aux atribute "HTXS_Higgs_m" not found in the registry
xAOD::AuxSelection WARNING Selected dynamic Aux atribute "HTXS_Higgs_phi" not found in the registry
xAOD::AuxSelection WARNING Selected dynamic Aux atribute "HTXS_Higgs_pt" not found in the registry
xAOD::AuxSelection WARNING Selected dynamic Aux atribute "HTXS_Njets_pTjet25" not found in the registry
xAOD::AuxSelection WARNING Selected dynamic Aux atribute "HTXS_Njets_pTjet30" not found in the registry
xAOD::AuxSelection WARNING Selected dynamic Aux atribute "HTXS_Stage0_Category" not found in the registry
xAOD::AuxSelection WARNING Selected dynamic Aux atribute "HTXS_Stage1_2_Category_pTjet25" not found in the registry
xAOD::AuxSelection WARNING Selected dynamic Aux atribute "HTXS_Stage1_2_Category_pTjet30" not found in the registry
xAOD::AuxSelection WARNING Selected dynamic Aux atribute "HTXS_Stage1_2_FineIndex_pTjet25" not found in the registry
xAOD::AuxSelection WARNING Selected dynamic Aux atribute "HTXS_Stage1_2_FineIndex_pTjet30" not found in the registry
xAOD::AuxSelection WARNING Selected dynamic Aux atribute "HTXS_Stage1_2_Fine_Category_pTjet25" not found in the registry
xAOD::AuxSelection WARNING Selected dynamic Aux atribute "HTXS_Stage1_2_Fine_Category_pTjet30" not found in the registry
xAOD::AuxSelection WARNING Selected dynamic Aux atribute "HTXS_Stage1_2_Fine_FineIndex_pTjet25" not found in the registry
xAOD::AuxSelection WARNING Selected dynamic Aux atribute "HTXS_Stage1_2_Fine_FineIndex_pTjet30" not found in the registry
xAOD::AuxSelection WARNING Selected dynamic Aux atribute "HTXS_Stage1_Category_pTjet25" not found in the registry
xAOD::AuxSelection WARNING Selected dynamic Aux atribute "HTXS_Stage1_Category_pTjet30" not found in the registry
xAOD::AuxSelection WARNING Selected dynamic Aux atribute "HTXS_Stage1_FineIndex_pTjet25" not found in the registry
xAOD::AuxSelection WARNING Selected dynamic Aux atribute "HTXS_Stage1_FineIndex_pTjet30" not found in the registry
xAOD::AuxSelection WARNING Selected dynamic Aux atribute "HTXS_V_decay_eta" not found in the registry
xAOD::AuxSelection WARNING Selected dynamic Aux atribute "HTXS_V_decay_m" not found in the registry
xAOD::AuxSelection WARNING Selected dynamic Aux atribute "HTXS_V_decay_phi" not found in the registry
xAOD::AuxSelection WARNING Selected dynamic Aux atribute "HTXS_V_decay_pt" not found in the registry
xAOD::AuxSelection WARNING Selected dynamic Aux atribute "HTXS_V_eta" not found in the registry
xAOD::AuxSelection WARNING Selected dynamic Aux atribute "HTXS_V_jets25_eta" not found in the registry
xAOD::AuxSelection WARNING Selected dynamic Aux atribute "HTXS_V_jets25_m" not found in the registry
xAOD::AuxSelection WARNING Selected dynamic Aux atribute "HTXS_V_jets25_phi" not found in the registry
xAOD::AuxSelection WARNING Selected dynamic Aux atribute "HTXS_V_jets25_pt" not found in the registry
xAOD::AuxSelection WARNING Selected dynamic Aux atribute "HTXS_V_jets30_eta" not found in the registry
xAOD::AuxSelection WARNING Selected dynamic Aux atribute "HTXS_V_jets30_m" not found in the registry
xAOD::AuxSelection WARNING Selected dynamic Aux atribute "HTXS_V_jets30_phi" not found in the registry
xAOD::AuxSelection WARNING Selected dynamic Aux atribute "HTXS_V_jets30_pt" not found in the registry
xAOD::AuxSelection WARNING Selected dynamic Aux atribute "HTXS_V_m" not found in the registry
xAOD::AuxSelection WARNING Selected dynamic Aux atribute "HTXS_V_phi" not found in the registry
xAOD::AuxSelection WARNING Selected dynamic Aux atribute "HTXS_V_pt" not found in the registry
xAOD::AuxSelection WARNING Selected dynamic Aux atribute "HTXS_errorCode" not found in the registry
xAOD::AuxSelection WARNING Selected dynamic Aux atribute "HTXS_isZ2vvDecay" not found in the registry
xAOD::AuxSelection WARNING Selected dynamic Aux atribute "truthClassification" not found in the registry
xAOD::AuxSelection WARNING Selected dynamic Aux atribute "DFCommonGoodMuon" not found in the registry
xAOD::AuxSelection WARNING Selected dynamic Aux atribute "DecayModeVector" not found in the registry
xAOD::AuxSelection WARNING Selected dynamic Aux atribute "IsHadronicTau" not found in the registry
xAOD::AuxSelection WARNING Selected dynamic Aux atribute "decay_vertex_x" not found in the registry
xAOD::AuxSelection WARNING Selected dynamic Aux atribute "decay_vertex_y" not found in the registry
xAOD::AuxSelection WARNING Selected dynamic Aux atribute "decay_vertex_z" not found in the registry
xAOD::AuxSelection WARNING Selected dynamic Aux atribute "eta_invis" not found in the registry
xAOD::AuxSelection WARNING Selected dynamic Aux atribute "eta_vis_neutral" not found in the registry
xAOD::AuxSelection WARNING Selected dynamic Aux atribute "m_invis" not found in the registry
xAOD::AuxSelection WARNING Selected dynamic Aux atribute "m_vis_neutral" not found in the registry
xAOD::AuxSelection WARNING Selected dynamic Aux atribute "numCharged" not found in the registry
xAOD::AuxSelection WARNING Selected dynamic Aux atribute "numChargedPion" not found in the registry
xAOD::AuxSelection WARNING Selected dynamic Aux atribute "numNeutral" not found in the registry
xAOD::AuxSelection WARNING Selected dynamic Aux atribute "numNeutralPion" not found in the registry
xAOD::AuxSelection WARNING Selected dynamic Aux atribute "phi_invis" not found in the registry
xAOD::AuxSelection WARNING Selected dynamic Aux atribute "phi_vis_neutral" not found in the registry
xAOD::AuxSelection WARNING Selected dynamic Aux atribute "prod_vertex_x" not found in the registry
xAOD::AuxSelection WARNING Selected dynamic Aux atribute "prod_vertex_y" not found in the registry
xAOD::AuxSelection WARNING Selected dynamic Aux atribute "prod_vertex_z" not found in the registry
xAOD::AuxSelection WARNING Selected dynamic Aux atribute "pt_invis" not found in the registry
xAOD::AuxSelection WARNING Selected dynamic Aux atribute "pt_vis_neutral" not found in the registry
xAOD::AuxSelection WARNING Selected dynamic Aux atribute "Angularity" not found in the registry
xAOD::AuxSelection WARNING Selected dynamic Aux atribute "ChargeMFrac" not found in the registry
xAOD::AuxSelection WARNING Selected dynamic Aux atribute "ChargePTFrac" not found in the registry
xAOD::AuxSelection WARNING Selected dynamic Aux atribute "EM3FracCaloBased" not found in the registry
xAOD::AuxSelection WARNING Selected dynamic Aux atribute "EffNClustsCaloBased" not found in the registry
xAOD::AuxSelection WARNING Selected dynamic Aux atribute "GN3XPV01_pqcd" not found in the registry
xAOD::AuxSelection WARNING Selected dynamic Aux atribute "KtDR" not found in the registry
xAOD::AuxSelection WARNING Selected dynamic Aux atribute "NeutralEFrac" not found in the registry
xAOD::AuxSelection WARNING Selected dynamic Aux atribute "PlanarFlow" not found in the registry
xAOD::AuxSelection WARNING Selected dynamic Aux atribute "Tile0FracCaloBased" not found in the registry
xAOD::AuxSelection WARNING Selected dynamic Aux atribute "bJR10v00_mass" not found in the registry
xAOD::AuxSelection WARNING Selected dynamic Aux atribute "bJR10v00_pt" not found in the registry
xAOD::AuxSelection WARNING Selected dynamic Aux atribute "groomMRatio" not found in the registry
xAOD::AuxSelection WARNING Selected dynamic Aux atribute "PartonTruthLabelTruthLabelBarcode" not found in the registry
xAOD::AuxSelection WARNING Selected dynamic Aux atribute "PartonTruthLabelTruthLabelDR" not found in the registry
xAOD::AuxSelection WARNING Selected dynamic Aux atribute "PartonTruthLabelTruthLabelID" not found in the registry
xAOD::AuxSelection WARNING Selected dynamic Aux atribute "PartonTruthLabelTruthLabelLxy" not found in the registry
xAOD::AuxSelection WARNING Selected dynamic Aux atribute "PartonTruthLabelTruthLabelPdgId" not found in the registry
xAOD::AuxSelection WARNING Selected dynamic Aux atribute "PartonTruthLabelTruthLabelPt" not found in the registry
2026-02-12 14:46:30,788 copyAuxStoreThinned                               WARNING AthContainers/src/copyAuxStoreThinned.cxx:138: unlocked decoration UEcorr_Pt (955) in object of type xAOD::ElectronAuxContainer_v3
2026-02-12 14:46:30,797 copyAuxStoreThinned                               WARNING AthContainers/src/copyAuxStoreThinned.cxx:138: unlocked decoration UEcorr_Pt (955) in object of type xAOD::MuonAuxContainer_v5
2026-02-12 14:46:30,817 ClassIDSvc                                           INFO getRegistryEntries: read 302 CLIDRegistry entries for module ALL
2026-02-12 14:46:30,917 AthenaEventLoopMgr                                   INFO   ===>>>  done processing event #334732001, run #450000 1 events processed so far  <<<===
2026-02-12 14:46:30,929 PoolSvc                                           WARNING connect: Using default input Stream instead of id = 4294967295
2026-02-12 14:46:30,929 AthMpEvtLoopMgr.SharedEvtQueueConsumer               INFO Received from the queue: event num=3 chunk size=1
2026-02-12 14:46:30,929 AthMpEvtLoopMgr.SharedEvtQueueConsumer               INFO Seek to 3 succeeded
2026-02-12 14:46:31,863 copyAuxStoreThinned                               WARNING AthContainers/src/copyAuxStoreThinned.cxx:138: unlocked decoration UEcorr_Pt (955) in object of type xAOD::ElectronAuxContainer_v3
2026-02-12 14:46:31,866 copyAuxStoreThinned                               WARNING AthContainers/src/copyAuxStoreThinned.cxx:138: unlocked decoration UEcorr_Pt (955) in object of type xAOD::MuonAuxContainer_v5
2026-02-12 14:46:31,882 AthMpEvtLoopMgr.SharedEvtQueueConsumer               INFO Received from the queue: event num=5 chunk size=1
2026-02-12 14:46:31,882 AthMpEvtLoopMgr.SharedEvtQueueConsumer               INFO Seek to 5 succeeded
2026-02-12 14:46:32,478 copyAuxStoreThinned                               WARNING AthContainers/src/copyAuxStoreThinned.cxx:138: unlocked decoration UEcorr_Pt (955) in object of type xAOD::ElectronAuxContainer_v3
2026-02-12 14:46:32,497 AthMpEvtLoopMgr.SharedEvtQueueConsumer               INFO Received from the queue: event num=6 chunk size=1
2026-02-12 14:46:32,497 AthMpEvtLoopMgr.SharedEvtQueueConsumer               INFO Seek to 6 succeeded
2026-02-12 14:46:33,337 copyAuxStoreThinned                               WARNING AthContainers/src/copyAuxStoreThinned.cxx:138: unlocked decoration UEcorr_Pt (955) in object of type xAOD::ElectronAuxContainer_v3
2026-02-12 14:46:33,341 copyAuxStoreThinned                               WARNING AthContainers/src/copyAuxStoreThinned.cxx:138: unlocked decoration UEcorr_Pt (955) in object of type xAOD::MuonAuxContainer_v5
2026-02-12 14:46:33,359 AthMpEvtLoopMgr.SharedEvtQueueConsumer               INFO Received from the queue: event num=8 chunk size=1
2026-02-12 14:46:33,359 AthMpEvtLoopMgr.SharedEvtQueueConsumer               INFO Seek to 8 succeeded
2026-02-12 14:46:34,269 copyAuxStoreThinned                               WARNING AthContainers/src/copyAuxStoreThinned.cxx:138: unlocked decoration UEcorr_Pt (955) in object of type xAOD::ElectronAuxContainer_v3
2026-02-12 14:46:34,272 copyAuxStoreThinned                               WARNING AthContainers/src/copyAuxStoreThinned.cxx:138: unlocked decoration UEcorr_Pt (955) in object of type xAOD::MuonAuxContainer_v5
2026-02-12 14:46:36,084 AthMpEvtLoopMgr.SharedEvtQueueConsumer               INFO Fin function in the AthenaMP worker PID=1440341
2026-02-12 14:46:36,098 ToolSvc.BookkeeperTool                               INFO Successfully copied CutBookkeepers to the output MetaDataStore
2026-02-12 14:46:36,158 /eos/home-b/bkamgama/draft/Run_sleep_10000/...root   INFO Database being retired...
2026-02-12 14:46:36,598 /eos/home-b/bkamgama/draft/Run_sleep_10000/...root   INFO ->  Deaccess DbDatabase   READ      [ROOT_All] AA21FB28-2672-434E-9813-0D7BE842151D
2026-02-12 14:46:36,599 AthenaPoolSharedIOCnvSvc.OutputStreamingTool         INFO in stop()
2026-02-12 14:46:36,599 AthenaPoolSharedIOCnvSvc.OutputStreamingTool         INFO Client stop() inform Server: 2
2026-02-12 14:46:36,629 ApplicationMgr                                       INFO Application Manager Stopped successfully
2026-02-12 14:46:36,742 CondInputLoader                                      INFO Finalizing CondInputLoader...
2026-02-12 14:46:36,742 MCTruthClassificationKernel                          INFO ============================================================================
2026-02-12 14:46:36,743 MCTruthClassificationKernel                          INFO  The following CP tools were called by MCTruthClassificationKernel for the whole train:
2026-02-12 14:46:36,743 MCTruthClassificationKernel                          INFO ToolSvc.DFCommonTruthClassificationTool
2026-02-12 14:46:36,743 MCTruthClassificationKernel                          INFO ============================================================================
2026-02-12 14:46:36,743 PhysCommonTruthCharmKernel                           INFO ============================================================================
2026-02-12 14:46:36,743 PhysCommonTruthCharmKernel                           INFO  The following CP tools were called by PhysCommonTruthCharmKernel for the whole train:
2026-02-12 14:46:36,743 PhysCommonTruthCharmKernel                           INFO ToolSvc.PhysCommonTruthCharmTool
2026-02-12 14:46:36,743 PhysCommonTruthCharmKernel                           INFO ============================================================================
2026-02-12 14:46:36,743 MCTruthCommonHFAndDecaysKernel                       INFO ============================================================================
2026-02-12 14:46:36,743 MCTruthCommonHFAndDecaysKernel                       INFO  The following CP tools were called by MCTruthCommonHFAndDecaysKernel for the whole train:
2026-02-12 14:46:36,743 MCTruthCommonHFAndDecaysKernel                       INFO ToolSvc.DFCommonHFAndDecaysTool
2026-02-12 14:46:36,743 MCTruthCommonHFAndDecaysKernel                       INFO ============================================================================
2026-02-12 14:46:36,743 DFCommonTruthMetaDataWriterKernel                    INFO ============================================================================
2026-02-12 14:46:36,743 DFCommonTruthMetaDataWriterKernel                    INFO  The following CP tools were called by DFCommonTruthMetaDataWriterKernel for the whole train:
2026-02-12 14:46:36,743 DFCommonTruthMetaDataWriterKernel                    INFO ToolSvc.DFCommonTruthMetaDataWriter
2026-02-12 14:46:36,743 DFCommonTruthMetaDataWriterKernel                    INFO ============================================================================
2026-02-12 14:46:36,743 MCTruthCommonPreJetKernelNo1                         INFO ============================================================================
2026-02-12 14:46:36,743 MCTruthCommonPreJetKernelNo1                         INFO  The following CP tools were called by MCTruthCommonPreJetKernelNo1 for the whole train:
2026-02-12 14:46:36,743 MCTruthCommonPreJetKernelNo1                         INFO ToolSvc.DFCommonTruthMuonTool
2026-02-12 14:46:36,743 MCTruthCommonPreJetKernelNo1                         INFO ============================================================================
2026-02-12 14:46:36,744 MCTruthCommonPreJetKernelNo2                         INFO ============================================================================
2026-02-12 14:46:36,744 MCTruthCommonPreJetKernelNo2                         INFO  The following CP tools were called by MCTruthCommonPreJetKernelNo2 for the whole train:
2026-02-12 14:46:36,744 MCTruthCommonPreJetKernelNo2                         INFO ToolSvc.DFCommonTruthElectronTool
2026-02-12 14:46:36,744 MCTruthCommonPreJetKernelNo2                         INFO ============================================================================
2026-02-12 14:46:36,744 MCTruthCommonPreJetKernelNo3                         INFO ============================================================================
2026-02-12 14:46:36,744 MCTruthCommonPreJetKernelNo3                         INFO  The following CP tools were called by MCTruthCommonPreJetKernelNo3 for the whole train:
2026-02-12 14:46:36,744 MCTruthCommonPreJetKernelNo3                         INFO ToolSvc.DFCommonTruthPhotonToolSim
2026-02-12 14:46:36,744 MCTruthCommonPreJetKernelNo3                         INFO ============================================================================
2026-02-12 14:46:36,744 MCTruthCommonPreJetKernelNo4                         INFO ============================================================================
2026-02-12 14:46:36,744 MCTruthCommonPreJetKernelNo4                         INFO  The following CP tools were called by MCTruthCommonPreJetKernelNo4 for the whole train:
2026-02-12 14:46:36,744 MCTruthCommonPreJetKernelNo4                         INFO ToolSvc.DFCommonTruthNeutrinoTool
2026-02-12 14:46:36,744 MCTruthCommonPreJetKernelNo4                         INFO ============================================================================
2026-02-12 14:46:36,744 MCTruthCommonPreJetKernelNo5                         INFO ============================================================================
2026-02-12 14:46:36,744 MCTruthCommonPreJetKernelNo5                         INFO  The following CP tools were called by MCTruthCommonPreJetKernelNo5 for the whole train:
2026-02-12 14:46:36,744 MCTruthCommonPreJetKernelNo5                         INFO ToolSvc.DFCommonTruthBottomTool
2026-02-12 14:46:36,744 MCTruthCommonPreJetKernelNo5                         INFO ============================================================================
2026-02-12 14:46:36,744 MCTruthCommonPreJetKernelNo6                         INFO ============================================================================
2026-02-12 14:46:36,744 MCTruthCommonPreJetKernelNo6                         INFO  The following CP tools were called by MCTruthCommonPreJetKernelNo6 for the whole train:
2026-02-12 14:46:36,745 MCTruthCommonPreJetKernelNo6                         INFO ToolSvc.DFCommonTruthTopTool
2026-02-12 14:46:36,745 MCTruthCommonPreJetKernelNo6                         INFO ============================================================================
2026-02-12 14:46:36,745 MCTruthCommonPreJetKernelNo7                         INFO ============================================================================
2026-02-12 14:46:36,745 MCTruthCommonPreJetKernelNo7                         INFO  The following CP tools were called by MCTruthCommonPreJetKernelNo7 for the whole train:
2026-02-12 14:46:36,745 MCTruthCommonPreJetKernelNo7                         INFO ToolSvc.DFCommonTruthBosonTool
2026-02-12 14:46:36,745 MCTruthCommonPreJetKernelNo7                         INFO ============================================================================
2026-02-12 14:46:36,745 MCTruthCommonPreJetKernelNo8                         INFO ============================================================================
2026-02-12 14:46:36,745 MCTruthCommonPreJetKernelNo8                         INFO  The following CP tools were called by MCTruthCommonPreJetKernelNo8 for the whole train:
2026-02-12 14:46:36,745 MCTruthCommonPreJetKernelNo8                         INFO ToolSvc.DFCommonTruthBSMTool
2026-02-12 14:46:36,745 MCTruthCommonPreJetKernelNo8                         INFO ============================================================================
2026-02-12 14:46:36,745 MCTruthCommonPreJetKernelNo9                         INFO ============================================================================
2026-02-12 14:46:36,745 MCTruthCommonPreJetKernelNo9                         INFO  The following CP tools were called by MCTruthCommonPreJetKernelNo9 for the whole train:
2026-02-12 14:46:36,745 MCTruthCommonPreJetKernelNo9                         INFO ToolSvc.DFCommonTruthElectronIsolationTool1
2026-02-12 14:46:36,745 MCTruthCommonPreJetKernelNo9                         INFO ============================================================================
2026-02-12 14:46:36,745 MCTruthCommonPreJetKernelNo10                        INFO ============================================================================
2026-02-12 14:46:36,745 MCTruthCommonPreJetKernelNo10                        INFO  The following CP tools were called by MCTruthCommonPreJetKernelNo10 for the whole train:
2026-02-12 14:46:36,745 MCTruthCommonPreJetKernelNo10                        INFO ToolSvc.DFCommonTruthElectronIsolationTool2
2026-02-12 14:46:36,745 MCTruthCommonPreJetKernelNo10                        INFO ============================================================================
2026-02-12 14:46:36,746 MCTruthCommonPreJetKernelNo11                        INFO ============================================================================
2026-02-12 14:46:36,746 MCTruthCommonPreJetKernelNo11                        INFO  The following CP tools were called by MCTruthCommonPreJetKernelNo11 for the whole train:
2026-02-12 14:46:36,746 MCTruthCommonPreJetKernelNo11                        INFO ToolSvc.DFCommonTruthMuonIsolationTool1
2026-02-12 14:46:36,746 MCTruthCommonPreJetKernelNo11                        INFO ============================================================================
2026-02-12 14:46:36,746 MCTruthCommonPreJetKernelNo12                        INFO ============================================================================
2026-02-12 14:46:36,746 MCTruthCommonPreJetKernelNo12                        INFO  The following CP tools were called by MCTruthCommonPreJetKernelNo12 for the whole train:
2026-02-12 14:46:36,746 MCTruthCommonPreJetKernelNo12                        INFO ToolSvc.DFCommonTruthMuonIsolationTool2
2026-02-12 14:46:36,746 MCTruthCommonPreJetKernelNo12                        INFO ============================================================================
2026-02-12 14:46:36,746 MCTruthCommonPreJetKernelNo13                        INFO ============================================================================
2026-02-12 14:46:36,746 MCTruthCommonPreJetKernelNo13                        INFO  The following CP tools were called by MCTruthCommonPreJetKernelNo13 for the whole train:
2026-02-12 14:46:36,746 MCTruthCommonPreJetKernelNo13                        INFO ToolSvc.DFCommonTruthPhotonIsolationTool1
2026-02-12 14:46:36,746 MCTruthCommonPreJetKernelNo13                        INFO ============================================================================
2026-02-12 14:46:36,746 MCTruthCommonPreJetKernelNo14                        INFO ============================================================================
2026-02-12 14:46:36,746 MCTruthCommonPreJetKernelNo14                        INFO  The following CP tools were called by MCTruthCommonPreJetKernelNo14 for the whole train:
2026-02-12 14:46:36,746 MCTruthCommonPreJetKernelNo14                        INFO ToolSvc.DFCommonTruthPhotonIsolationTool2
2026-02-12 14:46:36,746 MCTruthCommonPreJetKernelNo14                        INFO ============================================================================
2026-02-12 14:46:36,746 MCTruthCommonPreJetKernelNo15                        INFO ============================================================================
2026-02-12 14:46:36,746 MCTruthCommonPreJetKernelNo15                        INFO  The following CP tools were called by MCTruthCommonPreJetKernelNo15 for the whole train:
2026-02-12 14:46:36,746 MCTruthCommonPreJetKernelNo15                        INFO ToolSvc.DFCommonTruthPhotonIsolationTool3
2026-02-12 14:46:36,747 MCTruthCommonPreJetKernelNo15                        INFO ============================================================================
2026-02-12 14:46:36,747 MCTruthCommonPreJetKernelNo16                        INFO ============================================================================
2026-02-12 14:46:36,747 MCTruthCommonPreJetKernelNo16                        INFO  The following CP tools were called by MCTruthCommonPreJetKernelNo16 for the whole train:
2026-02-12 14:46:36,747 MCTruthCommonPreJetKernelNo16                        INFO ToolSvc.DFCommonTruthForwardProtonTool
2026-02-12 14:46:36,747 MCTruthCommonPreJetKernelNo16                        INFO ============================================================================
2026-02-12 14:46:36,747 MCTruthCommonPreJetKernelNo17                        INFO ============================================================================
2026-02-12 14:46:36,747 MCTruthCommonPreJetKernelNo17                        INFO  The following CP tools were called by MCTruthCommonPreJetKernelNo17 for the whole train:
2026-02-12 14:46:36,747 MCTruthCommonPreJetKernelNo17                        INFO ToolSvc.DFCommonTruthElectronDressingTool
2026-02-12 14:46:36,747 MCTruthCommonPreJetKernelNo17                        INFO ============================================================================
2026-02-12 14:46:36,747 MCTruthCommonPreJetKernelNo18                        INFO ============================================================================
2026-02-12 14:46:36,747 MCTruthCommonPreJetKernelNo18                        INFO  The following CP tools were called by MCTruthCommonPreJetKernelNo18 for the whole train:
2026-02-12 14:46:36,747 MCTruthCommonPreJetKernelNo18                        INFO ToolSvc.DFCommonTruthMuonDressingTool
2026-02-12 14:46:36,747 MCTruthCommonPreJetKernelNo18                        INFO ============================================================================
2026-02-12 14:46:36,748 TauTruthCommonKernel2                                INFO ============================================================================
2026-02-12 14:46:36,748 TauTruthCommonKernel2                                INFO  The following CP tools were called by TauTruthCommonKernel2 for the whole train:
2026-02-12 14:46:36,748 TauTruthCommonKernel2                                INFO ToolSvc.DFCommonTauJetsTruthMatchingWrapper
2026-02-12 14:46:36,748 TauTruthCommonKernel2                                INFO ============================================================================
2026-02-12 14:46:36,749 MCTruthCommonPostJetKernelNo1                        INFO ============================================================================
2026-02-12 14:46:36,749 MCTruthCommonPostJetKernelNo1                        INFO  The following CP tools were called by MCTruthCommonPostJetKernelNo1 for the whole train:
2026-02-12 14:46:36,749 MCTruthCommonPostJetKernelNo1                        INFO ToolSvc.DFCommonTruthTauDressingTool
2026-02-12 14:46:36,749 MCTruthCommonPostJetKernelNo1                        INFO ============================================================================
2026-02-12 14:46:36,749 MCTruthCommonPostJetKernelNo2                        INFO ============================================================================
2026-02-12 14:46:36,749 MCTruthCommonPostJetKernelNo2                        INFO  The following CP tools were called by MCTruthCommonPostJetKernelNo2 for the whole train:
2026-02-12 14:46:36,749 MCTruthCommonPostJetKernelNo2                        INFO ToolSvc.DFCommonTruthGenFilt
2026-02-12 14:46:36,749 MCTruthCommonPostJetKernelNo2                        INFO ============================================================================
2026-02-12 14:46:36,749 MCTruthCommonPostJetKernelNo3                        INFO ============================================================================
2026-02-12 14:46:36,749 MCTruthCommonPostJetKernelNo3                        INFO  The following CP tools were called by MCTruthCommonPostJetKernelNo3 for the whole train:
2026-02-12 14:46:36,749 MCTruthCommonPostJetKernelNo3                        INFO ToolSvc.DFCommonTruthDressedWZQGLabelTool
2026-02-12 14:46:36,749 MCTruthCommonPostJetKernelNo3                        INFO ============================================================================
2026-02-12 14:46:36,749 MCTruthNavigationDecoratorKernel                     INFO ============================================================================
2026-02-12 14:46:36,749 MCTruthNavigationDecoratorKernel                     INFO  The following CP tools were called by MCTruthNavigationDecoratorKernel for the whole train:
2026-02-12 14:46:36,749 MCTruthNavigationDecoratorKernel                     INFO ToolSvc.DFCommonTruthNavigationDecorator
2026-02-12 14:46:36,749 MCTruthNavigationDecoratorKernel                     INFO ============================================================================
2026-02-12 14:46:36,749 MCTruthCommonBosonsAndDecaysKernel                   INFO ============================================================================
2026-02-12 14:46:36,749 MCTruthCommonBosonsAndDecaysKernel                   INFO  The following CP tools were called by MCTruthCommonBosonsAndDecaysKernel for the whole train:
2026-02-12 14:46:36,749 MCTruthCommonBosonsAndDecaysKernel                   INFO ToolSvc.DFCommonBosonsAndDecaysTool
2026-02-12 14:46:36,750 MCTruthCommonBosonsAndDecaysKernel                   INFO ============================================================================
2026-02-12 14:46:36,750 MCTruthCommonBSMAndDecaysKernel                      INFO ============================================================================
2026-02-12 14:46:36,750 MCTruthCommonBSMAndDecaysKernel                      INFO  The following CP tools were called by MCTruthCommonBSMAndDecaysKernel for the whole train:
2026-02-12 14:46:36,750 MCTruthCommonBSMAndDecaysKernel                      INFO ToolSvc.DFCommonBSMAndDecaysTool
2026-02-12 14:46:36,750 MCTruthCommonBSMAndDecaysKernel                      INFO ============================================================================
2026-02-12 14:46:36,750 MCTruthCommonBornLeptonsKernel                       INFO ============================================================================
2026-02-12 14:46:36,750 MCTruthCommonBornLeptonsKernel                       INFO  The following CP tools were called by MCTruthCommonBornLeptonsKernel for the whole train:
2026-02-12 14:46:36,750 MCTruthCommonBornLeptonsKernel                       INFO ToolSvc.DFCommonBornLeptonCollTool
2026-02-12 14:46:36,750 MCTruthCommonBornLeptonsKernel                       INFO ============================================================================
2026-02-12 14:46:36,750 MiniCollectionTruthLinkKernelNo1                     INFO ============================================================================
2026-02-12 14:46:36,750 MiniCollectionTruthLinkKernelNo1                     INFO  The following CP tools were called by MiniCollectionTruthLinkKernelNo1 for the whole train:
2026-02-12 14:46:36,750 MiniCollectionTruthLinkKernelNo1                     INFO ToolSvc.ElMiniCollectionTruthLinkTool
2026-02-12 14:46:36,750 MiniCollectionTruthLinkKernelNo1                     INFO ============================================================================
2026-02-12 14:46:36,750 MiniCollectionTruthLinkKernelNo2                     INFO ============================================================================
2026-02-12 14:46:36,750 MiniCollectionTruthLinkKernelNo2                     INFO  The following CP tools were called by MiniCollectionTruthLinkKernelNo2 for the whole train:
2026-02-12 14:46:36,750 MiniCollectionTruthLinkKernelNo2                     INFO ToolSvc.PhMiniCollectionTruthLinkTool
2026-02-12 14:46:36,750 MiniCollectionTruthLinkKernelNo2                     INFO ============================================================================
2026-02-12 14:46:36,750 MiniCollectionTruthLinkKernelNo3                     INFO ============================================================================
2026-02-12 14:46:36,750 MiniCollectionTruthLinkKernelNo3                     INFO  The following CP tools were called by MiniCollectionTruthLinkKernelNo3 for the whole train:
2026-02-12 14:46:36,750 MiniCollectionTruthLinkKernelNo3                     INFO ToolSvc.MuMiniCollectionTruthLinkTool
2026-02-12 14:46:36,751 MiniCollectionTruthLinkKernelNo3                     INFO ============================================================================
2026-02-12 14:46:36,751 MCTruthCommonTruthPVCollKernel                       INFO ============================================================================
2026-02-12 14:46:36,751 MCTruthCommonTruthPVCollKernel                       INFO  The following CP tools were called by MCTruthCommonTruthPVCollKernel for the whole train:
2026-02-12 14:46:36,751 MCTruthCommonTruthPVCollKernel                       INFO ToolSvc.DFCommonTruthPVCollTool
2026-02-12 14:46:36,751 MCTruthCommonTruthPVCollKernel                       INFO ============================================================================
2026-02-12 14:46:36,751 DFCommonHSDecorator                                  INFO ============================================================================
2026-02-12 14:46:36,751 DFCommonHSDecorator                                  INFO  The following CP tools were called by DFCommonHSDecorator for the whole train:
2026-02-12 14:46:36,751 DFCommonHSDecorator                                  INFO ToolSvc.HardScatterDecorTool
2026-02-12 14:46:36,751 DFCommonHSDecorator                                  INFO ============================================================================
2026-02-12 14:46:36,751 InDetCommonKernelDFCommonTrackSelection              INFO ============================================================================
2026-02-12 14:46:36,751 InDetCommonKernelDFCommonTrackSelection              INFO  The following CP tools were called by InDetCommonKernelDFCommonTrackSelection for the whole train:
2026-02-12 14:46:36,751 InDetCommonKernelDFCommonTrackSelection              INFO ToolSvc.DFCommonTrackSelection
2026-02-12 14:46:36,751 InDetCommonKernelDFCommonTrackSelection              INFO ============================================================================
2026-02-12 14:46:36,751 InDetCommonKernelDFCommonZ0AtPV                      INFO ============================================================================
2026-02-12 14:46:36,751 InDetCommonKernelDFCommonZ0AtPV                      INFO  The following CP tools were called by InDetCommonKernelDFCommonZ0AtPV for the whole train:
2026-02-12 14:46:36,751 InDetCommonKernelDFCommonZ0AtPV                      INFO ToolSvc.DFCommonZ0AtPV
2026-02-12 14:46:36,751 InDetCommonKernelDFCommonZ0AtPV                      INFO ============================================================================
2026-02-12 14:46:36,751 InDetCommonKernelDFCommonUsedInFitDecorator          INFO ============================================================================
2026-02-12 14:46:36,751 InDetCommonKernelDFCommonUsedInFitDecorator          INFO  The following CP tools were called by InDetCommonKernelDFCommonUsedInFitDecorator for the whole train:
2026-02-12 14:46:36,752 InDetCommonKernelDFCommonUsedInFitDecorator          INFO ToolSvc.DFCommonUsedInFitDecorator
2026-02-12 14:46:36,752 InDetCommonKernelDFCommonUsedInFitDecorator          INFO ============================================================================
2026-02-12 14:46:36,752 DFCommonMuonsKernel                                  INFO ============================================================================
2026-02-12 14:46:36,752 DFCommonMuonsKernel                                  INFO  The following CP tools were called by DFCommonMuonsKernel for the whole train:
2026-02-12 14:46:36,752 DFCommonMuonsKernel                                  INFO ToolSvc.DFCommonMuonToolWrapperIDCuts
2026-02-12 14:46:36,752 DFCommonMuonsKernel                                  INFO ToolSvc.DFCommonMuonToolWrapperPreselection
2026-02-12 14:46:36,752 DFCommonMuonsKernel                                  INFO ============================================================================
2026-02-12 14:46:36,752 IsolationBuilderNonpro...All_MaxWeightLooseCone500   INFO Finalizing IsolationBuilderNonprompt_All_MaxWeightLooseCone500...
2026-02-12 14:46:36,752 IsolationBuilderNonprompt_All_MaxWeight500           INFO Finalizing IsolationBuilderNonprompt_All_MaxWeight500...
2026-02-12 14:46:36,752 IsolationBuilderNonpro...ll_MaxWeightLooseCone1000   INFO Finalizing IsolationBuilderNonprompt_All_MaxWeightLooseCone1000...
2026-02-12 14:46:36,752 IsolationBuilderNonprompt_All_MaxWeight1000          INFO Finalizing IsolationBuilderNonprompt_All_MaxWeight1000...
2026-02-12 14:46:36,752 EGammaCommonKernel                                   INFO ============================================================================
2026-02-12 14:46:36,753 EGammaCommonKernel                                   INFO  The following CP tools were called by EGammaCommonKernel for the whole train:
2026-02-12 14:46:36,753 EGammaCommonKernel                                   INFO ToolSvc.DFCommonPhotonsDirection
2026-02-12 14:46:36,753 EGammaCommonKernel                                   INFO ToolSvc.ElectronPassLHVeryLoose
2026-02-12 14:46:36,753 EGammaCommonKernel                                   INFO ToolSvc.ElectronPassLHLoose
2026-02-12 14:46:36,753 EGammaCommonKernel                                   INFO ToolSvc.ElectronPassLHLooseBL
2026-02-12 14:46:36,753 EGammaCommonKernel                                   INFO ToolSvc.ElectronPassLHMedium
2026-02-12 14:46:36,753 EGammaCommonKernel                                   INFO ToolSvc.ElectronPassLHTight
2026-02-12 14:46:36,753 EGammaCommonKernel                                   INFO ToolSvc.ElectronPassDNNLoose
2026-02-12 14:46:36,753 EGammaCommonKernel                                   INFO ToolSvc.ElectronPassDNNMedium
2026-02-12 14:46:36,753 EGammaCommonKernel                                   INFO ToolSvc.ElectronPassDNNTight
2026-02-12 14:46:36,753 EGammaCommonKernel                                   INFO ToolSvc.ElectronPassDNNVeryLooseNoCF97
2026-02-12 14:46:36,753 EGammaCommonKernel                                   INFO ToolSvc.ElectronPassDNNLooseNoCF
2026-02-12 14:46:36,753 EGammaCommonKernel                                   INFO ToolSvc.ElectronPassDNNMediumNoCF
2026-02-12 14:46:36,753 EGammaCommonKernel                                   INFO ToolSvc.ElectronPassDNNTightNoCF
2026-02-12 14:46:36,753 EGammaCommonKernel                                   INFO ToolSvc.PhotonPassIsEMLoose
2026-02-12 14:46:36,753 EGammaCommonKernel                                   INFO ToolSvc.PhotonPassIsEMMedium
2026-02-12 14:46:36,753 EGammaCommonKernel                                   INFO ToolSvc.PhotonPassIsEMTight
2026-02-12 14:46:36,753 EGammaCommonKernel                                   INFO ToolSvc.PhotonPassCleaning
2026-02-12 14:46:36,753 EGammaCommonKernel                                   INFO ToolSvc.ElectronAdditionnalAmbiguity
2026-02-12 14:46:36,753 EGammaCommonKernel                                   INFO ToolSvc.ElectronPassECIDS
2026-02-12 14:46:36,753 EGammaCommonKernel                                   INFO ToolSvc.ForwardElectronPassLHLoose
2026-02-12 14:46:36,753 EGammaCommonKernel                                   INFO ToolSvc.ForwardElectronPassLHMedium
2026-02-12 14:46:36,754 EGammaCommonKernel                                   INFO ToolSvc.ForwardElectronPassLHTight
2026-02-12 14:46:36,754 EGammaCommonKernel                                   INFO ToolSvc.DerivationFramework::EGammaClusterCoreCellRecovery
2026-02-12 14:46:36,754 EGammaCommonKernel                                   INFO ToolSvc.BkgElectronClassificationTool
2026-02-12 14:46:36,754 EGammaCommonKernel                                   INFO ToolSvc.TruthEgetIsolationTool
2026-02-12 14:46:36,754 EGammaCommonKernel                                   INFO ToolSvc.TruthEgptIsolationTool
2026-02-12 14:46:36,754 EGammaCommonKernel                                   INFO ============================================================================
2026-02-12 14:46:36,754 PFlowIsolationBuilder                                INFO Finalizing PFlowIsolationBuilder...
2026-02-12 14:46:36,755 BadBatmanAugmentation                                INFO ============================================================================
2026-02-12 14:46:36,755 BadBatmanAugmentation                                INFO  The following CP tools were called by BadBatmanAugmentation for the whole train:
2026-02-12 14:46:36,755 BadBatmanAugmentation                                INFO ToolSvc.BadBatmanAugmentationTool
2026-02-12 14:46:36,755 BadBatmanAugmentation                                INFO ============================================================================
2026-02-12 14:46:36,755 DistanceInTrainAugmentation                          INFO ============================================================================
2026-02-12 14:46:36,755 DistanceInTrainAugmentation                          INFO  The following CP tools were called by DistanceInTrainAugmentation for the whole train:
2026-02-12 14:46:36,755 DistanceInTrainAugmentation                          INFO ToolSvc.DistanceInTrainAugmentationTool
2026-02-12 14:46:36,755 DistanceInTrainAugmentation                          INFO ============================================================================
2026-02-12 14:46:36,756 TauJets_TauIDDecorKernel                             INFO ============================================================================
2026-02-12 14:46:36,756 TauJets_TauIDDecorKernel                             INFO  The following CP tools were called by TauJets_TauIDDecorKernel for the whole train:
2026-02-12 14:46:36,756 TauJets_TauIDDecorKernel                             INFO ToolSvc.TauJets_TauIDDecoratorWrapper
2026-02-12 14:46:36,756 TauJets_TauIDDecorKernel                             INFO ============================================================================
2026-02-12 14:46:36,756 TauRNNLooseAugmentationKernel                        INFO ============================================================================
2026-02-12 14:46:36,756 TauRNNLooseAugmentationKernel                        INFO  The following CP tools were called by TauRNNLooseAugmentationKernel for the whole train:
2026-02-12 14:46:36,756 TauRNNLooseAugmentationKernel                        INFO ToolSvc.TauRNNLooseWrapper
2026-02-12 14:46:36,756 TauRNNLooseAugmentationKernel                        INFO ============================================================================
2026-02-12 14:46:36,756 DFCommonMuonsKernel2                                 INFO ============================================================================
2026-02-12 14:46:36,756 DFCommonMuonsKernel2                                 INFO  The following CP tools were called by DFCommonMuonsKernel2 for the whole train:
2026-02-12 14:46:36,756 DFCommonMuonsKernel2                                 INFO ToolSvc.MuonJetDrTool
2026-02-12 14:46:36,756 DFCommonMuonsKernel2                                 INFO ============================================================================
2026-02-12 14:46:36,757 DiTauLowPtBuilder                                    INFO Finalizing DiTauLowPtBuilder...
2026-02-12 14:46:36,757 TauJets_MuonRM_TauIDDecorKernel                      INFO ============================================================================
2026-02-12 14:46:36,757 TauJets_MuonRM_TauIDDecorKernel                      INFO  The following CP tools were called by TauJets_MuonRM_TauIDDecorKernel for the whole train:
2026-02-12 14:46:36,757 TauJets_MuonRM_TauIDDecorKernel                      INFO ToolSvc.TauJets_MuonRM_TauIDDecoratorWrapper
2026-02-12 14:46:36,757 TauJets_MuonRM_TauIDDecorKernel                      INFO ============================================================================
2026-02-12 14:46:36,757 DiTauIDDecorKernel                                   INFO ============================================================================
2026-02-12 14:46:36,757 DiTauIDDecorKernel                                   INFO  The following CP tools were called by DiTauIDDecorKernel for the whole train:
2026-02-12 14:46:36,757 DiTauIDDecorKernel                                   INFO ToolSvc.DiTauIDDecoratorWrapper
2026-02-12 14:46:36,757 DiTauIDDecorKernel                                   INFO ============================================================================
2026-02-12 14:46:36,757 DiTauJets_DiTauIDDecorKernel                         INFO ============================================================================
2026-02-12 14:46:36,757 DiTauJets_DiTauIDDecorKernel                         INFO  The following CP tools were called by DiTauJets_DiTauIDDecorKernel for the whole train:
2026-02-12 14:46:36,757 DiTauJets_DiTauIDDecorKernel                         INFO ToolSvc.DiTauJets_DiTauChargeDecorator
2026-02-12 14:46:36,757 DiTauJets_DiTauIDDecorKernel                         INFO ============================================================================
2026-02-12 14:46:36,757 DiTauJetsLowPt_DiTauIDDecorKernel                    INFO ============================================================================
2026-02-12 14:46:36,758 DiTauJetsLowPt_DiTauIDDecorKernel                    INFO  The following CP tools were called by DiTauJetsLowPt_DiTauIDDecorKernel for the whole train:
2026-02-12 14:46:36,758 DiTauJetsLowPt_DiTauIDDecorKernel                    INFO ToolSvc.DiTauJetsLowPt_DiTauChargeDecorator
2026-02-12 14:46:36,758 DiTauJetsLowPt_DiTauIDDecorKernel                    INFO ============================================================================
2026-02-12 14:46:36,759 PHYSKernel                                           INFO ============================================================================
2026-02-12 14:46:36,759 PHYSKernel                                           INFO || SUMMARY OF THE DERIVATION FRAMEWORK KERNEL WITH NAME PHYSKernel || 
2026-02-12 14:46:36,759 PHYSKernel                                           INFO ============================================================================
2026-02-12 14:46:36,759 PHYSKernel                                           INFO ============================================================================
2026-02-12 14:46:36,759 PHYSKernel                                           INFO Events analyzed: 5
2026-02-12 14:46:36,759 PHYSKernel                                           INFO Events accepted: 5
2026-02-12 14:46:36,759 PHYSKernel                                           INFO ============================================================================
2026-02-12 14:46:36,759 FourLeptonVertexAlg                                  INFO Proccessed in total 5 events. Lepton multiplicities observed:
2026-02-12 14:46:36,759 FourLeptonVertexAlg                                  INFO     ---- Events with 0 leptons: 3 (elec/muon) 4/4 (60%)
2026-02-12 14:46:36,759 FourLeptonVertexAlg                                  INFO     ---- Events with 1 leptons: 2 (elec/muon) 1/1 (40%)
2026-02-12 14:46:36,759 FourLeptonVertexAlg                                  INFO     ---- Events with 2 leptons: 0 (elec/muon) 0/0 (0%)
2026-02-12 14:46:36,759 FourLeptonVertexAlg                                  INFO     ---- Events with 3 leptons: 0 (elec/muon) 0/0 (0%)
2026-02-12 14:46:36,759 FourLeptonVertexAlg                                  INFO     ---- Events with 4 leptons: 0 (elec/muon) 0/0 (0%)
2026-02-12 14:46:36,759 FourLeptonVertexAlg                                  INFO     ---- Events with 5 leptons: 0 (elec/muon) 0/0 (0%)
2026-02-12 14:46:36,759 FourLeptonVertexAlg                                  INFO     ---- Events with 6 leptons: 0 (elec/muon) 0/0 (0%)
2026-02-12 14:46:36,759 FourLeptonVertexAlg                                  INFO     ---- Events with 7 leptons: 0 (elec/muon) 0/0 (0%)
2026-02-12 14:46:36,759 FourLeptonVertexAlg                                  INFO ---> Attempted fits 0 out of which 0 (0%) succeeded.
2026-02-12 14:46:36,760 HFClassificationCommonKernel                         INFO ============================================================================
2026-02-12 14:46:36,760 HFClassificationCommonKernel                         INFO  The following CP tools were called by HFClassificationCommonKernel for the whole train:
2026-02-12 14:46:36,760 HFClassificationCommonKernel                         INFO ToolSvc.DFCommonClassifyAndCalculateHFAugmentation
2026-02-12 14:46:36,760 HFClassificationCommonKernel                         INFO ============================================================================
2026-02-12 14:46:36,760 MCTruthCommonTausAndDecaysKernel                     INFO ============================================================================
2026-02-12 14:46:36,760 MCTruthCommonTausAndDecaysKernel                     INFO  The following CP tools were called by MCTruthCommonTausAndDecaysKernel for the whole train:
2026-02-12 14:46:36,760 MCTruthCommonTausAndDecaysKernel                     INFO ToolSvc.DFCommonTausAndDecaysTool
2026-02-12 14:46:36,760 MCTruthCommonTausAndDecaysKernel                     INFO ============================================================================
2026-02-12 14:46:36,760 AllExecutedEventsCounterAlg                          INFO accepted 5 out of 5 events for filter AllExecutedEvents (Number of processed events before any cut)
2026-02-12 14:46:36,761 DecisionSvc                                          INFO Finalized successfully.
2026-02-12 14:46:36,761 AthDictLoaderSvc                                     INFO in finalize...
2026-02-12 14:46:37,334 Domain[ROOT_All]                                     INFO >   Deaccess DbDomain     READ      [ROOT_All]
2026-02-12 14:46:37,334 AthenaPoolSharedIOCnvSvc                             INFO PerfStats ----------------------------------------
2026-02-12 14:46:37,334 AthenaPoolSharedIOCnvSvc                             INFO PerfStats Timing Measurements for AthenaPoolCnvSvc
2026-02-12 14:46:37,334 AthenaPoolSharedIOCnvSvc                             INFO PerfStats ----------------------------------------
2026-02-12 14:46:37,334 AthenaPoolSharedIOCnvSvc                             INFO PerfStats | cObjR_ALL       |           13584 ms |
2026-02-12 14:46:37,335 AthenaPoolSharedIOCnvSvc                             INFO PerfStats | fRep_ALL        |             189 ms |
2026-02-12 14:46:37,335 AthenaPoolSharedIOCnvSvc                             INFO PerfStats | cObj_ALL        |           15010 ms |
2026-02-12 14:46:37,335 AthenaPoolSharedIOCnvSvc                             INFO PerfStats | cRep_ALL        |              49 ms |
2026-02-12 14:46:37,335 AthenaPoolSharedIOCnvSvc                             INFO PerfStats ----------------------------------------
2026-02-12 14:46:37,335 Domain[ROOT_All]                                     INFO >   Deaccess DbDomain     READ      [ROOT_All]
2026-02-12 14:46:37,341 IOVDbFolder                                          INFO Folder /Digitization/Parameters (AttrList) db-read 0/1 objs/chan/bytes 1/0/0 ((     0.00 ))s
2026-02-12 14:46:37,342 IOVDbFolder                                          INFO Folder /EXT/DCS/MAGNETS/SENSORDATA (AttrListColl) db-read 1/1 objs/chan/bytes 4/4/20 ((     0.03 ))s
2026-02-12 14:46:37,342 IOVDbFolder                                          INFO Folder /GLOBAL/BField/Maps (AttrListColl) db-read 1/1 objs/chan/bytes 3/3/202 ((     0.03 ))s
2026-02-12 14:46:37,342 IOVDbFolder                                          INFO Folder /GLOBAL/TrackingGeo/LayerMaterialV2 (PoolRef) db-read 1/1 objs/chan/bytes 1/1/231 ((     0.01 ))s
2026-02-12 14:46:37,342 IOVDbFolder                                          INFO Folder /Indet/Align (PoolRefColl) db-read 1/1 objs/chan/bytes 43/43/7009 ((     0.03 ))s
2026-02-12 14:46:37,342 IOVDbFolder                                          INFO Folder /Indet/Beampos (AttrList) db-read 1/1 objs/chan/bytes 6/1/456 ((     0.02 ))s
2026-02-12 14:46:37,342 IOVDbFolder                                          INFO Folder /Indet/IBLDist (AttrListColl) db-read 1/1 objs/chan/bytes 14/14/280 ((     0.02 ))s
2026-02-12 14:46:37,342 IOVDbFolder                                          INFO Folder /LAR/Align (PoolRef) db-read 1/1 objs/chan/bytes 1/1/170 ((     0.04 ))s
2026-02-12 14:46:37,342 IOVDbFolder                                          INFO Folder /MDT/MM/PASSIVATION (AttrListColl) db-read 1/1 objs/chan/bytes 1/1/680679 ((     0.03 ))s
2026-02-12 14:46:37,342 IOVDbFolder                                          INFO Folder /TRT/Align (PoolRefColl) db-read 1/1 objs/chan/bytes 32/32/5120 ((     0.03 ))s
2026-02-12 14:46:37,342 IOVDbFolder                                          INFO Folder /TRT/Calib/DX (PoolRef) db-read 1/1 objs/chan/bytes 1/1/183 ((     0.02 ))s
2026-02-12 14:46:37,342 IOVDbFolder                                          INFO Folder /TagInfo (AttrListColl) db-read 0/1 objs/chan/bytes 1/0/0 ((     0.00 ))s
2026-02-12 14:46:37,342 IOVDbFolder                                          INFO Folder /LAR/LArCellPositionShift (PoolRef) db-read 1/1 objs/chan/bytes 1/1/195 ((     0.01 ))s
2026-02-12 14:46:37,342 IOVDbSvc                                             INFO Total payload read from IOVDb: 694545 bytes in ((      0.27 ))s
2026-02-12 14:46:37,342 IOVDbSvc                                             INFO Connection sqlite://;schema=mycool.db;dbname=OFLP200 : nConnect: 0 nFolders: 0 ReadTime: ((     0.00 ))s
2026-02-12 14:46:37,343 IOVDbSvc                                             INFO Connection COOLOFL_LAR/OFLP200 : nConnect: 2 nFolders: 2 ReadTime: ((     0.05 ))s
2026-02-12 14:46:37,343 IOVDbSvc                                             INFO Connection COOLOFL_GLOBAL/OFLP200 : nConnect: 2 nFolders: 2 ReadTime: ((     0.04 ))s
2026-02-12 14:46:37,343 IOVDbSvc                                             INFO Connection COOLOFL_DCS/OFLP200 : nConnect: 2 nFolders: 1 ReadTime: ((     0.03 ))s
2026-02-12 14:46:37,343 IOVDbSvc                                             INFO Connection COOLOFL_INDET/OFLP200 : nConnect: 2 nFolders: 3 ReadTime: ((     0.07 ))s
2026-02-12 14:46:37,343 IOVDbSvc                                             INFO Connection COOLOFL_MDT/OFLP200 : nConnect: 2 nFolders: 1 ReadTime: ((     0.03 ))s
2026-02-12 14:46:37,343 IOVDbSvc                                             INFO Connection COOLOFL_TRT/OFLP200 : nConnect: 2 nFolders: 2 ReadTime: ((     0.05 ))s
2026-02-12 14:46:37,343 ToolSvc                                              INFO Removing all tools created by ToolSvc
2026-02-12 14:46:37,344 TruthCategoriesDecorator.HiggsTruthCategoryTool      INFO  ====================================================== 
2026-02-12 14:46:37,344 TruthCategoriesDecorator.HiggsTruthCategoryTool      INFO  ---- FinalizingTruthCategoriesDecorator.HiggsTruthCategoryTool...
2026-02-12 14:46:37,344 TruthCategoriesDecorator.HiggsTruthCategoryTool      INFO  ====================================================== 
2026-02-12 14:46:37,344 TruthCategoriesDecorator.HiggsTruthCategoryTool      INFO  ====================================================== 
2026-02-12 14:46:37,344 TruthCategoriesDecorator.xAODToHepMCTool             INFO ==============================================================
2026-02-12 14:46:37,344 TruthCategoriesDecorator.xAODToHepMCTool             INFO ==========    xAOD -> HepMC Tool :: Run Summary     ==========
2026-02-12 14:46:37,344 TruthCategoriesDecorator.xAODToHepMCTool             INFO ==============================================================
2026-02-12 14:46:37,344 TruthCategoriesDecorator.xAODToHepMCTool             INFO No missing production vertices
2026-02-12 14:46:37,344 TruthCategoriesDecorator.xAODToHepMCTool             INFO No events with undefined beams.
2026-02-12 14:46:37,344 TruthCategoriesDecorator.xAODToHepMCTool             INFO ==============================================================
2026-02-12 14:46:37,345 TruthCategoriesDecorator.xAODToHepMCTool             INFO ===================    End Run Summary     ===================
2026-02-12 14:46:37,345 TruthCategoriesDecorator.xAODToHepMCTool             INFO ==============================================================
2026-02-12 14:46:37,345 ToolSvc.PHYSDiTauLowPtTPThinningTool                 INFO Processed 985 tracks, 58 were retained 
2026-02-12 14:46:37,345 ToolSvc.PHYSDiTauLowPtThinningTool                   INFO Processed 8 objects, 4 were retained 
2026-02-12 14:46:37,345 ToolSvc.PHYSDiTauTPThinningTool                      INFO Processed 985 tracks, 0 were retained 
2026-02-12 14:46:37,345 ToolSvc.PHYSDiTauThinningTool                        INFO Processed 0 objects, 0 were retained 
2026-02-12 14:46:37,345 ToolSvc.PHYSTauJets_MuonRMThinningTool               INFO Processed 1 taus, 0 were kept
2026-02-12 14:46:37,345 ToolSvc.PHYSTauJetThinningTool                       INFO Processed 37 taus, 23 were kept
2026-02-12 14:46:37,345 ToolSvc.PHYSMuonTPThinningTool                       INFO Processed 985 tracks, 4 were retained 
2026-02-12 14:46:37,345 ToolSvc.PHYSTrackParticleThinningTool                INFO Processed 985 tracks, 22 were retained 
2026-02-12 14:46:37,346 ToolSvc.TrigDecisionTool                             INFO Finalized
2026-02-12 14:46:37,346 JetTagVertexDecoratorAlgAntiKt10UFO...JFVarFactory   INFO  Finalization of JetFitterVariablesFactory successful
2026-02-12 14:46:37,346 JetTagVertexDecoratorAlgAntiKt10...Analysis::SVTag   INFO #BTAG# Number of jets used for calibration for reference ALL : #b= 0 #light= 0 #charm= 0
2026-02-12 14:46:37,346 InDetVKalVxInJetTool                                 INFO Time User   : Tot=   30 [ms] Ave/Min/Max=   0.395(+-    1.95)/       0/      10 [ms] #= 76
2026-02-12 14:46:37,346 InDetVKalVxInJetTool                                 INFO Time User   : Tot=   30 [ms] Ave/Min/Max=   0.395(+-    1.95)/       0/      10 [ms] #= 76
2026-02-12 14:46:37,346 JetTagVertexDecoratorAlgAntiKt4EMPF...JFVarFactory   INFO  Finalization of JetFitterVariablesFactory successful
2026-02-12 14:46:37,347 JetTagVertexDecoratorAlgAntiKt4E...Analysis::SVTag   INFO #BTAG# Number of jets used for calibration for reference ALL : #b= 0 #light= 0 #charm= 0
2026-02-12 14:46:37,347 InDetVKalVxInJetTool                                 INFO Time User   : Tot=   30 [ms] Ave/Min/Max=   0.395(+-    1.95)/       0/      10 [ms] #= 76
2026-02-12 14:46:37,347 InDetVKalVxInJetTool                                 INFO Time User   : Tot=   30 [ms] Ave/Min/Max=   0.395(+-    1.95)/       0/      10 [ms] #= 76
2026-02-12 14:46:37,353 ToolSvc.DFCommonTruthForwardProtonTool               INFO Processed 5843 truth particles, 0 were retained 
2026-02-12 14:46:37,353 ToolSvc.DFCommonTruthBSMTool                         INFO Processed 5843 truth particles, 0 were retained 
2026-02-12 14:46:37,353 ToolSvc.DFCommonTruthBosonTool                       INFO Processed 5843 truth particles, 18 were retained 
2026-02-12 14:46:37,353 ToolSvc.DFCommonTruthTopTool                         INFO Processed 5843 truth particles, 20 were retained 
2026-02-12 14:46:37,353 ToolSvc.DFCommonTruthBottomTool                      INFO Processed 5843 truth particles, 21 were retained 
2026-02-12 14:46:37,353 ToolSvc.DFCommonTruthNeutrinoTool                    INFO Processed 5843 truth particles, 6 were retained 
2026-02-12 14:46:37,353 ToolSvc.DFCommonTruthPhotonToolSim                   INFO Processed 5843 truth particles, 25 were retained 
2026-02-12 14:46:37,353 ToolSvc.DFCommonTruthElectronTool                    INFO Processed 5843 truth particles, 15 were retained 
2026-02-12 14:46:37,353 ToolSvc.DFCommonTruthMuonTool                        INFO Processed 5843 truth particles, 3 were retained 
2026-02-12 14:46:37,353 ToolSvc.PhysCommonTruthCharmTool                     INFO Processed 5843 truth particles, 28 were retained 
2026-02-12 14:46:37,353 ToolSvc.DFCommonTruthClassificationTool              INFO Processed and decorated 5843 truth particles
2026-02-12 14:46:37,354 AthenaPoolSharedIOCnvSvc.OutputStreamingTool         INFO in finalize()
2026-02-12 14:46:37,365 InDet_TrkInJetType                                   INFO Time User   : Tot=   20 [ms] Ave/Min/Max=  0.0501(+-   0.706)/       0/      10 [ms] #=399
2026-02-12 14:46:37,365 InDet_TrkInJetType                                   INFO Time User   : Tot=   20 [ms] Ave/Min/Max=  0.0501(+-   0.706)/       0/      10 [ms] #=399
2026-02-12 14:46:37,365 InDet_TrkInJetType                                   INFO Time User   : Tot=   20 [ms] Ave/Min/Max=  0.0501(+-   0.706)/       0/      10 [ms] #=399
2026-02-12 14:46:37,365 InDet_TrkInJetType                                   INFO Time User   : Tot=   20 [ms] Ave/Min/Max=  0.0501(+-   0.706)/       0/      10 [ms] #=399
2026-02-12 14:46:37,366 ToolSvc.DiTauIDDeco...DiTauRec_OnnxScoreCalculator   INFO Finalizing DiTauOnnxDiscriminantTool
2026-02-12 14:46:37,379 AtlasTrackingGeometryCond...MuonStationTypeBuilder   INFO  finalize() successful
2026-02-12 14:46:37,381 METAssociat...MET_AssociationTool_AntiKt4EMPFlowHR   INFO Finalizing METAssociation_AntiKt4EMPFlowHR.MET_AssociationTool_AntiKt4EMPFlowHR...
2026-02-12 14:46:37,382 METAssociatio...MET_AssociationTool_AntiKt4EMPFlow   INFO Finalizing METAssociation_AntiKt4EMPFlow.MET_AssociationTool_AntiKt4EMPFlow...
2026-02-12 14:46:37,382 METAssociation...MET_AssociationTool_AntiKt4EMTopo   INFO Finalizing METAssociation_AntiKt4EMTopo.MET_AssociationTool_AntiKt4EMTopo...
2026-02-12 14:46:37,382 METRecoAlg_Truth.MET_RegionTool_Truth                INFO Finalizing METRecoAlg_Truth.MET_RegionTool_Truth...
2026-02-12 14:46:37,382 METRecoAlg_Truth.MET_RecoTool_Truth                  INFO Finalizing METRecoAlg_Truth.MET_RecoTool_Truth...
2026-02-12 14:46:37,383 METRecoAlg_Truth.MET_R...MET_IntMuonsRegions_Truth   INFO Finalizing METRecoAlg_Truth.MET_RegionTool_Truth.MET_IntMuonsRegions_Truth...
2026-02-12 14:46:37,383 METRecoAlg_Truth.MET_Reg...MET_IntOutRegions_Truth   INFO Finalizing METRecoAlg_Truth.MET_RegionTool_Truth.MET_IntOutRegions_Truth...
2026-02-12 14:46:37,383 METRecoAlg_Truth.MET_Region...MET_IntRegions_Truth   INFO Finalizing METRecoAlg_Truth.MET_RegionTool_Truth.MET_IntRegions_Truth...
2026-02-12 14:46:37,383 METRecoAlg_Truth.MET_Reg...MET_NonIntRegions_Truth   INFO Finalizing METRecoAlg_Truth.MET_RegionTool_Truth.MET_NonIntRegions_Truth...

The MCnet usage guidelines apply to Rivet: see http://www.montecarlonet.org/GUIDELINES
Please acknowledge Rivet in results made using it, and cite https://arxiv.org/abs/2404.15984 and https://arxiv.org/abs/2312.15070
2026-02-12 14:46:37,472 PerfMonMTSvc                                         INFO Finalizing PerfMonMTSvc
2026-02-12 14:46:37,472 IdDictDetDescrCnv                                    INFO in finalize
2026-02-12 14:46:37,475 *****Chrono*****                                     INFO ****************************************************************************************************
2026-02-12 14:46:37,475 *****Chrono*****                                     INFO  The Final CPU consumption ( Chrono ) Table (ordered)
2026-02-12 14:46:37,475 *****Chrono*****                                     INFO ****************************************************************************************************
2026-02-12 14:46:37,475 DiTauJets_DiTauIDDecorKernel                         INFO Time User   : Tot=    0 [us] Ave/Min/Max=       0(+-       0)/       0/       0 [us] #=  5
2026-02-12 14:46:37,475 MCTruthCommonPreJetKernelNo12                        INFO Time User   : Tot=    0 [us] Ave/Min/Max=       0(+-       0)/       0/       0 [us] #=  5
2026-02-12 14:46:37,475 MCTruthCommonPreJetKernelNo11                        INFO Time User   : Tot=    0 [us] Ave/Min/Max=       0(+-       0)/       0/       0 [us] #=  5
2026-02-12 14:46:37,476 MCTruthCommonPreJetKernelNo15                        INFO Time User   : Tot=    0 [us] Ave/Min/Max=       0(+-       0)/       0/       0 [us] #=  5
2026-02-12 14:46:37,476 MCTruthCommonPreJetKernelNo10                        INFO Time User   : Tot=    0 [us] Ave/Min/Max=       0(+-       0)/       0/       0 [us] #=  5
2026-02-12 14:46:37,476 MCTruthCommonPreJetKernelNo14                        INFO Time User   : Tot=    0 [us] Ave/Min/Max=       0(+-       0)/       0/       0 [us] #=  5
2026-02-12 14:46:37,476 InDetCommonKernelDFCommonZ0AtPV                      INFO Time User   : Tot=    0 [us] Ave/Min/Max=       0(+-       0)/       0/       0 [us] #=  5
2026-02-12 14:46:37,476 MCTruthCommonPostJetKernelNo3                        INFO Time User   : Tot=    0 [us] Ave/Min/Max=       0(+-       0)/       0/       0 [us] #=  5
2026-02-12 14:46:37,476 MCTruthCommonPreJetKernelNo9                         INFO Time User   : Tot=    0 [us] Ave/Min/Max=       0(+-       0)/       0/       0 [us] #=  5
2026-02-12 14:46:37,476 MCTruthCommonPostJetKernelNo1                        INFO Time User   : Tot=    0 [us] Ave/Min/Max=       0(+-       0)/       0/       0 [us] #=  5
2026-02-12 14:46:37,476 DiTauJetsLowPt_DiTauIDDecorKernel                    INFO Time User   : Tot=    0 [us] Ave/Min/Max=       0(+-       0)/       0/       0 [us] #=  5
2026-02-12 14:46:37,476 MCTruthCommonTruthPVCollKernel                       INFO Time User   : Tot=    0 [us] Ave/Min/Max=       0(+-       0)/       0/       0 [us] #=  5
2026-02-12 14:46:37,476 MCTruthCommonPreJetKernelNo18                        INFO Time User   : Tot=    0 [us] Ave/Min/Max=       0(+-       0)/       0/       0 [us] #=  5
2026-02-12 14:46:37,476 DFCommonMuonsKernel2                                 INFO Time User   : Tot=    0 [us] Ave/Min/Max=       0(+-       0)/       0/       0 [us] #=  5
2026-02-12 14:46:37,476 MCTruthCommonPreJetKernelNo13                        INFO Time User   : Tot=    0 [us] Ave/Min/Max=       0(+-       0)/       0/       0 [us] #=  5
2026-02-12 14:46:37,476 MCTruthCommonPreJetKernelNo16                        INFO Time User   : Tot=    0 [us] Ave/Min/Max=       0(+-       0)/       0/       0 [us] #=  5
2026-02-12 14:46:37,476 TauRNNLooseAugmentationKernel                        INFO Time User   : Tot=    0 [us] Ave/Min/Max=       0(+-       0)/       0/       0 [us] #=  5
2026-02-12 14:46:37,476 MCTruthCommonPreJetKernelNo17                        INFO Time User   : Tot=    0 [us] Ave/Min/Max=       0(+-       0)/       0/       0 [us] #=  5
2026-02-12 14:46:37,476 BadBatmanAugmentation                                INFO Time User   : Tot=    0 [us] Ave/Min/Max=       0(+-       0)/       0/       0 [us] #=  5
2026-02-12 14:46:37,476 MCTruthCommonTausAndDecaysKernel                     INFO Time User   : Tot=    0 [us] Ave/Min/Max=       0(+-       0)/       0/       0 [us] #=  5
2026-02-12 14:46:37,476 MCTruthCommonPreJetKernelNo4                         INFO Time User   : Tot=    0 [us] Ave/Min/Max=       0(+-       0)/       0/       0 [us] #=  5
2026-02-12 14:46:37,477 MCTruthCommonPreJetKernelNo2                         INFO Time User   : Tot=    0 [us] Ave/Min/Max=       0(+-       0)/       0/       0 [us] #=  5
2026-02-12 14:46:37,477 MCTruthCommonPreJetKernelNo6                         INFO Time User   : Tot=    0 [us] Ave/Min/Max=       0(+-       0)/       0/       0 [us] #=  5
2026-02-12 14:46:37,477 MCTruthCommonPreJetKernelNo1                         INFO Time User   : Tot=    0 [us] Ave/Min/Max=       0(+-       0)/       0/       0 [us] #=  5
2026-02-12 14:46:37,477 MCTruthCommonPreJetKernelNo7                         INFO Time User   : Tot=    0 [us] Ave/Min/Max=       0(+-       0)/       0/       0 [us] #=  5
2026-02-12 14:46:37,477 MCTruthCommonBornLeptonsKernel                       INFO Time User   : Tot=    0 [us] Ave/Min/Max=       0(+-       0)/       0/       0 [us] #=  5
2026-02-12 14:46:37,477 MCTruthCommonPreJetKernelNo5                         INFO Time User   : Tot=    0 [us] Ave/Min/Max=       0(+-       0)/       0/       0 [us] #=  5
2026-02-12 14:46:37,477 AthenaMP_seek                                        INFO Time User   : Tot=    0 [us] Ave/Min/Max=       0(+-       0)/       0/       0 [us] #=  5
2026-02-12 14:46:37,477 MCTruthCommonPreJetKernelNo3                         INFO Time User   : Tot=    0 [us] Ave/Min/Max=       0(+-       0)/       0/       0 [us] #=  5
2026-02-12 14:46:37,477 DFCommonTruthMetaDataWriterKernel                    INFO Time User   : Tot=    0 [us] Ave/Min/Max=       0(+-       0)/       0/       0 [us] #=  5
2026-02-12 14:46:37,477 InDetCommonKernelDFCommonUsedInFitDecorator          INFO Time User   : Tot=    0 [us] Ave/Min/Max=       0(+-       0)/       0/       0 [us] #=  5
2026-02-12 14:46:37,477 TauJets_MuonRM_TauIDDecorKernel                      INFO Time User   : Tot=    0 [us] Ave/Min/Max=       0(+-       0)/       0/       0 [us] #=  5
2026-02-12 14:46:37,477 MCTruthCommonBosonsAndDecaysKernel                   INFO Time User   : Tot=    0 [us] Ave/Min/Max=       0(+-       0)/       0/       0 [us] #=  5
2026-02-12 14:46:37,477 MCTruthCommonPostJetKernelNo2                        INFO Time User   : Tot=    0 [us] Ave/Min/Max=       0(+-       0)/       0/       0 [us] #=  5
2026-02-12 14:46:37,477 MCTruthCommonBSMAndDecaysKernel                      INFO Time User   : Tot=    0 [us] Ave/Min/Max=       0(+-       0)/       0/       0 [us] #=  5
2026-02-12 14:46:37,477 MCTruthCommonPreJetKernelNo8                         INFO Time User   : Tot=    0 [us] Ave/Min/Max=       0(+-       0)/       0/       0 [us] #=  5
2026-02-12 14:46:37,477 PhysCommonTruthCharmKernel                           INFO Time User   : Tot=    0 [us] Ave/Min/Max=       0(+-       0)/       0/       0 [us] #=  5
2026-02-12 14:46:37,477 MCTruthCommonHFAndDecaysKernel                       INFO Time User   : Tot=    0 [us] Ave/Min/Max=       0(+-       0)/       0/       0 [us] #=  5
2026-02-12 14:46:37,477 PHYSKernel                                           INFO Time User   : Tot=    0 [us] Ave/Min/Max=       0(+-       0)/       0/       0 [us] #=  5
2026-02-12 14:46:37,477 ChronoStatSvc                                        INFO Time User   : Tot=-1.11e+06 [us]  #=  1
2026-02-12 14:46:37,477 DistanceInTrainAugmentation                          INFO Time User   : Tot=   10 [ms] Ave/Min/Max=       2(+-       4)/       0/      10 [ms] #=  5
2026-02-12 14:46:37,478 MCTruthNavigationDecoratorKernel                     INFO Time User   : Tot=   10 [ms] Ave/Min/Max=       2(+-       4)/       0/      10 [ms] #=  5
2026-02-12 14:46:37,478 DiTauIDDecorKernel                                   INFO Time User   : Tot=   10 [ms] Ave/Min/Max=       2(+-       4)/       0/      10 [ms] #=  5
2026-02-12 14:46:37,478 HFClassificationCommonKernel                         INFO Time User   : Tot=   10 [ms] Ave/Min/Max=       2(+-       4)/       0/      10 [ms] #=  5
2026-02-12 14:46:37,478 MiniCollectionTruthLinkKernelNo2                     INFO Time User   : Tot=   10 [ms] Ave/Min/Max=       2(+-       4)/       0/      10 [ms] #=  5
2026-02-12 14:46:37,478 DFCommonMuonsKernel                                  INFO Time User   : Tot=   20 [ms] Ave/Min/Max=       4(+-       8)/       0/      20 [ms] #=  5
2026-02-12 14:46:37,478 InDet_TrkInJetType                                   INFO Time User   : Tot=   20 [ms] Ave/Min/Max=  0.0501(+-   0.706)/       0/      10 [ms] #=399
2026-02-12 14:46:37,478 InDetVKalVxInJetTool                                 INFO Time User   : Tot=   30 [ms] Ave/Min/Max=   0.395(+-    1.95)/       0/      10 [ms] #= 76
2026-02-12 14:46:37,478 DFCommonHSDecorator                                  INFO Time User   : Tot=   50 [ms] Ave/Min/Max=      10(+-      20)/       0/      50 [ms] #=  5
2026-02-12 14:46:37,478 InDetCommonKernelDFCommonTrackSelection              INFO Time User   : Tot=   40 [ms] Ave/Min/Max=       8(+-      16)/       0/      40 [ms] #=  5
2026-02-12 14:46:37,478 MCTruthClassificationKernel                          INFO Time User   : Tot=   50 [ms] Ave/Min/Max=      10(+-      20)/       0/      50 [ms] #=  5
2026-02-12 14:46:37,478 TauJets_TauIDDecorKernel                             INFO Time User   : Tot=  100 [ms] Ave/Min/Max=      20(+-    6.32)/      10/      30 [ms] #=  5
2026-02-12 14:46:37,478 EGammaCommonKernel                                   INFO Time User   : Tot=  110 [ms] Ave/Min/Max=      22(+-      24)/      10/      70 [ms] #=  5
2026-02-12 14:46:37,478 MiniCollectionTruthLinkKernelNo3                     INFO Time User   : Tot=  400 [ms] Ave/Min/Max=      80(+-     160)/       0/     400 [ms] #=  5
2026-02-12 14:46:37,478 MiniCollectionTruthLinkKernelNo1                     INFO Time User   : Tot= 0.62  [s] Ave/Min/Max=   0.124(+-   0.248)/       0/    0.62  [s] #=  5
2026-02-12 14:46:37,478 TauTruthCommonKernel2                                INFO Time User   : Tot= 5.25  [s] Ave/Min/Max=    1.05(+-     2.1)/       0/    5.25  [s] #=  5
2026-02-12 14:46:37,478 AthenaMP_nextEvent                                   INFO Time User   : Tot= 12.4  [s] Ave/Min/Max=    2.49(+-    3.32)/     0.6/    9.13  [s] #=  5
2026-02-12 14:46:37,478 *****Chrono*****                                     INFO ****************************************************************************************************
2026-02-12 14:46:37,478 ChronoStatSvc.finalize()                             INFO  Service finalized successfully 
2026-02-12 14:46:37,478 FPEAuditor                                           INFO FPE summary for this job
2026-02-12 14:46:37,478 FPEAuditor                                           INFO  FPE OVERFLOWs  : 0
2026-02-12 14:46:37,479 FPEAuditor                                           INFO  FPE INVALIDs   : 0
2026-02-12 14:46:37,479 FPEAuditor                                           INFO  FPE DIVBYZEROs : 0
2026-02-12 14:46:37,579 PerfMonMTSvc                                         INFO =======================================================================================
2026-02-12 14:46:37,579 PerfMonMTSvc                                         INFO                                  PerfMonMTSvc Report                                   
2026-02-12 14:46:37,580 PerfMonMTSvc                                         INFO =======================================================================================
2026-02-12 14:46:37,580 PerfMonMTSvc                                         INFO *** Full set of information can also be found in: perfmonmt_Derivation.json
2026-02-12 14:46:37,580 PerfMonMTSvc                                         INFO *** In order to make plots using the results run the following commands:
2026-02-12 14:46:37,580 PerfMonMTSvc                                         INFO *** $ perfmonmt-plotter.py -i perfmonmt_Derivation.json
2026-02-12 14:46:37,580 PerfMonMTSvc                                         INFO *** In order to print tables using the results run the following commands:
2026-02-12 14:46:37,580 PerfMonMTSvc                                         INFO *** $ perfmonmt-printer.py -i perfmonmt_Derivation.json
2026-02-12 14:46:37,580 PerfMonMTSvc                                         INFO =======================================================================================
2026-02-12 14:46:37,580 PerfMonMTSvc                                         INFO =======================================================================================
2026-02-12 14:46:37,580 PerfMonMTSvc                                         INFO                              Component Level Monitoring                                
2026-02-12 14:46:37,580 PerfMonMTSvc                                         INFO =======================================================================================
2026-02-12 14:46:37,580 PerfMonMTSvc                                         INFO Step       Count           CPU Time [ms]             Vmem [kB]                                Malloc [kB]                                             Component                                                                  
2026-02-12 14:46:37,580 PerfMonMTSvc                                         INFO ---------------------------------------------------------------------------------------
2026-02-12 14:46:37,600 PerfMonMTSvc                                         INFO Initialize 1               3017.52                   128152                                   33760                                                   EGammaCommonKernel                                                         
2026-02-12 14:46:37,601 PerfMonMTSvc                                         INFO Initialize 1               591.45                    35596                                    13247                                                   MuonRemovalTauAODReRecoAlg                                                 
2026-02-12 14:46:37,601 PerfMonMTSvc                                         INFO Initialize 1               485.25                    34356                                    74752                                                   AntiKt10UFOCSSKSoftDropBeta100Zcut10Jets                                   
2026-02-12 14:46:37,601 PerfMonMTSvc                                         INFO Initialize 1               433.57                    10972                                    7584                                                    DFCommonMuonsKernel                                                        
2026-02-12 14:46:37,601 PerfMonMTSvc                                         INFO Initialize 1               419.13                    27648                                    73350                                                   jetrecalg_AntiKt10UFOCSSKSoftDropBeta100Zcut10Jets                         
2026-02-12 14:46:37,601 PerfMonMTSvc                                         INFO Initialize 1               416.30                    8424                                     7460                                                    ToolSvc.DFCommonMuonToolWrapperIDCuts                                      
2026-02-12 14:46:37,601 PerfMonMTSvc                                         INFO Initialize 1               410.40                    7832                                     7378                                                    ToolSvc.DFCommonMuonsSelector                                              
2026-02-12 14:46:37,601 PerfMonMTSvc                                         INFO Initialize 1               406.55                    46276                                    67585                                                   AntiKt4EMPFlowJets                                                         
2026-02-12 14:46:37,601 PerfMonMTSvc                                         INFO Initialize 1               403.61                    46276                                    67283                                                   jetrecalg_AntiKt4EMPFlowJets                                               
2026-02-12 14:46:37,601 PerfMonMTSvc                                         INFO Initialize 1               403.26                    46276                                    67247                                                   jetrecalg_AntiKt4EMPFlowJets.emscalemom_AntiKt4EMPFlow                     
2026-02-12 14:46:37,601 PerfMonMTSvc                                         INFO Initialize 1               402.91                    46276                                    67210                                                   jetrecalg_AntiKt4EMPFlowJets.jetens                                        
2026-02-12 14:46:37,601 PerfMonMTSvc                                         INFO Initialize 1               399.92                    46276                                    66960                                                   jetrecalg_AntiKt4EMPFlowJets.width                                         
2026-02-12 14:46:37,601 PerfMonMTSvc                                         INFO Initialize 1               399.72                    46276                                    66951                                                   jetrecalg_AntiKt4EMPFlowJets.caloqual                                      
2026-02-12 14:46:37,601 PerfMonMTSvc                                         INFO Initialize 1               399.06                    46276                                    66919                                                   jetrecalg_AntiKt4EMPFlowJets.trkmoms                                       
2026-02-12 14:46:37,602 PerfMonMTSvc                                         INFO Initialize 1               398.07                    46276                                    66847                                                   jetrecalg_AntiKt4EMPFlowJets.trksummoms                                    
2026-02-12 14:46:37,602 PerfMonMTSvc                                         INFO Initialize 1               397.64                    46276                                    66786                                                   jetrecalg_AntiKt4EMPFlowJets.jvf                                           
2026-02-12 14:46:37,602 PerfMonMTSvc                                         INFO Initialize 1               397.19                    46276                                    66724                                                   jetrecalg_AntiKt4EMPFlowJets.jvt                                           
2026-02-12 14:46:37,602 PerfMonMTSvc                                         INFO Initialize 1               395.27                    46276                                    66586                                                   jetrecalg_AntiKt4EMPFlowJets.larhvcorr                                     
2026-02-12 14:46:37,602 PerfMonMTSvc                                         INFO Initialize 1               395.09                    46276                                    66576                                                   jetrecalg_AntiKt4EMPFlowJets.iso                                           
2026-02-12 14:46:37,602 PerfMonMTSvc                                         INFO Initialize 1               394.88                    46276                                    66561                                                   jetrecalg_AntiKt4EMPFlowJets.jetPtAssociation                              
2026-02-12 14:46:37,602 PerfMonMTSvc                                         INFO Initialize 1               394.70                    46276                                    66542                                                   jetrecalg_AntiKt4EMPFlowJets.qgtagging                                     
2026-02-12 14:46:37,602 PerfMonMTSvc                                         INFO Initialize 1               393.70                    46276                                    66462                                                   jetrecalg_AntiKt4EMPFlowJets.nnjvt                                         
2026-02-12 14:46:37,602 PerfMonMTSvc                                         INFO Initialize 1               391.58                    46276                                    66424                                                   jetrecalg_AntiKt4EMPFlowJets.fJVT                                          
2026-02-12 14:46:37,602 PerfMonMTSvc                                         INFO Initialize 1               367.66                    79640                                    3659                                                    ToolSvc.ElectronPassDNNLoose                                               
2026-02-12 14:46:37,602 PerfMonMTSvc                                         INFO Initialize 1               344.89                    28136                                    1972                                                    TrigNavSlimmingMTAlg_DAOD                                                  
2026-02-12 14:46:37,602 PerfMonMTSvc                                         INFO Initialize 1               337.37                    78848                                    3449                                                    ToolSvc.ElectronPassDNNLoose.ElectronDNNSelectorLoose                      
2026-02-12 14:46:37,602 PerfMonMTSvc                                         INFO Initialize 1               328.66                    1024                                     1384                                                    ToolSvc.ElectronPassDNNVeryLooseNoCF97                                     
2026-02-12 14:46:37,602 PerfMonMTSvc                                         INFO Initialize 1               326.66                    8192                                     39912                                                   jetrecalg_AntiKt10UFOCSSKSoftDropBeta100Zcut10Jets.width                   
2026-02-12 14:46:37,602 PerfMonMTSvc                                         INFO Initialize 1               326.39                    8192                                     39894                                                   jetrecalg_AntiKt10UFOCSSKSoftDropBeta100Zcut10Jets.nsubjettiness           
2026-02-12 14:46:37,602 PerfMonMTSvc                                         INFO Initialize 1               325.27                    8192                                     39849                                                   jetrecalg_AntiKt10UFOCSSKSoftDropBeta100Zcut10Jets.ktsplitter              
2026-02-12 14:46:37,602 PerfMonMTSvc                                         INFO Initialize 1               324.78                    8192                                     39827                                                   jetrecalg_AntiKt10UFOCSSKSoftDropBeta100Zcut10Jets.ecorr                   
2026-02-12 14:46:37,602 PerfMonMTSvc                                         INFO Initialize 1               324.14                    8192                                     39796                                                   jetrecalg_AntiKt10UFOCSSKSoftDropBeta100Zcut10Jets.qw                      
2026-02-12 14:46:37,603 PerfMonMTSvc                                         INFO Initialize 1               323.60                    8192                                     39766                                                   jetrecalg_AntiKt10UFOCSSKSoftDropBeta100Zcut10Jets.comshapes               
2026-02-12 14:46:37,603 PerfMonMTSvc                                         INFO Initialize 1               323.54                    1024                                     1255                                                    ToolSvc.ElectronPassDNNVeryLooseNoCF97.ElectronDNNSelectorVeryLooseNoCF97  
2026-02-12 14:46:37,603 PerfMonMTSvc                                         INFO Initialize 1               322.74                    8192                                     39724                                                   jetrecalg_AntiKt10UFOCSSKSoftDropBeta100Zcut10Jets.ecorrgeneral            
2026-02-12 14:46:37,603 PerfMonMTSvc                                         INFO Initialize 1               321.71                    8192                                     39658                                                   jetrecalg_AntiKt10UFOCSSKSoftDropBeta100Zcut10Jets.truthlabeler_R10TruthLabel_R21Precision
2026-02-12 14:46:37,603 PerfMonMTSvc                                         INFO Initialize 1               320.83                    8192                                     39613                                                   jetrecalg_AntiKt10UFOCSSKSoftDropBeta100Zcut10Jets.truthlabeler_R10TruthLabel_R21Precision_2022v1
2026-02-12 14:46:37,603 PerfMonMTSvc                                         INFO Initialize 1               320.03                    8192                                     39565                                                   jetrecalg_AntiKt10UFOCSSKSoftDropBeta100Zcut10Jets.truthlabeler_R10TruthLabel_R22v1
2026-02-12 14:46:37,603 PerfMonMTSvc                                         INFO Initialize 1               319.27                    8192                                     39518                                                   jetrecalg_AntiKt10UFOCSSKSoftDropBeta100Zcut10Jets.truthlabeler_R10WZTruthLabel_R22v1
2026-02-12 14:46:37,603 PerfMonMTSvc                                         INFO Initialize 1               318.55                    8192                                     39492                                                   jetrecalg_AntiKt10UFOCSSKSoftDropBeta100Zcut10Jets.emscalemom_AntiKt10UFOCSSKSoftDropBeta100Zcut10
2026-02-12 14:46:37,603 PerfMonMTSvc                                         INFO Initialize 1               318.22                    8192                                     39454                                                   jetrecalg_AntiKt10UFOCSSKSoftDropBeta100Zcut10Jets.jetenslargeR            
2026-02-12 14:46:37,603 PerfMonMTSvc                                         INFO Initialize 1               316.92                    8192                                     39409                                                   jetrecalg_AntiKt10UFOCSSKSoftDropBeta100Zcut10Jets.constitFrac             
2026-02-12 14:46:37,603 PerfMonMTSvc                                         INFO Initialize 1               316.63                    8192                                     39395                                                   jetrecalg_AntiKt10UFOCSSKSoftDropBeta100Zcut10Jets.groomMRatio             
2026-02-12 14:46:37,603 PerfMonMTSvc                                         INFO Initialize 1               316.48                    8192                                     39385                                                   jetrecalg_AntiKt10UFOCSSKSoftDropBeta100Zcut10Jets.BoostedJetTaggerTool-Top
2026-02-12 14:46:37,603 PerfMonMTSvc                                         INFO Initialize 1               316.12                    8192                                     39300                                                   jetrecalg_AntiKt10UFOCSSKSoftDropBeta100Zcut10Jets.BoostedJetTaggerTool-Top.MLHelper
2026-02-12 14:46:37,603 PerfMonMTSvc                                         INFO Initialize 1               314.38                    24132                                    1675                                                    ToolSvc.TrigDecisionTool.Navigation                                        
2026-02-12 14:46:37,603 PerfMonMTSvc                                         INFO Initialize 1               308.00                    2048                                     1383                                                    ToolSvc.ElectronPassDNNTightNoCF                                           
2026-02-12 14:46:37,603 PerfMonMTSvc                                         INFO Initialize 1               306.49                    1024                                     1384                                                    ToolSvc.ElectronPassDNNTight                                               
2026-02-12 14:46:37,603 PerfMonMTSvc                                         INFO Initialize 1               306.21                    1024                                     1383                                                    ToolSvc.ElectronPassDNNMediumNoCF                                          
2026-02-12 14:46:37,603 PerfMonMTSvc                                         INFO Initialize 1               305.40                    5120                                     1384                                                    ToolSvc.ElectronPassDNNMedium                                              
2026-02-12 14:46:37,603 PerfMonMTSvc                                         INFO =======================================================================================
2026-02-12 14:46:37,604 PerfMonMTSvc                                         INFO FirstEvent 1               5614.69                   278616                                   327174                                                  TauTruthCommonKernel2                                                      
2026-02-12 14:46:37,604 PerfMonMTSvc                                         INFO FirstEvent 2               2557.71                   235712                                   228323                                                  CondInputLoader                                                            
2026-02-12 14:46:37,604 PerfMonMTSvc                                         INFO FirstEvent 2               1369.57                   141312                                   140696                                                  AtlasTrackingGeometryCondAlg                                               
2026-02-12 14:46:37,604 PerfMonMTSvc                                         INFO FirstEvent 2               1128.78                   261784                                   166070                                                  AtlasFieldMapCondAlg                                                       
2026-02-12 14:46:37,604 PerfMonMTSvc                                         INFO FirstEvent 1               636.51                    15552                                    21928                                                   MiniCollectionTruthLinkKernelNo1                                           
2026-02-12 14:46:37,604 PerfMonMTSvc                                         INFO FirstEvent 1               423.65                    10552                                    12702                                                   MiniCollectionTruthLinkKernelNo3                                           
2026-02-12 14:46:37,604 PerfMonMTSvc                                         INFO FirstEvent 2               355.77                    83968                                    178280                                                  MuonDetectorCondAlg                                                        
2026-02-12 14:46:37,604 PerfMonMTSvc                                         INFO FirstEvent 2               326.50                    115712                                   106955                                                  TRTAlignCondAlg                                                            
2026-02-12 14:46:37,604 PerfMonMTSvc                                         INFO FirstEvent 1               269.21                    1640                                     3713                                                    TrigBTagCopierAlg                                                          
2026-02-12 14:46:37,604 PerfMonMTSvc                                         INFO FirstEvent 1               247.11                    0                                        38808                                                   IncidentProcAlg1                                                           
2026-02-12 14:46:37,604 PerfMonMTSvc                                         INFO FirstEvent 1               193.15                    16240                                    14474                                                   AntiKt4EMPFlowJets                                                         
2026-02-12 14:46:37,604 PerfMonMTSvc                                         INFO FirstEvent 1               172.21                    4976                                     2125                                                    jetrecalg_AntiKt4EMPFlowJets                                               
2026-02-12 14:46:37,604 PerfMonMTSvc                                         INFO FirstEvent 1               138.29                    20540                                    20169                                                   TrigNavSlimmingMTAlg_DAOD                                                  
2026-02-12 14:46:37,604 PerfMonMTSvc                                         INFO FirstEvent 2               120.06                    54720                                    58445                                                   CaloAlignCondAlg                                                           
2026-02-12 14:46:37,604 PerfMonMTSvc                                         INFO FirstEvent 1               106.95                    75956                                    11327                                                   StreamDAOD_PHYS                                                            
2026-02-12 14:46:37,604 PerfMonMTSvc                                         INFO FirstEvent 1               98.84                     0                                        -0                                                      IncidentProcAlg3                                                           
2026-02-12 14:46:37,604 PerfMonMTSvc                                         INFO FirstEvent 2               98.66                     7168                                     6054                                                    SCT_AlignCondAlg                                                           
2026-02-12 14:46:37,604 PerfMonMTSvc                                         INFO FirstEvent 1               97.84                     0                                        154                                                     FtagNN_AntiKt4EMPFlowJets_InDetTrackParticles_BTagging_20250912_GN3EPCLV01_antikt4empflow_network_STANDARD_Jet
2026-02-12 14:46:37,604 PerfMonMTSvc                                         INFO FirstEvent 1               94.22                     3072                                     154                                                     FtagNN_AntiKt4EMPFlowJets_InDetTrackParticles_BTagging_20250213_GN3PflowMuonsV00_antikt4empflow_network_STANDARD_Jet
2026-02-12 14:46:37,605 PerfMonMTSvc                                         INFO FirstEvent 1               87.45                     1592                                     6                                                       FtagNN_AntiKt4EMPFlowJets_InDetTrackParticles_BTagging_20250912_GN3EPCLV01_antikt4empflow_network_SIMPLE_FLIP_Jet
2026-02-12 14:46:37,605 PerfMonMTSvc                                         INFO FirstEvent 1               85.44                     2704                                     4911                                                    AntiKt10UFOCSSKSoftDropBeta100Zcut10Jets                                   
2026-02-12 14:46:37,605 PerfMonMTSvc                                         INFO FirstEvent 1               84.54                     1304                                     5                                                       FtagNN_AntiKt4EMPFlowJets_InDetTrackParticles_BTagging_20250213_GN3PflowMuonsV00_antikt4empflow_network_SIMPLE_FLIP_Jet
2026-02-12 14:46:37,605 PerfMonMTSvc                                         INFO FirstEvent 1               73.01                     19068                                    14864                                                   EGammaCommonKernel                                                         
2026-02-12 14:46:37,605 PerfMonMTSvc                                         INFO FirstEvent 1               69.07                     0                                        167                                                     FtagNN_AntiKt4EMPFlowJets_InDetTrackParticles_BTagging_20250213_GN3V00_antikt4empflow_network_STANDARD_Jet
2026-02-12 14:46:37,605 PerfMonMTSvc                                         INFO FirstEvent 1               60.48                     0                                        5                                                       FtagNN_AntiKt4EMPFlowJets_InDetTrackParticles_BTagging_20250213_GN3V00_antikt4empflow_network_SIMPLE_FLIP_Jet
2026-02-12 14:46:37,605 PerfMonMTSvc                                         INFO FirstEvent 1               57.87                     0                                        52526                                                   MCTruthClassificationKernel                                                
2026-02-12 14:46:37,605 PerfMonMTSvc                                         INFO FirstEvent 1               55.26                     0                                        2110                                                    CaloExtensionBuilderAlg                                                    
2026-02-12 14:46:37,605 PerfMonMTSvc                                         INFO FirstEvent 1               51.94                     56612                                    54900                                                   InDetCommonKernelDFCommonTrackSelection                                    
2026-02-12 14:46:37,605 PerfMonMTSvc                                         INFO FirstEvent 1               48.70                     34536                                    33892                                                   AntiKt4EMTopoJets                                                          
2026-02-12 14:46:37,605 PerfMonMTSvc                                         INFO FirstEvent 1               45.68                     6836                                     4345                                                    DFCommonHSDecorator                                                        
2026-02-12 14:46:37,605 PerfMonMTSvc                                         INFO FirstEvent 1               45.12                     0                                        962                                                     AntiKtVR30Rmax4Rmin02TruthChargedJets                                      
2026-02-12 14:46:37,605 PerfMonMTSvc                                         INFO FirstEvent 1               44.31                     0                                        789                                                     jetrecalg_AntiKtVR30Rmax4Rmin02TruthChargedJets                            
2026-02-12 14:46:37,605 PerfMonMTSvc                                         INFO FirstEvent 1               41.94                     32680                                    31637                                                   jetalg_ConstitModCorrectPFOCHS_EMPFlow                                     
2026-02-12 14:46:37,605 PerfMonMTSvc                                         INFO FirstEvent 1               36.11                     2232                                     261                                                     AntiKtVR30Rmax4Rmin02PV0TrackJets                                          
2026-02-12 14:46:37,605 PerfMonMTSvc                                         INFO FirstEvent 1               35.86                     3520                                     6518                                                    TauJets_TauIDDecorKernel                                                   
2026-02-12 14:46:37,605 PerfMonMTSvc                                         INFO FirstEvent 1               35.58                     2232                                     225                                                     jetrecalg_AntiKtVR30Rmax4Rmin02PV0TrackJets                                
2026-02-12 14:46:37,605 PerfMonMTSvc                                         INFO FirstEvent 2               32.57                     37172                                    56701                                                   AthReadAlg_AllCalo                                                         
2026-02-12 14:46:37,605 PerfMonMTSvc                                         INFO FirstEvent 1               31.04                     25768                                    25905                                                   PFlowIsolationBuilder                                                      
2026-02-12 14:46:37,605 PerfMonMTSvc                                         INFO FirstEvent 1               29.99                     0                                        7426                                                    AntiKt4TruthJets                                                           
2026-02-12 14:46:37,605 PerfMonMTSvc                                         INFO FirstEvent 1               25.56                     0                                        172                                                     FtagNN_AntiKt4EMPFlowJets_InDetTrackParticles_BTagging_20231205_GN2v01_antikt4empflow_STANDARD_Jet
2026-02-12 14:46:37,605 PerfMonMTSvc                                         INFO FirstEvent 2               25.36                     5120                                     4942                                                    CaloSuperCellAlignCondAlg                                                  
2026-02-12 14:46:37,606 PerfMonMTSvc                                         INFO FirstEvent 2               21.61                     0                                        1991                                                    PixelAlignCondAlg                                                          
2026-02-12 14:46:37,606 PerfMonMTSvc                                         INFO FirstEvent 1               20.68                     4096                                     190                                                     DiTauLowPtBuilder                                                          
2026-02-12 14:46:37,606 PerfMonMTSvc                                         INFO FirstEvent 1               19.86                     4960                                     3942                                                    jetrecalg_AntiKt4EMTopoJets                                                
2026-02-12 14:46:37,606 PerfMonMTSvc                                         INFO FirstEvent 1               18.27                     0                                        798                                                     jetrecalg_AntiKt4TruthJets                                                 
2026-02-12 14:46:37,606 PerfMonMTSvc                                         INFO FirstEvent 1               17.97                     3592                                     4523                                                    DFCommonMuonsKernel                                                        
2026-02-12 14:46:37,606 PerfMonMTSvc                                         INFO FirstEvent 2               17.04                     0                                        148                                                     NswPassivationDbAlg                                                        
2026-02-12 14:46:37,606 PerfMonMTSvc                                         INFO FirstEvent 1               15.70                     10240                                    10802                                                   pflowselalg                                                                
2026-02-12 14:46:37,606 PerfMonMTSvc                                         INFO FirstEvent 1               15.38                     0                                        4                                                       FtagNN_AntiKt4EMPFlowJets_InDetTrackParticles_BTagging_20231205_GN2v01_antikt4empflow_SIMPLE_FLIP_Jet
2026-02-12 14:46:37,606 PerfMonMTSvc                                         INFO FirstEvent 1               14.67                     2704                                     783                                                     jetrecalg_AntiKt10TruthDressedWZJets                                       
2026-02-12 14:46:37,606 PerfMonMTSvc                                         INFO =======================================================================================
2026-02-12 14:46:37,606 PerfMonMTSvc                                         INFO Execute    4               477.06                    0                                        10728                                                   AntiKt4EMPFlowJets                                                         
2026-02-12 14:46:37,606 PerfMonMTSvc                                         INFO Execute    4               464.73                    0                                        4666                                                    jetrecalg_AntiKt4EMPFlowJets                                               
2026-02-12 14:46:37,606 PerfMonMTSvc                                         INFO Execute    4               435.50                    6992                                     13921                                                   AntiKt10UFOCSSKSoftDropBeta100Zcut10Jets                                   
2026-02-12 14:46:37,606 PerfMonMTSvc                                         INFO Execute    4               246.14                    0                                        5363                                                    CaloExtensionBuilderAlg                                                    
2026-02-12 14:46:37,606 PerfMonMTSvc                                         INFO Execute    4               233.96                    1024                                     203                                                     FtagNN_AntiKt4EMPFlowJets_InDetTrackParticles_BTagging_20250912_GN3EPCLV01_antikt4empflow_network_STANDARD_Jet
2026-02-12 14:46:37,606 PerfMonMTSvc                                         INFO Execute    4               230.41                    0                                        19                                                      FtagNN_AntiKt4EMPFlowJets_InDetTrackParticles_BTagging_20250912_GN3EPCLV01_antikt4empflow_network_SIMPLE_FLIP_Jet
2026-02-12 14:46:37,606 PerfMonMTSvc                                         INFO Execute    4               220.14                    1024                                     213                                                     FtagNN_AntiKt4EMPFlowJets_InDetTrackParticles_BTagging_20250213_GN3PflowMuonsV00_antikt4empflow_network_STANDARD_Jet
2026-02-12 14:46:37,606 PerfMonMTSvc                                         INFO Execute    4               213.90                    1864                                     16                                                      FtagNN_AntiKt4EMPFlowJets_InDetTrackParticles_BTagging_20250213_GN3PflowMuonsV00_antikt4empflow_network_SIMPLE_FLIP_Jet
2026-02-12 14:46:37,607 PerfMonMTSvc                                         INFO Execute    4               157.70                    0                                        2238                                                    AntiKtVR30Rmax4Rmin02TruthChargedJets                                      
2026-02-12 14:46:37,607 PerfMonMTSvc                                         INFO Execute    4               155.70                    0                                        1823                                                    jetrecalg_AntiKtVR30Rmax4Rmin02TruthChargedJets                            
2026-02-12 14:46:37,607 PerfMonMTSvc                                         INFO Execute    4               153.44                    0                                        108                                                     FtagNN_AntiKt4EMPFlowJets_InDetTrackParticles_BTagging_20250213_GN3V00_antikt4empflow_network_STANDARD_Jet
2026-02-12 14:46:37,607 PerfMonMTSvc                                         INFO Execute    4               149.17                    0                                        17                                                      FtagNN_AntiKt4EMPFlowJets_InDetTrackParticles_BTagging_20250213_GN3V00_antikt4empflow_network_SIMPLE_FLIP_Jet
2026-02-12 14:46:37,607 PerfMonMTSvc                                         INFO Execute    4               139.41                    0                                        826                                                     AntiKtVR30Rmax4Rmin02PV0TrackJets                                          
2026-02-12 14:46:37,607 PerfMonMTSvc                                         INFO Execute    4               138.02                    0                                        741                                                     jetrecalg_AntiKtVR30Rmax4Rmin02PV0TrackJets                                
2026-02-12 14:46:37,607 PerfMonMTSvc                                         INFO Execute    4               109.96                    6992                                     1725                                                    jetrecalg_AntiKt10UFOCSSKSoftDropBeta100Zcut10Jets                         
2026-02-12 14:46:37,607 PerfMonMTSvc                                         INFO Execute    4               94.59                     0                                        4082                                                    StreamDAOD_PHYS                                                            
2026-02-12 14:46:37,607 PerfMonMTSvc                                         INFO Execute    4               78.83                     0                                        705                                                     DiTauLowPtBuilder                                                          
2026-02-12 14:46:37,607 PerfMonMTSvc                                         INFO Execute    4               63.84                     0                                        646                                                     TauJets_TauIDDecorKernel                                                   
2026-02-12 14:46:37,607 PerfMonMTSvc                                         INFO Execute    4               52.07                     0                                        2105                                                    EGammaCommonKernel                                                         
2026-02-12 14:46:37,607 PerfMonMTSvc                                         INFO Execute    4               49.43                     0                                        6417                                                    AntiKt4EMTopoJets                                                          
2026-02-12 14:46:37,607 PerfMonMTSvc                                         INFO Execute    4               44.04                     0                                        3908                                                    jetrecalg_AntiKt4EMTopoJets                                                
2026-02-12 14:46:37,607 PerfMonMTSvc                                         INFO Execute    4               43.72                     0                                        1742                                                    jetrecalg_AntiKt10TruthDressedWZJets                                       
2026-02-12 14:46:37,607 PerfMonMTSvc                                         INFO Execute    4               43.52                     0                                        290                                                     FtagNN_AntiKt4EMPFlowJets_InDetTrackParticles_BTagging_20231205_GN2v01_antikt4empflow_STANDARD_Jet
2026-02-12 14:46:37,607 PerfMonMTSvc                                         INFO Execute    4               42.56                     2576                                     2727                                                    AntiKt4TruthJets                                                           
2026-02-12 14:46:37,607 PerfMonMTSvc                                         INFO Execute    4               38.01                     0                                        68                                                      Electrons_decoratePLIT                                                     
2026-02-12 14:46:37,607 PerfMonMTSvc                                         INFO Execute    4               37.67                     0                                        11                                                      FtagNN_AntiKt4EMPFlowJets_InDetTrackParticles_BTagging_20231205_GN2v01_antikt4empflow_SIMPLE_FLIP_Jet
2026-02-12 14:46:37,607 PerfMonMTSvc                                         INFO Execute    4               36.33                     0                                        2248                                                    AntiKt4TruthDressedWZJets                                                  
2026-02-12 14:46:37,607 PerfMonMTSvc                                         INFO Execute    4               36.10                     0                                        2248                                                    AntiKt4TruthWZJets                                                         
2026-02-12 14:46:37,607 PerfMonMTSvc                                         INFO Execute    4               36.05                     2576                                     1833                                                    jetrecalg_AntiKt4TruthJets                                                 
2026-02-12 14:46:37,608 PerfMonMTSvc                                         INFO Execute    4               34.05                     0                                        1833                                                    jetrecalg_AntiKt4TruthWZJets                                               
2026-02-12 14:46:37,608 PerfMonMTSvc                                         INFO Execute    4               33.91                     0                                        1833                                                    jetrecalg_AntiKt4TruthDressedWZJets                                        
2026-02-12 14:46:37,608 PerfMonMTSvc                                         INFO Execute    4               33.61                     0                                        104                                                     FtagNN_AntiKt10UFOCSSKSoftDropBeta100Zcut10Jets_InDetTrackParticles_JetCalibTools_CalibArea-00-04-83_CalibrationFactors_bbJESJMS_calibFactors_R22_MC20MC23_CSSKUFO_bJR10v01_20250212_STANDARD_Jet
2026-02-12 14:46:37,608 PerfMonMTSvc                                         INFO Execute    4               32.57                     0                                        107                                                     FtagNN_AntiKt10UFOCSSKSoftDropBeta100Zcut10Jets_InDetTrackParticles_BTagging_20250912_GN3XPV01_antikt10ufo_network_STANDARD_Jet
2026-02-12 14:46:37,608 PerfMonMTSvc                                         INFO Execute    4               32.47                     0                                        106                                                     FtagNN_AntiKt10UFOCSSKSoftDropBeta100Zcut10Jets_InDetTrackParticles_BTagging_20250310_GN2XTauV00_antikt10ufo_network_STANDARD_Jet
2026-02-12 14:46:37,608 PerfMonMTSvc                                         INFO Execute    4               32.40                     0                                        53                                                      FtagNN_AntiKt10UFOCSSKSoftDropBeta100Zcut10Jets_InDetTrackParticles_BTagging_20240925_GN2Xv02_antikt10ufo_network_STANDARD_Jet
2026-02-12 14:46:37,608 PerfMonMTSvc                                         INFO Execute    4               20.20                     0                                        1854                                                    AntiKt10TruthSoftDropBeta100Zcut10Jets                                     
2026-02-12 14:46:37,608 PerfMonMTSvc                                         INFO Execute    4               18.02                     0                                        52                                                      FtagNN_AntiKt10UFOCSSKSoftDropBeta100Zcut10Jets_InDetTrackParticles_JetCalibTools_CalibArea-00-04-83_CalibrationFactors_bbJESJMS_calibFactors_R22_MC20_CSSKUFO_bJR10v00Ext_20250212_STANDARD_Jet
2026-02-12 14:46:37,608 PerfMonMTSvc                                         INFO Execute    4               15.31                     0                                        609                                                     antikt4empflow_sv1_secvtxfinding                                           
2026-02-12 14:46:37,608 PerfMonMTSvc                                         INFO Execute    4               14.29                     0                                        680                                                     jetrecalg_AntiKt10TruthDressedWZSoftDropBeta100Zcut10Jets                  
2026-02-12 14:46:37,608 PerfMonMTSvc                                         INFO Execute    4               14.18                     0                                        679                                                     jetrecalg_AntiKt10TruthSoftDropBeta100Zcut10Jets                           
2026-02-12 14:46:37,608 PerfMonMTSvc                                         INFO Execute    4               11.97                     0                                        178                                                     antikt4empflow_sv1flip_secvtxfinding                                       
2026-02-12 14:46:37,608 PerfMonMTSvc                                         INFO Execute    4               10.91                     0                                        1544                                                    MCTruthClassificationKernel                                                
2026-02-12 14:46:37,608 PerfMonMTSvc                                         INFO Execute    4               9.38                      0                                        1096                                                    METAssociation_AntiKt4EMPFlowHR                                            
2026-02-12 14:46:37,608 PerfMonMTSvc                                         INFO Execute    4               8.09                      0                                        267                                                     HFClassificationCommonKernel                                               
2026-02-12 14:46:37,608 PerfMonMTSvc                                         INFO Execute    4               7.45                      0                                        3966                                                    pflowselalg                                                                
2026-02-12 14:46:37,608 PerfMonMTSvc                                         INFO Execute    4               7.29                      0                                        851                                                     METAssociation_AntiKt4EMTopo                                               
2026-02-12 14:46:37,608 PerfMonMTSvc                                         INFO Execute    4               7.02                      0                                        2245                                                    AntiKt10LCTopoJets                                                         
2026-02-12 14:46:37,608 PerfMonMTSvc                                         INFO Execute    4               6.71                      0                                        1355                                                    jetalg_ConstitModCorrectPFOCSSKCHS_GPFlowCSSK                              
2026-02-12 14:46:37,608 PerfMonMTSvc                                         INFO Execute    4               6.14                      0                                        53                                                      FtagNN_AntiKt10UFOCSSKSoftDropBeta100Zcut10Jets_InDetTrackParticles_BTagging_20230705_gn2xv01_antikt10ufo_network_STANDARD_Jet
2026-02-12 14:46:37,608 PerfMonMTSvc                                         INFO Execute    4               5.60                      0                                        1468                                                    jetrecalg_AntiKt10LCTopoJets                                               
2026-02-12 14:46:37,609 PerfMonMTSvc                                         INFO =======================================================================================
2026-02-12 14:46:37,609 PerfMonMTSvc                                         INFO Finalize   1               327.31                    0                                        -667818                                                 ConditionStore                                                             
2026-02-12 14:46:37,609 PerfMonMTSvc                                         INFO Finalize   1               182.24                    -64                                      -246792                                                 DetectorStore                                                              
2026-02-12 14:46:37,609 PerfMonMTSvc                                         INFO Finalize   1               120.60                    -65544                                   -304393                                                 ToolSvc                                                                    
2026-02-12 14:46:37,609 PerfMonMTSvc                                         INFO Finalize   1               60.78                     0                                        -64959                                                  RDBAccessSvc                                                               
2026-02-12 14:46:37,609 PerfMonMTSvc                                         INFO Finalize   1               14.31                     0                                        -16937                                                  StoreGateSvc                                                               
2026-02-12 14:46:37,609 PerfMonMTSvc                                         INFO Finalize   1               9.05                      0                                        -15548                                                  ToolSvc.DiTauIDDecoratorWrapper.DiTauRec_OnnxScoreCalculator               
2026-02-12 14:46:37,609 PerfMonMTSvc                                         INFO Finalize   1               6.31                      0                                        -51128                                                  Gaudi::MultiFileCatalog                                                    
2026-02-12 14:46:37,609 PerfMonMTSvc                                         INFO Finalize   1               3.66                      0                                        -13564                                                  MetaDataStore                                                              
2026-02-12 14:46:37,609 PerfMonMTSvc                                         INFO Finalize   1               2.49                      0                                        -3104                                                   DetDescrCnvSvc                                                             
2026-02-12 14:46:37,610 PerfMonMTSvc                                         INFO Finalize   1               0.62                      0                                        -20                                                     ChronoStatSvc                                                              
2026-02-12 14:46:37,610 PerfMonMTSvc                                         INFO Finalize   1               0.61                      0                                        6                                                       AntiKt4TruthJets                                                           
2026-02-12 14:46:37,610 PerfMonMTSvc                                         INFO Finalize   1               0.51                      0                                        -768                                                    IOVDbSvc                                                                   
2026-02-12 14:46:37,610 PerfMonMTSvc                                         INFO Finalize   1               0.35                      0                                        3                                                       AntiKt10UFOCSSKSoftDropBeta100Zcut10Jets                                   
2026-02-12 14:46:37,610 PerfMonMTSvc                                         INFO Finalize   1               0.30                      0                                        -5576                                                   InputMetaDataStore                                                         
2026-02-12 14:46:37,610 PerfMonMTSvc                                         INFO Finalize   1               0.27                      0                                        2                                                       AntiKt4EMTopoJets                                                          
2026-02-12 14:46:37,610 PerfMonMTSvc                                         INFO Finalize   1               0.23                      0                                        -0                                                      EGammaCommonKernel                                                         
2026-02-12 14:46:37,610 PerfMonMTSvc                                         INFO Finalize   1               0.22                      0                                        2                                                       EventCleanSeq                                                              
2026-02-12 14:46:37,610 PerfMonMTSvc                                         INFO Finalize   1               0.19                      0                                        1                                                       AntiKt4EMPFlowJets                                                         
2026-02-12 14:46:37,610 PerfMonMTSvc                                         INFO Finalize   1               0.12                      0                                        1                                                       AntiKtVR30Rmax4Rmin02PV0TrackJets                                          
2026-02-12 14:46:37,610 PerfMonMTSvc                                         INFO Finalize   1               0.10                      0                                        -1                                                      AthenaPoolSharedIOCnvSvc                                                   
2026-02-12 14:46:37,610 PerfMonMTSvc                                         INFO Finalize   1               0.10                      0                                        1                                                       AntiKt4TruthWZJets                                                         
2026-02-12 14:46:37,610 PerfMonMTSvc                                         INFO Finalize   1               0.10                      0                                        0                                                       FourLeptonVertexAlg                                                        
2026-02-12 14:46:37,610 PerfMonMTSvc                                         INFO Finalize   1               0.10                      0                                        1                                                       AntiKtVR30Rmax4Rmin02TruthChargedJets                                      
2026-02-12 14:46:37,610 PerfMonMTSvc                                         INFO Finalize   1               0.10                      0                                        1                                                       AntiKt4TruthDressedWZJets                                                  
2026-02-12 14:46:37,610 PerfMonMTSvc                                         INFO Finalize   1               0.10                      0                                        -4                                                      ToolSvc.PHYSDiTauLowPtTPThinningTool                                       
2026-02-12 14:46:37,610 PerfMonMTSvc                                         INFO Finalize   1               0.10                      0                                        1                                                       AntiKt10LCTopoJets                                                         
2026-02-12 14:46:37,610 PerfMonMTSvc                                         INFO Finalize   1               0.09                      0                                        1                                                       AntiKt10TruthSoftDropBeta100Zcut10Jets                                     
2026-02-12 14:46:37,610 PerfMonMTSvc                                         INFO Finalize   1               0.08                      0                                        -11                                                     EventSelector                                                              
2026-02-12 14:46:37,610 PerfMonMTSvc                                         INFO Finalize   1               0.08                      0                                        -0                                                      TruthCategoriesDecorator.xAODToHepMCTool                                   
2026-02-12 14:46:37,610 PerfMonMTSvc                                         INFO Finalize   1               0.08                      0                                        -0                                                      PHYSKernel                                                                 
2026-02-12 14:46:37,611 PerfMonMTSvc                                         INFO Finalize   1               0.07                      0                                        -0                                                      InDetUsedInFitDecorator_0Alg                                               
2026-02-12 14:46:37,611 PerfMonMTSvc                                         INFO Finalize   1               0.07                      0                                        -0                                                      ToolSvc.TrigDecisionTool                                                   
2026-02-12 14:46:37,611 PerfMonMTSvc                                         INFO Finalize   1               0.07                      0                                        -0                                                      antikt10ufocssksoftdropbeta100zcut10_sv1flip_secvtxfinding.IDVKalVxInJetFlip
2026-02-12 14:46:37,611 PerfMonMTSvc                                         INFO Finalize   1               0.07                      0                                        0                                                       AllExecutedEventsCounterAlg                                                
2026-02-12 14:46:37,611 PerfMonMTSvc                                         INFO Finalize   1               0.05                      0                                        -0                                                      TruthCategoriesDecorator.HiggsTruthCategoryTool                            
2026-02-12 14:46:37,611 PerfMonMTSvc                                         INFO Finalize   1               0.05                      0                                        -0                                                      DFCommonMuonsKernel                                                        
2026-02-12 14:46:37,611 PerfMonMTSvc                                         INFO Finalize   1               0.05                      0                                        -0                                                      MCTruthClassificationKernel                                                
2026-02-12 14:46:37,611 PerfMonMTSvc                                         INFO Finalize   1               0.05                      0                                        -0                                                      HFClassificationCommonKernel                                               
2026-02-12 14:46:37,611 PerfMonMTSvc                                         INFO Finalize   1               0.05                      0                                        -24                                                     ToolSvc.CaloSurfaceBuilder                                                 
2026-02-12 14:46:37,611 PerfMonMTSvc                                         INFO Finalize   1               0.05                      0                                        -0                                                      CondInputLoader                                                            
2026-02-12 14:46:37,611 PerfMonMTSvc                                         INFO Finalize   1               0.05                      0                                        -0                                                      ToolSvc.PHYSTrackParticleThinningTool                                      
2026-02-12 14:46:37,611 PerfMonMTSvc                                         INFO Finalize   1               0.05                      0                                        -0                                                      BadBatmanAugmentation                                                      
2026-02-12 14:46:37,611 PerfMonMTSvc                                         INFO Finalize   1               0.05                      0                                        -0                                                      TauJets_MuonRM_TauIDDecorKernel                                            
2026-02-12 14:46:37,611 PerfMonMTSvc                                         INFO Finalize   1               0.05                      0                                        -0                                                      DiTauIDDecorKernel                                                         
2026-02-12 14:46:37,611 PerfMonMTSvc                                         INFO Finalize   1               0.04                      0                                        -0                                                      TauTruthCommonKernel2                                                      
2026-02-12 14:46:37,611 PerfMonMTSvc                                         INFO Finalize   1               0.04                      0                                        -0                                                      MCTruthCommonPreJetKernelNo2                                               
2026-02-12 14:46:37,611 PerfMonMTSvc                                         INFO Finalize   1               0.04                      0                                        -0                                                      StreamDAOD_PHYS                                                            
2026-02-12 14:46:37,611 PerfMonMTSvc                                         INFO Finalize   1               0.04                      0                                        -0                                                      jetrecalg_AntiKt10UFOCSSKSoftDropBeta100Zcut10Jets                         
2026-02-12 14:46:37,611 PerfMonMTSvc                                         INFO Finalize   1               0.04                      0                                        -0                                                      MCTruthCommonPreJetKernelNo8                                               
2026-02-12 14:46:37,611 PerfMonMTSvc                                         INFO Finalize   1               0.04                      0                                        -0                                                      DFCommonMuonsKernel2                                                       
2026-02-12 14:46:37,611 PerfMonMTSvc                                         INFO =======================================================================================
2026-02-12 14:46:37,612 PerfMonMTSvc                                         INFO preLoadProxy 1               25.59                     0                                        40                                                      loadCachesOverhead:COOLOFL_INDET/OFLP200                                   
2026-02-12 14:46:37,612 PerfMonMTSvc                                         INFO preLoadProxy 1               19.60                     1024                                     3                                                       loadCachesOverhead:COOLOFL_LAR/OFLP200                                     
2026-02-12 14:46:37,612 PerfMonMTSvc                                         INFO preLoadProxy 1               15.54                     0                                        13                                                      loadCachesOverhead:COOLOFL_TRT/OFLP200                                     
2026-02-12 14:46:37,612 PerfMonMTSvc                                         INFO preLoadProxy 1               14.81                     1024                                     1156                                                    FldrCache:/LAR/Align                                                       
2026-02-12 14:46:37,612 PerfMonMTSvc                                         INFO preLoadProxy 1               13.94                     0                                        3                                                       loadCachesOverhead:COOLOFL_GLOBAL/OFLP200                                  
2026-02-12 14:46:37,612 PerfMonMTSvc                                         INFO preLoadProxy 1               13.86                     0                                        542                                                     FldrCache:/Indet/Align                                                     
2026-02-12 14:46:37,612 PerfMonMTSvc                                         INFO preLoadProxy 1               13.40                     0                                        2                                                       loadCachesOverhead:COOLOFL_DCS/OFLP200                                     
2026-02-12 14:46:37,612 PerfMonMTSvc                                         INFO preLoadProxy 1               12.97                     0                                        898                                                     FldrCache:/EXT/DCS/MAGNETS/SENSORDATA                                      
2026-02-12 14:46:37,612 PerfMonMTSvc                                         INFO preLoadProxy 1               12.53                     3072                                     673                                                     loadCachesOverhead:COOLOFL_MDT/OFLP200                                     
2026-02-12 14:46:37,612 PerfMonMTSvc                                         INFO preLoadProxy 1               11.88                     3072                                     1431                                                    FldrCache:/MDT/MM/PASSIVATION                                              
2026-02-12 14:46:37,612 PerfMonMTSvc                                         INFO preLoadProxy 1               11.04                     0                                        753                                                     FldrCache:/TRT/Align                                                       
2026-02-12 14:46:37,612 PerfMonMTSvc                                         INFO preLoadProxy 1               9.81                      0                                        821                                                     FldrCache:/GLOBAL/BField/Maps                                              
2026-02-12 14:46:37,612 PerfMonMTSvc                                         INFO preLoadProxy 1               7.09                      0                                        21                                                      FldrCache:/Indet/Beampos                                                   
2026-02-12 14:46:37,612 PerfMonMTSvc                                         INFO preLoadProxy 1               4.23                      0                                        18                                                      FldrCache:/Indet/IBLDist                                                   
2026-02-12 14:46:37,612 PerfMonMTSvc                                         INFO preLoadProxy 1               4.05                      0                                        8                                                       FldrCache:/LAR/LArCellPositionShift                                        
2026-02-12 14:46:37,612 PerfMonMTSvc                                         INFO preLoadProxy 1               4.03                      0                                        9                                                       FldrCache:/TRT/Calib/DX                                                    
2026-02-12 14:46:37,612 PerfMonMTSvc                                         INFO preLoadProxy 1               3.76                      0                                        3                                                       FldrCache:/GLOBAL/TrackingGeo/LayerMaterialV2                              
2026-02-12 14:46:37,612 PerfMonMTSvc                                         INFO preLoadProxy 1               0.79                      0                                        14                                                      UpdateAddr::/TagInfo                                                       
2026-02-12 14:46:37,612 PerfMonMTSvc                                         INFO preLoadProxy 1               0.44                      0                                        13                                                      FldrSetup:/TagInfo                                                         
2026-02-12 14:46:37,612 PerfMonMTSvc                                         INFO preLoadProxy 1               0.30                      0                                        22                                                      FldrSetup:/Digitization/Parameters                                         
2026-02-12 14:46:37,613 PerfMonMTSvc                                         INFO preLoadProxy 1               0.14                      0                                        12                                                      FldrSetup:/Indet/Align                                                     
2026-02-12 14:46:37,613 PerfMonMTSvc                                         INFO preLoadProxy 1               0.09                      0                                        0                                                       FldrSetup:LArCellPositionShift                                             
2026-02-12 14:46:37,613 PerfMonMTSvc                                         INFO preLoadProxy 1               0.08                      0                                        0                                                       FldrSetup:/GLOBAL/TrackingGeo/LayerMaterialV2                              
2026-02-12 14:46:37,613 PerfMonMTSvc                                         INFO preLoadProxy 1               0.07                      0                                        10                                                      FldrSetup:/Indet/IBLDist                                                   
2026-02-12 14:46:37,613 PerfMonMTSvc                                         INFO preLoadProxy 1               0.06                      0                                        9                                                       FldrSetup:/TRT/Align                                                       
2026-02-12 14:46:37,613 PerfMonMTSvc                                         INFO preLoadProxy 1               0.06                      0                                        2                                                       FldrSetup:/EXT/DCS/MAGNETS/SENSORDATA                                      
2026-02-12 14:46:37,613 PerfMonMTSvc                                         INFO preLoadProxy 1               0.04                      0                                        3                                                       FldrSetup:/GLOBAL/BField/Maps                                              
2026-02-12 14:46:37,613 PerfMonMTSvc                                         INFO preLoadProxy 1               0.04                      0                                        0                                                       FldrSetup:/TRT/Calib/DX                                                    
2026-02-12 14:46:37,613 PerfMonMTSvc                                         INFO preLoadProxy 1               0.04                      0                                        -0                                                      AthenaAttributeList[/Digitization/Parameters]                              
2026-02-12 14:46:37,613 PerfMonMTSvc                                         INFO preLoadProxy 1               0.04                      0                                        1                                                       FldrSetup:/MDT/MM/PASSIVATION                                              
2026-02-12 14:46:37,613 PerfMonMTSvc                                         INFO preLoadProxy 1               0.02                      0                                        2                                                       FldrSetup:/Indet/Beampos                                                   
2026-02-12 14:46:37,613 PerfMonMTSvc                                         INFO preLoadProxy 1               0.02                      0                                        -0                                                      UpdateAddr::AthenaMPEventQueue_1439847_335da0dc-8a20-4ada-8e7e-4df5da4df85b
2026-02-12 14:46:37,613 PerfMonMTSvc                                         INFO preLoadProxy 1               0.02                      0                                        -0                                                      UpdateAddr::PRESAMPLER_B_POS                                               
2026-02-12 14:46:37,613 PerfMonMTSvc                                         INFO preLoadProxy 1               0.01                      0                                        0                                                       FldrSetup:/LAR/Align                                                       
2026-02-12 14:46:37,613 PerfMonMTSvc                                         INFO preLoadProxy 1               0.01                      0                                        -0                                                      DetCondKeyTrans[/LAR/Align]                                                
2026-02-12 14:46:37,613 PerfMonMTSvc                                         INFO preLoadProxy 1               0.01                      0                                        -0                                                      CondAttrListCollection[/EXT/DCS/MAGNETS/SENSORDATA]                        
2026-02-12 14:46:37,613 PerfMonMTSvc                                         INFO preLoadProxy 1               0.01                      0                                        -0                                                      UpdateAddr::HEC_POS                                                        
2026-02-12 14:46:37,613 PerfMonMTSvc                                         INFO preLoadProxy 1               0.01                      0                                        -0                                                      AthenaAttributeList[/Indet/Beampos]                                        
2026-02-12 14:46:37,613 PerfMonMTSvc                                         INFO preLoadProxy 1               0.01                      0                                        -0                                                      UpdateAddr::PRESAMPLER_EC_POS                                              
2026-02-12 14:46:37,613 PerfMonMTSvc                                         INFO preLoadProxy 1               0.01                      0                                        -0                                                      UpdateAddr::PRESAMPLER_B_NEG                                               
2026-02-12 14:46:37,614 PerfMonMTSvc                                         INFO preLoadProxy 1               0.01                      0                                        -0                                                      CondAttrListCollection[/GLOBAL/BField/Maps]                                
2026-02-12 14:46:37,614 PerfMonMTSvc                                         INFO preLoadProxy 1               0.01                      0                                        -0                                                      UpdateAddr::HEC_NEG                                                        
2026-02-12 14:46:37,614 PerfMonMTSvc                                         INFO preLoadProxy 1               0.01                      0                                        -0                                                      AlignableTransformContainer[/Indet/Align]                                  
2026-02-12 14:46:37,614 PerfMonMTSvc                                         INFO preLoadProxy 1               0.01                      0                                        -0                                                      CondAttrListCollection[/MDT/MM/PASSIVATION]                                
2026-02-12 14:46:37,614 PerfMonMTSvc                                         INFO preLoadProxy 1               0.01                      0                                        -0                                                      Trk::LayerMaterialMap[/GLOBAL/TrackingGeo/LayerMaterialV2]                 
2026-02-12 14:46:37,614 PerfMonMTSvc                                         INFO preLoadProxy 1               0.01                      0                                        -0                                                      CondAttrListCollection[/Indet/IBLDist]                                     
2026-02-12 14:46:37,614 PerfMonMTSvc                                         INFO preLoadProxy 1               0.01                      0                                        -0                                                      UpdateAddr::PRESAMPLER_EC_NEG                                              
2026-02-12 14:46:37,614 PerfMonMTSvc                                         INFO preLoadProxy 1               0.01                      0                                        -0                                                      TRTCond::StrawDxContainer[/TRT/Calib/DX]                                   
2026-02-12 14:46:37,614 PerfMonMTSvc                                         INFO preLoadProxy 1               0.01                      0                                        -0                                                      CondAttrListCollection[/TagInfo]                                           
2026-02-12 14:46:37,614 PerfMonMTSvc                                         INFO preLoadProxy 1               0.01                      0                                        -0                                                      AlignableTransformContainer[/TRT/Align]                                    
2026-02-12 14:46:37,614 PerfMonMTSvc                                         INFO =======================================================================================
2026-02-12 14:46:37,614 PerfMonMTSvc                                         INFO                                 Event Level Monitoring                                 
2026-02-12 14:46:37,614 PerfMonMTSvc                                         INFO         (Only the first 10 and the last measurements are explicitly printed)
2026-02-12 14:46:37,614 PerfMonMTSvc                                         INFO =======================================================================================
2026-02-12 14:46:37,614 PerfMonMTSvc                                         INFO Event            CPU [s]      Wall [s]     Vmem [kB]    Rss [kB]     Pss [kB]     Swap [kB]   
2026-02-12 14:46:37,614 PerfMonMTSvc                                         INFO ---------------------------------------------------------------------------------------
2026-02-12 14:46:37,614 PerfMonMTSvc                                         INFO 1                        1.88        51.60      5555048      3912268      1980961            0
2026-02-12 14:46:37,614 PerfMonMTSvc                                         INFO =======================================================================================
2026-02-12 14:46:37,614 PerfMonMTSvc                                         INFO                                 Snapshots Summary                                      
2026-02-12 14:46:37,614 PerfMonMTSvc                                         INFO =======================================================================================
2026-02-12 14:46:37,614 PerfMonMTSvc                                         INFO Step          dCPU [s]     dWall [s]    <CPU>   dVmem [kB]  dRss [kB]   dPss [kB]   dSwap [kB] 
2026-02-12 14:46:37,614 PerfMonMTSvc                                         INFO ---------------------------------------------------------------------------------------
2026-02-12 14:46:37,615 PerfMonMTSvc                                         INFO Configure     11.89        14.28        0.83    1414644     1105452     618296      0          
2026-02-12 14:46:37,615 PerfMonMTSvc                                         INFO Initialize    11.83        25.94        0.46    1907572     1275368     1282593     0          
2026-02-12 14:46:37,615 PerfMonMTSvc                                         INFO FirstEvent    10.84        20.78        0.52    6184628     4832308     2889721     0          
2026-02-12 14:46:37,615 PerfMonMTSvc                                         INFO Execute       3.45         3.47         0.99    13480       17544       14827       0          
2026-02-12 14:46:37,615 PerfMonMTSvc                                         INFO Finalize      0.81         0.84         0.97    -65608      24372       629824      0          
2026-02-12 14:46:37,615 PerfMonMTSvc                                         INFO ***************************************************************************************
2026-02-12 14:46:37,615 PerfMonMTSvc                                         INFO Number of events processed:         5
2026-02-12 14:46:37,615 PerfMonMTSvc                                         INFO CPU usage per event [ms]:           2857
2026-02-12 14:46:37,615 PerfMonMTSvc                                         INFO Events per second:                  0.206
2026-02-12 14:46:37,615 PerfMonMTSvc                                         INFO CPU utilization efficiency [%]:     59
2026-02-12 14:46:37,615 PerfMonMTSvc                                         INFO ***************************************************************************************
2026-02-12 14:46:37,615 PerfMonMTSvc                                         INFO Max Vmem:                           5.30 GB
2026-02-12 14:46:37,615 PerfMonMTSvc                                         INFO Max Rss:                            3.73 GB
2026-02-12 14:46:37,615 PerfMonMTSvc                                         INFO Max Pss:                            1.89 GB
2026-02-12 14:46:37,615 PerfMonMTSvc                                         INFO Max Swap:                           0.00 KB
2026-02-12 14:46:37,615 PerfMonMTSvc                                         INFO ***************************************************************************************
2026-02-12 14:46:37,615 PerfMonMTSvc                                         INFO Leak estimate per event Vmem:       0.00 KB
2026-02-12 14:46:37,615 PerfMonMTSvc                                         INFO Leak estimate per event Pss:        0.00 KB
2026-02-12 14:46:37,615 PerfMonMTSvc                                         INFO   >> Estimated using the last 0 measurements from the Event Level Monitoring
2026-02-12 14:46:37,615 PerfMonMTSvc                                         INFO   >> Events prior to the first 25 are omitted...
2026-02-12 14:46:37,615 PerfMonMTSvc                                         INFO =======================================================================================
2026-02-12 14:46:37,616 PerfMonMTSvc                                         INFO                                   System Information                                   
2026-02-12 14:46:37,616 PerfMonMTSvc                                         INFO =======================================================================================
2026-02-12 14:46:37,616 PerfMonMTSvc                                         INFO CPU Model:                          Intel(R) Xeon(R) Gold 6326 CPU @ 2.90GHz 24576 KB
2026-02-12 14:46:37,617 PerfMonMTSvc                                         INFO Number of Available Cores:          32
2026-02-12 14:46:37,617 PerfMonMTSvc                                         INFO Total Memory:                       251.00 GB
2026-02-12 14:46:37,617 PerfMonMTSvc                                         INFO =======================================================================================
2026-02-12 14:46:37,617 PerfMonMTSvc                                         INFO                                Environment Information                                 
2026-02-12 14:46:37,617 PerfMonMTSvc                                         INFO =======================================================================================
2026-02-12 14:46:37,617 PerfMonMTSvc                                         INFO Malloc Library:                     libtcmalloc_minimal.so
2026-02-12 14:46:37,617 PerfMonMTSvc                                         INFO Math Library:                       libimf.so
2026-02-12 14:46:37,617 PerfMonMTSvc                                         INFO =======================================================================================
2026-02-12 14:46:37,776 ApplicationMgr                                       INFO Application Manager Finalized successfully
