2026-02-12 19:19:32,507 AthMpEvtLoopMgr.SharedEvtQueueProvider               INFO Logs redirected in the AthenaMP event event counter PID=1499591
2026-02-12 19:19:32,507 AthMpEvtLoopMgr.SharedEvtQueueProvider               INFO Io registry updated in the AthenaMP event event counter PID=1499591
2026-02-12 19:19:32,546 AthMpEvtLoopMgr.SharedEvtQueueProvider               INFO File descriptors re-opened in the AthenaMP event event counter PID=1499591
2026-02-12 19:19:32,547 PoolSvc                                              INFO I/O reinitialization...
2026-02-12 19:19:32,547 PoolSvc                                              INFO Setting up APR FileCatalog and Streams
2026-02-12 19:19:32,556 PoolSvc                                              INFO Resolved path (via ATLAS_POOLCOND_PATH) is /cvmfs/atlas-condb.cern.ch/repo/conditions/poolcond/PoolFileCatalog.xml
2026-02-12 19:19:32,575 PoolSvc                                              INFO Unable find catalog apcfile:poolcond/PoolCat_oflcond.xml in $ATLAS_POOLCOND_PATH and $DATAPATH
2026-02-12 19:19:32,575 PoolSvc                                              INFO POOL WriteCatalog is xmlcatalog_file:PoolFileCatalog.xml
2026-02-12 19:19:32,809 DbSession                                            INFO     Open     DbSession
2026-02-12 19:19:32,809 Domain[ROOT_All]                                     INFO >   Access   DbDomain     READ      [ROOT_All]
2026-02-12 19:19:32,809 DbSession                                            INFO     Open     DbSession
2026-02-12 19:19:32,809 Domain[ROOT_All]                                     INFO >   Access   DbDomain     READ      [ROOT_All]
2026-02-12 19:19:32,810 MetaDataSvc                                          INFO I/O reinitialization...
2026-02-12 19:19:32,810 MetaDataSvc                                          INFO Attached MetaDataTool: ToolSvc.IOVDbMetaDataTool
2026-02-12 19:19:32,810 MetaDataSvc                                          INFO Attached MetaDataTool: ToolSvc.BookkeeperTool
2026-02-12 19:19:32,810 MetaDataSvc                                          INFO Attached MetaDataTool: ToolSvc.StreamDAOD_PHYS_CopyEventStreamInfo
2026-02-12 19:19:32,810 MetaDataSvc                                          INFO Attached MetaDataTool: ToolSvc.TriggerMenuMetaDataTool
2026-02-12 19:19:32,810 MetaDataSvc                                          INFO Attached MetaDataTool: ToolSvc.TruthMetaDataTool
2026-02-12 19:19:32,810 MetaDataSvc                                          INFO Attached MetaDataTool: ToolSvc.xAODMaker::FileMetaDataTool
2026-02-12 19:19:32,810 MetaDataSvc                                          INFO Attached MetaDataTool: ToolSvc.xAODMaker::EventFormatMetaDataTool
2026-02-12 19:19:32,810 EventSelector                                        INFO I/O reinitialization...
2026-02-12 19:19:32,811 /eos/home-b/bkamgama/draft/Run_sleep_10000/...root   INFO ->  Access   DbDatabase   READ      [ROOT_All] AA21FB28-2672-434E-9813-0D7BE842151D
2026-02-12 19:19:32,824 RootDatabase                                         INFO /eos/home-b/bkamgama/draft/Run_sleep_10000/Compression_QT/DAOD_Compression_Analysis/workspaces/zstd_level1/data/zstd_rntuple_level1.AOD.pool.root File version:1063901
2026-02-12 19:19:32,854 StreamDAOD_PHYS                                      INFO I/O reinitialization...
2026-02-12 19:19:32,854 /eos/home-b/bkamgama/draft/Run_sleep_10000/...root   INFO Database being retired...
2026-02-12 19:19:32,855 /eos/home-b/bkamgama/draft/Run_sleep_10000/...root   INFO ->  Deaccess DbDatabase   READ      [ROOT_All] AA21FB28-2672-434E-9813-0D7BE842151D
2026-02-12 19:19:32,855 Domain[ROOT_All]                                     INFO >   Deaccess DbDomain     READ      [ROOT_All]
2026-02-12 19:19:32,855 DbSession                                            INFO     Open     DbSession
2026-02-12 19:19:32,855 Domain[ROOT_All]                                     INFO >   Access   DbDomain     READ      [ROOT_All]
2026-02-12 19:19:32,855 /eos/home-b/bkamgama/draft/Run_sleep_10000/...root   INFO ->  Access   DbDatabase   READ      [ROOT_All] AA21FB28-2672-434E-9813-0D7BE842151D
2026-02-12 19:19:32,859 RootDatabase                                         INFO /eos/home-b/bkamgama/draft/Run_sleep_10000/Compression_QT/DAOD_Compression_Analysis/workspaces/zstd_level1/data/zstd_rntuple_level1.AOD.pool.root File version:1063901
2026-02-12 19:19:32,874 AthMpEvtLoopMgr.SharedEvtQueueProvider               INFO Exec function in the AthenaMP Event Counter PID=1499591
2026-02-12 19:19:32,880 ToolSvc.BookkeeperTool                               INFO Preparing local cache for source 'AA21FB28-2672-434E-9813-0D7BE842151D' with 194 variations
2026-02-12 19:19:32,883 ToolSvc.BookkeeperTool                               INFO No incomplete bookkeepers with name 'IncompleteCutBookkeepers' in this file
2026-02-12 19:19:32,883 ToolSvc.BookkeeperTool                               INFO No complete bookkeepers with name 'CutBookkeepers' in this file
2026-02-12 19:19:32,909 AthMpEvtLoopMgr.SharedEvtQueueProvider               INFO Sent to the queue 0x100000000 which corresponds to Chunks start 0 and chunk size 1
2026-02-12 19:19:32,910 AthMpEvtLoopMgr.SharedEvtQueueProvider               INFO Sent to the queue 0x100000001 which corresponds to Chunks start 1 and chunk size 1
2026-02-12 19:19:32,910 AthMpEvtLoopMgr.SharedEvtQueueProvider               INFO Sent to the queue 0x100000002 which corresponds to Chunks start 2 and chunk size 1
2026-02-12 19:19:32,910 AthMpEvtLoopMgr.SharedEvtQueueProvider               INFO Sent to the queue 0x100000003 which corresponds to Chunks start 3 and chunk size 1
2026-02-12 19:19:32,910 AthMpEvtLoopMgr.SharedEvtQueueProvider               INFO Sent to the queue 0x100000004 which corresponds to Chunks start 4 and chunk size 1
2026-02-12 19:19:32,910 AthMpEvtLoopMgr.SharedEvtQueueProvider               INFO Sent to the queue 0x100000005 which corresponds to Chunks start 5 and chunk size 1
2026-02-12 19:19:32,910 AthMpEvtLoopMgr.SharedEvtQueueProvider               INFO Sent to the queue 0x100000006 which corresponds to Chunks start 6 and chunk size 1
2026-02-12 19:19:32,910 AthMpEvtLoopMgr.SharedEvtQueueProvider               INFO Sent to the queue 0x100000007 which corresponds to Chunks start 7 and chunk size 1
2026-02-12 19:19:32,910 AthMpEvtLoopMgr.SharedEvtQueueProvider               INFO Sent to the queue 0x100000008 which corresponds to Chunks start 8 and chunk size 1
2026-02-12 19:19:32,910 AthMpEvtLoopMgr.SharedEvtQueueProvider               INFO Sent to the queue 0x100000009 which corresponds to Chunks start 9 and chunk size 1
2026-02-12 19:19:32,910 AthMpEvtLoopMgr.SharedEvtQueueProvider               INFO Sent to the queue 0x10000000a which corresponds to Chunks start 10 and chunk size 1
2026-02-12 19:19:32,910 AthMpEvtLoopMgr.SharedEvtQueueProvider               INFO Sent to the queue 0x10000000b which corresponds to Chunks start 11 and chunk size 1
2026-02-12 19:19:32,910 AthMpEvtLoopMgr.SharedEvtQueueProvider               INFO Sent to the queue 0x10000000c which corresponds to Chunks start 12 and chunk size 1
2026-02-12 19:19:32,911 AthMpEvtLoopMgr.SharedEvtQueueProvider               INFO Sent to the queue 0x10000000d which corresponds to Chunks start 13 and chunk size 1
2026-02-12 19:19:32,911 AthMpEvtLoopMgr.SharedEvtQueueProvider               INFO Sent to the queue 0x10000000e which corresponds to Chunks start 14 and chunk size 1
2026-02-12 19:19:32,911 AthMpEvtLoopMgr.SharedEvtQueueProvider               INFO Sent to the queue 0x10000000f which corresponds to Chunks start 15 and chunk size 1
2026-02-12 19:19:32,911 AthMpEvtLoopMgr.SharedEvtQueueProvider               INFO Sent to the queue 0x100000010 which corresponds to Chunks start 16 and chunk size 1
2026-02-12 19:19:32,911 AthMpEvtLoopMgr.SharedEvtQueueProvider               INFO Sent to the queue 0x100000011 which corresponds to Chunks start 17 and chunk size 1
2026-02-12 19:19:32,911 AthMpEvtLoopMgr.SharedEvtQueueProvider               INFO Sent to the queue 0x100000012 which corresponds to Chunks start 18 and chunk size 1
2026-02-12 19:19:32,911 AthMpEvtLoopMgr.SharedEvtQueueProvider               INFO Sent to the queue 0x100000013 which corresponds to Chunks start 19 and chunk size 1
2026-02-12 19:19:32,911 AthMpEvtLoopMgr.SharedEvtQueueProvider               INFO Sent to the queue 0x100000014 which corresponds to Chunks start 20 and chunk size 1
2026-02-12 19:19:32,911 AthMpEvtLoopMgr.SharedEvtQueueProvider               INFO Sent to the queue 0x100000015 which corresponds to Chunks start 21 and chunk size 1
2026-02-12 19:19:32,911 AthMpEvtLoopMgr.SharedEvtQueueProvider               INFO Sent to the queue 0x100000016 which corresponds to Chunks start 22 and chunk size 1
2026-02-12 19:19:32,911 AthMpEvtLoopMgr.SharedEvtQueueProvider               INFO Sent to the queue 0x100000017 which corresponds to Chunks start 23 and chunk size 1
2026-02-12 19:19:32,911 AthMpEvtLoopMgr.SharedEvtQueueProvider               INFO Sent to the queue 0x100000018 which corresponds to Chunks start 24 and chunk size 1
2026-02-12 19:19:32,911 AthMpEvtLoopMgr.SharedEvtQueueProvider               INFO Sent to the queue 0x100000019 which corresponds to Chunks start 25 and chunk size 1
2026-02-12 19:19:32,912 AthMpEvtLoopMgr.SharedEvtQueueProvider               INFO Sent to the queue 0x10000001a which corresponds to Chunks start 26 and chunk size 1
2026-02-12 19:19:32,912 AthMpEvtLoopMgr.SharedEvtQueueProvider               INFO Sent to the queue 0x10000001b which corresponds to Chunks start 27 and chunk size 1
2026-02-12 19:19:32,912 AthMpEvtLoopMgr.SharedEvtQueueProvider               INFO Sent to the queue 0x10000001c which corresponds to Chunks start 28 and chunk size 1
2026-02-12 19:19:32,912 AthMpEvtLoopMgr.SharedEvtQueueProvider               INFO Sent to the queue 0x10000001d which corresponds to Chunks start 29 and chunk size 1
2026-02-12 19:19:32,912 AthMpEvtLoopMgr.SharedEvtQueueProvider               INFO Sent to the queue 0x10000001e which corresponds to Chunks start 30 and chunk size 1
2026-02-12 19:19:32,912 AthMpEvtLoopMgr.SharedEvtQueueProvider               INFO Sent to the queue 0x10000001f which corresponds to Chunks start 31 and chunk size 1
2026-02-12 19:19:32,912 AthMpEvtLoopMgr.SharedEvtQueueProvider               INFO Sent to the queue 0x100000020 which corresponds to Chunks start 32 and chunk size 1
2026-02-12 19:19:32,912 AthMpEvtLoopMgr.SharedEvtQueueProvider               INFO Sent to the queue 0x100000021 which corresponds to Chunks start 33 and chunk size 1
2026-02-12 19:19:32,912 AthMpEvtLoopMgr.SharedEvtQueueProvider               INFO Sent to the queue 0x100000022 which corresponds to Chunks start 34 and chunk size 1
2026-02-12 19:19:32,912 AthMpEvtLoopMgr.SharedEvtQueueProvider               INFO Sent to the queue 0x100000023 which corresponds to Chunks start 35 and chunk size 1
2026-02-12 19:19:32,912 AthMpEvtLoopMgr.SharedEvtQueueProvider               INFO Sent to the queue 0x100000024 which corresponds to Chunks start 36 and chunk size 1
2026-02-12 19:19:32,912 AthMpEvtLoopMgr.SharedEvtQueueProvider               INFO Sent to the queue 0x100000025 which corresponds to Chunks start 37 and chunk size 1
2026-02-12 19:19:32,912 AthMpEvtLoopMgr.SharedEvtQueueProvider               INFO Sent to the queue 0x100000026 which corresponds to Chunks start 38 and chunk size 1
2026-02-12 19:19:32,913 AthMpEvtLoopMgr.SharedEvtQueueProvider               INFO Sent to the queue 0x100000027 which corresponds to Chunks start 39 and chunk size 1
2026-02-12 19:19:32,913 AthMpEvtLoopMgr.SharedEvtQueueProvider               INFO Sent to the queue 0x100000028 which corresponds to Chunks start 40 and chunk size 1
2026-02-12 19:19:32,913 AthMpEvtLoopMgr.SharedEvtQueueProvider               INFO Sent to the queue 0x100000029 which corresponds to Chunks start 41 and chunk size 1
2026-02-12 19:19:32,913 AthMpEvtLoopMgr.SharedEvtQueueProvider               INFO Sent to the queue 0x10000002a which corresponds to Chunks start 42 and chunk size 1
2026-02-12 19:19:32,913 AthMpEvtLoopMgr.SharedEvtQueueProvider               INFO Sent to the queue 0x10000002b which corresponds to Chunks start 43 and chunk size 1
2026-02-12 19:19:32,913 AthMpEvtLoopMgr.SharedEvtQueueProvider               INFO Sent to the queue 0x10000002c which corresponds to Chunks start 44 and chunk size 1
2026-02-12 19:19:32,913 AthMpEvtLoopMgr.SharedEvtQueueProvider               INFO Sent to the queue 0x10000002d which corresponds to Chunks start 45 and chunk size 1
2026-02-12 19:19:32,913 AthMpEvtLoopMgr.SharedEvtQueueProvider               INFO Sent to the queue 0x10000002e which corresponds to Chunks start 46 and chunk size 1
2026-02-12 19:19:32,913 AthMpEvtLoopMgr.SharedEvtQueueProvider               INFO Sent to the queue 0x10000002f which corresponds to Chunks start 47 and chunk size 1
2026-02-12 19:19:32,913 AthMpEvtLoopMgr.SharedEvtQueueProvider               INFO Sent to the queue 0x100000030 which corresponds to Chunks start 48 and chunk size 1
2026-02-12 19:19:32,913 AthMpEvtLoopMgr.SharedEvtQueueProvider               INFO Sent to the queue 0x100000031 which corresponds to Chunks start 49 and chunk size 1
2026-02-12 19:19:32,913 AthMpEvtLoopMgr.SharedEvtQueueProvider               INFO Sent to the queue 0x100000032 which corresponds to Chunks start 50 and chunk size 1
2026-02-12 19:19:32,913 AthMpEvtLoopMgr.SharedEvtQueueProvider               INFO Sent to the queue 0x100000033 which corresponds to Chunks start 51 and chunk size 1
2026-02-12 19:19:32,914 AthMpEvtLoopMgr.SharedEvtQueueProvider               INFO Sent to the queue 0x100000034 which corresponds to Chunks start 52 and chunk size 1
2026-02-12 19:19:32,914 AthMpEvtLoopMgr.SharedEvtQueueProvider               INFO Sent to the queue 0x100000035 which corresponds to Chunks start 53 and chunk size 1
2026-02-12 19:19:32,914 AthMpEvtLoopMgr.SharedEvtQueueProvider               INFO Sent to the queue 0x100000036 which corresponds to Chunks start 54 and chunk size 1
2026-02-12 19:19:32,914 AthMpEvtLoopMgr.SharedEvtQueueProvider               INFO Sent to the queue 0x100000037 which corresponds to Chunks start 55 and chunk size 1
2026-02-12 19:19:32,914 AthMpEvtLoopMgr.SharedEvtQueueProvider               INFO Sent to the queue 0x100000038 which corresponds to Chunks start 56 and chunk size 1
2026-02-12 19:19:32,914 AthMpEvtLoopMgr.SharedEvtQueueProvider               INFO Sent to the queue 0x100000039 which corresponds to Chunks start 57 and chunk size 1
2026-02-12 19:19:32,914 AthMpEvtLoopMgr.SharedEvtQueueProvider               INFO Sent to the queue 0x10000003a which corresponds to Chunks start 58 and chunk size 1
2026-02-12 19:19:32,914 AthMpEvtLoopMgr.SharedEvtQueueProvider               INFO Sent to the queue 0x10000003b which corresponds to Chunks start 59 and chunk size 1
2026-02-12 19:19:32,914 AthMpEvtLoopMgr.SharedEvtQueueProvider               INFO Sent to the queue 0x10000003c which corresponds to Chunks start 60 and chunk size 1
2026-02-12 19:19:32,914 AthMpEvtLoopMgr.SharedEvtQueueProvider               INFO Sent to the queue 0x10000003d which corresponds to Chunks start 61 and chunk size 1
2026-02-12 19:19:32,914 AthMpEvtLoopMgr.SharedEvtQueueProvider               INFO Sent to the queue 0x10000003e which corresponds to Chunks start 62 and chunk size 1
2026-02-12 19:19:32,914 AthMpEvtLoopMgr.SharedEvtQueueProvider               INFO Sent to the queue 0x10000003f which corresponds to Chunks start 63 and chunk size 1
2026-02-12 19:19:32,914 AthMpEvtLoopMgr.SharedEvtQueueProvider               INFO Sent to the queue 0x100000040 which corresponds to Chunks start 64 and chunk size 1
2026-02-12 19:19:32,914 AthMpEvtLoopMgr.SharedEvtQueueProvider               INFO Sent to the queue 0x100000041 which corresponds to Chunks start 65 and chunk size 1
2026-02-12 19:19:32,915 AthMpEvtLoopMgr.SharedEvtQueueProvider               INFO Sent to the queue 0x100000042 which corresponds to Chunks start 66 and chunk size 1
2026-02-12 19:19:32,915 AthMpEvtLoopMgr.SharedEvtQueueProvider               INFO Sent to the queue 0x100000043 which corresponds to Chunks start 67 and chunk size 1
2026-02-12 19:19:32,915 AthMpEvtLoopMgr.SharedEvtQueueProvider               INFO Sent to the queue 0x100000044 which corresponds to Chunks start 68 and chunk size 1
2026-02-12 19:19:32,915 AthMpEvtLoopMgr.SharedEvtQueueProvider               INFO Sent to the queue 0x100000045 which corresponds to Chunks start 69 and chunk size 1
2026-02-12 19:19:32,915 AthMpEvtLoopMgr.SharedEvtQueueProvider               INFO Sent to the queue 0x100000046 which corresponds to Chunks start 70 and chunk size 1
2026-02-12 19:19:32,915 AthMpEvtLoopMgr.SharedEvtQueueProvider               INFO Sent to the queue 0x100000047 which corresponds to Chunks start 71 and chunk size 1
2026-02-12 19:19:32,915 AthMpEvtLoopMgr.SharedEvtQueueProvider               INFO Sent to the queue 0x100000048 which corresponds to Chunks start 72 and chunk size 1
2026-02-12 19:19:32,915 AthMpEvtLoopMgr.SharedEvtQueueProvider               INFO Sent to the queue 0x100000049 which corresponds to Chunks start 73 and chunk size 1
2026-02-12 19:19:32,915 AthMpEvtLoopMgr.SharedEvtQueueProvider               INFO Sent to the queue 0x10000004a which corresponds to Chunks start 74 and chunk size 1
2026-02-12 19:19:32,915 AthMpEvtLoopMgr.SharedEvtQueueProvider               INFO Sent to the queue 0x10000004b which corresponds to Chunks start 75 and chunk size 1
2026-02-12 19:19:32,915 AthMpEvtLoopMgr.SharedEvtQueueProvider               INFO Sent to the queue 0x10000004c which corresponds to Chunks start 76 and chunk size 1
2026-02-12 19:19:32,915 AthMpEvtLoopMgr.SharedEvtQueueProvider               INFO Sent to the queue 0x10000004d which corresponds to Chunks start 77 and chunk size 1
2026-02-12 19:19:32,915 AthMpEvtLoopMgr.SharedEvtQueueProvider               INFO Sent to the queue 0x10000004e which corresponds to Chunks start 78 and chunk size 1
2026-02-12 19:19:32,916 AthMpEvtLoopMgr.SharedEvtQueueProvider               INFO Sent to the queue 0x10000004f which corresponds to Chunks start 79 and chunk size 1
2026-02-12 19:19:32,916 AthMpEvtLoopMgr.SharedEvtQueueProvider               INFO Sent to the queue 0x100000050 which corresponds to Chunks start 80 and chunk size 1
2026-02-12 19:19:32,916 AthMpEvtLoopMgr.SharedEvtQueueProvider               INFO Sent to the queue 0x100000051 which corresponds to Chunks start 81 and chunk size 1
2026-02-12 19:19:32,916 AthMpEvtLoopMgr.SharedEvtQueueProvider               INFO Sent to the queue 0x100000052 which corresponds to Chunks start 82 and chunk size 1
2026-02-12 19:19:32,916 AthMpEvtLoopMgr.SharedEvtQueueProvider               INFO Sent to the queue 0x100000053 which corresponds to Chunks start 83 and chunk size 1
2026-02-12 19:19:32,916 AthMpEvtLoopMgr.SharedEvtQueueProvider               INFO Sent to the queue 0x100000054 which corresponds to Chunks start 84 and chunk size 1
2026-02-12 19:19:32,916 AthMpEvtLoopMgr.SharedEvtQueueProvider               INFO Sent to the queue 0x100000055 which corresponds to Chunks start 85 and chunk size 1
2026-02-12 19:19:32,916 AthMpEvtLoopMgr.SharedEvtQueueProvider               INFO Sent to the queue 0x100000056 which corresponds to Chunks start 86 and chunk size 1
2026-02-12 19:19:32,916 AthMpEvtLoopMgr.SharedEvtQueueProvider               INFO Sent to the queue 0x100000057 which corresponds to Chunks start 87 and chunk size 1
2026-02-12 19:19:32,916 AthMpEvtLoopMgr.SharedEvtQueueProvider               INFO Sent to the queue 0x100000058 which corresponds to Chunks start 88 and chunk size 1
2026-02-12 19:19:32,916 AthMpEvtLoopMgr.SharedEvtQueueProvider               INFO Sent to the queue 0x100000059 which corresponds to Chunks start 89 and chunk size 1
2026-02-12 19:19:32,916 AthMpEvtLoopMgr.SharedEvtQueueProvider               INFO Sent to the queue 0x10000005a which corresponds to Chunks start 90 and chunk size 1
2026-02-12 19:19:32,916 AthMpEvtLoopMgr.SharedEvtQueueProvider               INFO Sent to the queue 0x10000005b which corresponds to Chunks start 91 and chunk size 1
2026-02-12 19:19:32,916 AthMpEvtLoopMgr.SharedEvtQueueProvider               INFO Sent to the queue 0x10000005c which corresponds to Chunks start 92 and chunk size 1
2026-02-12 19:19:32,917 AthMpEvtLoopMgr.SharedEvtQueueProvider               INFO Sent to the queue 0x10000005d which corresponds to Chunks start 93 and chunk size 1
2026-02-12 19:19:32,917 AthMpEvtLoopMgr.SharedEvtQueueProvider               INFO Sent to the queue 0x10000005e which corresponds to Chunks start 94 and chunk size 1
2026-02-12 19:19:32,917 AthMpEvtLoopMgr.SharedEvtQueueProvider               INFO Sent to the queue 0x10000005f which corresponds to Chunks start 95 and chunk size 1
2026-02-12 19:19:32,917 AthMpEvtLoopMgr.SharedEvtQueueProvider               INFO Sent to the queue 0x100000060 which corresponds to Chunks start 96 and chunk size 1
2026-02-12 19:19:32,917 AthMpEvtLoopMgr.SharedEvtQueueProvider               INFO Sent to the queue 0x100000061 which corresponds to Chunks start 97 and chunk size 1
2026-02-12 19:19:32,917 AthMpEvtLoopMgr.SharedEvtQueueProvider               INFO Sent to the queue 0x100000062 which corresponds to Chunks start 98 and chunk size 1
2026-02-12 19:19:32,917 AthMpEvtLoopMgr.SharedEvtQueueProvider               INFO Sent to the queue 0x100000063 which corresponds to Chunks start 99 and chunk size 1
2026-02-12 19:19:32,917 AthMpEvtLoopMgr.SharedEvtQueueProvider               INFO Sent to the queue 0x100000064 which corresponds to Chunks start 100 and chunk size 1
2026-02-12 19:19:32,917 AthMpEvtLoopMgr.SharedEvtQueueProvider               INFO Sent to the queue 0x100000065 which corresponds to Chunks start 101 and chunk size 1
2026-02-12 19:19:32,917 AthMpEvtLoopMgr.SharedEvtQueueProvider               INFO Sent to the queue 0x100000066 which corresponds to Chunks start 102 and chunk size 1
2026-02-12 19:19:32,917 AthMpEvtLoopMgr.SharedEvtQueueProvider               INFO Sent to the queue 0x100000067 which corresponds to Chunks start 103 and chunk size 1
2026-02-12 19:19:32,917 AthMpEvtLoopMgr.SharedEvtQueueProvider               INFO Sent to the queue 0x100000068 which corresponds to Chunks start 104 and chunk size 1
2026-02-12 19:19:32,917 AthMpEvtLoopMgr.SharedEvtQueueProvider               INFO Sent to the queue 0x100000069 which corresponds to Chunks start 105 and chunk size 1
2026-02-12 19:19:32,918 AthMpEvtLoopMgr.SharedEvtQueueProvider               INFO Sent to the queue 0x10000006a which corresponds to Chunks start 106 and chunk size 1
2026-02-12 19:19:32,918 AthMpEvtLoopMgr.SharedEvtQueueProvider               INFO Sent to the queue 0x10000006b which corresponds to Chunks start 107 and chunk size 1
2026-02-12 19:19:32,918 AthMpEvtLoopMgr.SharedEvtQueueProvider               INFO Sent to the queue 0x10000006c which corresponds to Chunks start 108 and chunk size 1
2026-02-12 19:19:32,918 AthMpEvtLoopMgr.SharedEvtQueueProvider               INFO Sent to the queue 0x10000006d which corresponds to Chunks start 109 and chunk size 1
2026-02-12 19:19:32,918 AthMpEvtLoopMgr.SharedEvtQueueProvider               INFO Sent to the queue 0x10000006e which corresponds to Chunks start 110 and chunk size 1
2026-02-12 19:19:32,918 AthMpEvtLoopMgr.SharedEvtQueueProvider               INFO Sent to the queue 0x10000006f which corresponds to Chunks start 111 and chunk size 1
2026-02-12 19:19:32,918 AthMpEvtLoopMgr.SharedEvtQueueProvider               INFO Sent to the queue 0x100000070 which corresponds to Chunks start 112 and chunk size 1
2026-02-12 19:19:32,918 AthMpEvtLoopMgr.SharedEvtQueueProvider               INFO Sent to the queue 0x100000071 which corresponds to Chunks start 113 and chunk size 1
2026-02-12 19:19:32,918 AthMpEvtLoopMgr.SharedEvtQueueProvider               INFO Sent to the queue 0x100000072 which corresponds to Chunks start 114 and chunk size 1
2026-02-12 19:19:32,918 AthMpEvtLoopMgr.SharedEvtQueueProvider               INFO Sent to the queue 0x100000073 which corresponds to Chunks start 115 and chunk size 1
2026-02-12 19:19:32,918 AthMpEvtLoopMgr.SharedEvtQueueProvider               INFO Sent to the queue 0x100000074 which corresponds to Chunks start 116 and chunk size 1
2026-02-12 19:19:32,918 AthMpEvtLoopMgr.SharedEvtQueueProvider               INFO Sent to the queue 0x100000075 which corresponds to Chunks start 117 and chunk size 1
2026-02-12 19:19:32,918 AthMpEvtLoopMgr.SharedEvtQueueProvider               INFO Sent to the queue 0x100000076 which corresponds to Chunks start 118 and chunk size 1
2026-02-12 19:19:32,918 AthMpEvtLoopMgr.SharedEvtQueueProvider               INFO Sent to the queue 0x100000077 which corresponds to Chunks start 119 and chunk size 1
2026-02-12 19:19:32,919 AthMpEvtLoopMgr.SharedEvtQueueProvider               INFO Sent to the queue 0x100000078 which corresponds to Chunks start 120 and chunk size 1
2026-02-12 19:19:32,919 AthMpEvtLoopMgr.SharedEvtQueueProvider               INFO Sent to the queue 0x100000079 which corresponds to Chunks start 121 and chunk size 1
2026-02-12 19:19:32,919 AthMpEvtLoopMgr.SharedEvtQueueProvider               INFO Sent to the queue 0x10000007a which corresponds to Chunks start 122 and chunk size 1
2026-02-12 19:19:32,919 AthMpEvtLoopMgr.SharedEvtQueueProvider               INFO Sent to the queue 0x10000007b which corresponds to Chunks start 123 and chunk size 1
2026-02-12 19:19:32,919 AthMpEvtLoopMgr.SharedEvtQueueProvider               INFO Sent to the queue 0x10000007c which corresponds to Chunks start 124 and chunk size 1
2026-02-12 19:19:32,919 AthMpEvtLoopMgr.SharedEvtQueueProvider               INFO Sent to the queue 0x10000007d which corresponds to Chunks start 125 and chunk size 1
2026-02-12 19:19:32,919 AthMpEvtLoopMgr.SharedEvtQueueProvider               INFO Sent to the queue 0x10000007e which corresponds to Chunks start 126 and chunk size 1
2026-02-12 19:19:32,919 AthMpEvtLoopMgr.SharedEvtQueueProvider               INFO Sent to the queue 0x10000007f which corresponds to Chunks start 127 and chunk size 1
2026-02-12 19:19:32,919 AthMpEvtLoopMgr.SharedEvtQueueProvider               INFO Sent to the queue 0x100000080 which corresponds to Chunks start 128 and chunk size 1
2026-02-12 19:19:32,919 AthMpEvtLoopMgr.SharedEvtQueueProvider               INFO Sent to the queue 0x100000081 which corresponds to Chunks start 129 and chunk size 1
2026-02-12 19:19:32,919 AthMpEvtLoopMgr.SharedEvtQueueProvider               INFO Sent to the queue 0x100000082 which corresponds to Chunks start 130 and chunk size 1
2026-02-12 19:19:32,919 AthMpEvtLoopMgr.SharedEvtQueueProvider               INFO Sent to the queue 0x100000083 which corresponds to Chunks start 131 and chunk size 1
2026-02-12 19:19:32,919 AthMpEvtLoopMgr.SharedEvtQueueProvider               INFO Sent to the queue 0x100000084 which corresponds to Chunks start 132 and chunk size 1
2026-02-12 19:19:32,919 AthMpEvtLoopMgr.SharedEvtQueueProvider               INFO Sent to the queue 0x100000085 which corresponds to Chunks start 133 and chunk size 1
2026-02-12 19:19:32,919 AthMpEvtLoopMgr.SharedEvtQueueProvider               INFO Sent to the queue 0x100000086 which corresponds to Chunks start 134 and chunk size 1
2026-02-12 19:19:32,920 AthMpEvtLoopMgr.SharedEvtQueueProvider               INFO Sent to the queue 0x100000087 which corresponds to Chunks start 135 and chunk size 1
2026-02-12 19:19:32,920 AthMpEvtLoopMgr.SharedEvtQueueProvider               INFO Sent to the queue 0x100000088 which corresponds to Chunks start 136 and chunk size 1
2026-02-12 19:19:32,920 AthMpEvtLoopMgr.SharedEvtQueueProvider               INFO Sent to the queue 0x100000089 which corresponds to Chunks start 137 and chunk size 1
2026-02-12 19:19:32,920 AthMpEvtLoopMgr.SharedEvtQueueProvider               INFO Sent to the queue 0x10000008a which corresponds to Chunks start 138 and chunk size 1
2026-02-12 19:19:32,920 AthMpEvtLoopMgr.SharedEvtQueueProvider               INFO Sent to the queue 0x10000008b which corresponds to Chunks start 139 and chunk size 1
2026-02-12 19:19:32,920 AthMpEvtLoopMgr.SharedEvtQueueProvider               INFO Sent to the queue 0x10000008c which corresponds to Chunks start 140 and chunk size 1
2026-02-12 19:19:32,920 AthMpEvtLoopMgr.SharedEvtQueueProvider               INFO Sent to the queue 0x10000008d which corresponds to Chunks start 141 and chunk size 1
2026-02-12 19:19:32,920 AthMpEvtLoopMgr.SharedEvtQueueProvider               INFO Sent to the queue 0x10000008e which corresponds to Chunks start 142 and chunk size 1
2026-02-12 19:19:32,920 AthMpEvtLoopMgr.SharedEvtQueueProvider               INFO Sent to the queue 0x10000008f which corresponds to Chunks start 143 and chunk size 1
2026-02-12 19:19:32,920 AthMpEvtLoopMgr.SharedEvtQueueProvider               INFO Sent to the queue 0x100000090 which corresponds to Chunks start 144 and chunk size 1
2026-02-12 19:19:32,920 AthMpEvtLoopMgr.SharedEvtQueueProvider               INFO Sent to the queue 0x100000091 which corresponds to Chunks start 145 and chunk size 1
2026-02-12 19:19:32,920 AthMpEvtLoopMgr.SharedEvtQueueProvider               INFO Sent to the queue 0x100000092 which corresponds to Chunks start 146 and chunk size 1
2026-02-12 19:19:32,920 AthMpEvtLoopMgr.SharedEvtQueueProvider               INFO Sent to the queue 0x100000093 which corresponds to Chunks start 147 and chunk size 1
2026-02-12 19:19:32,921 AthMpEvtLoopMgr.SharedEvtQueueProvider               INFO Sent to the queue 0x100000094 which corresponds to Chunks start 148 and chunk size 1
2026-02-12 19:19:32,921 AthMpEvtLoopMgr.SharedEvtQueueProvider               INFO Sent to the queue 0x100000095 which corresponds to Chunks start 149 and chunk size 1
2026-02-12 19:19:32,921 AthMpEvtLoopMgr.SharedEvtQueueProvider               INFO Sent to the queue 0x100000096 which corresponds to Chunks start 150 and chunk size 1
2026-02-12 19:19:32,921 AthMpEvtLoopMgr.SharedEvtQueueProvider               INFO Sent to the queue 0x100000097 which corresponds to Chunks start 151 and chunk size 1
2026-02-12 19:19:32,921 AthMpEvtLoopMgr.SharedEvtQueueProvider               INFO Sent to the queue 0x100000098 which corresponds to Chunks start 152 and chunk size 1
2026-02-12 19:19:32,921 AthMpEvtLoopMgr.SharedEvtQueueProvider               INFO Sent to the queue 0x100000099 which corresponds to Chunks start 153 and chunk size 1
2026-02-12 19:19:32,921 AthMpEvtLoopMgr.SharedEvtQueueProvider               INFO Sent to the queue 0x10000009a which corresponds to Chunks start 154 and chunk size 1
2026-02-12 19:19:32,921 AthMpEvtLoopMgr.SharedEvtQueueProvider               INFO Sent to the queue 0x10000009b which corresponds to Chunks start 155 and chunk size 1
2026-02-12 19:19:32,921 AthMpEvtLoopMgr.SharedEvtQueueProvider               INFO Sent to the queue 0x10000009c which corresponds to Chunks start 156 and chunk size 1
2026-02-12 19:19:32,921 AthMpEvtLoopMgr.SharedEvtQueueProvider               INFO Sent to the queue 0x10000009d which corresponds to Chunks start 157 and chunk size 1
2026-02-12 19:19:32,921 AthMpEvtLoopMgr.SharedEvtQueueProvider               INFO Sent to the queue 0x10000009e which corresponds to Chunks start 158 and chunk size 1
2026-02-12 19:19:32,921 AthMpEvtLoopMgr.SharedEvtQueueProvider               INFO Sent to the queue 0x10000009f which corresponds to Chunks start 159 and chunk size 1
2026-02-12 19:19:32,921 AthMpEvtLoopMgr.SharedEvtQueueProvider               INFO Sent to the queue 0x1000000a0 which corresponds to Chunks start 160 and chunk size 1
2026-02-12 19:19:32,921 AthMpEvtLoopMgr.SharedEvtQueueProvider               INFO Sent to the queue 0x1000000a1 which corresponds to Chunks start 161 and chunk size 1
2026-02-12 19:19:32,922 AthMpEvtLoopMgr.SharedEvtQueueProvider               INFO Sent to the queue 0x1000000a2 which corresponds to Chunks start 162 and chunk size 1
2026-02-12 19:19:32,922 AthMpEvtLoopMgr.SharedEvtQueueProvider               INFO Sent to the queue 0x1000000a3 which corresponds to Chunks start 163 and chunk size 1
2026-02-12 19:19:32,922 AthMpEvtLoopMgr.SharedEvtQueueProvider               INFO Sent to the queue 0x1000000a4 which corresponds to Chunks start 164 and chunk size 1
2026-02-12 19:19:32,922 AthMpEvtLoopMgr.SharedEvtQueueProvider               INFO Sent to the queue 0x1000000a5 which corresponds to Chunks start 165 and chunk size 1
2026-02-12 19:19:32,922 AthMpEvtLoopMgr.SharedEvtQueueProvider               INFO Sent to the queue 0x1000000a6 which corresponds to Chunks start 166 and chunk size 1
2026-02-12 19:19:32,922 AthMpEvtLoopMgr.SharedEvtQueueProvider               INFO Sent to the queue 0x1000000a7 which corresponds to Chunks start 167 and chunk size 1
2026-02-12 19:19:32,922 AthMpEvtLoopMgr.SharedEvtQueueProvider               INFO Sent to the queue 0x1000000a8 which corresponds to Chunks start 168 and chunk size 1
2026-02-12 19:19:32,922 AthMpEvtLoopMgr.SharedEvtQueueProvider               INFO Sent to the queue 0x1000000a9 which corresponds to Chunks start 169 and chunk size 1
2026-02-12 19:19:32,922 AthMpEvtLoopMgr.SharedEvtQueueProvider               INFO Sent to the queue 0x1000000aa which corresponds to Chunks start 170 and chunk size 1
2026-02-12 19:19:32,922 AthMpEvtLoopMgr.SharedEvtQueueProvider               INFO Sent to the queue 0x1000000ab which corresponds to Chunks start 171 and chunk size 1
2026-02-12 19:19:32,922 AthMpEvtLoopMgr.SharedEvtQueueProvider               INFO Sent to the queue 0x1000000ac which corresponds to Chunks start 172 and chunk size 1
2026-02-12 19:19:32,922 AthMpEvtLoopMgr.SharedEvtQueueProvider               INFO Sent to the queue 0x1000000ad which corresponds to Chunks start 173 and chunk size 1
2026-02-12 19:19:32,922 AthMpEvtLoopMgr.SharedEvtQueueProvider               INFO Sent to the queue 0x1000000ae which corresponds to Chunks start 174 and chunk size 1
2026-02-12 19:19:32,922 AthMpEvtLoopMgr.SharedEvtQueueProvider               INFO Sent to the queue 0x1000000af which corresponds to Chunks start 175 and chunk size 1
2026-02-12 19:19:32,923 AthMpEvtLoopMgr.SharedEvtQueueProvider               INFO Sent to the queue 0x1000000b0 which corresponds to Chunks start 176 and chunk size 1
2026-02-12 19:19:32,923 AthMpEvtLoopMgr.SharedEvtQueueProvider               INFO Sent to the queue 0x1000000b1 which corresponds to Chunks start 177 and chunk size 1
2026-02-12 19:19:32,923 AthMpEvtLoopMgr.SharedEvtQueueProvider               INFO Sent to the queue 0x1000000b2 which corresponds to Chunks start 178 and chunk size 1
2026-02-12 19:19:32,923 AthMpEvtLoopMgr.SharedEvtQueueProvider               INFO Sent to the queue 0x1000000b3 which corresponds to Chunks start 179 and chunk size 1
2026-02-12 19:19:32,923 AthMpEvtLoopMgr.SharedEvtQueueProvider               INFO Sent to the queue 0x1000000b4 which corresponds to Chunks start 180 and chunk size 1
2026-02-12 19:19:32,923 AthMpEvtLoopMgr.SharedEvtQueueProvider               INFO Sent to the queue 0x1000000b5 which corresponds to Chunks start 181 and chunk size 1
2026-02-12 19:19:32,923 AthMpEvtLoopMgr.SharedEvtQueueProvider               INFO Sent to the queue 0x1000000b6 which corresponds to Chunks start 182 and chunk size 1
2026-02-12 19:19:32,923 AthMpEvtLoopMgr.SharedEvtQueueProvider               INFO Sent to the queue 0x1000000b7 which corresponds to Chunks start 183 and chunk size 1
2026-02-12 19:19:32,923 AthMpEvtLoopMgr.SharedEvtQueueProvider               INFO Sent to the queue 0x1000000b8 which corresponds to Chunks start 184 and chunk size 1
2026-02-12 19:19:32,923 AthMpEvtLoopMgr.SharedEvtQueueProvider               INFO Sent to the queue 0x1000000b9 which corresponds to Chunks start 185 and chunk size 1
2026-02-12 19:19:32,923 AthMpEvtLoopMgr.SharedEvtQueueProvider               INFO Sent to the queue 0x1000000ba which corresponds to Chunks start 186 and chunk size 1
2026-02-12 19:19:32,923 AthMpEvtLoopMgr.SharedEvtQueueProvider               INFO Sent to the queue 0x1000000bb which corresponds to Chunks start 187 and chunk size 1
2026-02-12 19:19:32,923 AthMpEvtLoopMgr.SharedEvtQueueProvider               INFO Sent to the queue 0x1000000bc which corresponds to Chunks start 188 and chunk size 1
2026-02-12 19:19:32,923 AthMpEvtLoopMgr.SharedEvtQueueProvider               INFO Sent to the queue 0x1000000bd which corresponds to Chunks start 189 and chunk size 1
2026-02-12 19:19:32,924 AthMpEvtLoopMgr.SharedEvtQueueProvider               INFO Sent to the queue 0x1000000be which corresponds to Chunks start 190 and chunk size 1
2026-02-12 19:19:32,924 AthMpEvtLoopMgr.SharedEvtQueueProvider               INFO Sent to the queue 0x1000000bf which corresponds to Chunks start 191 and chunk size 1
2026-02-12 19:19:32,924 AthMpEvtLoopMgr.SharedEvtQueueProvider               INFO Sent to the queue 0x1000000c0 which corresponds to Chunks start 192 and chunk size 1
2026-02-12 19:19:32,924 AthMpEvtLoopMgr.SharedEvtQueueProvider               INFO Sent to the queue 0x1000000c1 which corresponds to Chunks start 193 and chunk size 1
2026-02-12 19:19:32,924 AthMpEvtLoopMgr.SharedEvtQueueProvider               INFO Sent to the queue 0x1000000c2 which corresponds to Chunks start 194 and chunk size 1
2026-02-12 19:19:32,924 AthMpEvtLoopMgr.SharedEvtQueueProvider               INFO Sent to the queue 0x1000000c3 which corresponds to Chunks start 195 and chunk size 1
2026-02-12 19:19:32,924 AthMpEvtLoopMgr.SharedEvtQueueProvider               INFO Sent to the queue 0x1000000c4 which corresponds to Chunks start 196 and chunk size 1
2026-02-12 19:19:32,924 AthMpEvtLoopMgr.SharedEvtQueueProvider               INFO Sent to the queue 0x1000000c5 which corresponds to Chunks start 197 and chunk size 1
2026-02-12 19:19:32,924 AthMpEvtLoopMgr.SharedEvtQueueProvider               INFO Sent to the queue 0x1000000c6 which corresponds to Chunks start 198 and chunk size 1
2026-02-12 19:19:32,924 AthMpEvtLoopMgr.SharedEvtQueueProvider               INFO Sent to the queue 0x1000000c7 which corresponds to Chunks start 199 and chunk size 1
2026-02-12 19:19:32,924 AthMpEvtLoopMgr.SharedEvtQueueProvider               INFO Sent to the queue 0x1000000c8 which corresponds to Chunks start 200 and chunk size 1
2026-02-12 19:19:32,924 AthMpEvtLoopMgr.SharedEvtQueueProvider               INFO Sent to the queue 0x1000000c9 which corresponds to Chunks start 201 and chunk size 1
2026-02-12 19:19:32,924 AthMpEvtLoopMgr.SharedEvtQueueProvider               INFO Sent to the queue 0x1000000ca which corresponds to Chunks start 202 and chunk size 1
2026-02-12 19:19:32,925 AthMpEvtLoopMgr.SharedEvtQueueProvider               INFO Sent to the queue 0x1000000cb which corresponds to Chunks start 203 and chunk size 1
2026-02-12 19:19:32,925 AthMpEvtLoopMgr.SharedEvtQueueProvider               INFO Sent to the queue 0x1000000cc which corresponds to Chunks start 204 and chunk size 1
2026-02-12 19:19:32,925 AthMpEvtLoopMgr.SharedEvtQueueProvider               INFO Sent to the queue 0x1000000cd which corresponds to Chunks start 205 and chunk size 1
2026-02-12 19:19:32,925 AthMpEvtLoopMgr.SharedEvtQueueProvider               INFO Sent to the queue 0x1000000ce which corresponds to Chunks start 206 and chunk size 1
2026-02-12 19:19:32,925 AthMpEvtLoopMgr.SharedEvtQueueProvider               INFO Sent to the queue 0x1000000cf which corresponds to Chunks start 207 and chunk size 1
2026-02-12 19:19:32,925 AthMpEvtLoopMgr.SharedEvtQueueProvider               INFO Sent to the queue 0x1000000d0 which corresponds to Chunks start 208 and chunk size 1
2026-02-12 19:19:32,925 AthMpEvtLoopMgr.SharedEvtQueueProvider               INFO Sent to the queue 0x1000000d1 which corresponds to Chunks start 209 and chunk size 1
2026-02-12 19:19:32,925 AthMpEvtLoopMgr.SharedEvtQueueProvider               INFO Sent to the queue 0x1000000d2 which corresponds to Chunks start 210 and chunk size 1
2026-02-12 19:19:32,925 AthMpEvtLoopMgr.SharedEvtQueueProvider               INFO Sent to the queue 0x1000000d3 which corresponds to Chunks start 211 and chunk size 1
2026-02-12 19:19:32,925 AthMpEvtLoopMgr.SharedEvtQueueProvider               INFO Sent to the queue 0x1000000d4 which corresponds to Chunks start 212 and chunk size 1
2026-02-12 19:19:32,925 AthMpEvtLoopMgr.SharedEvtQueueProvider               INFO Sent to the queue 0x1000000d5 which corresponds to Chunks start 213 and chunk size 1
2026-02-12 19:19:32,925 AthMpEvtLoopMgr.SharedEvtQueueProvider               INFO Sent to the queue 0x1000000d6 which corresponds to Chunks start 214 and chunk size 1
2026-02-12 19:19:32,925 AthMpEvtLoopMgr.SharedEvtQueueProvider               INFO Sent to the queue 0x1000000d7 which corresponds to Chunks start 215 and chunk size 1
2026-02-12 19:19:32,926 AthMpEvtLoopMgr.SharedEvtQueueProvider               INFO Sent to the queue 0x1000000d8 which corresponds to Chunks start 216 and chunk size 1
2026-02-12 19:19:32,926 AthMpEvtLoopMgr.SharedEvtQueueProvider               INFO Sent to the queue 0x1000000d9 which corresponds to Chunks start 217 and chunk size 1
2026-02-12 19:19:32,926 AthMpEvtLoopMgr.SharedEvtQueueProvider               INFO Sent to the queue 0x1000000da which corresponds to Chunks start 218 and chunk size 1
2026-02-12 19:19:32,926 AthMpEvtLoopMgr.SharedEvtQueueProvider               INFO Sent to the queue 0x1000000db which corresponds to Chunks start 219 and chunk size 1
2026-02-12 19:19:32,926 AthMpEvtLoopMgr.SharedEvtQueueProvider               INFO Sent to the queue 0x1000000dc which corresponds to Chunks start 220 and chunk size 1
2026-02-12 19:19:32,926 AthMpEvtLoopMgr.SharedEvtQueueProvider               INFO Sent to the queue 0x1000000dd which corresponds to Chunks start 221 and chunk size 1
2026-02-12 19:19:32,926 AthMpEvtLoopMgr.SharedEvtQueueProvider               INFO Sent to the queue 0x1000000de which corresponds to Chunks start 222 and chunk size 1
2026-02-12 19:19:32,926 AthMpEvtLoopMgr.SharedEvtQueueProvider               INFO Sent to the queue 0x1000000df which corresponds to Chunks start 223 and chunk size 1
2026-02-12 19:19:32,926 AthMpEvtLoopMgr.SharedEvtQueueProvider               INFO Sent to the queue 0x1000000e0 which corresponds to Chunks start 224 and chunk size 1
2026-02-12 19:19:32,926 AthMpEvtLoopMgr.SharedEvtQueueProvider               INFO Sent to the queue 0x1000000e1 which corresponds to Chunks start 225 and chunk size 1
2026-02-12 19:19:32,926 AthMpEvtLoopMgr.SharedEvtQueueProvider               INFO Sent to the queue 0x1000000e2 which corresponds to Chunks start 226 and chunk size 1
2026-02-12 19:19:32,926 AthMpEvtLoopMgr.SharedEvtQueueProvider               INFO Sent to the queue 0x1000000e3 which corresponds to Chunks start 227 and chunk size 1
2026-02-12 19:19:32,926 AthMpEvtLoopMgr.SharedEvtQueueProvider               INFO Sent to the queue 0x1000000e4 which corresponds to Chunks start 228 and chunk size 1
2026-02-12 19:19:32,926 AthMpEvtLoopMgr.SharedEvtQueueProvider               INFO Sent to the queue 0x1000000e5 which corresponds to Chunks start 229 and chunk size 1
2026-02-12 19:19:32,927 AthMpEvtLoopMgr.SharedEvtQueueProvider               INFO Sent to the queue 0x1000000e6 which corresponds to Chunks start 230 and chunk size 1
2026-02-12 19:19:32,927 AthMpEvtLoopMgr.SharedEvtQueueProvider               INFO Sent to the queue 0x1000000e7 which corresponds to Chunks start 231 and chunk size 1
2026-02-12 19:19:32,927 AthMpEvtLoopMgr.SharedEvtQueueProvider               INFO Sent to the queue 0x1000000e8 which corresponds to Chunks start 232 and chunk size 1
2026-02-12 19:19:32,927 AthMpEvtLoopMgr.SharedEvtQueueProvider               INFO Sent to the queue 0x1000000e9 which corresponds to Chunks start 233 and chunk size 1
2026-02-12 19:19:32,927 AthMpEvtLoopMgr.SharedEvtQueueProvider               INFO Sent to the queue 0x1000000ea which corresponds to Chunks start 234 and chunk size 1
2026-02-12 19:19:32,927 AthMpEvtLoopMgr.SharedEvtQueueProvider               INFO Sent to the queue 0x1000000eb which corresponds to Chunks start 235 and chunk size 1
2026-02-12 19:19:32,927 AthMpEvtLoopMgr.SharedEvtQueueProvider               INFO Sent to the queue 0x1000000ec which corresponds to Chunks start 236 and chunk size 1
2026-02-12 19:19:32,927 AthMpEvtLoopMgr.SharedEvtQueueProvider               INFO Sent to the queue 0x1000000ed which corresponds to Chunks start 237 and chunk size 1
2026-02-12 19:19:32,927 AthMpEvtLoopMgr.SharedEvtQueueProvider               INFO Sent to the queue 0x1000000ee which corresponds to Chunks start 238 and chunk size 1
2026-02-12 19:19:32,927 AthMpEvtLoopMgr.SharedEvtQueueProvider               INFO Sent to the queue 0x1000000ef which corresponds to Chunks start 239 and chunk size 1
2026-02-12 19:19:32,927 AthMpEvtLoopMgr.SharedEvtQueueProvider               INFO Sent to the queue 0x1000000f0 which corresponds to Chunks start 240 and chunk size 1
2026-02-12 19:19:32,927 AthMpEvtLoopMgr.SharedEvtQueueProvider               INFO Sent to the queue 0x1000000f1 which corresponds to Chunks start 241 and chunk size 1
2026-02-12 19:19:32,927 AthMpEvtLoopMgr.SharedEvtQueueProvider               INFO Sent to the queue 0x1000000f2 which corresponds to Chunks start 242 and chunk size 1
2026-02-12 19:19:32,927 AthMpEvtLoopMgr.SharedEvtQueueProvider               INFO Sent to the queue 0x1000000f3 which corresponds to Chunks start 243 and chunk size 1
2026-02-12 19:19:32,928 AthMpEvtLoopMgr.SharedEvtQueueProvider               INFO Sent to the queue 0x1000000f4 which corresponds to Chunks start 244 and chunk size 1
2026-02-12 19:19:32,928 AthMpEvtLoopMgr.SharedEvtQueueProvider               INFO Sent to the queue 0x1000000f5 which corresponds to Chunks start 245 and chunk size 1
2026-02-12 19:19:32,928 AthMpEvtLoopMgr.SharedEvtQueueProvider               INFO Sent to the queue 0x1000000f6 which corresponds to Chunks start 246 and chunk size 1
2026-02-12 19:19:32,928 AthMpEvtLoopMgr.SharedEvtQueueProvider               INFO Sent to the queue 0x1000000f7 which corresponds to Chunks start 247 and chunk size 1
2026-02-12 19:19:32,928 AthMpEvtLoopMgr.SharedEvtQueueProvider               INFO Sent to the queue 0x1000000f8 which corresponds to Chunks start 248 and chunk size 1
2026-02-12 19:19:32,928 AthMpEvtLoopMgr.SharedEvtQueueProvider               INFO Sent to the queue 0x1000000f9 which corresponds to Chunks start 249 and chunk size 1
2026-02-12 19:19:32,928 AthMpEvtLoopMgr.SharedEvtQueueProvider               INFO Sent to the queue 0x1000000fa which corresponds to Chunks start 250 and chunk size 1
2026-02-12 19:19:32,928 AthMpEvtLoopMgr.SharedEvtQueueProvider               INFO Sent to the queue 0x1000000fb which corresponds to Chunks start 251 and chunk size 1
2026-02-12 19:19:32,928 AthMpEvtLoopMgr.SharedEvtQueueProvider               INFO Sent to the queue 0x1000000fc which corresponds to Chunks start 252 and chunk size 1
2026-02-12 19:19:32,928 AthMpEvtLoopMgr.SharedEvtQueueProvider               INFO Sent to the queue 0x1000000fd which corresponds to Chunks start 253 and chunk size 1
2026-02-12 19:19:32,928 AthMpEvtLoopMgr.SharedEvtQueueProvider               INFO Sent to the queue 0x1000000fe which corresponds to Chunks start 254 and chunk size 1
2026-02-12 19:19:32,928 AthMpEvtLoopMgr.SharedEvtQueueProvider               INFO Sent to the queue 0x1000000ff which corresponds to Chunks start 255 and chunk size 1
2026-02-12 19:19:32,928 AthMpEvtLoopMgr.SharedEvtQueueProvider               INFO Sent to the queue 0x100000100 which corresponds to Chunks start 256 and chunk size 1
2026-02-12 19:19:32,929 AthMpEvtLoopMgr.SharedEvtQueueProvider               INFO Sent to the queue 0x100000101 which corresponds to Chunks start 257 and chunk size 1
2026-02-12 19:19:32,929 AthMpEvtLoopMgr.SharedEvtQueueProvider               INFO Sent to the queue 0x100000102 which corresponds to Chunks start 258 and chunk size 1
2026-02-12 19:19:32,929 AthMpEvtLoopMgr.SharedEvtQueueProvider               INFO Sent to the queue 0x100000103 which corresponds to Chunks start 259 and chunk size 1
2026-02-12 19:19:32,929 AthMpEvtLoopMgr.SharedEvtQueueProvider               INFO Sent to the queue 0x100000104 which corresponds to Chunks start 260 and chunk size 1
2026-02-12 19:19:32,929 AthMpEvtLoopMgr.SharedEvtQueueProvider               INFO Sent to the queue 0x100000105 which corresponds to Chunks start 261 and chunk size 1
2026-02-12 19:19:32,929 AthMpEvtLoopMgr.SharedEvtQueueProvider               INFO Sent to the queue 0x100000106 which corresponds to Chunks start 262 and chunk size 1
2026-02-12 19:19:32,929 AthMpEvtLoopMgr.SharedEvtQueueProvider               INFO Sent to the queue 0x100000107 which corresponds to Chunks start 263 and chunk size 1
2026-02-12 19:19:32,929 AthMpEvtLoopMgr.SharedEvtQueueProvider               INFO Sent to the queue 0x100000108 which corresponds to Chunks start 264 and chunk size 1
2026-02-12 19:19:32,929 AthMpEvtLoopMgr.SharedEvtQueueProvider               INFO Sent to the queue 0x100000109 which corresponds to Chunks start 265 and chunk size 1
2026-02-12 19:19:32,929 AthMpEvtLoopMgr.SharedEvtQueueProvider               INFO Sent to the queue 0x10000010a which corresponds to Chunks start 266 and chunk size 1
2026-02-12 19:19:32,929 AthMpEvtLoopMgr.SharedEvtQueueProvider               INFO Sent to the queue 0x10000010b which corresponds to Chunks start 267 and chunk size 1
2026-02-12 19:19:32,929 AthMpEvtLoopMgr.SharedEvtQueueProvider               INFO Sent to the queue 0x10000010c which corresponds to Chunks start 268 and chunk size 1
2026-02-12 19:19:32,929 AthMpEvtLoopMgr.SharedEvtQueueProvider               INFO Sent to the queue 0x10000010d which corresponds to Chunks start 269 and chunk size 1
2026-02-12 19:19:32,930 AthMpEvtLoopMgr.SharedEvtQueueProvider               INFO Sent to the queue 0x10000010e which corresponds to Chunks start 270 and chunk size 1
2026-02-12 19:19:32,930 AthMpEvtLoopMgr.SharedEvtQueueProvider               INFO Sent to the queue 0x10000010f which corresponds to Chunks start 271 and chunk size 1
2026-02-12 19:19:32,930 AthMpEvtLoopMgr.SharedEvtQueueProvider               INFO Sent to the queue 0x100000110 which corresponds to Chunks start 272 and chunk size 1
2026-02-12 19:19:32,930 AthMpEvtLoopMgr.SharedEvtQueueProvider               INFO Sent to the queue 0x100000111 which corresponds to Chunks start 273 and chunk size 1
2026-02-12 19:19:32,930 AthMpEvtLoopMgr.SharedEvtQueueProvider               INFO Sent to the queue 0x100000112 which corresponds to Chunks start 274 and chunk size 1
2026-02-12 19:19:32,930 AthMpEvtLoopMgr.SharedEvtQueueProvider               INFO Sent to the queue 0x100000113 which corresponds to Chunks start 275 and chunk size 1
2026-02-12 19:19:32,930 AthMpEvtLoopMgr.SharedEvtQueueProvider               INFO Sent to the queue 0x100000114 which corresponds to Chunks start 276 and chunk size 1
2026-02-12 19:19:32,930 AthMpEvtLoopMgr.SharedEvtQueueProvider               INFO Sent to the queue 0x100000115 which corresponds to Chunks start 277 and chunk size 1
2026-02-12 19:19:32,930 AthMpEvtLoopMgr.SharedEvtQueueProvider               INFO Sent to the queue 0x100000116 which corresponds to Chunks start 278 and chunk size 1
2026-02-12 19:19:32,930 AthMpEvtLoopMgr.SharedEvtQueueProvider               INFO Sent to the queue 0x100000117 which corresponds to Chunks start 279 and chunk size 1
2026-02-12 19:19:32,930 AthMpEvtLoopMgr.SharedEvtQueueProvider               INFO Sent to the queue 0x100000118 which corresponds to Chunks start 280 and chunk size 1
2026-02-12 19:19:32,930 AthMpEvtLoopMgr.SharedEvtQueueProvider               INFO Sent to the queue 0x100000119 which corresponds to Chunks start 281 and chunk size 1
2026-02-12 19:19:32,930 AthMpEvtLoopMgr.SharedEvtQueueProvider               INFO Sent to the queue 0x10000011a which corresponds to Chunks start 282 and chunk size 1
2026-02-12 19:19:32,931 AthMpEvtLoopMgr.SharedEvtQueueProvider               INFO Sent to the queue 0x10000011b which corresponds to Chunks start 283 and chunk size 1
2026-02-12 19:19:32,931 AthMpEvtLoopMgr.SharedEvtQueueProvider               INFO Sent to the queue 0x10000011c which corresponds to Chunks start 284 and chunk size 1
2026-02-12 19:19:32,931 AthMpEvtLoopMgr.SharedEvtQueueProvider               INFO Sent to the queue 0x10000011d which corresponds to Chunks start 285 and chunk size 1
2026-02-12 19:19:32,931 AthMpEvtLoopMgr.SharedEvtQueueProvider               INFO Sent to the queue 0x10000011e which corresponds to Chunks start 286 and chunk size 1
2026-02-12 19:19:32,931 AthMpEvtLoopMgr.SharedEvtQueueProvider               INFO Sent to the queue 0x10000011f which corresponds to Chunks start 287 and chunk size 1
2026-02-12 19:19:32,931 AthMpEvtLoopMgr.SharedEvtQueueProvider               INFO Sent to the queue 0x100000120 which corresponds to Chunks start 288 and chunk size 1
2026-02-12 19:19:32,931 AthMpEvtLoopMgr.SharedEvtQueueProvider               INFO Sent to the queue 0x100000121 which corresponds to Chunks start 289 and chunk size 1
2026-02-12 19:19:32,931 AthMpEvtLoopMgr.SharedEvtQueueProvider               INFO Sent to the queue 0x100000122 which corresponds to Chunks start 290 and chunk size 1
2026-02-12 19:19:32,931 AthMpEvtLoopMgr.SharedEvtQueueProvider               INFO Sent to the queue 0x100000123 which corresponds to Chunks start 291 and chunk size 1
2026-02-12 19:19:32,931 AthMpEvtLoopMgr.SharedEvtQueueProvider               INFO Sent to the queue 0x100000124 which corresponds to Chunks start 292 and chunk size 1
2026-02-12 19:19:32,931 AthMpEvtLoopMgr.SharedEvtQueueProvider               INFO Sent to the queue 0x100000125 which corresponds to Chunks start 293 and chunk size 1
2026-02-12 19:19:32,931 AthMpEvtLoopMgr.SharedEvtQueueProvider               INFO Sent to the queue 0x100000126 which corresponds to Chunks start 294 and chunk size 1
2026-02-12 19:19:32,931 AthMpEvtLoopMgr.SharedEvtQueueProvider               INFO Sent to the queue 0x100000127 which corresponds to Chunks start 295 and chunk size 1
2026-02-12 19:19:32,932 AthMpEvtLoopMgr.SharedEvtQueueProvider               INFO Sent to the queue 0x100000128 which corresponds to Chunks start 296 and chunk size 1
2026-02-12 19:19:32,932 AthMpEvtLoopMgr.SharedEvtQueueProvider               INFO Sent to the queue 0x100000129 which corresponds to Chunks start 297 and chunk size 1
2026-02-12 19:19:32,932 AthMpEvtLoopMgr.SharedEvtQueueProvider               INFO Sent to the queue 0x10000012a which corresponds to Chunks start 298 and chunk size 1
2026-02-12 19:19:32,932 AthMpEvtLoopMgr.SharedEvtQueueProvider               INFO Sent to the queue 0x10000012b which corresponds to Chunks start 299 and chunk size 1
2026-02-12 19:19:32,932 AthMpEvtLoopMgr.SharedEvtQueueProvider               INFO Sent to the queue 0x10000012c which corresponds to Chunks start 300 and chunk size 1
2026-02-12 19:19:32,932 AthMpEvtLoopMgr.SharedEvtQueueProvider               INFO Sent to the queue 0x10000012d which corresponds to Chunks start 301 and chunk size 1
2026-02-12 19:19:32,932 AthMpEvtLoopMgr.SharedEvtQueueProvider               INFO Sent to the queue 0x10000012e which corresponds to Chunks start 302 and chunk size 1
2026-02-12 19:19:32,932 AthMpEvtLoopMgr.SharedEvtQueueProvider               INFO Sent to the queue 0x10000012f which corresponds to Chunks start 303 and chunk size 1
2026-02-12 19:19:32,932 AthMpEvtLoopMgr.SharedEvtQueueProvider               INFO Sent to the queue 0x100000130 which corresponds to Chunks start 304 and chunk size 1
2026-02-12 19:19:32,932 AthMpEvtLoopMgr.SharedEvtQueueProvider               INFO Sent to the queue 0x100000131 which corresponds to Chunks start 305 and chunk size 1
2026-02-12 19:19:32,932 AthMpEvtLoopMgr.SharedEvtQueueProvider               INFO Sent to the queue 0x100000132 which corresponds to Chunks start 306 and chunk size 1
2026-02-12 19:19:32,932 AthMpEvtLoopMgr.SharedEvtQueueProvider               INFO Sent to the queue 0x100000133 which corresponds to Chunks start 307 and chunk size 1
2026-02-12 19:19:32,932 AthMpEvtLoopMgr.SharedEvtQueueProvider               INFO Sent to the queue 0x100000134 which corresponds to Chunks start 308 and chunk size 1
2026-02-12 19:19:32,933 AthMpEvtLoopMgr.SharedEvtQueueProvider               INFO Sent to the queue 0x100000135 which corresponds to Chunks start 309 and chunk size 1
2026-02-12 19:19:32,933 AthMpEvtLoopMgr.SharedEvtQueueProvider               INFO Sent to the queue 0x100000136 which corresponds to Chunks start 310 and chunk size 1
2026-02-12 19:19:32,933 AthMpEvtLoopMgr.SharedEvtQueueProvider               INFO Sent to the queue 0x100000137 which corresponds to Chunks start 311 and chunk size 1
2026-02-12 19:19:32,933 AthMpEvtLoopMgr.SharedEvtQueueProvider               INFO Sent to the queue 0x100000138 which corresponds to Chunks start 312 and chunk size 1
2026-02-12 19:19:32,933 AthMpEvtLoopMgr.SharedEvtQueueProvider               INFO Sent to the queue 0x100000139 which corresponds to Chunks start 313 and chunk size 1
2026-02-12 19:19:32,933 AthMpEvtLoopMgr.SharedEvtQueueProvider               INFO Sent to the queue 0x10000013a which corresponds to Chunks start 314 and chunk size 1
2026-02-12 19:19:32,933 AthMpEvtLoopMgr.SharedEvtQueueProvider               INFO Sent to the queue 0x10000013b which corresponds to Chunks start 315 and chunk size 1
2026-02-12 19:19:32,933 AthMpEvtLoopMgr.SharedEvtQueueProvider               INFO Sent to the queue 0x10000013c which corresponds to Chunks start 316 and chunk size 1
2026-02-12 19:19:32,933 AthMpEvtLoopMgr.SharedEvtQueueProvider               INFO Sent to the queue 0x10000013d which corresponds to Chunks start 317 and chunk size 1
2026-02-12 19:19:32,933 AthMpEvtLoopMgr.SharedEvtQueueProvider               INFO Sent to the queue 0x10000013e which corresponds to Chunks start 318 and chunk size 1
2026-02-12 19:19:32,933 AthMpEvtLoopMgr.SharedEvtQueueProvider               INFO Sent to the queue 0x10000013f which corresponds to Chunks start 319 and chunk size 1
2026-02-12 19:19:32,933 AthMpEvtLoopMgr.SharedEvtQueueProvider               INFO Sent to the queue 0x100000140 which corresponds to Chunks start 320 and chunk size 1
2026-02-12 19:19:32,933 AthMpEvtLoopMgr.SharedEvtQueueProvider               INFO Sent to the queue 0x100000141 which corresponds to Chunks start 321 and chunk size 1
2026-02-12 19:19:32,934 AthMpEvtLoopMgr.SharedEvtQueueProvider               INFO Sent to the queue 0x100000142 which corresponds to Chunks start 322 and chunk size 1
2026-02-12 19:19:32,934 AthMpEvtLoopMgr.SharedEvtQueueProvider               INFO Sent to the queue 0x100000143 which corresponds to Chunks start 323 and chunk size 1
2026-02-12 19:19:32,934 AthMpEvtLoopMgr.SharedEvtQueueProvider               INFO Sent to the queue 0x100000144 which corresponds to Chunks start 324 and chunk size 1
2026-02-12 19:19:32,934 AthMpEvtLoopMgr.SharedEvtQueueProvider               INFO Sent to the queue 0x100000145 which corresponds to Chunks start 325 and chunk size 1
2026-02-12 19:19:32,934 AthMpEvtLoopMgr.SharedEvtQueueProvider               INFO Sent to the queue 0x100000146 which corresponds to Chunks start 326 and chunk size 1
2026-02-12 19:19:32,934 AthMpEvtLoopMgr.SharedEvtQueueProvider               INFO Sent to the queue 0x100000147 which corresponds to Chunks start 327 and chunk size 1
2026-02-12 19:19:32,934 AthMpEvtLoopMgr.SharedEvtQueueProvider               INFO Sent to the queue 0x100000148 which corresponds to Chunks start 328 and chunk size 1
2026-02-12 19:19:32,934 AthMpEvtLoopMgr.SharedEvtQueueProvider               INFO Sent to the queue 0x100000149 which corresponds to Chunks start 329 and chunk size 1
2026-02-12 19:19:32,934 AthMpEvtLoopMgr.SharedEvtQueueProvider               INFO Sent to the queue 0x10000014a which corresponds to Chunks start 330 and chunk size 1
2026-02-12 19:19:32,934 AthMpEvtLoopMgr.SharedEvtQueueProvider               INFO Sent to the queue 0x10000014b which corresponds to Chunks start 331 and chunk size 1
2026-02-12 19:19:32,934 AthMpEvtLoopMgr.SharedEvtQueueProvider               INFO Sent to the queue 0x10000014c which corresponds to Chunks start 332 and chunk size 1
2026-02-12 19:19:32,934 AthMpEvtLoopMgr.SharedEvtQueueProvider               INFO Sent to the queue 0x10000014d which corresponds to Chunks start 333 and chunk size 1
2026-02-12 19:19:32,934 AthMpEvtLoopMgr.SharedEvtQueueProvider               INFO Sent to the queue 0x10000014e which corresponds to Chunks start 334 and chunk size 1
2026-02-12 19:19:32,934 AthMpEvtLoopMgr.SharedEvtQueueProvider               INFO Sent to the queue 0x10000014f which corresponds to Chunks start 335 and chunk size 1
2026-02-12 19:19:32,935 AthMpEvtLoopMgr.SharedEvtQueueProvider               INFO Sent to the queue 0x100000150 which corresponds to Chunks start 336 and chunk size 1
2026-02-12 19:19:32,935 AthMpEvtLoopMgr.SharedEvtQueueProvider               INFO Sent to the queue 0x100000151 which corresponds to Chunks start 337 and chunk size 1
2026-02-12 19:19:32,935 AthMpEvtLoopMgr.SharedEvtQueueProvider               INFO Sent to the queue 0x100000152 which corresponds to Chunks start 338 and chunk size 1
2026-02-12 19:19:32,935 AthMpEvtLoopMgr.SharedEvtQueueProvider               INFO Sent to the queue 0x100000153 which corresponds to Chunks start 339 and chunk size 1
2026-02-12 19:19:32,935 AthMpEvtLoopMgr.SharedEvtQueueProvider               INFO Sent to the queue 0x100000154 which corresponds to Chunks start 340 and chunk size 1
2026-02-12 19:19:32,935 AthMpEvtLoopMgr.SharedEvtQueueProvider               INFO Sent to the queue 0x100000155 which corresponds to Chunks start 341 and chunk size 1
2026-02-12 19:19:32,935 AthMpEvtLoopMgr.SharedEvtQueueProvider               INFO Sent to the queue 0x100000156 which corresponds to Chunks start 342 and chunk size 1
2026-02-12 19:19:32,935 AthMpEvtLoopMgr.SharedEvtQueueProvider               INFO Sent to the queue 0x100000157 which corresponds to Chunks start 343 and chunk size 1
2026-02-12 19:19:32,935 AthMpEvtLoopMgr.SharedEvtQueueProvider               INFO Sent to the queue 0x100000158 which corresponds to Chunks start 344 and chunk size 1
2026-02-12 19:19:32,935 AthMpEvtLoopMgr.SharedEvtQueueProvider               INFO Sent to the queue 0x100000159 which corresponds to Chunks start 345 and chunk size 1
2026-02-12 19:19:32,935 AthMpEvtLoopMgr.SharedEvtQueueProvider               INFO Sent to the queue 0x10000015a which corresponds to Chunks start 346 and chunk size 1
2026-02-12 19:19:32,935 AthMpEvtLoopMgr.SharedEvtQueueProvider               INFO Sent to the queue 0x10000015b which corresponds to Chunks start 347 and chunk size 1
2026-02-12 19:19:32,935 AthMpEvtLoopMgr.SharedEvtQueueProvider               INFO Sent to the queue 0x10000015c which corresponds to Chunks start 348 and chunk size 1
2026-02-12 19:19:32,936 AthMpEvtLoopMgr.SharedEvtQueueProvider               INFO Sent to the queue 0x10000015d which corresponds to Chunks start 349 and chunk size 1
2026-02-12 19:19:32,936 AthMpEvtLoopMgr.SharedEvtQueueProvider               INFO Sent to the queue 0x10000015e which corresponds to Chunks start 350 and chunk size 1
2026-02-12 19:19:32,936 AthMpEvtLoopMgr.SharedEvtQueueProvider               INFO Sent to the queue 0x10000015f which corresponds to Chunks start 351 and chunk size 1
2026-02-12 19:19:32,936 AthMpEvtLoopMgr.SharedEvtQueueProvider               INFO Sent to the queue 0x100000160 which corresponds to Chunks start 352 and chunk size 1
2026-02-12 19:19:32,936 AthMpEvtLoopMgr.SharedEvtQueueProvider               INFO Sent to the queue 0x100000161 which corresponds to Chunks start 353 and chunk size 1
2026-02-12 19:19:32,936 AthMpEvtLoopMgr.SharedEvtQueueProvider               INFO Sent to the queue 0x100000162 which corresponds to Chunks start 354 and chunk size 1
2026-02-12 19:19:32,936 AthMpEvtLoopMgr.SharedEvtQueueProvider               INFO Sent to the queue 0x100000163 which corresponds to Chunks start 355 and chunk size 1
2026-02-12 19:19:32,936 AthMpEvtLoopMgr.SharedEvtQueueProvider               INFO Sent to the queue 0x100000164 which corresponds to Chunks start 356 and chunk size 1
2026-02-12 19:19:32,936 AthMpEvtLoopMgr.SharedEvtQueueProvider               INFO Sent to the queue 0x100000165 which corresponds to Chunks start 357 and chunk size 1
2026-02-12 19:19:32,936 AthMpEvtLoopMgr.SharedEvtQueueProvider               INFO Sent to the queue 0x100000166 which corresponds to Chunks start 358 and chunk size 1
2026-02-12 19:19:32,936 AthMpEvtLoopMgr.SharedEvtQueueProvider               INFO Sent to the queue 0x100000167 which corresponds to Chunks start 359 and chunk size 1
2026-02-12 19:19:32,936 AthMpEvtLoopMgr.SharedEvtQueueProvider               INFO Sent to the queue 0x100000168 which corresponds to Chunks start 360 and chunk size 1
2026-02-12 19:19:32,936 AthMpEvtLoopMgr.SharedEvtQueueProvider               INFO Sent to the queue 0x100000169 which corresponds to Chunks start 361 and chunk size 1
2026-02-12 19:19:32,936 AthMpEvtLoopMgr.SharedEvtQueueProvider               INFO Sent to the queue 0x10000016a which corresponds to Chunks start 362 and chunk size 1
2026-02-12 19:19:32,937 AthMpEvtLoopMgr.SharedEvtQueueProvider               INFO Sent to the queue 0x10000016b which corresponds to Chunks start 363 and chunk size 1
2026-02-12 19:19:32,937 AthMpEvtLoopMgr.SharedEvtQueueProvider               INFO Sent to the queue 0x10000016c which corresponds to Chunks start 364 and chunk size 1
2026-02-12 19:19:32,937 AthMpEvtLoopMgr.SharedEvtQueueProvider               INFO Sent to the queue 0x10000016d which corresponds to Chunks start 365 and chunk size 1
2026-02-12 19:19:32,937 AthMpEvtLoopMgr.SharedEvtQueueProvider               INFO Sent to the queue 0x10000016e which corresponds to Chunks start 366 and chunk size 1
2026-02-12 19:19:32,937 AthMpEvtLoopMgr.SharedEvtQueueProvider               INFO Sent to the queue 0x10000016f which corresponds to Chunks start 367 and chunk size 1
2026-02-12 19:19:32,937 AthMpEvtLoopMgr.SharedEvtQueueProvider               INFO Sent to the queue 0x100000170 which corresponds to Chunks start 368 and chunk size 1
2026-02-12 19:19:32,937 AthMpEvtLoopMgr.SharedEvtQueueProvider               INFO Sent to the queue 0x100000171 which corresponds to Chunks start 369 and chunk size 1
2026-02-12 19:19:32,937 AthMpEvtLoopMgr.SharedEvtQueueProvider               INFO Sent to the queue 0x100000172 which corresponds to Chunks start 370 and chunk size 1
2026-02-12 19:19:32,937 AthMpEvtLoopMgr.SharedEvtQueueProvider               INFO Sent to the queue 0x100000173 which corresponds to Chunks start 371 and chunk size 1
2026-02-12 19:19:32,937 AthMpEvtLoopMgr.SharedEvtQueueProvider               INFO Sent to the queue 0x100000174 which corresponds to Chunks start 372 and chunk size 1
2026-02-12 19:19:32,937 AthMpEvtLoopMgr.SharedEvtQueueProvider               INFO Sent to the queue 0x100000175 which corresponds to Chunks start 373 and chunk size 1
2026-02-12 19:19:32,937 AthMpEvtLoopMgr.SharedEvtQueueProvider               INFO Sent to the queue 0x100000176 which corresponds to Chunks start 374 and chunk size 1
2026-02-12 19:19:32,937 AthMpEvtLoopMgr.SharedEvtQueueProvider               INFO Sent to the queue 0x100000177 which corresponds to Chunks start 375 and chunk size 1
2026-02-12 19:19:32,938 AthMpEvtLoopMgr.SharedEvtQueueProvider               INFO Sent to the queue 0x100000178 which corresponds to Chunks start 376 and chunk size 1
2026-02-12 19:19:32,938 AthMpEvtLoopMgr.SharedEvtQueueProvider               INFO Sent to the queue 0x100000179 which corresponds to Chunks start 377 and chunk size 1
2026-02-12 19:19:32,938 AthMpEvtLoopMgr.SharedEvtQueueProvider               INFO Sent to the queue 0x10000017a which corresponds to Chunks start 378 and chunk size 1
2026-02-12 19:19:32,938 AthMpEvtLoopMgr.SharedEvtQueueProvider               INFO Sent to the queue 0x10000017b which corresponds to Chunks start 379 and chunk size 1
2026-02-12 19:19:32,938 AthMpEvtLoopMgr.SharedEvtQueueProvider               INFO Sent to the queue 0x10000017c which corresponds to Chunks start 380 and chunk size 1
2026-02-12 19:19:32,938 AthMpEvtLoopMgr.SharedEvtQueueProvider               INFO Sent to the queue 0x10000017d which corresponds to Chunks start 381 and chunk size 1
2026-02-12 19:19:32,938 AthMpEvtLoopMgr.SharedEvtQueueProvider               INFO Sent to the queue 0x10000017e which corresponds to Chunks start 382 and chunk size 1
2026-02-12 19:19:32,938 AthMpEvtLoopMgr.SharedEvtQueueProvider               INFO Sent to the queue 0x10000017f which corresponds to Chunks start 383 and chunk size 1
2026-02-12 19:19:32,938 AthMpEvtLoopMgr.SharedEvtQueueProvider               INFO Sent to the queue 0x100000180 which corresponds to Chunks start 384 and chunk size 1
2026-02-12 19:19:32,938 AthMpEvtLoopMgr.SharedEvtQueueProvider               INFO Sent to the queue 0x100000181 which corresponds to Chunks start 385 and chunk size 1
2026-02-12 19:19:32,938 AthMpEvtLoopMgr.SharedEvtQueueProvider               INFO Sent to the queue 0x100000182 which corresponds to Chunks start 386 and chunk size 1
2026-02-12 19:19:32,938 AthMpEvtLoopMgr.SharedEvtQueueProvider               INFO Sent to the queue 0x100000183 which corresponds to Chunks start 387 and chunk size 1
2026-02-12 19:19:32,938 AthMpEvtLoopMgr.SharedEvtQueueProvider               INFO Sent to the queue 0x100000184 which corresponds to Chunks start 388 and chunk size 1
2026-02-12 19:19:32,939 AthMpEvtLoopMgr.SharedEvtQueueProvider               INFO Sent to the queue 0x100000185 which corresponds to Chunks start 389 and chunk size 1
2026-02-12 19:19:32,939 AthMpEvtLoopMgr.SharedEvtQueueProvider               INFO Sent to the queue 0x100000186 which corresponds to Chunks start 390 and chunk size 1
2026-02-12 19:19:32,939 AthMpEvtLoopMgr.SharedEvtQueueProvider               INFO Sent to the queue 0x100000187 which corresponds to Chunks start 391 and chunk size 1
2026-02-12 19:19:32,939 AthMpEvtLoopMgr.SharedEvtQueueProvider               INFO Sent to the queue 0x100000188 which corresponds to Chunks start 392 and chunk size 1
2026-02-12 19:19:32,939 AthMpEvtLoopMgr.SharedEvtQueueProvider               INFO Sent to the queue 0x100000189 which corresponds to Chunks start 393 and chunk size 1
2026-02-12 19:19:32,939 AthMpEvtLoopMgr.SharedEvtQueueProvider               INFO Sent to the queue 0x10000018a which corresponds to Chunks start 394 and chunk size 1
2026-02-12 19:19:32,939 AthMpEvtLoopMgr.SharedEvtQueueProvider               INFO Sent to the queue 0x10000018b which corresponds to Chunks start 395 and chunk size 1
2026-02-12 19:19:32,939 AthMpEvtLoopMgr.SharedEvtQueueProvider               INFO Sent to the queue 0x10000018c which corresponds to Chunks start 396 and chunk size 1
2026-02-12 19:19:32,939 AthMpEvtLoopMgr.SharedEvtQueueProvider               INFO Sent to the queue 0x10000018d which corresponds to Chunks start 397 and chunk size 1
2026-02-12 19:19:32,939 AthMpEvtLoopMgr.SharedEvtQueueProvider               INFO Sent to the queue 0x10000018e which corresponds to Chunks start 398 and chunk size 1
2026-02-12 19:19:32,939 AthMpEvtLoopMgr.SharedEvtQueueProvider               INFO Sent to the queue 0x10000018f which corresponds to Chunks start 399 and chunk size 1
2026-02-12 19:19:32,939 AthMpEvtLoopMgr.SharedEvtQueueProvider               INFO Sent to the queue 0x100000190 which corresponds to Chunks start 400 and chunk size 1
2026-02-12 19:19:32,939 AthMpEvtLoopMgr.SharedEvtQueueProvider               INFO Sent to the queue 0x100000191 which corresponds to Chunks start 401 and chunk size 1
2026-02-12 19:19:32,940 AthMpEvtLoopMgr.SharedEvtQueueProvider               INFO Sent to the queue 0x100000192 which corresponds to Chunks start 402 and chunk size 1
2026-02-12 19:19:32,940 AthMpEvtLoopMgr.SharedEvtQueueProvider               INFO Sent to the queue 0x100000193 which corresponds to Chunks start 403 and chunk size 1
2026-02-12 19:19:32,940 AthMpEvtLoopMgr.SharedEvtQueueProvider               INFO Sent to the queue 0x100000194 which corresponds to Chunks start 404 and chunk size 1
2026-02-12 19:19:32,940 AthMpEvtLoopMgr.SharedEvtQueueProvider               INFO Sent to the queue 0x100000195 which corresponds to Chunks start 405 and chunk size 1
2026-02-12 19:19:32,940 AthMpEvtLoopMgr.SharedEvtQueueProvider               INFO Sent to the queue 0x100000196 which corresponds to Chunks start 406 and chunk size 1
2026-02-12 19:19:32,940 AthMpEvtLoopMgr.SharedEvtQueueProvider               INFO Sent to the queue 0x100000197 which corresponds to Chunks start 407 and chunk size 1
2026-02-12 19:19:32,940 AthMpEvtLoopMgr.SharedEvtQueueProvider               INFO Sent to the queue 0x100000198 which corresponds to Chunks start 408 and chunk size 1
2026-02-12 19:19:32,940 AthMpEvtLoopMgr.SharedEvtQueueProvider               INFO Sent to the queue 0x100000199 which corresponds to Chunks start 409 and chunk size 1
2026-02-12 19:19:32,940 AthMpEvtLoopMgr.SharedEvtQueueProvider               INFO Sent to the queue 0x10000019a which corresponds to Chunks start 410 and chunk size 1
2026-02-12 19:19:32,940 AthMpEvtLoopMgr.SharedEvtQueueProvider               INFO Sent to the queue 0x10000019b which corresponds to Chunks start 411 and chunk size 1
2026-02-12 19:19:32,940 AthMpEvtLoopMgr.SharedEvtQueueProvider               INFO Sent to the queue 0x10000019c which corresponds to Chunks start 412 and chunk size 1
2026-02-12 19:19:32,940 AthMpEvtLoopMgr.SharedEvtQueueProvider               INFO Sent to the queue 0x10000019d which corresponds to Chunks start 413 and chunk size 1
2026-02-12 19:19:32,940 AthMpEvtLoopMgr.SharedEvtQueueProvider               INFO Sent to the queue 0x10000019e which corresponds to Chunks start 414 and chunk size 1
2026-02-12 19:19:32,941 AthMpEvtLoopMgr.SharedEvtQueueProvider               INFO Sent to the queue 0x10000019f which corresponds to Chunks start 415 and chunk size 1
2026-02-12 19:19:32,941 AthMpEvtLoopMgr.SharedEvtQueueProvider               INFO Sent to the queue 0x1000001a0 which corresponds to Chunks start 416 and chunk size 1
2026-02-12 19:19:32,941 AthMpEvtLoopMgr.SharedEvtQueueProvider               INFO Sent to the queue 0x1000001a1 which corresponds to Chunks start 417 and chunk size 1
2026-02-12 19:19:32,941 AthMpEvtLoopMgr.SharedEvtQueueProvider               INFO Sent to the queue 0x1000001a2 which corresponds to Chunks start 418 and chunk size 1
2026-02-12 19:19:32,941 AthMpEvtLoopMgr.SharedEvtQueueProvider               INFO Sent to the queue 0x1000001a3 which corresponds to Chunks start 419 and chunk size 1
2026-02-12 19:19:32,941 AthMpEvtLoopMgr.SharedEvtQueueProvider               INFO Sent to the queue 0x1000001a4 which corresponds to Chunks start 420 and chunk size 1
2026-02-12 19:19:32,941 AthMpEvtLoopMgr.SharedEvtQueueProvider               INFO Sent to the queue 0x1000001a5 which corresponds to Chunks start 421 and chunk size 1
2026-02-12 19:19:32,941 AthMpEvtLoopMgr.SharedEvtQueueProvider               INFO Sent to the queue 0x1000001a6 which corresponds to Chunks start 422 and chunk size 1
2026-02-12 19:19:32,941 AthMpEvtLoopMgr.SharedEvtQueueProvider               INFO Sent to the queue 0x1000001a7 which corresponds to Chunks start 423 and chunk size 1
2026-02-12 19:19:32,941 AthMpEvtLoopMgr.SharedEvtQueueProvider               INFO Sent to the queue 0x1000001a8 which corresponds to Chunks start 424 and chunk size 1
2026-02-12 19:19:32,941 AthMpEvtLoopMgr.SharedEvtQueueProvider               INFO Sent to the queue 0x1000001a9 which corresponds to Chunks start 425 and chunk size 1
2026-02-12 19:19:32,941 AthMpEvtLoopMgr.SharedEvtQueueProvider               INFO Sent to the queue 0x1000001aa which corresponds to Chunks start 426 and chunk size 1
2026-02-12 19:19:32,941 AthMpEvtLoopMgr.SharedEvtQueueProvider               INFO Sent to the queue 0x1000001ab which corresponds to Chunks start 427 and chunk size 1
2026-02-12 19:19:32,941 AthMpEvtLoopMgr.SharedEvtQueueProvider               INFO Sent to the queue 0x1000001ac which corresponds to Chunks start 428 and chunk size 1
2026-02-12 19:19:32,942 AthMpEvtLoopMgr.SharedEvtQueueProvider               INFO Sent to the queue 0x1000001ad which corresponds to Chunks start 429 and chunk size 1
2026-02-12 19:19:32,942 AthMpEvtLoopMgr.SharedEvtQueueProvider               INFO Sent to the queue 0x1000001ae which corresponds to Chunks start 430 and chunk size 1
2026-02-12 19:19:32,942 AthMpEvtLoopMgr.SharedEvtQueueProvider               INFO Sent to the queue 0x1000001af which corresponds to Chunks start 431 and chunk size 1
2026-02-12 19:19:32,942 AthMpEvtLoopMgr.SharedEvtQueueProvider               INFO Sent to the queue 0x1000001b0 which corresponds to Chunks start 432 and chunk size 1
2026-02-12 19:19:32,942 AthMpEvtLoopMgr.SharedEvtQueueProvider               INFO Sent to the queue 0x1000001b1 which corresponds to Chunks start 433 and chunk size 1
2026-02-12 19:19:32,942 AthMpEvtLoopMgr.SharedEvtQueueProvider               INFO Sent to the queue 0x1000001b2 which corresponds to Chunks start 434 and chunk size 1
2026-02-12 19:19:32,942 AthMpEvtLoopMgr.SharedEvtQueueProvider               INFO Sent to the queue 0x1000001b3 which corresponds to Chunks start 435 and chunk size 1
2026-02-12 19:19:32,942 AthMpEvtLoopMgr.SharedEvtQueueProvider               INFO Sent to the queue 0x1000001b4 which corresponds to Chunks start 436 and chunk size 1
2026-02-12 19:19:32,942 AthMpEvtLoopMgr.SharedEvtQueueProvider               INFO Sent to the queue 0x1000001b5 which corresponds to Chunks start 437 and chunk size 1
2026-02-12 19:19:32,942 AthMpEvtLoopMgr.SharedEvtQueueProvider               INFO Sent to the queue 0x1000001b6 which corresponds to Chunks start 438 and chunk size 1
2026-02-12 19:19:32,942 AthMpEvtLoopMgr.SharedEvtQueueProvider               INFO Sent to the queue 0x1000001b7 which corresponds to Chunks start 439 and chunk size 1
2026-02-12 19:19:32,942 AthMpEvtLoopMgr.SharedEvtQueueProvider               INFO Sent to the queue 0x1000001b8 which corresponds to Chunks start 440 and chunk size 1
2026-02-12 19:19:32,942 AthMpEvtLoopMgr.SharedEvtQueueProvider               INFO Sent to the queue 0x1000001b9 which corresponds to Chunks start 441 and chunk size 1
2026-02-12 19:19:32,943 AthMpEvtLoopMgr.SharedEvtQueueProvider               INFO Sent to the queue 0x1000001ba which corresponds to Chunks start 442 and chunk size 1
2026-02-12 19:19:32,943 AthMpEvtLoopMgr.SharedEvtQueueProvider               INFO Sent to the queue 0x1000001bb which corresponds to Chunks start 443 and chunk size 1
2026-02-12 19:19:32,943 AthMpEvtLoopMgr.SharedEvtQueueProvider               INFO Sent to the queue 0x1000001bc which corresponds to Chunks start 444 and chunk size 1
2026-02-12 19:19:32,943 AthMpEvtLoopMgr.SharedEvtQueueProvider               INFO Sent to the queue 0x1000001bd which corresponds to Chunks start 445 and chunk size 1
2026-02-12 19:19:32,943 AthMpEvtLoopMgr.SharedEvtQueueProvider               INFO Sent to the queue 0x1000001be which corresponds to Chunks start 446 and chunk size 1
2026-02-12 19:19:32,943 AthMpEvtLoopMgr.SharedEvtQueueProvider               INFO Sent to the queue 0x1000001bf which corresponds to Chunks start 447 and chunk size 1
2026-02-12 19:19:32,943 AthMpEvtLoopMgr.SharedEvtQueueProvider               INFO Sent to the queue 0x1000001c0 which corresponds to Chunks start 448 and chunk size 1
2026-02-12 19:19:32,943 AthMpEvtLoopMgr.SharedEvtQueueProvider               INFO Sent to the queue 0x1000001c1 which corresponds to Chunks start 449 and chunk size 1
2026-02-12 19:19:32,943 AthMpEvtLoopMgr.SharedEvtQueueProvider               INFO Sent to the queue 0x1000001c2 which corresponds to Chunks start 450 and chunk size 1
2026-02-12 19:19:32,943 AthMpEvtLoopMgr.SharedEvtQueueProvider               INFO Sent to the queue 0x1000001c3 which corresponds to Chunks start 451 and chunk size 1
2026-02-12 19:19:32,943 AthMpEvtLoopMgr.SharedEvtQueueProvider               INFO Sent to the queue 0x1000001c4 which corresponds to Chunks start 452 and chunk size 1
2026-02-12 19:19:32,943 AthMpEvtLoopMgr.SharedEvtQueueProvider               INFO Sent to the queue 0x1000001c5 which corresponds to Chunks start 453 and chunk size 1
2026-02-12 19:19:32,943 AthMpEvtLoopMgr.SharedEvtQueueProvider               INFO Sent to the queue 0x1000001c6 which corresponds to Chunks start 454 and chunk size 1
2026-02-12 19:19:32,944 AthMpEvtLoopMgr.SharedEvtQueueProvider               INFO Sent to the queue 0x1000001c7 which corresponds to Chunks start 455 and chunk size 1
2026-02-12 19:19:32,944 AthMpEvtLoopMgr.SharedEvtQueueProvider               INFO Sent to the queue 0x1000001c8 which corresponds to Chunks start 456 and chunk size 1
2026-02-12 19:19:32,944 AthMpEvtLoopMgr.SharedEvtQueueProvider               INFO Sent to the queue 0x1000001c9 which corresponds to Chunks start 457 and chunk size 1
2026-02-12 19:19:32,944 AthMpEvtLoopMgr.SharedEvtQueueProvider               INFO Sent to the queue 0x1000001ca which corresponds to Chunks start 458 and chunk size 1
2026-02-12 19:19:32,944 AthMpEvtLoopMgr.SharedEvtQueueProvider               INFO Sent to the queue 0x1000001cb which corresponds to Chunks start 459 and chunk size 1
2026-02-12 19:19:32,944 AthMpEvtLoopMgr.SharedEvtQueueProvider               INFO Sent to the queue 0x1000001cc which corresponds to Chunks start 460 and chunk size 1
2026-02-12 19:19:32,944 AthMpEvtLoopMgr.SharedEvtQueueProvider               INFO Sent to the queue 0x1000001cd which corresponds to Chunks start 461 and chunk size 1
2026-02-12 19:19:32,944 AthMpEvtLoopMgr.SharedEvtQueueProvider               INFO Sent to the queue 0x1000001ce which corresponds to Chunks start 462 and chunk size 1
2026-02-12 19:19:32,944 AthMpEvtLoopMgr.SharedEvtQueueProvider               INFO Sent to the queue 0x1000001cf which corresponds to Chunks start 463 and chunk size 1
2026-02-12 19:19:32,944 AthMpEvtLoopMgr.SharedEvtQueueProvider               INFO Sent to the queue 0x1000001d0 which corresponds to Chunks start 464 and chunk size 1
2026-02-12 19:19:32,944 AthMpEvtLoopMgr.SharedEvtQueueProvider               INFO Sent to the queue 0x1000001d1 which corresponds to Chunks start 465 and chunk size 1
2026-02-12 19:19:32,944 AthMpEvtLoopMgr.SharedEvtQueueProvider               INFO Sent to the queue 0x1000001d2 which corresponds to Chunks start 466 and chunk size 1
2026-02-12 19:19:32,944 AthMpEvtLoopMgr.SharedEvtQueueProvider               INFO Sent to the queue 0x1000001d3 which corresponds to Chunks start 467 and chunk size 1
2026-02-12 19:19:32,945 AthMpEvtLoopMgr.SharedEvtQueueProvider               INFO Sent to the queue 0x1000001d4 which corresponds to Chunks start 468 and chunk size 1
2026-02-12 19:19:32,945 AthMpEvtLoopMgr.SharedEvtQueueProvider               INFO Sent to the queue 0x1000001d5 which corresponds to Chunks start 469 and chunk size 1
2026-02-12 19:19:32,945 AthMpEvtLoopMgr.SharedEvtQueueProvider               INFO Sent to the queue 0x1000001d6 which corresponds to Chunks start 470 and chunk size 1
2026-02-12 19:19:32,945 AthMpEvtLoopMgr.SharedEvtQueueProvider               INFO Sent to the queue 0x1000001d7 which corresponds to Chunks start 471 and chunk size 1
2026-02-12 19:19:32,945 AthMpEvtLoopMgr.SharedEvtQueueProvider               INFO Sent to the queue 0x1000001d8 which corresponds to Chunks start 472 and chunk size 1
2026-02-12 19:19:32,945 AthMpEvtLoopMgr.SharedEvtQueueProvider               INFO Sent to the queue 0x1000001d9 which corresponds to Chunks start 473 and chunk size 1
2026-02-12 19:19:32,945 AthMpEvtLoopMgr.SharedEvtQueueProvider               INFO Sent to the queue 0x1000001da which corresponds to Chunks start 474 and chunk size 1
2026-02-12 19:19:32,945 AthMpEvtLoopMgr.SharedEvtQueueProvider               INFO Sent to the queue 0x1000001db which corresponds to Chunks start 475 and chunk size 1
2026-02-12 19:19:32,945 AthMpEvtLoopMgr.SharedEvtQueueProvider               INFO Sent to the queue 0x1000001dc which corresponds to Chunks start 476 and chunk size 1
2026-02-12 19:19:32,945 AthMpEvtLoopMgr.SharedEvtQueueProvider               INFO Sent to the queue 0x1000001dd which corresponds to Chunks start 477 and chunk size 1
2026-02-12 19:19:32,945 AthMpEvtLoopMgr.SharedEvtQueueProvider               INFO Sent to the queue 0x1000001de which corresponds to Chunks start 478 and chunk size 1
2026-02-12 19:19:32,945 AthMpEvtLoopMgr.SharedEvtQueueProvider               INFO Sent to the queue 0x1000001df which corresponds to Chunks start 479 and chunk size 1
2026-02-12 19:19:32,945 AthMpEvtLoopMgr.SharedEvtQueueProvider               INFO Sent to the queue 0x1000001e0 which corresponds to Chunks start 480 and chunk size 1
2026-02-12 19:19:32,945 AthMpEvtLoopMgr.SharedEvtQueueProvider               INFO Sent to the queue 0x1000001e1 which corresponds to Chunks start 481 and chunk size 1
2026-02-12 19:19:32,946 AthMpEvtLoopMgr.SharedEvtQueueProvider               INFO Sent to the queue 0x1000001e2 which corresponds to Chunks start 482 and chunk size 1
2026-02-12 19:19:32,946 AthMpEvtLoopMgr.SharedEvtQueueProvider               INFO Sent to the queue 0x1000001e3 which corresponds to Chunks start 483 and chunk size 1
2026-02-12 19:19:32,946 AthMpEvtLoopMgr.SharedEvtQueueProvider               INFO Sent to the queue 0x1000001e4 which corresponds to Chunks start 484 and chunk size 1
2026-02-12 19:19:32,946 AthMpEvtLoopMgr.SharedEvtQueueProvider               INFO Sent to the queue 0x1000001e5 which corresponds to Chunks start 485 and chunk size 1
2026-02-12 19:19:32,946 AthMpEvtLoopMgr.SharedEvtQueueProvider               INFO Sent to the queue 0x1000001e6 which corresponds to Chunks start 486 and chunk size 1
2026-02-12 19:19:32,946 AthMpEvtLoopMgr.SharedEvtQueueProvider               INFO Sent to the queue 0x1000001e7 which corresponds to Chunks start 487 and chunk size 1
2026-02-12 19:19:32,946 AthMpEvtLoopMgr.SharedEvtQueueProvider               INFO Sent to the queue 0x1000001e8 which corresponds to Chunks start 488 and chunk size 1
2026-02-12 19:19:32,946 AthMpEvtLoopMgr.SharedEvtQueueProvider               INFO Sent to the queue 0x1000001e9 which corresponds to Chunks start 489 and chunk size 1
2026-02-12 19:19:32,946 AthMpEvtLoopMgr.SharedEvtQueueProvider               INFO Sent to the queue 0x1000001ea which corresponds to Chunks start 490 and chunk size 1
2026-02-12 19:19:32,946 AthMpEvtLoopMgr.SharedEvtQueueProvider               INFO Sent to the queue 0x1000001eb which corresponds to Chunks start 491 and chunk size 1
2026-02-12 19:19:32,946 AthMpEvtLoopMgr.SharedEvtQueueProvider               INFO Sent to the queue 0x1000001ec which corresponds to Chunks start 492 and chunk size 1
AthMpEvtLoopMgr... WARNING INFO message limit (500) reached for AthMpEvtLoopMgr.SharedEvtQueueProvider. Suppressing further output.
2026-02-12 19:19:32,971 ToolSvc.BookkeeperTool                               INFO Successfully copied CutBookkeepers to the output MetaDataStore
2026-02-12 19:19:32,987 /eos/home-b/bkamgama/draft/Run_sleep_10000/...root   INFO Database being retired...
2026-02-12 19:19:32,988 /eos/home-b/bkamgama/draft/Run_sleep_10000/...root   INFO ->  Deaccess DbDatabase   READ      [ROOT_All] AA21FB28-2672-434E-9813-0D7BE842151D
2026-02-12 19:19:32,989 AthenaPoolSharedIOCnvSvc.OutputStreamingTool         INFO in stop()
2026-02-12 19:19:33,019 ApplicationMgr                                       INFO Application Manager Stopped successfully
2026-02-12 19:19:33,150 CondInputLoader                                      INFO Finalizing CondInputLoader...
2026-02-12 19:19:33,151 MCTruthClassificationKernel                          INFO ============================================================================
2026-02-12 19:19:33,151 MCTruthClassificationKernel                          INFO  The following CP tools were called by MCTruthClassificationKernel for the whole train:
2026-02-12 19:19:33,151 MCTruthClassificationKernel                          INFO ToolSvc.DFCommonTruthClassificationTool
2026-02-12 19:19:33,151 MCTruthClassificationKernel                          INFO ============================================================================
2026-02-12 19:19:33,151 PhysCommonTruthCharmKernel                           INFO ============================================================================
2026-02-12 19:19:33,151 PhysCommonTruthCharmKernel                           INFO  The following CP tools were called by PhysCommonTruthCharmKernel for the whole train:
2026-02-12 19:19:33,151 PhysCommonTruthCharmKernel                           INFO ToolSvc.PhysCommonTruthCharmTool
2026-02-12 19:19:33,152 PhysCommonTruthCharmKernel                           INFO ============================================================================
2026-02-12 19:19:33,152 MCTruthCommonHFAndDecaysKernel                       INFO ============================================================================
2026-02-12 19:19:33,152 MCTruthCommonHFAndDecaysKernel                       INFO  The following CP tools were called by MCTruthCommonHFAndDecaysKernel for the whole train:
2026-02-12 19:19:33,152 MCTruthCommonHFAndDecaysKernel                       INFO ToolSvc.DFCommonHFAndDecaysTool
2026-02-12 19:19:33,152 MCTruthCommonHFAndDecaysKernel                       INFO ============================================================================
2026-02-12 19:19:33,152 DFCommonTruthMetaDataWriterKernel                    INFO ============================================================================
2026-02-12 19:19:33,152 DFCommonTruthMetaDataWriterKernel                    INFO  The following CP tools were called by DFCommonTruthMetaDataWriterKernel for the whole train:
2026-02-12 19:19:33,152 DFCommonTruthMetaDataWriterKernel                    INFO ToolSvc.DFCommonTruthMetaDataWriter
2026-02-12 19:19:33,152 DFCommonTruthMetaDataWriterKernel                    INFO ============================================================================
2026-02-12 19:19:33,152 MCTruthCommonPreJetKernelNo1                         INFO ============================================================================
2026-02-12 19:19:33,152 MCTruthCommonPreJetKernelNo1                         INFO  The following CP tools were called by MCTruthCommonPreJetKernelNo1 for the whole train:
2026-02-12 19:19:33,152 MCTruthCommonPreJetKernelNo1                         INFO ToolSvc.DFCommonTruthMuonTool
2026-02-12 19:19:33,152 MCTruthCommonPreJetKernelNo1                         INFO ============================================================================
2026-02-12 19:19:33,152 MCTruthCommonPreJetKernelNo2                         INFO ============================================================================
2026-02-12 19:19:33,152 MCTruthCommonPreJetKernelNo2                         INFO  The following CP tools were called by MCTruthCommonPreJetKernelNo2 for the whole train:
2026-02-12 19:19:33,153 MCTruthCommonPreJetKernelNo2                         INFO ToolSvc.DFCommonTruthElectronTool
2026-02-12 19:19:33,153 MCTruthCommonPreJetKernelNo2                         INFO ============================================================================
2026-02-12 19:19:33,153 MCTruthCommonPreJetKernelNo3                         INFO ============================================================================
2026-02-12 19:19:33,153 MCTruthCommonPreJetKernelNo3                         INFO  The following CP tools were called by MCTruthCommonPreJetKernelNo3 for the whole train:
2026-02-12 19:19:33,153 MCTruthCommonPreJetKernelNo3                         INFO ToolSvc.DFCommonTruthPhotonToolSim
2026-02-12 19:19:33,153 MCTruthCommonPreJetKernelNo3                         INFO ============================================================================
2026-02-12 19:19:33,153 MCTruthCommonPreJetKernelNo4                         INFO ============================================================================
2026-02-12 19:19:33,153 MCTruthCommonPreJetKernelNo4                         INFO  The following CP tools were called by MCTruthCommonPreJetKernelNo4 for the whole train:
2026-02-12 19:19:33,153 MCTruthCommonPreJetKernelNo4                         INFO ToolSvc.DFCommonTruthNeutrinoTool
2026-02-12 19:19:33,153 MCTruthCommonPreJetKernelNo4                         INFO ============================================================================
2026-02-12 19:19:33,153 MCTruthCommonPreJetKernelNo5                         INFO ============================================================================
2026-02-12 19:19:33,153 MCTruthCommonPreJetKernelNo5                         INFO  The following CP tools were called by MCTruthCommonPreJetKernelNo5 for the whole train:
2026-02-12 19:19:33,153 MCTruthCommonPreJetKernelNo5                         INFO ToolSvc.DFCommonTruthBottomTool
2026-02-12 19:19:33,153 MCTruthCommonPreJetKernelNo5                         INFO ============================================================================
2026-02-12 19:19:33,153 MCTruthCommonPreJetKernelNo6                         INFO ============================================================================
2026-02-12 19:19:33,153 MCTruthCommonPreJetKernelNo6                         INFO  The following CP tools were called by MCTruthCommonPreJetKernelNo6 for the whole train:
2026-02-12 19:19:33,153 MCTruthCommonPreJetKernelNo6                         INFO ToolSvc.DFCommonTruthTopTool
2026-02-12 19:19:33,154 MCTruthCommonPreJetKernelNo6                         INFO ============================================================================
2026-02-12 19:19:33,154 MCTruthCommonPreJetKernelNo7                         INFO ============================================================================
2026-02-12 19:19:33,154 MCTruthCommonPreJetKernelNo7                         INFO  The following CP tools were called by MCTruthCommonPreJetKernelNo7 for the whole train:
2026-02-12 19:19:33,154 MCTruthCommonPreJetKernelNo7                         INFO ToolSvc.DFCommonTruthBosonTool
2026-02-12 19:19:33,154 MCTruthCommonPreJetKernelNo7                         INFO ============================================================================
2026-02-12 19:19:33,154 MCTruthCommonPreJetKernelNo8                         INFO ============================================================================
2026-02-12 19:19:33,154 MCTruthCommonPreJetKernelNo8                         INFO  The following CP tools were called by MCTruthCommonPreJetKernelNo8 for the whole train:
2026-02-12 19:19:33,154 MCTruthCommonPreJetKernelNo8                         INFO ToolSvc.DFCommonTruthBSMTool
2026-02-12 19:19:33,154 MCTruthCommonPreJetKernelNo8                         INFO ============================================================================
2026-02-12 19:19:33,154 MCTruthCommonPreJetKernelNo9                         INFO ============================================================================
2026-02-12 19:19:33,154 MCTruthCommonPreJetKernelNo9                         INFO  The following CP tools were called by MCTruthCommonPreJetKernelNo9 for the whole train:
2026-02-12 19:19:33,154 MCTruthCommonPreJetKernelNo9                         INFO ToolSvc.DFCommonTruthElectronIsolationTool1
2026-02-12 19:19:33,154 MCTruthCommonPreJetKernelNo9                         INFO ============================================================================
2026-02-12 19:19:33,154 MCTruthCommonPreJetKernelNo10                        INFO ============================================================================
2026-02-12 19:19:33,154 MCTruthCommonPreJetKernelNo10                        INFO  The following CP tools were called by MCTruthCommonPreJetKernelNo10 for the whole train:
2026-02-12 19:19:33,154 MCTruthCommonPreJetKernelNo10                        INFO ToolSvc.DFCommonTruthElectronIsolationTool2
2026-02-12 19:19:33,154 MCTruthCommonPreJetKernelNo10                        INFO ============================================================================
2026-02-12 19:19:33,155 MCTruthCommonPreJetKernelNo11                        INFO ============================================================================
2026-02-12 19:19:33,155 MCTruthCommonPreJetKernelNo11                        INFO  The following CP tools were called by MCTruthCommonPreJetKernelNo11 for the whole train:
2026-02-12 19:19:33,155 MCTruthCommonPreJetKernelNo11                        INFO ToolSvc.DFCommonTruthMuonIsolationTool1
2026-02-12 19:19:33,155 MCTruthCommonPreJetKernelNo11                        INFO ============================================================================
2026-02-12 19:19:33,155 MCTruthCommonPreJetKernelNo12                        INFO ============================================================================
2026-02-12 19:19:33,155 MCTruthCommonPreJetKernelNo12                        INFO  The following CP tools were called by MCTruthCommonPreJetKernelNo12 for the whole train:
2026-02-12 19:19:33,155 MCTruthCommonPreJetKernelNo12                        INFO ToolSvc.DFCommonTruthMuonIsolationTool2
2026-02-12 19:19:33,155 MCTruthCommonPreJetKernelNo12                        INFO ============================================================================
2026-02-12 19:19:33,155 MCTruthCommonPreJetKernelNo13                        INFO ============================================================================
2026-02-12 19:19:33,155 MCTruthCommonPreJetKernelNo13                        INFO  The following CP tools were called by MCTruthCommonPreJetKernelNo13 for the whole train:
2026-02-12 19:19:33,155 MCTruthCommonPreJetKernelNo13                        INFO ToolSvc.DFCommonTruthPhotonIsolationTool1
2026-02-12 19:19:33,155 MCTruthCommonPreJetKernelNo13                        INFO ============================================================================
2026-02-12 19:19:33,155 MCTruthCommonPreJetKernelNo14                        INFO ============================================================================
2026-02-12 19:19:33,155 MCTruthCommonPreJetKernelNo14                        INFO  The following CP tools were called by MCTruthCommonPreJetKernelNo14 for the whole train:
2026-02-12 19:19:33,155 MCTruthCommonPreJetKernelNo14                        INFO ToolSvc.DFCommonTruthPhotonIsolationTool2
2026-02-12 19:19:33,155 MCTruthCommonPreJetKernelNo14                        INFO ============================================================================
2026-02-12 19:19:33,155 MCTruthCommonPreJetKernelNo15                        INFO ============================================================================
2026-02-12 19:19:33,156 MCTruthCommonPreJetKernelNo15                        INFO  The following CP tools were called by MCTruthCommonPreJetKernelNo15 for the whole train:
2026-02-12 19:19:33,156 MCTruthCommonPreJetKernelNo15                        INFO ToolSvc.DFCommonTruthPhotonIsolationTool3
2026-02-12 19:19:33,156 MCTruthCommonPreJetKernelNo15                        INFO ============================================================================
2026-02-12 19:19:33,156 MCTruthCommonPreJetKernelNo16                        INFO ============================================================================
2026-02-12 19:19:33,156 MCTruthCommonPreJetKernelNo16                        INFO  The following CP tools were called by MCTruthCommonPreJetKernelNo16 for the whole train:
2026-02-12 19:19:33,156 MCTruthCommonPreJetKernelNo16                        INFO ToolSvc.DFCommonTruthForwardProtonTool
2026-02-12 19:19:33,156 MCTruthCommonPreJetKernelNo16                        INFO ============================================================================
2026-02-12 19:19:33,156 MCTruthCommonPreJetKernelNo17                        INFO ============================================================================
2026-02-12 19:19:33,156 MCTruthCommonPreJetKernelNo17                        INFO  The following CP tools were called by MCTruthCommonPreJetKernelNo17 for the whole train:
2026-02-12 19:19:33,156 MCTruthCommonPreJetKernelNo17                        INFO ToolSvc.DFCommonTruthElectronDressingTool
2026-02-12 19:19:33,156 MCTruthCommonPreJetKernelNo17                        INFO ============================================================================
2026-02-12 19:19:33,156 MCTruthCommonPreJetKernelNo18                        INFO ============================================================================
2026-02-12 19:19:33,156 MCTruthCommonPreJetKernelNo18                        INFO  The following CP tools were called by MCTruthCommonPreJetKernelNo18 for the whole train:
2026-02-12 19:19:33,156 MCTruthCommonPreJetKernelNo18                        INFO ToolSvc.DFCommonTruthMuonDressingTool
2026-02-12 19:19:33,156 MCTruthCommonPreJetKernelNo18                        INFO ============================================================================
2026-02-12 19:19:33,158 TauTruthCommonKernel2                                INFO ============================================================================
2026-02-12 19:19:33,158 TauTruthCommonKernel2                                INFO  The following CP tools were called by TauTruthCommonKernel2 for the whole train:
2026-02-12 19:19:33,158 TauTruthCommonKernel2                                INFO ToolSvc.DFCommonTauJetsTruthMatchingWrapper
2026-02-12 19:19:33,158 TauTruthCommonKernel2                                INFO ============================================================================
2026-02-12 19:19:33,158 MCTruthCommonPostJetKernelNo1                        INFO ============================================================================
2026-02-12 19:19:33,158 MCTruthCommonPostJetKernelNo1                        INFO  The following CP tools were called by MCTruthCommonPostJetKernelNo1 for the whole train:
2026-02-12 19:19:33,158 MCTruthCommonPostJetKernelNo1                        INFO ToolSvc.DFCommonTruthTauDressingTool
2026-02-12 19:19:33,158 MCTruthCommonPostJetKernelNo1                        INFO ============================================================================
2026-02-12 19:19:33,158 MCTruthCommonPostJetKernelNo2                        INFO ============================================================================
2026-02-12 19:19:33,158 MCTruthCommonPostJetKernelNo2                        INFO  The following CP tools were called by MCTruthCommonPostJetKernelNo2 for the whole train:
2026-02-12 19:19:33,158 MCTruthCommonPostJetKernelNo2                        INFO ToolSvc.DFCommonTruthGenFilt
2026-02-12 19:19:33,158 MCTruthCommonPostJetKernelNo2                        INFO ============================================================================
2026-02-12 19:19:33,158 MCTruthCommonPostJetKernelNo3                        INFO ============================================================================
2026-02-12 19:19:33,158 MCTruthCommonPostJetKernelNo3                        INFO  The following CP tools were called by MCTruthCommonPostJetKernelNo3 for the whole train:
2026-02-12 19:19:33,159 MCTruthCommonPostJetKernelNo3                        INFO ToolSvc.DFCommonTruthDressedWZQGLabelTool
2026-02-12 19:19:33,159 MCTruthCommonPostJetKernelNo3                        INFO ============================================================================
2026-02-12 19:19:33,159 MCTruthNavigationDecoratorKernel                     INFO ============================================================================
2026-02-12 19:19:33,159 MCTruthNavigationDecoratorKernel                     INFO  The following CP tools were called by MCTruthNavigationDecoratorKernel for the whole train:
2026-02-12 19:19:33,159 MCTruthNavigationDecoratorKernel                     INFO ToolSvc.DFCommonTruthNavigationDecorator
2026-02-12 19:19:33,159 MCTruthNavigationDecoratorKernel                     INFO ============================================================================
2026-02-12 19:19:33,159 MCTruthCommonBosonsAndDecaysKernel                   INFO ============================================================================
2026-02-12 19:19:33,159 MCTruthCommonBosonsAndDecaysKernel                   INFO  The following CP tools were called by MCTruthCommonBosonsAndDecaysKernel for the whole train:
2026-02-12 19:19:33,159 MCTruthCommonBosonsAndDecaysKernel                   INFO ToolSvc.DFCommonBosonsAndDecaysTool
2026-02-12 19:19:33,159 MCTruthCommonBosonsAndDecaysKernel                   INFO ============================================================================
2026-02-12 19:19:33,159 MCTruthCommonBSMAndDecaysKernel                      INFO ============================================================================
2026-02-12 19:19:33,159 MCTruthCommonBSMAndDecaysKernel                      INFO  The following CP tools were called by MCTruthCommonBSMAndDecaysKernel for the whole train:
2026-02-12 19:19:33,159 MCTruthCommonBSMAndDecaysKernel                      INFO ToolSvc.DFCommonBSMAndDecaysTool
2026-02-12 19:19:33,159 MCTruthCommonBSMAndDecaysKernel                      INFO ============================================================================
2026-02-12 19:19:33,159 MCTruthCommonBornLeptonsKernel                       INFO ============================================================================
2026-02-12 19:19:33,159 MCTruthCommonBornLeptonsKernel                       INFO  The following CP tools were called by MCTruthCommonBornLeptonsKernel for the whole train:
2026-02-12 19:19:33,159 MCTruthCommonBornLeptonsKernel                       INFO ToolSvc.DFCommonBornLeptonCollTool
2026-02-12 19:19:33,159 MCTruthCommonBornLeptonsKernel                       INFO ============================================================================
2026-02-12 19:19:33,160 MiniCollectionTruthLinkKernelNo1                     INFO ============================================================================
2026-02-12 19:19:33,160 MiniCollectionTruthLinkKernelNo1                     INFO  The following CP tools were called by MiniCollectionTruthLinkKernelNo1 for the whole train:
2026-02-12 19:19:33,160 MiniCollectionTruthLinkKernelNo1                     INFO ToolSvc.ElMiniCollectionTruthLinkTool
2026-02-12 19:19:33,160 MiniCollectionTruthLinkKernelNo1                     INFO ============================================================================
2026-02-12 19:19:33,160 MiniCollectionTruthLinkKernelNo2                     INFO ============================================================================
2026-02-12 19:19:33,160 MiniCollectionTruthLinkKernelNo2                     INFO  The following CP tools were called by MiniCollectionTruthLinkKernelNo2 for the whole train:
2026-02-12 19:19:33,160 MiniCollectionTruthLinkKernelNo2                     INFO ToolSvc.PhMiniCollectionTruthLinkTool
2026-02-12 19:19:33,160 MiniCollectionTruthLinkKernelNo2                     INFO ============================================================================
2026-02-12 19:19:33,160 MiniCollectionTruthLinkKernelNo3                     INFO ============================================================================
2026-02-12 19:19:33,160 MiniCollectionTruthLinkKernelNo3                     INFO  The following CP tools were called by MiniCollectionTruthLinkKernelNo3 for the whole train:
2026-02-12 19:19:33,160 MiniCollectionTruthLinkKernelNo3                     INFO ToolSvc.MuMiniCollectionTruthLinkTool
2026-02-12 19:19:33,160 MiniCollectionTruthLinkKernelNo3                     INFO ============================================================================
2026-02-12 19:19:33,160 MCTruthCommonTruthPVCollKernel                       INFO ============================================================================
2026-02-12 19:19:33,160 MCTruthCommonTruthPVCollKernel                       INFO  The following CP tools were called by MCTruthCommonTruthPVCollKernel for the whole train:
2026-02-12 19:19:33,160 MCTruthCommonTruthPVCollKernel                       INFO ToolSvc.DFCommonTruthPVCollTool
2026-02-12 19:19:33,160 MCTruthCommonTruthPVCollKernel                       INFO ============================================================================
2026-02-12 19:19:33,160 DFCommonHSDecorator                                  INFO ============================================================================
2026-02-12 19:19:33,161 DFCommonHSDecorator                                  INFO  The following CP tools were called by DFCommonHSDecorator for the whole train:
2026-02-12 19:19:33,161 DFCommonHSDecorator                                  INFO ToolSvc.HardScatterDecorTool
2026-02-12 19:19:33,161 DFCommonHSDecorator                                  INFO ============================================================================
2026-02-12 19:19:33,161 InDetCommonKernelDFCommonTrackSelection              INFO ============================================================================
2026-02-12 19:19:33,161 InDetCommonKernelDFCommonTrackSelection              INFO  The following CP tools were called by InDetCommonKernelDFCommonTrackSelection for the whole train:
2026-02-12 19:19:33,161 InDetCommonKernelDFCommonTrackSelection              INFO ToolSvc.DFCommonTrackSelection
2026-02-12 19:19:33,161 InDetCommonKernelDFCommonTrackSelection              INFO ============================================================================
2026-02-12 19:19:33,161 InDetCommonKernelDFCommonZ0AtPV                      INFO ============================================================================
2026-02-12 19:19:33,161 InDetCommonKernelDFCommonZ0AtPV                      INFO  The following CP tools were called by InDetCommonKernelDFCommonZ0AtPV for the whole train:
2026-02-12 19:19:33,161 InDetCommonKernelDFCommonZ0AtPV                      INFO ToolSvc.DFCommonZ0AtPV
2026-02-12 19:19:33,161 InDetCommonKernelDFCommonZ0AtPV                      INFO ============================================================================
2026-02-12 19:19:33,161 InDetCommonKernelDFCommonUsedInFitDecorator          INFO ============================================================================
2026-02-12 19:19:33,161 InDetCommonKernelDFCommonUsedInFitDecorator          INFO  The following CP tools were called by InDetCommonKernelDFCommonUsedInFitDecorator for the whole train:
2026-02-12 19:19:33,161 InDetCommonKernelDFCommonUsedInFitDecorator          INFO ToolSvc.DFCommonUsedInFitDecorator
2026-02-12 19:19:33,161 InDetCommonKernelDFCommonUsedInFitDecorator          INFO ============================================================================
2026-02-12 19:19:33,161 DFCommonMuonsKernel                                  INFO ============================================================================
2026-02-12 19:19:33,161 DFCommonMuonsKernel                                  INFO  The following CP tools were called by DFCommonMuonsKernel for the whole train:
2026-02-12 19:19:33,162 DFCommonMuonsKernel                                  INFO ToolSvc.DFCommonMuonToolWrapperIDCuts
2026-02-12 19:19:33,162 DFCommonMuonsKernel                                  INFO ToolSvc.DFCommonMuonToolWrapperPreselection
2026-02-12 19:19:33,162 DFCommonMuonsKernel                                  INFO ============================================================================
2026-02-12 19:19:33,162 IsolationBuilderNonpro...All_MaxWeightLooseCone500   INFO Finalizing IsolationBuilderNonprompt_All_MaxWeightLooseCone500...
2026-02-12 19:19:33,162 IsolationBuilderNonprompt_All_MaxWeight500           INFO Finalizing IsolationBuilderNonprompt_All_MaxWeight500...
2026-02-12 19:19:33,162 IsolationBuilderNonpro...ll_MaxWeightLooseCone1000   INFO Finalizing IsolationBuilderNonprompt_All_MaxWeightLooseCone1000...
2026-02-12 19:19:33,162 IsolationBuilderNonprompt_All_MaxWeight1000          INFO Finalizing IsolationBuilderNonprompt_All_MaxWeight1000...
2026-02-12 19:19:33,162 EGammaCommonKernel                                   INFO ============================================================================
2026-02-12 19:19:33,162 EGammaCommonKernel                                   INFO  The following CP tools were called by EGammaCommonKernel for the whole train:
2026-02-12 19:19:33,162 EGammaCommonKernel                                   INFO ToolSvc.DFCommonPhotonsDirection
2026-02-12 19:19:33,162 EGammaCommonKernel                                   INFO ToolSvc.ElectronPassLHVeryLoose
2026-02-12 19:19:33,162 EGammaCommonKernel                                   INFO ToolSvc.ElectronPassLHLoose
2026-02-12 19:19:33,162 EGammaCommonKernel                                   INFO ToolSvc.ElectronPassLHLooseBL
2026-02-12 19:19:33,163 EGammaCommonKernel                                   INFO ToolSvc.ElectronPassLHMedium
2026-02-12 19:19:33,163 EGammaCommonKernel                                   INFO ToolSvc.ElectronPassLHTight
2026-02-12 19:19:33,163 EGammaCommonKernel                                   INFO ToolSvc.ElectronPassDNNLoose
2026-02-12 19:19:33,163 EGammaCommonKernel                                   INFO ToolSvc.ElectronPassDNNMedium
2026-02-12 19:19:33,163 EGammaCommonKernel                                   INFO ToolSvc.ElectronPassDNNTight
2026-02-12 19:19:33,163 EGammaCommonKernel                                   INFO ToolSvc.ElectronPassDNNVeryLooseNoCF97
2026-02-12 19:19:33,163 EGammaCommonKernel                                   INFO ToolSvc.ElectronPassDNNLooseNoCF
2026-02-12 19:19:33,163 EGammaCommonKernel                                   INFO ToolSvc.ElectronPassDNNMediumNoCF
2026-02-12 19:19:33,163 EGammaCommonKernel                                   INFO ToolSvc.ElectronPassDNNTightNoCF
2026-02-12 19:19:33,163 EGammaCommonKernel                                   INFO ToolSvc.PhotonPassIsEMLoose
2026-02-12 19:19:33,163 EGammaCommonKernel                                   INFO ToolSvc.PhotonPassIsEMMedium
2026-02-12 19:19:33,163 EGammaCommonKernel                                   INFO ToolSvc.PhotonPassIsEMTight
2026-02-12 19:19:33,163 EGammaCommonKernel                                   INFO ToolSvc.PhotonPassCleaning
2026-02-12 19:19:33,163 EGammaCommonKernel                                   INFO ToolSvc.ElectronAdditionnalAmbiguity
2026-02-12 19:19:33,163 EGammaCommonKernel                                   INFO ToolSvc.ElectronPassECIDS
2026-02-12 19:19:33,163 EGammaCommonKernel                                   INFO ToolSvc.ForwardElectronPassLHLoose
2026-02-12 19:19:33,163 EGammaCommonKernel                                   INFO ToolSvc.ForwardElectronPassLHMedium
2026-02-12 19:19:33,163 EGammaCommonKernel                                   INFO ToolSvc.ForwardElectronPassLHTight
2026-02-12 19:19:33,163 EGammaCommonKernel                                   INFO ToolSvc.DerivationFramework::EGammaClusterCoreCellRecovery
2026-02-12 19:19:33,164 EGammaCommonKernel                                   INFO ToolSvc.BkgElectronClassificationTool
2026-02-12 19:19:33,164 EGammaCommonKernel                                   INFO ToolSvc.TruthEgetIsolationTool
2026-02-12 19:19:33,164 EGammaCommonKernel                                   INFO ToolSvc.TruthEgptIsolationTool
2026-02-12 19:19:33,164 EGammaCommonKernel                                   INFO ============================================================================
2026-02-12 19:19:33,164 PFlowIsolationBuilder                                INFO Finalizing PFlowIsolationBuilder...
2026-02-12 19:19:33,165 BadBatmanAugmentation                                INFO ============================================================================
2026-02-12 19:19:33,165 BadBatmanAugmentation                                INFO  The following CP tools were called by BadBatmanAugmentation for the whole train:
2026-02-12 19:19:33,165 BadBatmanAugmentation                                INFO ToolSvc.BadBatmanAugmentationTool
2026-02-12 19:19:33,165 BadBatmanAugmentation                                INFO ============================================================================
2026-02-12 19:19:33,165 DistanceInTrainAugmentation                          INFO ============================================================================
2026-02-12 19:19:33,165 DistanceInTrainAugmentation                          INFO  The following CP tools were called by DistanceInTrainAugmentation for the whole train:
2026-02-12 19:19:33,166 DistanceInTrainAugmentation                          INFO ToolSvc.DistanceInTrainAugmentationTool
2026-02-12 19:19:33,166 DistanceInTrainAugmentation                          INFO ============================================================================
2026-02-12 19:19:33,166 TauJets_TauIDDecorKernel                             INFO ============================================================================
2026-02-12 19:19:33,166 TauJets_TauIDDecorKernel                             INFO  The following CP tools were called by TauJets_TauIDDecorKernel for the whole train:
2026-02-12 19:19:33,166 TauJets_TauIDDecorKernel                             INFO ToolSvc.TauJets_TauIDDecoratorWrapper
2026-02-12 19:19:33,166 TauJets_TauIDDecorKernel                             INFO ============================================================================
2026-02-12 19:19:33,166 TauRNNLooseAugmentationKernel                        INFO ============================================================================
2026-02-12 19:19:33,166 TauRNNLooseAugmentationKernel                        INFO  The following CP tools were called by TauRNNLooseAugmentationKernel for the whole train:
2026-02-12 19:19:33,166 TauRNNLooseAugmentationKernel                        INFO ToolSvc.TauRNNLooseWrapper
2026-02-12 19:19:33,166 TauRNNLooseAugmentationKernel                        INFO ============================================================================
2026-02-12 19:19:33,166 DFCommonMuonsKernel2                                 INFO ============================================================================
2026-02-12 19:19:33,166 DFCommonMuonsKernel2                                 INFO  The following CP tools were called by DFCommonMuonsKernel2 for the whole train:
2026-02-12 19:19:33,166 DFCommonMuonsKernel2                                 INFO ToolSvc.MuonJetDrTool
2026-02-12 19:19:33,167 DFCommonMuonsKernel2                                 INFO ============================================================================
2026-02-12 19:19:33,167 DiTauLowPtBuilder                                    INFO Finalizing DiTauLowPtBuilder...
2026-02-12 19:19:33,167 TauJets_MuonRM_TauIDDecorKernel                      INFO ============================================================================
2026-02-12 19:19:33,167 TauJets_MuonRM_TauIDDecorKernel                      INFO  The following CP tools were called by TauJets_MuonRM_TauIDDecorKernel for the whole train:
2026-02-12 19:19:33,167 TauJets_MuonRM_TauIDDecorKernel                      INFO ToolSvc.TauJets_MuonRM_TauIDDecoratorWrapper
2026-02-12 19:19:33,167 TauJets_MuonRM_TauIDDecorKernel                      INFO ============================================================================
2026-02-12 19:19:33,167 DiTauIDDecorKernel                                   INFO ============================================================================
2026-02-12 19:19:33,167 DiTauIDDecorKernel                                   INFO  The following CP tools were called by DiTauIDDecorKernel for the whole train:
2026-02-12 19:19:33,167 DiTauIDDecorKernel                                   INFO ToolSvc.DiTauIDDecoratorWrapper
2026-02-12 19:19:33,168 DiTauIDDecorKernel                                   INFO ============================================================================
2026-02-12 19:19:33,168 DiTauJets_DiTauIDDecorKernel                         INFO ============================================================================
2026-02-12 19:19:33,168 DiTauJets_DiTauIDDecorKernel                         INFO  The following CP tools were called by DiTauJets_DiTauIDDecorKernel for the whole train:
2026-02-12 19:19:33,168 DiTauJets_DiTauIDDecorKernel                         INFO ToolSvc.DiTauJets_DiTauChargeDecorator
2026-02-12 19:19:33,168 DiTauJets_DiTauIDDecorKernel                         INFO ============================================================================
2026-02-12 19:19:33,168 DiTauJetsLowPt_DiTauIDDecorKernel                    INFO ============================================================================
2026-02-12 19:19:33,168 DiTauJetsLowPt_DiTauIDDecorKernel                    INFO  The following CP tools were called by DiTauJetsLowPt_DiTauIDDecorKernel for the whole train:
2026-02-12 19:19:33,168 DiTauJetsLowPt_DiTauIDDecorKernel                    INFO ToolSvc.DiTauJetsLowPt_DiTauChargeDecorator
2026-02-12 19:19:33,168 DiTauJetsLowPt_DiTauIDDecorKernel                    INFO ============================================================================
2026-02-12 19:19:33,169 PHYSKernel                                           INFO ============================================================================
2026-02-12 19:19:33,169 PHYSKernel                                           INFO || SUMMARY OF THE DERIVATION FRAMEWORK KERNEL WITH NAME PHYSKernel || 
2026-02-12 19:19:33,169 PHYSKernel                                           INFO ============================================================================
2026-02-12 19:19:33,169 PHYSKernel                                           INFO ============================================================================
2026-02-12 19:19:33,169 PHYSKernel                                           INFO Events analyzed: 0
2026-02-12 19:19:33,169 PHYSKernel                                           INFO Events accepted: 0
2026-02-12 19:19:33,169 PHYSKernel                                           INFO ============================================================================
2026-02-12 19:19:33,170 FourLeptonVertexAlg                                  INFO Proccessed in total 0 events. Lepton multiplicities observed:
2026-02-12 19:19:33,170 FourLeptonVertexAlg                                  INFO     ---- Events with 0 leptons: 0 (elec/muon) 0/0 (0%)
2026-02-12 19:19:33,170 FourLeptonVertexAlg                                  INFO     ---- Events with 1 leptons: 0 (elec/muon) 0/0 (0%)
2026-02-12 19:19:33,170 FourLeptonVertexAlg                                  INFO     ---- Events with 2 leptons: 0 (elec/muon) 0/0 (0%)
2026-02-12 19:19:33,170 FourLeptonVertexAlg                                  INFO     ---- Events with 3 leptons: 0 (elec/muon) 0/0 (0%)
2026-02-12 19:19:33,170 FourLeptonVertexAlg                                  INFO     ---- Events with 4 leptons: 0 (elec/muon) 0/0 (0%)
2026-02-12 19:19:33,170 FourLeptonVertexAlg                                  INFO     ---- Events with 5 leptons: 0 (elec/muon) 0/0 (0%)
2026-02-12 19:19:33,170 FourLeptonVertexAlg                                  INFO     ---- Events with 6 leptons: 0 (elec/muon) 0/0 (0%)
2026-02-12 19:19:33,170 FourLeptonVertexAlg                                  INFO     ---- Events with 7 leptons: 0 (elec/muon) 0/0 (0%)
2026-02-12 19:19:33,170 FourLeptonVertexAlg                                  INFO ---> Attempted fits 0 out of which 0 (0%) succeeded.
2026-02-12 19:19:33,170 HFClassificationCommonKernel                         INFO ============================================================================
2026-02-12 19:19:33,170 HFClassificationCommonKernel                         INFO  The following CP tools were called by HFClassificationCommonKernel for the whole train:
2026-02-12 19:19:33,170 HFClassificationCommonKernel                         INFO ToolSvc.DFCommonClassifyAndCalculateHFAugmentation
2026-02-12 19:19:33,170 HFClassificationCommonKernel                         INFO ============================================================================
2026-02-12 19:19:33,171 MCTruthCommonTausAndDecaysKernel                     INFO ============================================================================
2026-02-12 19:19:33,171 MCTruthCommonTausAndDecaysKernel                     INFO  The following CP tools were called by MCTruthCommonTausAndDecaysKernel for the whole train:
2026-02-12 19:19:33,171 MCTruthCommonTausAndDecaysKernel                     INFO ToolSvc.DFCommonTausAndDecaysTool
2026-02-12 19:19:33,171 MCTruthCommonTausAndDecaysKernel                     INFO ============================================================================
2026-02-12 19:19:33,171 AllExecutedEventsCounterAlg                          INFO accepted 0 out of 0 events for filter AllExecutedEvents (Number of processed events before any cut)
2026-02-12 19:19:33,171 DecisionSvc                                          INFO Finalized successfully.
2026-02-12 19:19:33,172 AthDictLoaderSvc                                     INFO in finalize...
2026-02-12 19:19:33,791 Domain[ROOT_All]                                     INFO >   Deaccess DbDomain     READ      [ROOT_All]
2026-02-12 19:19:33,792 AthenaPoolSharedIOCnvSvc                             INFO PerfStats ----------------------------------------
2026-02-12 19:19:33,792 AthenaPoolSharedIOCnvSvc                             INFO PerfStats Timing Measurements for AthenaPoolCnvSvc
2026-02-12 19:19:33,792 AthenaPoolSharedIOCnvSvc                             INFO PerfStats ----------------------------------------
2026-02-12 19:19:33,792 AthenaPoolSharedIOCnvSvc                             INFO PerfStats | cObjR_ALL       |            4523 ms |
2026-02-12 19:19:33,792 AthenaPoolSharedIOCnvSvc                             INFO PerfStats | fRep_ALL        |              28 ms |
2026-02-12 19:19:33,793 AthenaPoolSharedIOCnvSvc                             INFO PerfStats | cObj_ALL        |            5324 ms |
2026-02-12 19:19:33,793 AthenaPoolSharedIOCnvSvc                             INFO PerfStats | cRep_ALL        |              21 ms |
2026-02-12 19:19:33,793 AthenaPoolSharedIOCnvSvc                             INFO PerfStats ----------------------------------------
2026-02-12 19:19:33,793 Domain[ROOT_All]                                     INFO >   Deaccess DbDomain     READ      [ROOT_All]
2026-02-12 19:19:33,797 IOVDbFolder                                          INFO Folder /Digitization/Parameters (AttrList) db-read 0/1 objs/chan/bytes 1/0/0 ((     0.00 ))s
2026-02-12 19:19:33,797 IOVDbFolder                                          INFO Folder /EXT/DCS/MAGNETS/SENSORDATA (AttrListColl) db-read 1/1 objs/chan/bytes 4/4/20 ((     0.03 ))s
2026-02-12 19:19:33,797 IOVDbFolder                                          INFO Folder /GLOBAL/BField/Maps (AttrListColl) db-read 1/1 objs/chan/bytes 3/3/202 ((     0.02 ))s
2026-02-12 19:19:33,797 IOVDbFolder                                          INFO Folder /GLOBAL/TrackingGeo/LayerMaterialV2 (PoolRef) db-read 1/1 objs/chan/bytes 1/1/231 ((     0.01 ))s
2026-02-12 19:19:33,798 IOVDbFolder                                          INFO Folder /Indet/Align (PoolRefColl) db-read 1/1 objs/chan/bytes 43/43/7009 ((     0.03 ))s
2026-02-12 19:19:33,798 IOVDbFolder                                          INFO Folder /Indet/Beampos (AttrList) db-read 1/1 objs/chan/bytes 6/1/456 ((     0.02 ))s
2026-02-12 19:19:33,798 IOVDbFolder                                          INFO Folder /Indet/IBLDist (AttrListColl) db-read 1/1 objs/chan/bytes 14/14/280 ((     0.01 ))s
2026-02-12 19:19:33,798 IOVDbFolder                                          INFO Folder /LAR/Align (PoolRef) db-read 1/1 objs/chan/bytes 1/1/170 ((     0.04 ))s
2026-02-12 19:19:33,798 IOVDbFolder                                          INFO Folder /MDT/MM/PASSIVATION (AttrListColl) db-read 1/1 objs/chan/bytes 1/1/680679 ((     0.04 ))s
2026-02-12 19:19:33,798 IOVDbFolder                                          INFO Folder /TRT/Align (PoolRefColl) db-read 1/1 objs/chan/bytes 32/32/5120 ((     0.03 ))s
2026-02-12 19:19:33,798 IOVDbFolder                                          INFO Folder /TRT/Calib/DX (PoolRef) db-read 1/1 objs/chan/bytes 1/1/183 ((     0.03 ))s
2026-02-12 19:19:33,798 IOVDbFolder                                          INFO Folder /TagInfo (AttrListColl) db-read 0/1 objs/chan/bytes 1/0/0 ((     0.00 ))s
2026-02-12 19:19:33,798 IOVDbFolder                                          INFO Folder /LAR/LArCellPositionShift (PoolRef) db-read 1/1 objs/chan/bytes 1/1/195 ((     0.01 ))s
2026-02-12 19:19:33,798 IOVDbSvc                                             INFO Total payload read from IOVDb: 694545 bytes in ((      0.26 ))s
2026-02-12 19:19:33,798 IOVDbSvc                                             INFO Connection sqlite://;schema=mycool.db;dbname=OFLP200 : nConnect: 0 nFolders: 0 ReadTime: ((     0.00 ))s
2026-02-12 19:19:33,798 IOVDbSvc                                             INFO Connection COOLOFL_LAR/OFLP200 : nConnect: 2 nFolders: 2 ReadTime: ((     0.05 ))s
2026-02-12 19:19:33,798 IOVDbSvc                                             INFO Connection COOLOFL_GLOBAL/OFLP200 : nConnect: 2 nFolders: 2 ReadTime: ((     0.03 ))s
2026-02-12 19:19:33,798 IOVDbSvc                                             INFO Connection COOLOFL_DCS/OFLP200 : nConnect: 2 nFolders: 1 ReadTime: ((     0.03 ))s
2026-02-12 19:19:33,799 IOVDbSvc                                             INFO Connection COOLOFL_INDET/OFLP200 : nConnect: 2 nFolders: 3 ReadTime: ((     0.06 ))s
2026-02-12 19:19:33,799 IOVDbSvc                                             INFO Connection COOLOFL_MDT/OFLP200 : nConnect: 2 nFolders: 1 ReadTime: ((     0.04 ))s
2026-02-12 19:19:33,799 IOVDbSvc                                             INFO Connection COOLOFL_TRT/OFLP200 : nConnect: 2 nFolders: 2 ReadTime: ((     0.06 ))s
2026-02-12 19:19:33,799 ToolSvc                                              INFO Removing all tools created by ToolSvc
2026-02-12 19:19:33,800 TruthCategoriesDecorator.HiggsTruthCategoryTool      INFO  ====================================================== 
2026-02-12 19:19:33,800 TruthCategoriesDecorator.HiggsTruthCategoryTool      INFO  ---- FinalizingTruthCategoriesDecorator.HiggsTruthCategoryTool...
2026-02-12 19:19:33,800 TruthCategoriesDecorator.HiggsTruthCategoryTool      INFO  ====================================================== 
2026-02-12 19:19:33,800 TruthCategoriesDecorator.HiggsTruthCategoryTool      INFO  ====================================================== 
2026-02-12 19:19:33,801 TruthCategoriesDecorator.xAODToHepMCTool             INFO ==============================================================
2026-02-12 19:19:33,801 TruthCategoriesDecorator.xAODToHepMCTool             INFO ==========    xAOD -> HepMC Tool :: Run Summary     ==========
2026-02-12 19:19:33,801 TruthCategoriesDecorator.xAODToHepMCTool             INFO ==============================================================
2026-02-12 19:19:33,801 TruthCategoriesDecorator.xAODToHepMCTool             INFO No missing production vertices
2026-02-12 19:19:33,801 TruthCategoriesDecorator.xAODToHepMCTool             INFO No events with undefined beams.
2026-02-12 19:19:33,801 TruthCategoriesDecorator.xAODToHepMCTool             INFO ==============================================================
2026-02-12 19:19:33,801 TruthCategoriesDecorator.xAODToHepMCTool             INFO ===================    End Run Summary     ===================
2026-02-12 19:19:33,801 TruthCategoriesDecorator.xAODToHepMCTool             INFO ==============================================================
2026-02-12 19:19:33,801 ToolSvc.PHYSDiTauLowPtTPThinningTool                 INFO Processed 0 tracks, 0 were retained 
2026-02-12 19:19:33,801 ToolSvc.PHYSDiTauLowPtThinningTool                   INFO Processed 0 objects, 0 were retained 
2026-02-12 19:19:33,801 ToolSvc.PHYSDiTauTPThinningTool                      INFO Processed 0 tracks, 0 were retained 
2026-02-12 19:19:33,802 ToolSvc.PHYSDiTauThinningTool                        INFO Processed 0 objects, 0 were retained 
2026-02-12 19:19:33,802 ToolSvc.PHYSTauJets_MuonRMThinningTool               INFO Processed 0 taus, 0 were kept
2026-02-12 19:19:33,802 ToolSvc.PHYSTauJetThinningTool                       INFO Processed 0 taus, 0 were kept
2026-02-12 19:19:33,802 ToolSvc.PHYSMuonTPThinningTool                       INFO Processed 0 tracks, 0 were retained 
2026-02-12 19:19:33,802 ToolSvc.PHYSTrackParticleThinningTool                INFO Processed 0 tracks, 0 were retained 
2026-02-12 19:19:33,802 ToolSvc.TrigDecisionTool                             INFO Finalized
2026-02-12 19:19:33,802 METAssociat...MET_AssociationTool_AntiKt4EMPFlowHR   INFO Finalizing METAssociation_AntiKt4EMPFlowHR.MET_AssociationTool_AntiKt4EMPFlowHR...
2026-02-12 19:19:33,802 METAssociatio...MET_AssociationTool_AntiKt4EMPFlow   INFO Finalizing METAssociation_AntiKt4EMPFlow.MET_AssociationTool_AntiKt4EMPFlow...
2026-02-12 19:19:33,802 METAssociation...MET_AssociationTool_AntiKt4EMTopo   INFO Finalizing METAssociation_AntiKt4EMTopo.MET_AssociationTool_AntiKt4EMTopo...
2026-02-12 19:19:33,803 JetTagVertexDecoratorAlgAntiKt10UFO...JFVarFactory   INFO  Finalization of JetFitterVariablesFactory successful
2026-02-12 19:19:33,803 JetTagVertexDecoratorAlgAntiKt10...Analysis::SVTag   INFO #BTAG# Number of jets used for calibration for reference ALL : #b= 0 #light= 0 #charm= 0
2026-02-12 19:19:33,803 InDetVKalVxInJetTool                                 INFO Time User   : Tot=    0 [us]  #=  0
2026-02-12 19:19:33,803 InDetVKalVxInJetTool                                 INFO Time User   : Tot=    0 [us]  #=  0
2026-02-12 19:19:33,803 JetTagVertexDecoratorAlgAntiKt4EMPF...JFVarFactory   INFO  Finalization of JetFitterVariablesFactory successful
2026-02-12 19:19:33,804 JetTagVertexDecoratorAlgAntiKt4E...Analysis::SVTag   INFO #BTAG# Number of jets used for calibration for reference ALL : #b= 0 #light= 0 #charm= 0
2026-02-12 19:19:33,804 InDetVKalVxInJetTool                                 INFO Time User   : Tot=    0 [us]  #=  0
2026-02-12 19:19:33,804 InDetVKalVxInJetTool                                 INFO Time User   : Tot=    0 [us]  #=  0
2026-02-12 19:19:33,809 METRecoAlg_Truth.MET_RegionTool_Truth                INFO Finalizing METRecoAlg_Truth.MET_RegionTool_Truth...
2026-02-12 19:19:33,809 METRecoAlg_Truth.MET_RecoTool_Truth                  INFO Finalizing METRecoAlg_Truth.MET_RecoTool_Truth...
2026-02-12 19:19:33,810 ToolSvc.DFCommonTruthForwardProtonTool               INFO Processed 0 truth particles, 0 were retained 
2026-02-12 19:19:33,811 ToolSvc.DFCommonTruthBSMTool                         INFO Processed 0 truth particles, 0 were retained 
2026-02-12 19:19:33,811 ToolSvc.DFCommonTruthBosonTool                       INFO Processed 0 truth particles, 0 were retained 
2026-02-12 19:19:33,811 ToolSvc.DFCommonTruthTopTool                         INFO Processed 0 truth particles, 0 were retained 
2026-02-12 19:19:33,811 ToolSvc.DFCommonTruthBottomTool                      INFO Processed 0 truth particles, 0 were retained 
2026-02-12 19:19:33,811 ToolSvc.DFCommonTruthNeutrinoTool                    INFO Processed 0 truth particles, 0 were retained 
2026-02-12 19:19:33,811 ToolSvc.DFCommonTruthPhotonToolSim                   INFO Processed 0 truth particles, 0 were retained 
2026-02-12 19:19:33,811 ToolSvc.DFCommonTruthElectronTool                    INFO Processed 0 truth particles, 0 were retained 
2026-02-12 19:19:33,811 ToolSvc.DFCommonTruthMuonTool                        INFO Processed 0 truth particles, 0 were retained 
2026-02-12 19:19:33,811 ToolSvc.PhysCommonTruthCharmTool                     INFO Processed 0 truth particles, 0 were retained 
2026-02-12 19:19:33,811 ToolSvc.DFCommonTruthClassificationTool              INFO Processed and decorated 0 truth particles
2026-02-12 19:19:33,812 AthenaPoolSharedIOCnvSvc.OutputStreamingTool         INFO in finalize()
2026-02-12 19:19:33,823 InDet_TrkInJetType                                   INFO Time User   : Tot=    0 [us]  #=  0
2026-02-12 19:19:33,824 InDet_TrkInJetType                                   INFO Time User   : Tot=    0 [us]  #=  0
2026-02-12 19:19:33,824 InDet_TrkInJetType                                   INFO Time User   : Tot=    0 [us]  #=  0
2026-02-12 19:19:33,824 InDet_TrkInJetType                                   INFO Time User   : Tot=    0 [us]  #=  0
2026-02-12 19:19:33,825 ToolSvc.DiTauIDDeco...DiTauRec_OnnxScoreCalculator   INFO Finalizing DiTauOnnxDiscriminantTool
2026-02-12 19:19:33,841 METRecoAlg_Truth.MET_R...MET_IntMuonsRegions_Truth   INFO Finalizing METRecoAlg_Truth.MET_RegionTool_Truth.MET_IntMuonsRegions_Truth...
2026-02-12 19:19:33,841 METRecoAlg_Truth.MET_Reg...MET_IntOutRegions_Truth   INFO Finalizing METRecoAlg_Truth.MET_RegionTool_Truth.MET_IntOutRegions_Truth...
2026-02-12 19:19:33,841 METRecoAlg_Truth.MET_Region...MET_IntRegions_Truth   INFO Finalizing METRecoAlg_Truth.MET_RegionTool_Truth.MET_IntRegions_Truth...
2026-02-12 19:19:33,841 METRecoAlg_Truth.MET_Reg...MET_NonIntRegions_Truth   INFO Finalizing METRecoAlg_Truth.MET_RegionTool_Truth.MET_NonIntRegions_Truth...
2026-02-12 19:19:33,842 AtlasTrackingGeometryCond...MuonStationTypeBuilder   INFO  finalize() successful

The MCnet usage guidelines apply to Rivet: see http://www.montecarlonet.org/GUIDELINES
Please acknowledge Rivet in results made using it, and cite https://arxiv.org/abs/2404.15984 and https://arxiv.org/abs/2312.15070
2026-02-12 19:19:33,982 PerfMonMTSvc                                         INFO Finalizing PerfMonMTSvc
2026-02-12 19:19:33,983 IdDictDetDescrCnv                                    INFO in finalize
2026-02-12 19:19:33,986 *****Chrono*****                                     INFO ****************************************************************************************************
2026-02-12 19:19:33,986 *****Chrono*****                                     INFO  The Final CPU consumption ( Chrono ) Table (ordered)
2026-02-12 19:19:33,986 *****Chrono*****                                     INFO ****************************************************************************************************
2026-02-12 19:19:33,987 ChronoStatSvc                                        INFO Time User   : Tot=-1.47e+07 [us]  #=  1
2026-02-12 19:19:33,987 InDetVKalVxInJetTool                                 INFO Time User   : Tot=    0 [us]  #=  0
2026-02-12 19:19:33,987 InDet_TrkInJetType                                   INFO Time User   : Tot=    0 [us]  #=  0
2026-02-12 19:19:33,987 *****Chrono*****                                     INFO ****************************************************************************************************
2026-02-12 19:19:33,987 ChronoStatSvc.finalize()                             INFO  Service finalized successfully 
2026-02-12 19:19:33,987 FPEAuditor                                           INFO FPE summary for this job
2026-02-12 19:19:33,987 FPEAuditor                                           INFO  FPE OVERFLOWs  : 0
2026-02-12 19:19:33,987 FPEAuditor                                           INFO  FPE INVALIDs   : 0
2026-02-12 19:19:33,987 FPEAuditor                                           INFO  FPE DIVBYZEROs : 0
2026-02-12 19:19:34,514 PerfMonMTSvc                                         INFO =======================================================================================
2026-02-12 19:19:34,515 PerfMonMTSvc                                         INFO                                  PerfMonMTSvc Report                                   
2026-02-12 19:19:34,515 PerfMonMTSvc                                         INFO =======================================================================================
2026-02-12 19:19:34,515 PerfMonMTSvc                                         INFO *** Full set of information can also be found in: perfmonmt_Derivation.json
2026-02-12 19:19:34,515 PerfMonMTSvc                                         INFO *** In order to make plots using the results run the following commands:
2026-02-12 19:19:34,515 PerfMonMTSvc                                         INFO *** $ perfmonmt-plotter.py -i perfmonmt_Derivation.json
2026-02-12 19:19:34,515 PerfMonMTSvc                                         INFO *** In order to print tables using the results run the following commands:
2026-02-12 19:19:34,515 PerfMonMTSvc                                         INFO *** $ perfmonmt-printer.py -i perfmonmt_Derivation.json
2026-02-12 19:19:34,515 PerfMonMTSvc                                         INFO =======================================================================================
2026-02-12 19:19:34,515 PerfMonMTSvc                                         INFO =======================================================================================
2026-02-12 19:19:34,515 PerfMonMTSvc                                         INFO                              Component Level Monitoring                                
2026-02-12 19:19:34,515 PerfMonMTSvc                                         INFO =======================================================================================
2026-02-12 19:19:34,516 PerfMonMTSvc                                         INFO Step       Count           CPU Time [ms]             Vmem [kB]                                Malloc [kB]                                             Component                                                                  
2026-02-12 19:19:34,516 PerfMonMTSvc                                         INFO ---------------------------------------------------------------------------------------
2026-02-12 19:19:34,535 PerfMonMTSvc                                         INFO Initialize 1               3086.48                   128152                                   33760                                                   EGammaCommonKernel                                                         
2026-02-12 19:19:34,535 PerfMonMTSvc                                         INFO Initialize 1               627.92                    36620                                    13247                                                   MuonRemovalTauAODReRecoAlg                                                 
2026-02-12 19:19:34,535 PerfMonMTSvc                                         INFO Initialize 1               501.59                    34356                                    74752                                                   AntiKt10UFOCSSKSoftDropBeta100Zcut10Jets                                   
2026-02-12 19:19:34,535 PerfMonMTSvc                                         INFO Initialize 1               465.63                    11996                                    7584                                                    DFCommonMuonsKernel                                                        
2026-02-12 19:19:34,536 PerfMonMTSvc                                         INFO Initialize 1               446.61                    9448                                     7460                                                    ToolSvc.DFCommonMuonToolWrapperIDCuts                                      
2026-02-12 19:19:34,536 PerfMonMTSvc                                         INFO Initialize 1               440.03                    8856                                     7378                                                    ToolSvc.DFCommonMuonsSelector                                              
2026-02-12 19:19:34,536 PerfMonMTSvc                                         INFO Initialize 1               434.12                    27648                                    73350                                                   jetrecalg_AntiKt10UFOCSSKSoftDropBeta100Zcut10Jets                         
2026-02-12 19:19:34,536 PerfMonMTSvc                                         INFO Initialize 1               418.82                    46276                                    67585                                                   AntiKt4EMPFlowJets                                                         
2026-02-12 19:19:34,536 PerfMonMTSvc                                         INFO Initialize 1               415.71                    46276                                    67283                                                   jetrecalg_AntiKt4EMPFlowJets                                               
2026-02-12 19:19:34,536 PerfMonMTSvc                                         INFO Initialize 1               415.34                    46276                                    67247                                                   jetrecalg_AntiKt4EMPFlowJets.emscalemom_AntiKt4EMPFlow                     
2026-02-12 19:19:34,536 PerfMonMTSvc                                         INFO Initialize 1               414.97                    46276                                    67209                                                   jetrecalg_AntiKt4EMPFlowJets.jetens                                        
2026-02-12 19:19:34,536 PerfMonMTSvc                                         INFO Initialize 1               411.72                    46276                                    66960                                                   jetrecalg_AntiKt4EMPFlowJets.width                                         
2026-02-12 19:19:34,536 PerfMonMTSvc                                         INFO Initialize 1               411.51                    46276                                    66951                                                   jetrecalg_AntiKt4EMPFlowJets.caloqual                                      
2026-02-12 19:19:34,536 PerfMonMTSvc                                         INFO Initialize 1               410.84                    46276                                    66919                                                   jetrecalg_AntiKt4EMPFlowJets.trkmoms                                       
2026-02-12 19:19:34,536 PerfMonMTSvc                                         INFO Initialize 1               409.80                    46276                                    66847                                                   jetrecalg_AntiKt4EMPFlowJets.trksummoms                                    
2026-02-12 19:19:34,536 PerfMonMTSvc                                         INFO Initialize 1               409.35                    46276                                    66785                                                   jetrecalg_AntiKt4EMPFlowJets.jvf                                           
2026-02-12 19:19:34,536 PerfMonMTSvc                                         INFO Initialize 1               408.87                    46276                                    66724                                                   jetrecalg_AntiKt4EMPFlowJets.jvt                                           
2026-02-12 19:19:34,536 PerfMonMTSvc                                         INFO Initialize 1               406.85                    46276                                    66586                                                   jetrecalg_AntiKt4EMPFlowJets.larhvcorr                                     
2026-02-12 19:19:34,536 PerfMonMTSvc                                         INFO Initialize 1               406.68                    46276                                    66576                                                   jetrecalg_AntiKt4EMPFlowJets.iso                                           
2026-02-12 19:19:34,537 PerfMonMTSvc                                         INFO Initialize 1               406.45                    46276                                    66561                                                   jetrecalg_AntiKt4EMPFlowJets.jetPtAssociation                              
2026-02-12 19:19:34,537 PerfMonMTSvc                                         INFO Initialize 1               406.25                    46276                                    66542                                                   jetrecalg_AntiKt4EMPFlowJets.qgtagging                                     
2026-02-12 19:19:34,537 PerfMonMTSvc                                         INFO Initialize 1               405.23                    46276                                    66462                                                   jetrecalg_AntiKt4EMPFlowJets.nnjvt                                         
2026-02-12 19:19:34,537 PerfMonMTSvc                                         INFO Initialize 1               403.24                    46276                                    66424                                                   jetrecalg_AntiKt4EMPFlowJets.fJVT                                          
2026-02-12 19:19:34,537 PerfMonMTSvc                                         INFO Initialize 1               375.59                    27112                                    1972                                                    TrigNavSlimmingMTAlg_DAOD                                                  
2026-02-12 19:19:34,537 PerfMonMTSvc                                         INFO Initialize 1               368.94                    79640                                    3659                                                    ToolSvc.ElectronPassDNNLoose                                               
2026-02-12 19:19:34,537 PerfMonMTSvc                                         INFO Initialize 1               349.31                    78848                                    3449                                                    ToolSvc.ElectronPassDNNLoose.ElectronDNNSelectorLoose                      
2026-02-12 19:19:34,537 PerfMonMTSvc                                         INFO Initialize 1               345.95                    24132                                    1675                                                    ToolSvc.TrigDecisionTool.Navigation                                        
2026-02-12 19:19:34,537 PerfMonMTSvc                                         INFO Initialize 1               337.37                    8192                                     39912                                                   jetrecalg_AntiKt10UFOCSSKSoftDropBeta100Zcut10Jets.width                   
2026-02-12 19:19:34,537 PerfMonMTSvc                                         INFO Initialize 1               337.09                    8192                                     39895                                                   jetrecalg_AntiKt10UFOCSSKSoftDropBeta100Zcut10Jets.nsubjettiness           
2026-02-12 19:19:34,537 PerfMonMTSvc                                         INFO Initialize 1               335.97                    8192                                     39849                                                   jetrecalg_AntiKt10UFOCSSKSoftDropBeta100Zcut10Jets.ktsplitter              
2026-02-12 19:19:34,537 PerfMonMTSvc                                         INFO Initialize 1               335.48                    8192                                     39827                                                   jetrecalg_AntiKt10UFOCSSKSoftDropBeta100Zcut10Jets.ecorr                   
2026-02-12 19:19:34,537 PerfMonMTSvc                                         INFO Initialize 1               334.81                    8192                                     39796                                                   jetrecalg_AntiKt10UFOCSSKSoftDropBeta100Zcut10Jets.qw                      
2026-02-12 19:19:34,537 PerfMonMTSvc                                         INFO Initialize 1               334.31                    8192                                     39766                                                   jetrecalg_AntiKt10UFOCSSKSoftDropBeta100Zcut10Jets.comshapes               
2026-02-12 19:19:34,537 PerfMonMTSvc                                         INFO Initialize 1               333.44                    8192                                     39724                                                   jetrecalg_AntiKt10UFOCSSKSoftDropBeta100Zcut10Jets.ecorrgeneral            
2026-02-12 19:19:34,537 PerfMonMTSvc                                         INFO Initialize 1               332.41                    8192                                     39658                                                   jetrecalg_AntiKt10UFOCSSKSoftDropBeta100Zcut10Jets.truthlabeler_R10TruthLabel_R21Precision
2026-02-12 19:19:34,537 PerfMonMTSvc                                         INFO Initialize 1               331.52                    8192                                     39613                                                   jetrecalg_AntiKt10UFOCSSKSoftDropBeta100Zcut10Jets.truthlabeler_R10TruthLabel_R21Precision_2022v1
2026-02-12 19:19:34,537 PerfMonMTSvc                                         INFO Initialize 1               330.83                    2048                                     1383                                                    ToolSvc.ElectronPassDNNLooseNoCF                                           
2026-02-12 19:19:34,538 PerfMonMTSvc                                         INFO Initialize 1               330.73                    8192                                     39565                                                   jetrecalg_AntiKt10UFOCSSKSoftDropBeta100Zcut10Jets.truthlabeler_R10TruthLabel_R22v1
2026-02-12 19:19:34,538 PerfMonMTSvc                                         INFO Initialize 1               329.95                    8192                                     39518                                                   jetrecalg_AntiKt10UFOCSSKSoftDropBeta100Zcut10Jets.truthlabeler_R10WZTruthLabel_R22v1
2026-02-12 19:19:34,538 PerfMonMTSvc                                         INFO Initialize 1               329.22                    8192                                     39492                                                   jetrecalg_AntiKt10UFOCSSKSoftDropBeta100Zcut10Jets.emscalemom_AntiKt10UFOCSSKSoftDropBeta100Zcut10
2026-02-12 19:19:34,538 PerfMonMTSvc                                         INFO Initialize 1               328.88                    8192                                     39454                                                   jetrecalg_AntiKt10UFOCSSKSoftDropBeta100Zcut10Jets.jetenslargeR            
2026-02-12 19:19:34,538 PerfMonMTSvc                                         INFO Initialize 1               327.55                    8192                                     39409                                                   jetrecalg_AntiKt10UFOCSSKSoftDropBeta100Zcut10Jets.constitFrac             
2026-02-12 19:19:34,538 PerfMonMTSvc                                         INFO Initialize 1               327.27                    8192                                     39395                                                   jetrecalg_AntiKt10UFOCSSKSoftDropBeta100Zcut10Jets.groomMRatio             
2026-02-12 19:19:34,538 PerfMonMTSvc                                         INFO Initialize 1               327.11                    8192                                     39385                                                   jetrecalg_AntiKt10UFOCSSKSoftDropBeta100Zcut10Jets.BoostedJetTaggerTool-Top
2026-02-12 19:19:34,538 PerfMonMTSvc                                         INFO Initialize 1               326.72                    8192                                     39300                                                   jetrecalg_AntiKt10UFOCSSKSoftDropBeta100Zcut10Jets.BoostedJetTaggerTool-Top.MLHelper
2026-02-12 19:19:34,538 PerfMonMTSvc                                         INFO Initialize 1               325.36                    2048                                     1255                                                    ToolSvc.ElectronPassDNNLooseNoCF.ElectronDNNSelectorLooseNoCF              
2026-02-12 19:19:34,538 PerfMonMTSvc                                         INFO Initialize 1               318.07                    51200                                    52481                                                   FtagNN_AntiKt4EMPFlowJets_InDetTrackParticles_BTagging_20231205_GN2v01_antikt4empflow_STANDARD_Jet
2026-02-12 19:19:34,538 PerfMonMTSvc                                         INFO Initialize 1               317.15                    51200                                    52440                                                   FtagNN_AntiKt4EMPFlowJets_InDetTrackParticles_BTagging_20231205_GN2v01_antikt4empflow_STANDARD_Jet.multifold
2026-02-12 19:19:34,538 PerfMonMTSvc                                         INFO Initialize 1               312.41                    5120                                     1384                                                    ToolSvc.ElectronPassDNNMedium                                              
2026-02-12 19:19:34,538 PerfMonMTSvc                                         INFO Initialize 1               311.51                    1024                                     1384                                                    ToolSvc.ElectronPassDNNVeryLooseNoCF97                                     
2026-02-12 19:19:34,538 PerfMonMTSvc                                         INFO =======================================================================================
2026-02-12 19:19:34,538 PerfMonMTSvc                                         INFO FirstEvent 1               3010.12                   235716                                   228323                                                  CondInputLoader                                                            
2026-02-12 19:19:34,538 PerfMonMTSvc                                         INFO FirstEvent 1               1460.20                   143360                                   140697                                                  AtlasTrackingGeometryCondAlg                                               
2026-02-12 19:19:34,538 PerfMonMTSvc                                         INFO FirstEvent 1               1219.01                   262144                                   166070                                                  AtlasFieldMapCondAlg                                                       
2026-02-12 19:19:34,539 PerfMonMTSvc                                         INFO FirstEvent 1               390.36                    82944                                    178281                                                  MuonDetectorCondAlg                                                        
2026-02-12 19:19:34,539 PerfMonMTSvc                                         INFO FirstEvent 1               344.47                    116736                                   106955                                                  TRTAlignCondAlg                                                            
2026-02-12 19:19:34,539 PerfMonMTSvc                                         INFO FirstEvent 1               125.70                    54720                                    58445                                                   CaloAlignCondAlg                                                           
2026-02-12 19:19:34,539 PerfMonMTSvc                                         INFO FirstEvent 1               102.30                    6144                                     6055                                                    SCT_AlignCondAlg                                                           
2026-02-12 19:19:34,539 PerfMonMTSvc                                         INFO FirstEvent 1               31.86                     37172                                    35705                                                   AthReadAlg_AllCalo                                                         
2026-02-12 19:19:34,539 PerfMonMTSvc                                         INFO FirstEvent 1               29.25                     5120                                     4942                                                    CaloSuperCellAlignCondAlg                                                  
2026-02-12 19:19:34,539 PerfMonMTSvc                                         INFO FirstEvent 1               24.05                     0                                        1991                                                    PixelAlignCondAlg                                                          
2026-02-12 19:19:34,539 PerfMonMTSvc                                         INFO FirstEvent 1               16.95                     0                                        148                                                     NswPassivationDbAlg                                                        
2026-02-12 19:19:34,539 PerfMonMTSvc                                         INFO FirstEvent 1               14.20                     8192                                     7862                                                    SCT_DetectorElementCondAlg                                                 
2026-02-12 19:19:34,539 PerfMonMTSvc                                         INFO FirstEvent 1               3.59                      2048                                     1973                                                    PixelDetectorElementCondAlg                                                
2026-02-12 19:19:34,539 PerfMonMTSvc                                         INFO FirstEvent 1               0.73                      0                                        16                                                      LArAlignCondAlg                                                            
2026-02-12 19:19:34,539 PerfMonMTSvc                                         INFO FirstEvent 1               0.43                      0                                        7                                                       BunchCrossingCondAlgDefault                                                
2026-02-12 19:19:34,539 PerfMonMTSvc                                         INFO FirstEvent 1               0.19                      0                                        1                                                       BeamSpotCondAlg                                                            
2026-02-12 19:19:34,539 PerfMonMTSvc                                         INFO FirstEvent 1               0.17                      0                                        0                                                       AtlasFieldCacheCondAlg                                                     
2026-02-12 19:19:34,539 PerfMonMTSvc                                         INFO =======================================================================================
2026-02-12 19:19:34,540 PerfMonMTSvc                                         INFO Finalize   1               350.16                    0                                        -667871                                                 ConditionStore                                                             
2026-02-12 19:19:34,540 PerfMonMTSvc                                         INFO Finalize   1               199.48                    -64                                      -246792                                                 DetectorStore                                                              
2026-02-12 19:19:34,540 PerfMonMTSvc                                         INFO Finalize   1               174.60                    0                                        -300294                                                 ToolSvc                                                                    
2026-02-12 19:19:34,540 PerfMonMTSvc                                         INFO Finalize   1               67.92                     0                                        -64959                                                  RDBAccessSvc                                                               
2026-02-12 19:19:34,540 PerfMonMTSvc                                         INFO Finalize   1               16.89                     0                                        -16155                                                  StoreGateSvc                                                               
2026-02-12 19:19:34,540 PerfMonMTSvc                                         INFO Finalize   1               11.18                     0                                        -15548                                                  ToolSvc.DiTauIDDecoratorWrapper.DiTauRec_OnnxScoreCalculator               
2026-02-12 19:19:34,540 PerfMonMTSvc                                         INFO Finalize   1               3.95                      0                                        -51128                                                  Gaudi::MultiFileCatalog                                                    
2026-02-12 19:19:34,540 PerfMonMTSvc                                         INFO Finalize   1               3.77                      0                                        -13368                                                  MetaDataStore                                                              
2026-02-12 19:19:34,540 PerfMonMTSvc                                         INFO Finalize   1               2.79                      0                                        -3104                                                   DetDescrCnvSvc                                                             
2026-02-12 19:19:34,541 PerfMonMTSvc                                         INFO Finalize   1               0.68                      0                                        -768                                                    IOVDbSvc                                                                   
2026-02-12 19:19:34,541 PerfMonMTSvc                                         INFO Finalize   1               0.67                      0                                        6                                                       AntiKt4TruthJets                                                           
2026-02-12 19:19:34,541 PerfMonMTSvc                                         INFO Finalize   1               0.43                      0                                        3                                                       AntiKt10UFOCSSKSoftDropBeta100Zcut10Jets                                   
2026-02-12 19:19:34,541 PerfMonMTSvc                                         INFO Finalize   1               0.31                      0                                        -0                                                      EGammaCommonKernel                                                         
2026-02-12 19:19:34,541 PerfMonMTSvc                                         INFO Finalize   1               0.30                      0                                        2                                                       AntiKt4EMTopoJets                                                          
2026-02-12 19:19:34,541 PerfMonMTSvc                                         INFO Finalize   1               0.25                      0                                        2                                                       EventCleanSeq                                                              
2026-02-12 19:19:34,541 PerfMonMTSvc                                         INFO Finalize   1               0.23                      0                                        -5554                                                   InputMetaDataStore                                                         
2026-02-12 19:19:34,541 PerfMonMTSvc                                         INFO Finalize   1               0.20                      0                                        1                                                       AntiKt4EMPFlowJets                                                         
2026-02-12 19:19:34,541 PerfMonMTSvc                                         INFO Finalize   1               0.19                      0                                        -1                                                      ChronoStatSvc                                                              
2026-02-12 19:19:34,541 PerfMonMTSvc                                         INFO Finalize   1               0.19                      0                                        -4                                                      ToolSvc.PHYSDiTauLowPtTPThinningTool                                       
2026-02-12 19:19:34,541 PerfMonMTSvc                                         INFO Finalize   1               0.16                      0                                        0                                                       FourLeptonVertexAlg                                                        
2026-02-12 19:19:34,541 PerfMonMTSvc                                         INFO Finalize   1               0.16                      0                                        0                                                       antikt10ufocssksoftdropbeta100zcut10_sv1flip_secvtxfinding.IDVKalVxInJetFlip
2026-02-12 19:19:34,541 PerfMonMTSvc                                         INFO Finalize   1               0.14                      0                                        -0                                                      MCTruthClassificationKernel                                                
2026-02-12 19:19:34,541 PerfMonMTSvc                                         INFO Finalize   1               0.13                      0                                        1                                                       AntiKtVR30Rmax4Rmin02PV0TrackJets                                          
2026-02-12 19:19:34,541 PerfMonMTSvc                                         INFO Finalize   1               0.13                      0                                        -0                                                      AthenaPoolSharedIOCnvSvc                                                   
2026-02-12 19:19:34,541 PerfMonMTSvc                                         INFO Finalize   1               0.11                      0                                        1                                                       AntiKt4TruthDressedWZJets                                                  
2026-02-12 19:19:34,541 PerfMonMTSvc                                         INFO Finalize   1               0.11                      0                                        1                                                       AntiKt10LCTopoJets                                                         
2026-02-12 19:19:34,541 PerfMonMTSvc                                         INFO Finalize   1               0.11                      0                                        -0                                                      TruthCategoriesDecorator.xAODToHepMCTool                                   
2026-02-12 19:19:34,541 PerfMonMTSvc                                         INFO Finalize   1               0.11                      0                                        1                                                       AntiKtVR30Rmax4Rmin02TruthChargedJets                                      
2026-02-12 19:19:34,542 PerfMonMTSvc                                         INFO Finalize   1               0.10                      0                                        1                                                       AntiKt4TruthWZJets                                                         
2026-02-12 19:19:34,542 PerfMonMTSvc                                         INFO Finalize   1               0.10                      0                                        -0                                                      ToolSvc.TrigDecisionTool                                                   
2026-02-12 19:19:34,542 PerfMonMTSvc                                         INFO Finalize   1               0.10                      0                                        -0                                                      PHYSKernel                                                                 
2026-02-12 19:19:34,542 PerfMonMTSvc                                         INFO Finalize   1               0.09                      0                                        1                                                       AntiKt10TruthSoftDropBeta100Zcut10Jets                                     
2026-02-12 19:19:34,542 PerfMonMTSvc                                         INFO Finalize   1               0.09                      0                                        -11                                                     EventSelector                                                              
2026-02-12 19:19:34,542 PerfMonMTSvc                                         INFO Finalize   1               0.08                      0                                        -0                                                      InDetUsedInFitDecorator_0Alg                                               
2026-02-12 19:19:34,542 PerfMonMTSvc                                         INFO Finalize   1               0.08                      0                                        -0                                                      IsolationBuilderNonprompt_All_MaxWeightLooseCone500                        
2026-02-12 19:19:34,542 PerfMonMTSvc                                         INFO Finalize   1               0.08                      0                                        -4                                                      ToolSvc.PHYSDiTauLowPtThinningTool                                         
2026-02-12 19:19:34,542 PerfMonMTSvc                                         INFO Finalize   1               0.07                      0                                        0                                                       AllExecutedEventsCounterAlg                                                
2026-02-12 19:19:34,542 PerfMonMTSvc                                         INFO Finalize   1               0.07                      0                                        -24                                                     ToolSvc.CaloSurfaceBuilder                                                 
2026-02-12 19:19:34,542 PerfMonMTSvc                                         INFO Finalize   1               0.07                      0                                        -0                                                      CondInputLoader                                                            
2026-02-12 19:19:34,542 PerfMonMTSvc                                         INFO Finalize   1               0.07                      0                                        -0                                                      DFCommonTruthMetaDataWriterKernel                                          
2026-02-12 19:19:34,542 PerfMonMTSvc                                         INFO Finalize   1               0.07                      0                                        0                                                       antikt10ufocssksoftdropbeta100zcut10_sv1flip_secvtxfinding.IDVKalVxInJetFlip.TrkInJetType
2026-02-12 19:19:34,542 PerfMonMTSvc                                         INFO Finalize   1               0.07                      0                                        -0                                                      ToolSvc.PHYSTrackParticleThinningTool                                      
2026-02-12 19:19:34,542 PerfMonMTSvc                                         INFO Finalize   1               0.07                      0                                        -0                                                      TruthCategoriesDecorator.HiggsTruthCategoryTool                            
2026-02-12 19:19:34,542 PerfMonMTSvc                                         INFO Finalize   1               0.06                      0                                        -2                                                      ToolSvc.PHYSTauJets_MuonRMThinningTool                                     
2026-02-12 19:19:34,542 PerfMonMTSvc                                         INFO Finalize   1               0.06                      0                                        -0                                                      DFCommonMuonsKernel2                                                       
2026-02-12 19:19:34,542 PerfMonMTSvc                                         INFO Finalize   1               0.06                      0                                        -0                                                      BadBatmanAugmentation                                                      
2026-02-12 19:19:34,543 PerfMonMTSvc                                         INFO Finalize   1               0.06                      0                                        -0                                                      ToolSvc.DFCommonUsedInFitDecorator                                         
2026-02-12 19:19:34,543 PerfMonMTSvc                                         INFO Finalize   1               0.06                      0                                        -0                                                      TauJets_TauIDDecorKernel                                                   
2026-02-12 19:19:34,543 PerfMonMTSvc                                         INFO Finalize   1               0.06                      0                                        0                                                       StreamDAOD_PHYS                                                            
2026-02-12 19:19:34,543 PerfMonMTSvc                                         INFO Finalize   1               0.06                      0                                        -0                                                      TauTruthCommonKernel2                                                      
2026-02-12 19:19:34,543 PerfMonMTSvc                                         INFO =======================================================================================
2026-02-12 19:19:34,543 PerfMonMTSvc                                         INFO preLoadProxy 1               25.10                     0                                        40                                                      loadCachesOverhead:COOLOFL_INDET/OFLP200                                   
2026-02-12 19:19:34,543 PerfMonMTSvc                                         INFO preLoadProxy 1               19.87                     1024                                     3                                                       loadCachesOverhead:COOLOFL_LAR/OFLP200                                     
2026-02-12 19:19:34,543 PerfMonMTSvc                                         INFO preLoadProxy 1               16.37                     0                                        13                                                      loadCachesOverhead:COOLOFL_TRT/OFLP200                                     
2026-02-12 19:19:34,543 PerfMonMTSvc                                         INFO preLoadProxy 1               15.53                     1024                                     1156                                                    FldrCache:/LAR/Align                                                       
2026-02-12 19:19:34,543 PerfMonMTSvc                                         INFO preLoadProxy 1               14.72                     0                                        3                                                       loadCachesOverhead:COOLOFL_GLOBAL/OFLP200                                  
2026-02-12 19:19:34,543 PerfMonMTSvc                                         INFO preLoadProxy 1               14.33                     0                                        2                                                       loadCachesOverhead:COOLOFL_DCS/OFLP200                                     
2026-02-12 19:19:34,543 PerfMonMTSvc                                         INFO preLoadProxy 1               13.75                     0                                        898                                                     FldrCache:/EXT/DCS/MAGNETS/SENSORDATA                                      
2026-02-12 19:19:34,543 PerfMonMTSvc                                         INFO preLoadProxy 1               13.18                     0                                        542                                                     FldrCache:/Indet/Align                                                     
2026-02-12 19:19:34,543 PerfMonMTSvc                                         INFO preLoadProxy 1               12.87                     3072                                     673                                                     loadCachesOverhead:COOLOFL_MDT/OFLP200                                     
2026-02-12 19:19:34,543 PerfMonMTSvc                                         INFO preLoadProxy 1               12.15                     3072                                     1431                                                    FldrCache:/MDT/MM/PASSIVATION                                              
2026-02-12 19:19:34,543 PerfMonMTSvc                                         INFO preLoadProxy 1               11.68                     0                                        753                                                     FldrCache:/TRT/Align                                                       
2026-02-12 19:19:34,544 PerfMonMTSvc                                         INFO preLoadProxy 1               10.30                     0                                        821                                                     FldrCache:/GLOBAL/BField/Maps                                              
2026-02-12 19:19:34,544 PerfMonMTSvc                                         INFO preLoadProxy 1               7.21                      0                                        21                                                      FldrCache:/Indet/Beampos                                                   
2026-02-12 19:19:34,544 PerfMonMTSvc                                         INFO preLoadProxy 1               4.24                      0                                        18                                                      FldrCache:/Indet/IBLDist                                                   
2026-02-12 19:19:34,544 PerfMonMTSvc                                         INFO preLoadProxy 1               4.06                      0                                        9                                                       FldrCache:/TRT/Calib/DX                                                    
2026-02-12 19:19:34,544 PerfMonMTSvc                                         INFO preLoadProxy 1               3.89                      0                                        3                                                       FldrCache:/GLOBAL/TrackingGeo/LayerMaterialV2                              
2026-02-12 19:19:34,544 PerfMonMTSvc                                         INFO preLoadProxy 1               3.63                      0                                        8                                                       FldrCache:/LAR/LArCellPositionShift                                        
2026-02-12 19:19:34,544 PerfMonMTSvc                                         INFO preLoadProxy 1               0.72                      0                                        14                                                      UpdateAddr::/TagInfo                                                       
2026-02-12 19:19:34,544 PerfMonMTSvc                                         INFO preLoadProxy 1               0.40                      0                                        13                                                      FldrSetup:/TagInfo                                                         
2026-02-12 19:19:34,544 PerfMonMTSvc                                         INFO preLoadProxy 1               0.16                      0                                        12                                                      FldrSetup:/Indet/Align                                                     
2026-02-12 19:19:34,544 PerfMonMTSvc                                         INFO preLoadProxy 1               0.10                      0                                        22                                                      FldrSetup:/Digitization/Parameters                                         
2026-02-12 19:19:34,544 PerfMonMTSvc                                         INFO preLoadProxy 1               0.08                      0                                        0                                                       FldrSetup:/GLOBAL/TrackingGeo/LayerMaterialV2                              
2026-02-12 19:19:34,544 PerfMonMTSvc                                         INFO preLoadProxy 1               0.08                      0                                        0                                                       FldrSetup:LArCellPositionShift                                             
2026-02-12 19:19:34,544 PerfMonMTSvc                                         INFO preLoadProxy 1               0.08                      0                                        10                                                      FldrSetup:/Indet/IBLDist                                                   
2026-02-12 19:19:34,544 PerfMonMTSvc                                         INFO preLoadProxy 1               0.07                      0                                        9                                                       FldrSetup:/TRT/Align                                                       
2026-02-12 19:19:34,544 PerfMonMTSvc                                         INFO preLoadProxy 1               0.07                      0                                        2                                                       FldrSetup:/EXT/DCS/MAGNETS/SENSORDATA                                      
2026-02-12 19:19:34,544 PerfMonMTSvc                                         INFO preLoadProxy 1               0.05                      0                                        3                                                       FldrSetup:/GLOBAL/BField/Maps                                              
2026-02-12 19:19:34,544 PerfMonMTSvc                                         INFO preLoadProxy 1               0.05                      0                                        0                                                       FldrSetup:/TRT/Calib/DX                                                    
2026-02-12 19:19:34,544 PerfMonMTSvc                                         INFO preLoadProxy 1               0.04                      0                                        -0                                                      AthenaAttributeList[/Digitization/Parameters]                              
2026-02-12 19:19:34,545 PerfMonMTSvc                                         INFO preLoadProxy 1               0.04                      0                                        1                                                       FldrSetup:/MDT/MM/PASSIVATION                                              
2026-02-12 19:19:34,545 PerfMonMTSvc                                         INFO preLoadProxy 1               0.02                      0                                        2                                                       FldrSetup:/Indet/Beampos                                                   
2026-02-12 19:19:34,545 PerfMonMTSvc                                         INFO preLoadProxy 1               0.02                      0                                        -0                                                      UpdateAddr::AthenaMPEventQueue_1499410_ad110f49-fdb6-4fc2-b1d6-803dedaecabe
2026-02-12 19:19:34,545 PerfMonMTSvc                                         INFO preLoadProxy 1               0.02                      0                                        -0                                                      UpdateAddr::PRESAMPLER_B_POS                                               
2026-02-12 19:19:34,545 PerfMonMTSvc                                         INFO preLoadProxy 1               0.01                      0                                        0                                                       FldrSetup:/LAR/Align                                                       
2026-02-12 19:19:34,545 PerfMonMTSvc                                         INFO preLoadProxy 1               0.01                      0                                        -0                                                      CondAttrListCollection[/TagInfo]                                           
2026-02-12 19:19:34,545 PerfMonMTSvc                                         INFO preLoadProxy 1               0.01                      0                                        -0                                                      Trk::LayerMaterialMap[/GLOBAL/TrackingGeo/LayerMaterialV2]                 
2026-02-12 19:19:34,545 PerfMonMTSvc                                         INFO preLoadProxy 1               0.01                      0                                        -0                                                      AthenaAttributeList[/Indet/Beampos]                                        
2026-02-12 19:19:34,545 PerfMonMTSvc                                         INFO preLoadProxy 1               0.01                      0                                        -0                                                      CondAttrListCollection[/EXT/DCS/MAGNETS/SENSORDATA]                        
2026-02-12 19:19:34,545 PerfMonMTSvc                                         INFO preLoadProxy 1               0.01                      0                                        -0                                                      TRTCond::StrawDxContainer[/TRT/Calib/DX]                                   
2026-02-12 19:19:34,545 PerfMonMTSvc                                         INFO preLoadProxy 1               0.01                      0                                        -0                                                      UpdateAddr::PRESAMPLER_B_NEG                                               
2026-02-12 19:19:34,545 PerfMonMTSvc                                         INFO preLoadProxy 1               0.01                      0                                        -0                                                      UpdateAddr::HEC_POS                                                        
2026-02-12 19:19:34,545 PerfMonMTSvc                                         INFO preLoadProxy 1               0.01                      0                                        -0                                                      CaloRec::CaloCellPositionShift[LArCellPositionShift]                       
2026-02-12 19:19:34,545 PerfMonMTSvc                                         INFO preLoadProxy 1               0.01                      0                                        -0                                                      DetCondKeyTrans[/LAR/Align]                                                
2026-02-12 19:19:34,545 PerfMonMTSvc                                         INFO preLoadProxy 1               0.01                      0                                        -0                                                      UpdateAddr::PRESAMPLER_EC_NEG                                              
2026-02-12 19:19:34,545 PerfMonMTSvc                                         INFO preLoadProxy 1               0.01                      0                                        -0                                                      UpdateAddr::PRESAMPLER_EC_POS                                              
2026-02-12 19:19:34,545 PerfMonMTSvc                                         INFO preLoadProxy 1               0.01                      0                                        -0                                                      UpdateAddr::HEC_NEG                                                        
2026-02-12 19:19:34,545 PerfMonMTSvc                                         INFO preLoadProxy 1               0.01                      0                                        -0                                                      CondAttrListCollection[/MDT/MM/PASSIVATION]                                
2026-02-12 19:19:34,546 PerfMonMTSvc                                         INFO preLoadProxy 1               0.01                      0                                        -0                                                      CondAttrListCollection[/GLOBAL/BField/Maps]                                
2026-02-12 19:19:34,546 PerfMonMTSvc                                         INFO preLoadProxy 1               0.01                      0                                        -0                                                      CondAttrListCollection[/Indet/IBLDist]                                     
2026-02-12 19:19:34,546 PerfMonMTSvc                                         INFO preLoadProxy 1               0.01                      0                                        -0                                                      AlignableTransformContainer[/Indet/Align]                                  
2026-02-12 19:19:34,546 PerfMonMTSvc                                         INFO =======================================================================================
2026-02-12 19:19:34,546 PerfMonMTSvc                                         INFO                                 Event Level Monitoring                                 
2026-02-12 19:19:34,546 PerfMonMTSvc                                         INFO         (Only the first 10 and the last measurements are explicitly printed)
2026-02-12 19:19:34,546 PerfMonMTSvc                                         INFO =======================================================================================
2026-02-12 19:19:34,546 PerfMonMTSvc                                         INFO Event            CPU [s]      Wall [s]     Vmem [kB]    Rss [kB]     Pss [kB]     Swap [kB]   
2026-02-12 19:19:34,546 PerfMonMTSvc                                         INFO ---------------------------------------------------------------------------------------
2026-02-12 19:19:34,546 PerfMonMTSvc                                         INFO =======================================================================================
2026-02-12 19:19:34,546 PerfMonMTSvc                                         INFO                                 Snapshots Summary                                      
2026-02-12 19:19:34,546 PerfMonMTSvc                                         INFO =======================================================================================
2026-02-12 19:19:34,546 PerfMonMTSvc                                         INFO Step          dCPU [s]     dWall [s]    <CPU>   dVmem [kB]  dRss [kB]   dPss [kB]   dSwap [kB] 
2026-02-12 19:19:34,546 PerfMonMTSvc                                         INFO ---------------------------------------------------------------------------------------
2026-02-12 19:19:34,546 PerfMonMTSvc                                         INFO Configure     12.74        19.03        0.67    1414636     1112212     813390      0          
2026-02-12 19:19:34,546 PerfMonMTSvc                                         INFO Initialize    12.68        81.66        0.16    1906852     1414392     1399552     0          
2026-02-12 19:19:34,546 PerfMonMTSvc                                         INFO FirstEvent    0.00         0.00         -nan    0           0           0           0          
2026-02-12 19:19:34,547 PerfMonMTSvc                                         INFO Execute       0.00         0.00         -nan    0           0           0           0          
2026-02-12 19:19:34,547 PerfMonMTSvc                                         INFO Finalize      0.93         1.37         0.68    -64         86740       847196      0          
2026-02-12 19:19:34,547 PerfMonMTSvc                                         INFO ***************************************************************************************
2026-02-12 19:19:34,547 PerfMonMTSvc                                         INFO Number of events processed:         0
2026-02-12 19:19:34,547 PerfMonMTSvc                                         INFO CPU usage per event [ms]:           0
2026-02-12 19:19:34,547 PerfMonMTSvc                                         INFO Events per second:                  0.000
2026-02-12 19:19:34,547 PerfMonMTSvc                                         INFO CPU utilization efficiency [%]:     25
2026-02-12 19:19:34,547 PerfMonMTSvc                                         INFO ***************************************************************************************
2026-02-12 19:19:34,547 PerfMonMTSvc                                         INFO Max Vmem:                           0.00 KB
2026-02-12 19:19:34,547 PerfMonMTSvc                                         INFO Max Rss:                            0.00 KB
2026-02-12 19:19:34,547 PerfMonMTSvc                                         INFO Max Pss:                            0.00 KB
2026-02-12 19:19:34,547 PerfMonMTSvc                                         INFO Max Swap:                           0.00 KB
2026-02-12 19:19:34,547 PerfMonMTSvc                                         INFO ***************************************************************************************
2026-02-12 19:19:34,547 PerfMonMTSvc                                         INFO Leak estimate per event Vmem:       0.00 KB
2026-02-12 19:19:34,547 PerfMonMTSvc                                         INFO Leak estimate per event Pss:        0.00 KB
2026-02-12 19:19:34,547 PerfMonMTSvc                                         INFO   >> Estimated using the last 0 measurements from the Event Level Monitoring
2026-02-12 19:19:34,547 PerfMonMTSvc                                         INFO   >> Events prior to the first 25 are omitted...
2026-02-12 19:19:34,547 PerfMonMTSvc                                         INFO =======================================================================================
2026-02-12 19:19:34,547 PerfMonMTSvc                                         INFO                                   System Information                                   
2026-02-12 19:19:34,548 PerfMonMTSvc                                         INFO =======================================================================================
2026-02-12 19:19:34,548 PerfMonMTSvc                                         INFO CPU Model:                          Intel(R) Xeon(R) Gold 6326 CPU @ 2.90GHz 24576 KB
2026-02-12 19:19:34,549 PerfMonMTSvc                                         INFO Number of Available Cores:          32
2026-02-12 19:19:34,549 PerfMonMTSvc                                         INFO Total Memory:                       251.00 GB
2026-02-12 19:19:34,549 PerfMonMTSvc                                         INFO =======================================================================================
2026-02-12 19:19:34,549 PerfMonMTSvc                                         INFO                                Environment Information                                 
2026-02-12 19:19:34,549 PerfMonMTSvc                                         INFO =======================================================================================
2026-02-12 19:19:34,549 PerfMonMTSvc                                         INFO Malloc Library:                     libtcmalloc_minimal.so
2026-02-12 19:19:34,549 PerfMonMTSvc                                         INFO Math Library:                       libimf.so
2026-02-12 19:19:34,549 PerfMonMTSvc                                         INFO =======================================================================================
2026-02-12 19:19:36,363 ApplicationMgr                                       INFO Application Manager Finalized successfully
