2026-02-12 09:28:20,357 AthMpEvtLoopMgr.SharedEvtQueueConsumer               INFO Logs redirected in the AthenaMP event worker PID=1360214
2026-02-12 09:28:20,358 AthMpEvtLoopMgr.SharedEvtQueueConsumer               INFO Io registry updated in the AthenaMP event worker PID=1360214
2026-02-12 09:28:20,365 AthMpEvtLoopMgr.SharedEvtQueueConsumer               INFO File descriptors re-opened in the AthenaMP event worker PID=1360214
2026-02-12 09:28:20,365 PoolSvc                                              INFO I/O reinitialization...
2026-02-12 09:28:20,366 PoolSvc                                              INFO Setting up APR FileCatalog and Streams
2026-02-12 09:28:20,377 PoolSvc                                              INFO Resolved path (via ATLAS_POOLCOND_PATH) is /cvmfs/atlas-condb.cern.ch/repo/conditions/poolcond/PoolFileCatalog.xml
2026-02-12 09:28:20,388 PoolSvc                                              INFO Unable find catalog apcfile:poolcond/PoolCat_oflcond.xml in $ATLAS_POOLCOND_PATH and $DATAPATH
2026-02-12 09:28:20,388 PoolSvc                                              INFO POOL WriteCatalog is xmlcatalog_file:PoolFileCatalog.xml
2026-02-12 09:28:20,604 DbSession                                            INFO     Open     DbSession
2026-02-12 09:28:20,604 Domain[ROOT_All]                                     INFO >   Access   DbDomain     READ      [ROOT_All]
2026-02-12 09:28:20,604 DbSession                                            INFO     Open     DbSession
2026-02-12 09:28:20,604 Domain[ROOT_All]                                     INFO >   Access   DbDomain     READ      [ROOT_All]
2026-02-12 09:28:20,604 MetaDataSvc                                          INFO I/O reinitialization...
2026-02-12 09:28:20,605 MetaDataSvc                                          INFO Attached MetaDataTool: ToolSvc.IOVDbMetaDataTool
2026-02-12 09:28:20,605 MetaDataSvc                                          INFO Attached MetaDataTool: ToolSvc.BookkeeperTool
2026-02-12 09:28:20,605 MetaDataSvc                                          INFO Attached MetaDataTool: ToolSvc.StreamDAOD_PHYS_CopyEventStreamInfo
2026-02-12 09:28:20,605 MetaDataSvc                                          INFO Attached MetaDataTool: ToolSvc.TriggerMenuMetaDataTool
2026-02-12 09:28:20,605 MetaDataSvc                                          INFO Attached MetaDataTool: ToolSvc.TruthMetaDataTool
2026-02-12 09:28:20,605 MetaDataSvc                                          INFO Attached MetaDataTool: ToolSvc.xAODMaker::FileMetaDataTool
2026-02-12 09:28:20,605 MetaDataSvc                                          INFO Attached MetaDataTool: ToolSvc.xAODMaker::EventFormatMetaDataTool
2026-02-12 09:28:20,605 EventSelector                                        INFO I/O reinitialization...
2026-02-12 09:28:20,605 /eos/home-b/bkamgama/draft/Run_sleep_10000/...root   INFO ->  Access   DbDatabase   READ      [ROOT_All] DDA2F11F-D15D-C648-85F4-1887AA43EA0B
2026-02-12 09:28:20,617 RootDatabase                                         INFO /eos/home-b/bkamgama/draft/Run_sleep_10000/Compression_QT/DAOD_Compression_Analysis/workspaces/lzma_level1/data/lzma_ttree_level1.AOD.pool.root File version:1063901
2026-02-12 09:28:20,628 StreamDAOD_PHYS                                      INFO I/O reinitialization...
2026-02-12 09:28:20,629 /eos/home-b/bkamgama/draft/Run_sleep_10000/...root   INFO Database being retired...
2026-02-12 09:28:20,629 /eos/home-b/bkamgama/draft/Run_sleep_10000/...root   INFO ->  Deaccess DbDatabase   READ      [ROOT_All] DDA2F11F-D15D-C648-85F4-1887AA43EA0B
2026-02-12 09:28:20,629 Domain[ROOT_All]                                     INFO >   Deaccess DbDomain     READ      [ROOT_All]
2026-02-12 09:28:20,630 DbSession                                            INFO     Open     DbSession
2026-02-12 09:28:20,630 Domain[ROOT_All]                                     INFO >   Access   DbDomain     READ      [ROOT_All]
2026-02-12 09:28:20,630 /eos/home-b/bkamgama/draft/Run_sleep_10000/...root   INFO ->  Access   DbDatabase   READ      [ROOT_All] DDA2F11F-D15D-C648-85F4-1887AA43EA0B
2026-02-12 09:28:20,634 RootDatabase                                         INFO /eos/home-b/bkamgama/draft/Run_sleep_10000/Compression_QT/DAOD_Compression_Analysis/workspaces/lzma_level1/data/lzma_ttree_level1.AOD.pool.root File version:1063901
2026-02-12 09:28:20,645 AthMpEvtLoopMgr.SharedEvtQueueConsumer               INFO Exec function in the AthenaMP worker PID=1360214
2026-02-12 09:28:21,754 AthMpEvtLoopMgr.SharedEvtQueueConsumer               INFO Fin function in the AthenaMP worker PID=1360214
2026-02-12 09:28:21,772 ToolSvc.BookkeeperTool                               INFO Successfully copied CutBookkeepers to the output MetaDataStore
2026-02-12 09:28:21,901 /eos/home-b/bkamgama/draft/Run_sleep_10000/...root   INFO Database being retired...
2026-02-12 09:28:21,902 /eos/home-b/bkamgama/draft/Run_sleep_10000/...root   INFO ->  Deaccess DbDatabase   READ      [ROOT_All] DDA2F11F-D15D-C648-85F4-1887AA43EA0B
2026-02-12 09:28:21,902 AthenaPoolSharedIOCnvSvc.OutputStreamingTool         INFO in stop()
2026-02-12 09:28:21,903 AthenaPoolSharedIOCnvSvc.OutputStreamingTool         INFO Client stop() inform Server: 1
2026-02-12 09:28:21,934 ApplicationMgr                                       INFO Application Manager Stopped successfully
2026-02-12 09:28:22,030 CondInputLoader                                      INFO Finalizing CondInputLoader...
2026-02-12 09:28:22,031 MCTruthClassificationKernel                          INFO ============================================================================
2026-02-12 09:28:22,031 MCTruthClassificationKernel                          INFO  The following CP tools were called by MCTruthClassificationKernel for the whole train:
2026-02-12 09:28:22,031 MCTruthClassificationKernel                          INFO ToolSvc.DFCommonTruthClassificationTool
2026-02-12 09:28:22,031 MCTruthClassificationKernel                          INFO ============================================================================
2026-02-12 09:28:22,031 PhysCommonTruthCharmKernel                           INFO ============================================================================
2026-02-12 09:28:22,031 PhysCommonTruthCharmKernel                           INFO  The following CP tools were called by PhysCommonTruthCharmKernel for the whole train:
2026-02-12 09:28:22,031 PhysCommonTruthCharmKernel                           INFO ToolSvc.PhysCommonTruthCharmTool
2026-02-12 09:28:22,031 PhysCommonTruthCharmKernel                           INFO ============================================================================
2026-02-12 09:28:22,032 MCTruthCommonHFAndDecaysKernel                       INFO ============================================================================
2026-02-12 09:28:22,032 MCTruthCommonHFAndDecaysKernel                       INFO  The following CP tools were called by MCTruthCommonHFAndDecaysKernel for the whole train:
2026-02-12 09:28:22,032 MCTruthCommonHFAndDecaysKernel                       INFO ToolSvc.DFCommonHFAndDecaysTool
2026-02-12 09:28:22,032 MCTruthCommonHFAndDecaysKernel                       INFO ============================================================================
2026-02-12 09:28:22,032 DFCommonTruthMetaDataWriterKernel                    INFO ============================================================================
2026-02-12 09:28:22,032 DFCommonTruthMetaDataWriterKernel                    INFO  The following CP tools were called by DFCommonTruthMetaDataWriterKernel for the whole train:
2026-02-12 09:28:22,032 DFCommonTruthMetaDataWriterKernel                    INFO ToolSvc.DFCommonTruthMetaDataWriter
2026-02-12 09:28:22,032 DFCommonTruthMetaDataWriterKernel                    INFO ============================================================================
2026-02-12 09:28:22,032 MCTruthCommonPreJetKernelNo1                         INFO ============================================================================
2026-02-12 09:28:22,032 MCTruthCommonPreJetKernelNo1                         INFO  The following CP tools were called by MCTruthCommonPreJetKernelNo1 for the whole train:
2026-02-12 09:28:22,032 MCTruthCommonPreJetKernelNo1                         INFO ToolSvc.DFCommonTruthMuonTool
2026-02-12 09:28:22,032 MCTruthCommonPreJetKernelNo1                         INFO ============================================================================
2026-02-12 09:28:22,032 MCTruthCommonPreJetKernelNo2                         INFO ============================================================================
2026-02-12 09:28:22,032 MCTruthCommonPreJetKernelNo2                         INFO  The following CP tools were called by MCTruthCommonPreJetKernelNo2 for the whole train:
2026-02-12 09:28:22,032 MCTruthCommonPreJetKernelNo2                         INFO ToolSvc.DFCommonTruthElectronTool
2026-02-12 09:28:22,033 MCTruthCommonPreJetKernelNo2                         INFO ============================================================================
2026-02-12 09:28:22,033 MCTruthCommonPreJetKernelNo3                         INFO ============================================================================
2026-02-12 09:28:22,033 MCTruthCommonPreJetKernelNo3                         INFO  The following CP tools were called by MCTruthCommonPreJetKernelNo3 for the whole train:
2026-02-12 09:28:22,033 MCTruthCommonPreJetKernelNo3                         INFO ToolSvc.DFCommonTruthPhotonToolSim
2026-02-12 09:28:22,033 MCTruthCommonPreJetKernelNo3                         INFO ============================================================================
2026-02-12 09:28:22,033 MCTruthCommonPreJetKernelNo4                         INFO ============================================================================
2026-02-12 09:28:22,033 MCTruthCommonPreJetKernelNo4                         INFO  The following CP tools were called by MCTruthCommonPreJetKernelNo4 for the whole train:
2026-02-12 09:28:22,033 MCTruthCommonPreJetKernelNo4                         INFO ToolSvc.DFCommonTruthNeutrinoTool
2026-02-12 09:28:22,033 MCTruthCommonPreJetKernelNo4                         INFO ============================================================================
2026-02-12 09:28:22,033 MCTruthCommonPreJetKernelNo5                         INFO ============================================================================
2026-02-12 09:28:22,033 MCTruthCommonPreJetKernelNo5                         INFO  The following CP tools were called by MCTruthCommonPreJetKernelNo5 for the whole train:
2026-02-12 09:28:22,033 MCTruthCommonPreJetKernelNo5                         INFO ToolSvc.DFCommonTruthBottomTool
2026-02-12 09:28:22,033 MCTruthCommonPreJetKernelNo5                         INFO ============================================================================
2026-02-12 09:28:22,033 MCTruthCommonPreJetKernelNo6                         INFO ============================================================================
2026-02-12 09:28:22,033 MCTruthCommonPreJetKernelNo6                         INFO  The following CP tools were called by MCTruthCommonPreJetKernelNo6 for the whole train:
2026-02-12 09:28:22,033 MCTruthCommonPreJetKernelNo6                         INFO ToolSvc.DFCommonTruthTopTool
2026-02-12 09:28:22,033 MCTruthCommonPreJetKernelNo6                         INFO ============================================================================
2026-02-12 09:28:22,034 MCTruthCommonPreJetKernelNo7                         INFO ============================================================================
2026-02-12 09:28:22,034 MCTruthCommonPreJetKernelNo7                         INFO  The following CP tools were called by MCTruthCommonPreJetKernelNo7 for the whole train:
2026-02-12 09:28:22,034 MCTruthCommonPreJetKernelNo7                         INFO ToolSvc.DFCommonTruthBosonTool
2026-02-12 09:28:22,034 MCTruthCommonPreJetKernelNo7                         INFO ============================================================================
2026-02-12 09:28:22,034 MCTruthCommonPreJetKernelNo8                         INFO ============================================================================
2026-02-12 09:28:22,034 MCTruthCommonPreJetKernelNo8                         INFO  The following CP tools were called by MCTruthCommonPreJetKernelNo8 for the whole train:
2026-02-12 09:28:22,034 MCTruthCommonPreJetKernelNo8                         INFO ToolSvc.DFCommonTruthBSMTool
2026-02-12 09:28:22,034 MCTruthCommonPreJetKernelNo8                         INFO ============================================================================
2026-02-12 09:28:22,034 MCTruthCommonPreJetKernelNo9                         INFO ============================================================================
2026-02-12 09:28:22,034 MCTruthCommonPreJetKernelNo9                         INFO  The following CP tools were called by MCTruthCommonPreJetKernelNo9 for the whole train:
2026-02-12 09:28:22,034 MCTruthCommonPreJetKernelNo9                         INFO ToolSvc.DFCommonTruthElectronIsolationTool1
2026-02-12 09:28:22,034 MCTruthCommonPreJetKernelNo9                         INFO ============================================================================
2026-02-12 09:28:22,034 MCTruthCommonPreJetKernelNo10                        INFO ============================================================================
2026-02-12 09:28:22,034 MCTruthCommonPreJetKernelNo10                        INFO  The following CP tools were called by MCTruthCommonPreJetKernelNo10 for the whole train:
2026-02-12 09:28:22,034 MCTruthCommonPreJetKernelNo10                        INFO ToolSvc.DFCommonTruthElectronIsolationTool2
2026-02-12 09:28:22,034 MCTruthCommonPreJetKernelNo10                        INFO ============================================================================
2026-02-12 09:28:22,034 MCTruthCommonPreJetKernelNo11                        INFO ============================================================================
2026-02-12 09:28:22,034 MCTruthCommonPreJetKernelNo11                        INFO  The following CP tools were called by MCTruthCommonPreJetKernelNo11 for the whole train:
2026-02-12 09:28:22,034 MCTruthCommonPreJetKernelNo11                        INFO ToolSvc.DFCommonTruthMuonIsolationTool1
2026-02-12 09:28:22,035 MCTruthCommonPreJetKernelNo11                        INFO ============================================================================
2026-02-12 09:28:22,035 MCTruthCommonPreJetKernelNo12                        INFO ============================================================================
2026-02-12 09:28:22,035 MCTruthCommonPreJetKernelNo12                        INFO  The following CP tools were called by MCTruthCommonPreJetKernelNo12 for the whole train:
2026-02-12 09:28:22,035 MCTruthCommonPreJetKernelNo12                        INFO ToolSvc.DFCommonTruthMuonIsolationTool2
2026-02-12 09:28:22,035 MCTruthCommonPreJetKernelNo12                        INFO ============================================================================
2026-02-12 09:28:22,035 MCTruthCommonPreJetKernelNo13                        INFO ============================================================================
2026-02-12 09:28:22,035 MCTruthCommonPreJetKernelNo13                        INFO  The following CP tools were called by MCTruthCommonPreJetKernelNo13 for the whole train:
2026-02-12 09:28:22,035 MCTruthCommonPreJetKernelNo13                        INFO ToolSvc.DFCommonTruthPhotonIsolationTool1
2026-02-12 09:28:22,035 MCTruthCommonPreJetKernelNo13                        INFO ============================================================================
2026-02-12 09:28:22,035 MCTruthCommonPreJetKernelNo14                        INFO ============================================================================
2026-02-12 09:28:22,035 MCTruthCommonPreJetKernelNo14                        INFO  The following CP tools were called by MCTruthCommonPreJetKernelNo14 for the whole train:
2026-02-12 09:28:22,035 MCTruthCommonPreJetKernelNo14                        INFO ToolSvc.DFCommonTruthPhotonIsolationTool2
2026-02-12 09:28:22,035 MCTruthCommonPreJetKernelNo14                        INFO ============================================================================
2026-02-12 09:28:22,035 MCTruthCommonPreJetKernelNo15                        INFO ============================================================================
2026-02-12 09:28:22,035 MCTruthCommonPreJetKernelNo15                        INFO  The following CP tools were called by MCTruthCommonPreJetKernelNo15 for the whole train:
2026-02-12 09:28:22,035 MCTruthCommonPreJetKernelNo15                        INFO ToolSvc.DFCommonTruthPhotonIsolationTool3
2026-02-12 09:28:22,035 MCTruthCommonPreJetKernelNo15                        INFO ============================================================================
2026-02-12 09:28:22,035 MCTruthCommonPreJetKernelNo16                        INFO ============================================================================
2026-02-12 09:28:22,036 MCTruthCommonPreJetKernelNo16                        INFO  The following CP tools were called by MCTruthCommonPreJetKernelNo16 for the whole train:
2026-02-12 09:28:22,036 MCTruthCommonPreJetKernelNo16                        INFO ToolSvc.DFCommonTruthForwardProtonTool
2026-02-12 09:28:22,036 MCTruthCommonPreJetKernelNo16                        INFO ============================================================================
2026-02-12 09:28:22,036 MCTruthCommonPreJetKernelNo17                        INFO ============================================================================
2026-02-12 09:28:22,036 MCTruthCommonPreJetKernelNo17                        INFO  The following CP tools were called by MCTruthCommonPreJetKernelNo17 for the whole train:
2026-02-12 09:28:22,036 MCTruthCommonPreJetKernelNo17                        INFO ToolSvc.DFCommonTruthElectronDressingTool
2026-02-12 09:28:22,036 MCTruthCommonPreJetKernelNo17                        INFO ============================================================================
2026-02-12 09:28:22,036 MCTruthCommonPreJetKernelNo18                        INFO ============================================================================
2026-02-12 09:28:22,036 MCTruthCommonPreJetKernelNo18                        INFO  The following CP tools were called by MCTruthCommonPreJetKernelNo18 for the whole train:
2026-02-12 09:28:22,036 MCTruthCommonPreJetKernelNo18                        INFO ToolSvc.DFCommonTruthMuonDressingTool
2026-02-12 09:28:22,036 MCTruthCommonPreJetKernelNo18                        INFO ============================================================================
2026-02-12 09:28:22,037 TauTruthCommonKernel2                                INFO ============================================================================
2026-02-12 09:28:22,037 TauTruthCommonKernel2                                INFO  The following CP tools were called by TauTruthCommonKernel2 for the whole train:
2026-02-12 09:28:22,037 TauTruthCommonKernel2                                INFO ToolSvc.DFCommonTauJetsTruthMatchingWrapper
2026-02-12 09:28:22,037 TauTruthCommonKernel2                                INFO ============================================================================
2026-02-12 09:28:22,038 MCTruthCommonPostJetKernelNo1                        INFO ============================================================================
2026-02-12 09:28:22,038 MCTruthCommonPostJetKernelNo1                        INFO  The following CP tools were called by MCTruthCommonPostJetKernelNo1 for the whole train:
2026-02-12 09:28:22,038 MCTruthCommonPostJetKernelNo1                        INFO ToolSvc.DFCommonTruthTauDressingTool
2026-02-12 09:28:22,038 MCTruthCommonPostJetKernelNo1                        INFO ============================================================================
2026-02-12 09:28:22,038 MCTruthCommonPostJetKernelNo2                        INFO ============================================================================
2026-02-12 09:28:22,038 MCTruthCommonPostJetKernelNo2                        INFO  The following CP tools were called by MCTruthCommonPostJetKernelNo2 for the whole train:
2026-02-12 09:28:22,038 MCTruthCommonPostJetKernelNo2                        INFO ToolSvc.DFCommonTruthGenFilt
2026-02-12 09:28:22,038 MCTruthCommonPostJetKernelNo2                        INFO ============================================================================
2026-02-12 09:28:22,038 MCTruthCommonPostJetKernelNo3                        INFO ============================================================================
2026-02-12 09:28:22,038 MCTruthCommonPostJetKernelNo3                        INFO  The following CP tools were called by MCTruthCommonPostJetKernelNo3 for the whole train:
2026-02-12 09:28:22,038 MCTruthCommonPostJetKernelNo3                        INFO ToolSvc.DFCommonTruthDressedWZQGLabelTool
2026-02-12 09:28:22,038 MCTruthCommonPostJetKernelNo3                        INFO ============================================================================
2026-02-12 09:28:22,038 MCTruthNavigationDecoratorKernel                     INFO ============================================================================
2026-02-12 09:28:22,038 MCTruthNavigationDecoratorKernel                     INFO  The following CP tools were called by MCTruthNavigationDecoratorKernel for the whole train:
2026-02-12 09:28:22,038 MCTruthNavigationDecoratorKernel                     INFO ToolSvc.DFCommonTruthNavigationDecorator
2026-02-12 09:28:22,038 MCTruthNavigationDecoratorKernel                     INFO ============================================================================
2026-02-12 09:28:22,038 MCTruthCommonBosonsAndDecaysKernel                   INFO ============================================================================
2026-02-12 09:28:22,038 MCTruthCommonBosonsAndDecaysKernel                   INFO  The following CP tools were called by MCTruthCommonBosonsAndDecaysKernel for the whole train:
2026-02-12 09:28:22,039 MCTruthCommonBosonsAndDecaysKernel                   INFO ToolSvc.DFCommonBosonsAndDecaysTool
2026-02-12 09:28:22,039 MCTruthCommonBosonsAndDecaysKernel                   INFO ============================================================================
2026-02-12 09:28:22,039 MCTruthCommonBSMAndDecaysKernel                      INFO ============================================================================
2026-02-12 09:28:22,039 MCTruthCommonBSMAndDecaysKernel                      INFO  The following CP tools were called by MCTruthCommonBSMAndDecaysKernel for the whole train:
2026-02-12 09:28:22,039 MCTruthCommonBSMAndDecaysKernel                      INFO ToolSvc.DFCommonBSMAndDecaysTool
2026-02-12 09:28:22,039 MCTruthCommonBSMAndDecaysKernel                      INFO ============================================================================
2026-02-12 09:28:22,039 MCTruthCommonBornLeptonsKernel                       INFO ============================================================================
2026-02-12 09:28:22,039 MCTruthCommonBornLeptonsKernel                       INFO  The following CP tools were called by MCTruthCommonBornLeptonsKernel for the whole train:
2026-02-12 09:28:22,039 MCTruthCommonBornLeptonsKernel                       INFO ToolSvc.DFCommonBornLeptonCollTool
2026-02-12 09:28:22,039 MCTruthCommonBornLeptonsKernel                       INFO ============================================================================
2026-02-12 09:28:22,039 MiniCollectionTruthLinkKernelNo1                     INFO ============================================================================
2026-02-12 09:28:22,039 MiniCollectionTruthLinkKernelNo1                     INFO  The following CP tools were called by MiniCollectionTruthLinkKernelNo1 for the whole train:
2026-02-12 09:28:22,039 MiniCollectionTruthLinkKernelNo1                     INFO ToolSvc.ElMiniCollectionTruthLinkTool
2026-02-12 09:28:22,039 MiniCollectionTruthLinkKernelNo1                     INFO ============================================================================
2026-02-12 09:28:22,039 MiniCollectionTruthLinkKernelNo2                     INFO ============================================================================
2026-02-12 09:28:22,039 MiniCollectionTruthLinkKernelNo2                     INFO  The following CP tools were called by MiniCollectionTruthLinkKernelNo2 for the whole train:
2026-02-12 09:28:22,039 MiniCollectionTruthLinkKernelNo2                     INFO ToolSvc.PhMiniCollectionTruthLinkTool
2026-02-12 09:28:22,039 MiniCollectionTruthLinkKernelNo2                     INFO ============================================================================
2026-02-12 09:28:22,039 MiniCollectionTruthLinkKernelNo3                     INFO ============================================================================
2026-02-12 09:28:22,040 MiniCollectionTruthLinkKernelNo3                     INFO  The following CP tools were called by MiniCollectionTruthLinkKernelNo3 for the whole train:
2026-02-12 09:28:22,040 MiniCollectionTruthLinkKernelNo3                     INFO ToolSvc.MuMiniCollectionTruthLinkTool
2026-02-12 09:28:22,040 MiniCollectionTruthLinkKernelNo3                     INFO ============================================================================
2026-02-12 09:28:22,040 MCTruthCommonTruthPVCollKernel                       INFO ============================================================================
2026-02-12 09:28:22,040 MCTruthCommonTruthPVCollKernel                       INFO  The following CP tools were called by MCTruthCommonTruthPVCollKernel for the whole train:
2026-02-12 09:28:22,040 MCTruthCommonTruthPVCollKernel                       INFO ToolSvc.DFCommonTruthPVCollTool
2026-02-12 09:28:22,040 MCTruthCommonTruthPVCollKernel                       INFO ============================================================================
2026-02-12 09:28:22,040 DFCommonHSDecorator                                  INFO ============================================================================
2026-02-12 09:28:22,040 DFCommonHSDecorator                                  INFO  The following CP tools were called by DFCommonHSDecorator for the whole train:
2026-02-12 09:28:22,040 DFCommonHSDecorator                                  INFO ToolSvc.HardScatterDecorTool
2026-02-12 09:28:22,040 DFCommonHSDecorator                                  INFO ============================================================================
2026-02-12 09:28:22,040 InDetCommonKernelDFCommonTrackSelection              INFO ============================================================================
2026-02-12 09:28:22,040 InDetCommonKernelDFCommonTrackSelection              INFO  The following CP tools were called by InDetCommonKernelDFCommonTrackSelection for the whole train:
2026-02-12 09:28:22,040 InDetCommonKernelDFCommonTrackSelection              INFO ToolSvc.DFCommonTrackSelection
2026-02-12 09:28:22,040 InDetCommonKernelDFCommonTrackSelection              INFO ============================================================================
2026-02-12 09:28:22,040 InDetCommonKernelDFCommonZ0AtPV                      INFO ============================================================================
2026-02-12 09:28:22,040 InDetCommonKernelDFCommonZ0AtPV                      INFO  The following CP tools were called by InDetCommonKernelDFCommonZ0AtPV for the whole train:
2026-02-12 09:28:22,040 InDetCommonKernelDFCommonZ0AtPV                      INFO ToolSvc.DFCommonZ0AtPV
2026-02-12 09:28:22,040 InDetCommonKernelDFCommonZ0AtPV                      INFO ============================================================================
2026-02-12 09:28:22,041 InDetCommonKernelDFCommonUsedInFitDecorator          INFO ============================================================================
2026-02-12 09:28:22,041 InDetCommonKernelDFCommonUsedInFitDecorator          INFO  The following CP tools were called by InDetCommonKernelDFCommonUsedInFitDecorator for the whole train:
2026-02-12 09:28:22,041 InDetCommonKernelDFCommonUsedInFitDecorator          INFO ToolSvc.DFCommonUsedInFitDecorator
2026-02-12 09:28:22,041 InDetCommonKernelDFCommonUsedInFitDecorator          INFO ============================================================================
2026-02-12 09:28:22,041 DFCommonMuonsKernel                                  INFO ============================================================================
2026-02-12 09:28:22,041 DFCommonMuonsKernel                                  INFO  The following CP tools were called by DFCommonMuonsKernel for the whole train:
2026-02-12 09:28:22,041 DFCommonMuonsKernel                                  INFO ToolSvc.DFCommonMuonToolWrapperIDCuts
2026-02-12 09:28:22,041 DFCommonMuonsKernel                                  INFO ToolSvc.DFCommonMuonToolWrapperPreselection
2026-02-12 09:28:22,041 DFCommonMuonsKernel                                  INFO ============================================================================
2026-02-12 09:28:22,041 IsolationBuilderNonpro...All_MaxWeightLooseCone500   INFO Finalizing IsolationBuilderNonprompt_All_MaxWeightLooseCone500...
2026-02-12 09:28:22,041 IsolationBuilderNonprompt_All_MaxWeight500           INFO Finalizing IsolationBuilderNonprompt_All_MaxWeight500...
2026-02-12 09:28:22,041 IsolationBuilderNonpro...ll_MaxWeightLooseCone1000   INFO Finalizing IsolationBuilderNonprompt_All_MaxWeightLooseCone1000...
2026-02-12 09:28:22,041 IsolationBuilderNonprompt_All_MaxWeight1000          INFO Finalizing IsolationBuilderNonprompt_All_MaxWeight1000...
2026-02-12 09:28:22,041 EGammaCommonKernel                                   INFO ============================================================================
2026-02-12 09:28:22,042 EGammaCommonKernel                                   INFO  The following CP tools were called by EGammaCommonKernel for the whole train:
2026-02-12 09:28:22,042 EGammaCommonKernel                                   INFO ToolSvc.DFCommonPhotonsDirection
2026-02-12 09:28:22,042 EGammaCommonKernel                                   INFO ToolSvc.ElectronPassLHVeryLoose
2026-02-12 09:28:22,042 EGammaCommonKernel                                   INFO ToolSvc.ElectronPassLHLoose
2026-02-12 09:28:22,042 EGammaCommonKernel                                   INFO ToolSvc.ElectronPassLHLooseBL
2026-02-12 09:28:22,042 EGammaCommonKernel                                   INFO ToolSvc.ElectronPassLHMedium
2026-02-12 09:28:22,042 EGammaCommonKernel                                   INFO ToolSvc.ElectronPassLHTight
2026-02-12 09:28:22,042 EGammaCommonKernel                                   INFO ToolSvc.ElectronPassDNNLoose
2026-02-12 09:28:22,042 EGammaCommonKernel                                   INFO ToolSvc.ElectronPassDNNMedium
2026-02-12 09:28:22,042 EGammaCommonKernel                                   INFO ToolSvc.ElectronPassDNNTight
2026-02-12 09:28:22,042 EGammaCommonKernel                                   INFO ToolSvc.ElectronPassDNNVeryLooseNoCF97
2026-02-12 09:28:22,042 EGammaCommonKernel                                   INFO ToolSvc.ElectronPassDNNLooseNoCF
2026-02-12 09:28:22,042 EGammaCommonKernel                                   INFO ToolSvc.ElectronPassDNNMediumNoCF
2026-02-12 09:28:22,042 EGammaCommonKernel                                   INFO ToolSvc.ElectronPassDNNTightNoCF
2026-02-12 09:28:22,042 EGammaCommonKernel                                   INFO ToolSvc.PhotonPassIsEMLoose
2026-02-12 09:28:22,042 EGammaCommonKernel                                   INFO ToolSvc.PhotonPassIsEMMedium
2026-02-12 09:28:22,042 EGammaCommonKernel                                   INFO ToolSvc.PhotonPassIsEMTight
2026-02-12 09:28:22,042 EGammaCommonKernel                                   INFO ToolSvc.PhotonPassCleaning
2026-02-12 09:28:22,042 EGammaCommonKernel                                   INFO ToolSvc.ElectronAdditionnalAmbiguity
2026-02-12 09:28:22,042 EGammaCommonKernel                                   INFO ToolSvc.ElectronPassECIDS
2026-02-12 09:28:22,042 EGammaCommonKernel                                   INFO ToolSvc.ForwardElectronPassLHLoose
2026-02-12 09:28:22,043 EGammaCommonKernel                                   INFO ToolSvc.ForwardElectronPassLHMedium
2026-02-12 09:28:22,043 EGammaCommonKernel                                   INFO ToolSvc.ForwardElectronPassLHTight
2026-02-12 09:28:22,043 EGammaCommonKernel                                   INFO ToolSvc.DerivationFramework::EGammaClusterCoreCellRecovery
2026-02-12 09:28:22,043 EGammaCommonKernel                                   INFO ToolSvc.BkgElectronClassificationTool
2026-02-12 09:28:22,043 EGammaCommonKernel                                   INFO ToolSvc.TruthEgetIsolationTool
2026-02-12 09:28:22,043 EGammaCommonKernel                                   INFO ToolSvc.TruthEgptIsolationTool
2026-02-12 09:28:22,043 EGammaCommonKernel                                   INFO ============================================================================
2026-02-12 09:28:22,043 PFlowIsolationBuilder                                INFO Finalizing PFlowIsolationBuilder...
2026-02-12 09:28:22,044 BadBatmanAugmentation                                INFO ============================================================================
2026-02-12 09:28:22,044 BadBatmanAugmentation                                INFO  The following CP tools were called by BadBatmanAugmentation for the whole train:
2026-02-12 09:28:22,044 BadBatmanAugmentation                                INFO ToolSvc.BadBatmanAugmentationTool
2026-02-12 09:28:22,044 BadBatmanAugmentation                                INFO ============================================================================
2026-02-12 09:28:22,044 DistanceInTrainAugmentation                          INFO ============================================================================
2026-02-12 09:28:22,045 DistanceInTrainAugmentation                          INFO  The following CP tools were called by DistanceInTrainAugmentation for the whole train:
2026-02-12 09:28:22,045 DistanceInTrainAugmentation                          INFO ToolSvc.DistanceInTrainAugmentationTool
2026-02-12 09:28:22,045 DistanceInTrainAugmentation                          INFO ============================================================================
2026-02-12 09:28:22,045 TauJets_TauIDDecorKernel                             INFO ============================================================================
2026-02-12 09:28:22,045 TauJets_TauIDDecorKernel                             INFO  The following CP tools were called by TauJets_TauIDDecorKernel for the whole train:
2026-02-12 09:28:22,045 TauJets_TauIDDecorKernel                             INFO ToolSvc.TauJets_TauIDDecoratorWrapper
2026-02-12 09:28:22,045 TauJets_TauIDDecorKernel                             INFO ============================================================================
2026-02-12 09:28:22,045 TauRNNLooseAugmentationKernel                        INFO ============================================================================
2026-02-12 09:28:22,045 TauRNNLooseAugmentationKernel                        INFO  The following CP tools were called by TauRNNLooseAugmentationKernel for the whole train:
2026-02-12 09:28:22,045 TauRNNLooseAugmentationKernel                        INFO ToolSvc.TauRNNLooseWrapper
2026-02-12 09:28:22,045 TauRNNLooseAugmentationKernel                        INFO ============================================================================
2026-02-12 09:28:22,045 DFCommonMuonsKernel2                                 INFO ============================================================================
2026-02-12 09:28:22,045 DFCommonMuonsKernel2                                 INFO  The following CP tools were called by DFCommonMuonsKernel2 for the whole train:
2026-02-12 09:28:22,045 DFCommonMuonsKernel2                                 INFO ToolSvc.MuonJetDrTool
2026-02-12 09:28:22,045 DFCommonMuonsKernel2                                 INFO ============================================================================
2026-02-12 09:28:22,046 DiTauLowPtBuilder                                    INFO Finalizing DiTauLowPtBuilder...
2026-02-12 09:28:22,046 TauJets_MuonRM_TauIDDecorKernel                      INFO ============================================================================
2026-02-12 09:28:22,046 TauJets_MuonRM_TauIDDecorKernel                      INFO  The following CP tools were called by TauJets_MuonRM_TauIDDecorKernel for the whole train:
2026-02-12 09:28:22,046 TauJets_MuonRM_TauIDDecorKernel                      INFO ToolSvc.TauJets_MuonRM_TauIDDecoratorWrapper
2026-02-12 09:28:22,046 TauJets_MuonRM_TauIDDecorKernel                      INFO ============================================================================
2026-02-12 09:28:22,046 DiTauIDDecorKernel                                   INFO ============================================================================
2026-02-12 09:28:22,046 DiTauIDDecorKernel                                   INFO  The following CP tools were called by DiTauIDDecorKernel for the whole train:
2026-02-12 09:28:22,046 DiTauIDDecorKernel                                   INFO ToolSvc.DiTauIDDecoratorWrapper
2026-02-12 09:28:22,046 DiTauIDDecorKernel                                   INFO ============================================================================
2026-02-12 09:28:22,047 DiTauJets_DiTauIDDecorKernel                         INFO ============================================================================
2026-02-12 09:28:22,047 DiTauJets_DiTauIDDecorKernel                         INFO  The following CP tools were called by DiTauJets_DiTauIDDecorKernel for the whole train:
2026-02-12 09:28:22,047 DiTauJets_DiTauIDDecorKernel                         INFO ToolSvc.DiTauJets_DiTauChargeDecorator
2026-02-12 09:28:22,047 DiTauJets_DiTauIDDecorKernel                         INFO ============================================================================
2026-02-12 09:28:22,047 DiTauJetsLowPt_DiTauIDDecorKernel                    INFO ============================================================================
2026-02-12 09:28:22,047 DiTauJetsLowPt_DiTauIDDecorKernel                    INFO  The following CP tools were called by DiTauJetsLowPt_DiTauIDDecorKernel for the whole train:
2026-02-12 09:28:22,047 DiTauJetsLowPt_DiTauIDDecorKernel                    INFO ToolSvc.DiTauJetsLowPt_DiTauChargeDecorator
2026-02-12 09:28:22,047 DiTauJetsLowPt_DiTauIDDecorKernel                    INFO ============================================================================
2026-02-12 09:28:22,048 PHYSKernel                                           INFO ============================================================================
2026-02-12 09:28:22,048 PHYSKernel                                           INFO || SUMMARY OF THE DERIVATION FRAMEWORK KERNEL WITH NAME PHYSKernel || 
2026-02-12 09:28:22,048 PHYSKernel                                           INFO ============================================================================
2026-02-12 09:28:22,048 PHYSKernel                                           INFO ============================================================================
2026-02-12 09:28:22,048 PHYSKernel                                           INFO Events analyzed: 0
2026-02-12 09:28:22,048 PHYSKernel                                           INFO Events accepted: 0
2026-02-12 09:28:22,048 PHYSKernel                                           INFO ============================================================================
2026-02-12 09:28:22,048 FourLeptonVertexAlg                                  INFO Proccessed in total 0 events. Lepton multiplicities observed:
2026-02-12 09:28:22,048 FourLeptonVertexAlg                                  INFO     ---- Events with 0 leptons: 0 (elec/muon) 0/0 (0%)
2026-02-12 09:28:22,048 FourLeptonVertexAlg                                  INFO     ---- Events with 1 leptons: 0 (elec/muon) 0/0 (0%)
2026-02-12 09:28:22,049 FourLeptonVertexAlg                                  INFO     ---- Events with 2 leptons: 0 (elec/muon) 0/0 (0%)
2026-02-12 09:28:22,049 FourLeptonVertexAlg                                  INFO     ---- Events with 3 leptons: 0 (elec/muon) 0/0 (0%)
2026-02-12 09:28:22,049 FourLeptonVertexAlg                                  INFO     ---- Events with 4 leptons: 0 (elec/muon) 0/0 (0%)
2026-02-12 09:28:22,049 FourLeptonVertexAlg                                  INFO     ---- Events with 5 leptons: 0 (elec/muon) 0/0 (0%)
2026-02-12 09:28:22,049 FourLeptonVertexAlg                                  INFO     ---- Events with 6 leptons: 0 (elec/muon) 0/0 (0%)
2026-02-12 09:28:22,049 FourLeptonVertexAlg                                  INFO     ---- Events with 7 leptons: 0 (elec/muon) 0/0 (0%)
2026-02-12 09:28:22,049 FourLeptonVertexAlg                                  INFO ---> Attempted fits 0 out of which 0 (0%) succeeded.
2026-02-12 09:28:22,049 HFClassificationCommonKernel                         INFO ============================================================================
2026-02-12 09:28:22,049 HFClassificationCommonKernel                         INFO  The following CP tools were called by HFClassificationCommonKernel for the whole train:
2026-02-12 09:28:22,049 HFClassificationCommonKernel                         INFO ToolSvc.DFCommonClassifyAndCalculateHFAugmentation
2026-02-12 09:28:22,049 HFClassificationCommonKernel                         INFO ============================================================================
2026-02-12 09:28:22,049 MCTruthCommonTausAndDecaysKernel                     INFO ============================================================================
2026-02-12 09:28:22,049 MCTruthCommonTausAndDecaysKernel                     INFO  The following CP tools were called by MCTruthCommonTausAndDecaysKernel for the whole train:
2026-02-12 09:28:22,049 MCTruthCommonTausAndDecaysKernel                     INFO ToolSvc.DFCommonTausAndDecaysTool
2026-02-12 09:28:22,049 MCTruthCommonTausAndDecaysKernel                     INFO ============================================================================
2026-02-12 09:28:22,050 AllExecutedEventsCounterAlg                          INFO accepted 0 out of 0 events for filter AllExecutedEvents (Number of processed events before any cut)
2026-02-12 09:28:22,050 DecisionSvc                                          INFO Finalized successfully.
2026-02-12 09:28:22,050 AthDictLoaderSvc                                     INFO in finalize...
2026-02-12 09:28:22,667 Domain[ROOT_All]                                     INFO >   Deaccess DbDomain     READ      [ROOT_All]
2026-02-12 09:28:22,667 AthenaPoolSharedIOCnvSvc                             INFO PerfStats ----------------------------------------
2026-02-12 09:28:22,667 AthenaPoolSharedIOCnvSvc                             INFO PerfStats Timing Measurements for AthenaPoolCnvSvc
2026-02-12 09:28:22,667 AthenaPoolSharedIOCnvSvc                             INFO PerfStats ----------------------------------------
2026-02-12 09:28:22,668 AthenaPoolSharedIOCnvSvc                             INFO PerfStats | cObjR_ALL       |            2554 ms |
2026-02-12 09:28:22,668 AthenaPoolSharedIOCnvSvc                             INFO PerfStats | fRep_ALL        |             137 ms |
2026-02-12 09:28:22,668 AthenaPoolSharedIOCnvSvc                             INFO PerfStats | cObj_ALL        |            2742 ms |
2026-02-12 09:28:22,668 AthenaPoolSharedIOCnvSvc                             INFO PerfStats | cRep_ALL        |              23 ms |
2026-02-12 09:28:22,668 AthenaPoolSharedIOCnvSvc                             INFO PerfStats ----------------------------------------
2026-02-12 09:28:22,668 Domain[ROOT_All]                                     INFO >   Deaccess DbDomain     READ      [ROOT_All]
2026-02-12 09:28:22,674 IOVDbFolder                                          INFO Folder /Digitization/Parameters (AttrList) db-read 0/1 objs/chan/bytes 1/0/0 ((     0.00 ))s
2026-02-12 09:28:22,674 IOVDbFolder                                          INFO Folder /EXT/DCS/MAGNETS/SENSORDATA (AttrListColl) db-read 1/1 objs/chan/bytes 4/4/20 ((     0.03 ))s
2026-02-12 09:28:22,674 IOVDbFolder                                          INFO Folder /GLOBAL/BField/Maps (AttrListColl) db-read 1/1 objs/chan/bytes 3/3/202 ((     0.02 ))s
2026-02-12 09:28:22,674 IOVDbFolder                                          INFO Folder /GLOBAL/TrackingGeo/LayerMaterialV2 (PoolRef) db-read 1/1 objs/chan/bytes 1/1/231 ((     0.01 ))s
2026-02-12 09:28:22,674 IOVDbFolder                                          INFO Folder /Indet/Align (PoolRefColl) db-read 1/1 objs/chan/bytes 43/43/7009 ((     0.03 ))s
2026-02-12 09:28:22,674 IOVDbFolder                                          INFO Folder /Indet/Beampos (AttrList) db-read 1/1 objs/chan/bytes 6/1/456 ((     0.02 ))s
2026-02-12 09:28:22,674 IOVDbFolder                                          INFO Folder /Indet/IBLDist (AttrListColl) db-read 1/1 objs/chan/bytes 14/14/280 ((     0.04 ))s
2026-02-12 09:28:22,674 IOVDbFolder                                          INFO Folder /LAR/Align (PoolRef) db-read 1/1 objs/chan/bytes 1/1/170 ((     0.03 ))s
2026-02-12 09:28:22,674 IOVDbFolder                                          INFO Folder /MDT/MM/PASSIVATION (AttrListColl) db-read 1/1 objs/chan/bytes 1/1/680679 ((     0.03 ))s
2026-02-12 09:28:22,675 IOVDbFolder                                          INFO Folder /TRT/Align (PoolRefColl) db-read 1/1 objs/chan/bytes 32/32/5120 ((     0.03 ))s
2026-02-12 09:28:22,675 IOVDbFolder                                          INFO Folder /TRT/Calib/DX (PoolRef) db-read 1/1 objs/chan/bytes 1/1/183 ((     0.02 ))s
2026-02-12 09:28:22,675 IOVDbFolder                                          INFO Folder /TagInfo (AttrListColl) db-read 0/1 objs/chan/bytes 1/0/0 ((     0.00 ))s
2026-02-12 09:28:22,675 IOVDbFolder                                          INFO Folder /LAR/LArCellPositionShift (PoolRef) db-read 1/1 objs/chan/bytes 1/1/195 ((     0.01 ))s
2026-02-12 09:28:22,675 IOVDbSvc                                             INFO Total payload read from IOVDb: 694545 bytes in ((      0.27 ))s
2026-02-12 09:28:22,675 IOVDbSvc                                             INFO Connection sqlite://;schema=mycool.db;dbname=OFLP200 : nConnect: 0 nFolders: 0 ReadTime: ((     0.00 ))s
2026-02-12 09:28:22,675 IOVDbSvc                                             INFO Connection COOLOFL_LAR/OFLP200 : nConnect: 2 nFolders: 2 ReadTime: ((     0.04 ))s
2026-02-12 09:28:22,675 IOVDbSvc                                             INFO Connection COOLOFL_GLOBAL/OFLP200 : nConnect: 2 nFolders: 2 ReadTime: ((     0.03 ))s
2026-02-12 09:28:22,675 IOVDbSvc                                             INFO Connection COOLOFL_DCS/OFLP200 : nConnect: 2 nFolders: 1 ReadTime: ((     0.03 ))s
2026-02-12 09:28:22,675 IOVDbSvc                                             INFO Connection COOLOFL_INDET/OFLP200 : nConnect: 2 nFolders: 3 ReadTime: ((     0.09 ))s
2026-02-12 09:28:22,675 IOVDbSvc                                             INFO Connection COOLOFL_MDT/OFLP200 : nConnect: 2 nFolders: 1 ReadTime: ((     0.03 ))s
2026-02-12 09:28:22,675 IOVDbSvc                                             INFO Connection COOLOFL_TRT/OFLP200 : nConnect: 2 nFolders: 2 ReadTime: ((     0.04 ))s
2026-02-12 09:28:22,676 ToolSvc                                              INFO Removing all tools created by ToolSvc
2026-02-12 09:28:22,677 TruthCategoriesDecorator.HiggsTruthCategoryTool      INFO  ====================================================== 
2026-02-12 09:28:22,677 TruthCategoriesDecorator.HiggsTruthCategoryTool      INFO  ---- FinalizingTruthCategoriesDecorator.HiggsTruthCategoryTool...
2026-02-12 09:28:22,677 TruthCategoriesDecorator.HiggsTruthCategoryTool      INFO  ====================================================== 
2026-02-12 09:28:22,677 TruthCategoriesDecorator.HiggsTruthCategoryTool      INFO  ====================================================== 
2026-02-12 09:28:22,677 TruthCategoriesDecorator.xAODToHepMCTool             INFO ==============================================================
2026-02-12 09:28:22,677 TruthCategoriesDecorator.xAODToHepMCTool             INFO ==========    xAOD -> HepMC Tool :: Run Summary     ==========
2026-02-12 09:28:22,677 TruthCategoriesDecorator.xAODToHepMCTool             INFO ==============================================================
2026-02-12 09:28:22,678 TruthCategoriesDecorator.xAODToHepMCTool             INFO No missing production vertices
2026-02-12 09:28:22,678 TruthCategoriesDecorator.xAODToHepMCTool             INFO No events with undefined beams.
2026-02-12 09:28:22,678 TruthCategoriesDecorator.xAODToHepMCTool             INFO ==============================================================
2026-02-12 09:28:22,678 TruthCategoriesDecorator.xAODToHepMCTool             INFO ===================    End Run Summary     ===================
2026-02-12 09:28:22,678 TruthCategoriesDecorator.xAODToHepMCTool             INFO ==============================================================
2026-02-12 09:28:22,678 ToolSvc.PHYSDiTauLowPtTPThinningTool                 INFO Processed 0 tracks, 0 were retained 
2026-02-12 09:28:22,678 ToolSvc.PHYSDiTauLowPtThinningTool                   INFO Processed 0 objects, 0 were retained 
2026-02-12 09:28:22,678 ToolSvc.PHYSDiTauTPThinningTool                      INFO Processed 0 tracks, 0 were retained 
2026-02-12 09:28:22,678 ToolSvc.PHYSDiTauThinningTool                        INFO Processed 0 objects, 0 were retained 
2026-02-12 09:28:22,678 ToolSvc.PHYSTauJets_MuonRMThinningTool               INFO Processed 0 taus, 0 were kept
2026-02-12 09:28:22,678 ToolSvc.PHYSTauJetThinningTool                       INFO Processed 0 taus, 0 were kept
2026-02-12 09:28:22,679 ToolSvc.PHYSMuonTPThinningTool                       INFO Processed 0 tracks, 0 were retained 
2026-02-12 09:28:22,679 ToolSvc.PHYSTrackParticleThinningTool                INFO Processed 0 tracks, 0 were retained 
2026-02-12 09:28:22,679 ToolSvc.TrigDecisionTool                             INFO Finalized
2026-02-12 09:28:22,679 METAssociat...MET_AssociationTool_AntiKt4EMPFlowHR   INFO Finalizing METAssociation_AntiKt4EMPFlowHR.MET_AssociationTool_AntiKt4EMPFlowHR...
2026-02-12 09:28:22,679 METAssociatio...MET_AssociationTool_AntiKt4EMPFlow   INFO Finalizing METAssociation_AntiKt4EMPFlow.MET_AssociationTool_AntiKt4EMPFlow...
2026-02-12 09:28:22,679 METAssociation...MET_AssociationTool_AntiKt4EMTopo   INFO Finalizing METAssociation_AntiKt4EMTopo.MET_AssociationTool_AntiKt4EMTopo...
2026-02-12 09:28:22,679 JetTagVertexDecoratorAlgAntiKt10UFO...JFVarFactory   INFO  Finalization of JetFitterVariablesFactory successful
2026-02-12 09:28:22,679 JetTagVertexDecoratorAlgAntiKt10...Analysis::SVTag   INFO #BTAG# Number of jets used for calibration for reference ALL : #b= 0 #light= 0 #charm= 0
2026-02-12 09:28:22,680 InDetVKalVxInJetTool                                 INFO Time User   : Tot=    0 [us]  #=  0
2026-02-12 09:28:22,680 InDetVKalVxInJetTool                                 INFO Time User   : Tot=    0 [us]  #=  0
2026-02-12 09:28:22,680 JetTagVertexDecoratorAlgAntiKt4EMPF...JFVarFactory   INFO  Finalization of JetFitterVariablesFactory successful
2026-02-12 09:28:22,680 JetTagVertexDecoratorAlgAntiKt4E...Analysis::SVTag   INFO #BTAG# Number of jets used for calibration for reference ALL : #b= 0 #light= 0 #charm= 0
2026-02-12 09:28:22,680 InDetVKalVxInJetTool                                 INFO Time User   : Tot=    0 [us]  #=  0
2026-02-12 09:28:22,680 InDetVKalVxInJetTool                                 INFO Time User   : Tot=    0 [us]  #=  0
2026-02-12 09:28:22,685 METRecoAlg_Truth.MET_RegionTool_Truth                INFO Finalizing METRecoAlg_Truth.MET_RegionTool_Truth...
2026-02-12 09:28:22,685 METRecoAlg_Truth.MET_RecoTool_Truth                  INFO Finalizing METRecoAlg_Truth.MET_RecoTool_Truth...
2026-02-12 09:28:22,687 ToolSvc.DFCommonTruthForwardProtonTool               INFO Processed 0 truth particles, 0 were retained 
2026-02-12 09:28:22,687 ToolSvc.DFCommonTruthBSMTool                         INFO Processed 0 truth particles, 0 were retained 
2026-02-12 09:28:22,687 ToolSvc.DFCommonTruthBosonTool                       INFO Processed 0 truth particles, 0 were retained 
2026-02-12 09:28:22,687 ToolSvc.DFCommonTruthTopTool                         INFO Processed 0 truth particles, 0 were retained 
2026-02-12 09:28:22,687 ToolSvc.DFCommonTruthBottomTool                      INFO Processed 0 truth particles, 0 were retained 
2026-02-12 09:28:22,687 ToolSvc.DFCommonTruthNeutrinoTool                    INFO Processed 0 truth particles, 0 were retained 
2026-02-12 09:28:22,687 ToolSvc.DFCommonTruthPhotonToolSim                   INFO Processed 0 truth particles, 0 were retained 
2026-02-12 09:28:22,688 ToolSvc.DFCommonTruthElectronTool                    INFO Processed 0 truth particles, 0 were retained 
2026-02-12 09:28:22,688 ToolSvc.DFCommonTruthMuonTool                        INFO Processed 0 truth particles, 0 were retained 
2026-02-12 09:28:22,688 ToolSvc.PhysCommonTruthCharmTool                     INFO Processed 0 truth particles, 0 were retained 
2026-02-12 09:28:22,688 ToolSvc.DFCommonTruthClassificationTool              INFO Processed and decorated 0 truth particles
2026-02-12 09:28:22,688 AthenaPoolSharedIOCnvSvc.OutputStreamingTool         INFO in finalize()
2026-02-12 09:28:22,700 InDet_TrkInJetType                                   INFO Time User   : Tot=    0 [us]  #=  0
2026-02-12 09:28:22,700 InDet_TrkInJetType                                   INFO Time User   : Tot=    0 [us]  #=  0
2026-02-12 09:28:22,700 InDet_TrkInJetType                                   INFO Time User   : Tot=    0 [us]  #=  0
2026-02-12 09:28:22,700 InDet_TrkInJetType                                   INFO Time User   : Tot=    0 [us]  #=  0
2026-02-12 09:28:22,701 ToolSvc.DiTauIDDeco...DiTauRec_OnnxScoreCalculator   INFO Finalizing DiTauOnnxDiscriminantTool
2026-02-12 09:28:22,716 METRecoAlg_Truth.MET_R...MET_IntMuonsRegions_Truth   INFO Finalizing METRecoAlg_Truth.MET_RegionTool_Truth.MET_IntMuonsRegions_Truth...
2026-02-12 09:28:22,716 METRecoAlg_Truth.MET_Reg...MET_IntOutRegions_Truth   INFO Finalizing METRecoAlg_Truth.MET_RegionTool_Truth.MET_IntOutRegions_Truth...
2026-02-12 09:28:22,717 METRecoAlg_Truth.MET_Region...MET_IntRegions_Truth   INFO Finalizing METRecoAlg_Truth.MET_RegionTool_Truth.MET_IntRegions_Truth...
2026-02-12 09:28:22,717 METRecoAlg_Truth.MET_Reg...MET_NonIntRegions_Truth   INFO Finalizing METRecoAlg_Truth.MET_RegionTool_Truth.MET_NonIntRegions_Truth...
2026-02-12 09:28:22,717 AtlasTrackingGeometryCond...MuonStationTypeBuilder   INFO  finalize() successful

The MCnet usage guidelines apply to Rivet: see http://www.montecarlonet.org/GUIDELINES
Please acknowledge Rivet in results made using it, and cite https://arxiv.org/abs/2404.15984 and https://arxiv.org/abs/2312.15070
2026-02-12 09:28:22,824 PerfMonMTSvc                                         INFO Finalizing PerfMonMTSvc
2026-02-12 09:28:22,824 IdDictDetDescrCnv                                    INFO in finalize
2026-02-12 09:28:22,827 *****Chrono*****                                     INFO ****************************************************************************************************
2026-02-12 09:28:22,827 *****Chrono*****                                     INFO  The Final CPU consumption ( Chrono ) Table (ordered)
2026-02-12 09:28:22,827 *****Chrono*****                                     INFO ****************************************************************************************************
2026-02-12 09:28:22,827 ChronoStatSvc                                        INFO Time User   : Tot=-1.41e+07 [us]  #=  1
2026-02-12 09:28:22,827 InDetVKalVxInJetTool                                 INFO Time User   : Tot=    0 [us]  #=  0
2026-02-12 09:28:22,827 InDet_TrkInJetType                                   INFO Time User   : Tot=    0 [us]  #=  0
2026-02-12 09:28:22,827 *****Chrono*****                                     INFO ****************************************************************************************************
2026-02-12 09:28:22,827 ChronoStatSvc.finalize()                             INFO  Service finalized successfully 
2026-02-12 09:28:22,827 FPEAuditor                                           INFO FPE summary for this job
2026-02-12 09:28:22,827 FPEAuditor                                           INFO  FPE OVERFLOWs  : 0
2026-02-12 09:28:22,827 FPEAuditor                                           INFO  FPE INVALIDs   : 0
2026-02-12 09:28:22,827 FPEAuditor                                           INFO  FPE DIVBYZEROs : 0
2026-02-12 09:28:22,906 PerfMonMTSvc                                         INFO =======================================================================================
2026-02-12 09:28:22,906 PerfMonMTSvc                                         INFO                                  PerfMonMTSvc Report                                   
2026-02-12 09:28:22,906 PerfMonMTSvc                                         INFO =======================================================================================
2026-02-12 09:28:22,906 PerfMonMTSvc                                         INFO *** Full set of information can also be found in: perfmonmt_Derivation.json
2026-02-12 09:28:22,906 PerfMonMTSvc                                         INFO *** In order to make plots using the results run the following commands:
2026-02-12 09:28:22,907 PerfMonMTSvc                                         INFO *** $ perfmonmt-plotter.py -i perfmonmt_Derivation.json
2026-02-12 09:28:22,907 PerfMonMTSvc                                         INFO *** In order to print tables using the results run the following commands:
2026-02-12 09:28:22,907 PerfMonMTSvc                                         INFO *** $ perfmonmt-printer.py -i perfmonmt_Derivation.json
2026-02-12 09:28:22,907 PerfMonMTSvc                                         INFO =======================================================================================
2026-02-12 09:28:22,907 PerfMonMTSvc                                         INFO =======================================================================================
2026-02-12 09:28:22,907 PerfMonMTSvc                                         INFO                              Component Level Monitoring                                
2026-02-12 09:28:22,907 PerfMonMTSvc                                         INFO =======================================================================================
2026-02-12 09:28:22,907 PerfMonMTSvc                                         INFO Step       Count           CPU Time [ms]             Vmem [kB]                                Malloc [kB]                                             Component                                                                  
2026-02-12 09:28:22,907 PerfMonMTSvc                                         INFO ---------------------------------------------------------------------------------------
2026-02-12 09:28:22,926 PerfMonMTSvc                                         INFO Initialize 1               2958.18                   125080                                   33379                                                   EGammaCommonKernel                                                         
2026-02-12 09:28:22,927 PerfMonMTSvc                                         INFO Initialize 1               585.32                    39692                                    13219                                                   MuonRemovalTauAODReRecoAlg                                                 
2026-02-12 09:28:22,927 PerfMonMTSvc                                         INFO Initialize 1               472.68                    34356                                    74752                                                   AntiKt10UFOCSSKSoftDropBeta100Zcut10Jets                                   
2026-02-12 09:28:22,927 PerfMonMTSvc                                         INFO Initialize 1               420.82                    10972                                    7539                                                    DFCommonMuonsKernel                                                        
2026-02-12 09:28:22,927 PerfMonMTSvc                                         INFO Initialize 1               411.72                    46276                                    67638                                                   AntiKt4EMPFlowJets                                                         
2026-02-12 09:28:22,927 PerfMonMTSvc                                         INFO Initialize 1               411.53                    27648                                    73350                                                   jetrecalg_AntiKt10UFOCSSKSoftDropBeta100Zcut10Jets                         
2026-02-12 09:28:22,927 PerfMonMTSvc                                         INFO Initialize 1               408.78                    46276                                    67336                                                   jetrecalg_AntiKt4EMPFlowJets                                               
2026-02-12 09:28:22,927 PerfMonMTSvc                                         INFO Initialize 1               408.43                    46276                                    67300                                                   jetrecalg_AntiKt4EMPFlowJets.emscalemom_AntiKt4EMPFlow                     
2026-02-12 09:28:22,927 PerfMonMTSvc                                         INFO Initialize 1               408.07                    46276                                    67263                                                   jetrecalg_AntiKt4EMPFlowJets.jetens                                        
2026-02-12 09:28:22,927 PerfMonMTSvc                                         INFO Initialize 1               405.12                    46276                                    67013                                                   jetrecalg_AntiKt4EMPFlowJets.width                                         
2026-02-12 09:28:22,927 PerfMonMTSvc                                         INFO Initialize 1               404.93                    46276                                    67004                                                   jetrecalg_AntiKt4EMPFlowJets.caloqual                                      
2026-02-12 09:28:22,928 PerfMonMTSvc                                         INFO Initialize 1               404.58                    8424                                     7416                                                    ToolSvc.DFCommonMuonToolWrapperIDCuts                                      
2026-02-12 09:28:22,928 PerfMonMTSvc                                         INFO Initialize 1               404.31                    46276                                    66972                                                   jetrecalg_AntiKt4EMPFlowJets.trkmoms                                       
2026-02-12 09:28:22,928 PerfMonMTSvc                                         INFO Initialize 1               403.37                    46276                                    66900                                                   jetrecalg_AntiKt4EMPFlowJets.trksummoms                                    
2026-02-12 09:28:22,928 PerfMonMTSvc                                         INFO Initialize 1               402.96                    46276                                    66839                                                   jetrecalg_AntiKt4EMPFlowJets.jvf                                           
2026-02-12 09:28:22,928 PerfMonMTSvc                                         INFO Initialize 1               402.52                    46276                                    66777                                                   jetrecalg_AntiKt4EMPFlowJets.jvt                                           
2026-02-12 09:28:22,928 PerfMonMTSvc                                         INFO Initialize 1               400.97                    46276                                    66639                                                   jetrecalg_AntiKt4EMPFlowJets.larhvcorr                                     
2026-02-12 09:28:22,928 PerfMonMTSvc                                         INFO Initialize 1               400.81                    46276                                    66629                                                   jetrecalg_AntiKt4EMPFlowJets.iso                                           
2026-02-12 09:28:22,928 PerfMonMTSvc                                         INFO Initialize 1               400.60                    46276                                    66614                                                   jetrecalg_AntiKt4EMPFlowJets.jetPtAssociation                              
2026-02-12 09:28:22,928 PerfMonMTSvc                                         INFO Initialize 1               400.42                    46276                                    66595                                                   jetrecalg_AntiKt4EMPFlowJets.qgtagging                                     
2026-02-12 09:28:22,928 PerfMonMTSvc                                         INFO Initialize 1               399.54                    46276                                    66515                                                   jetrecalg_AntiKt4EMPFlowJets.nnjvt                                         
2026-02-12 09:28:22,928 PerfMonMTSvc                                         INFO Initialize 1               399.14                    7832                                     7334                                                    ToolSvc.DFCommonMuonsSelector                                              
2026-02-12 09:28:22,928 PerfMonMTSvc                                         INFO Initialize 1               397.85                    46276                                    66477                                                   jetrecalg_AntiKt4EMPFlowJets.fJVT                                          
2026-02-12 09:28:22,928 PerfMonMTSvc                                         INFO Initialize 1               353.24                    79640                                    2425                                                    ToolSvc.ElectronPassDNNLoose                                               
2026-02-12 09:28:22,928 PerfMonMTSvc                                         INFO Initialize 1               333.86                    78848                                    2204                                                    ToolSvc.ElectronPassDNNLoose.ElectronDNNSelectorLoose                      
2026-02-12 09:28:22,928 PerfMonMTSvc                                         INFO Initialize 1               329.71                    28136                                    1977                                                    TrigNavSlimmingMTAlg_DAOD                                                  
2026-02-12 09:28:22,928 PerfMonMTSvc                                         INFO Initialize 1               319.26                    8192                                     39912                                                   jetrecalg_AntiKt10UFOCSSKSoftDropBeta100Zcut10Jets.width                   
2026-02-12 09:28:22,928 PerfMonMTSvc                                         INFO Initialize 1               318.99                    8192                                     39894                                                   jetrecalg_AntiKt10UFOCSSKSoftDropBeta100Zcut10Jets.nsubjettiness           
2026-02-12 09:28:22,928 PerfMonMTSvc                                         INFO Initialize 1               317.87                    8192                                     39849                                                   jetrecalg_AntiKt10UFOCSSKSoftDropBeta100Zcut10Jets.ktsplitter              
2026-02-12 09:28:22,928 PerfMonMTSvc                                         INFO Initialize 1               317.39                    8192                                     39827                                                   jetrecalg_AntiKt10UFOCSSKSoftDropBeta100Zcut10Jets.ecorr                   
2026-02-12 09:28:22,928 PerfMonMTSvc                                         INFO Initialize 1               316.74                    8192                                     39796                                                   jetrecalg_AntiKt10UFOCSSKSoftDropBeta100Zcut10Jets.qw                      
2026-02-12 09:28:22,929 PerfMonMTSvc                                         INFO Initialize 1               316.32                    8192                                     39766                                                   jetrecalg_AntiKt10UFOCSSKSoftDropBeta100Zcut10Jets.comshapes               
2026-02-12 09:28:22,929 PerfMonMTSvc                                         INFO Initialize 1               315.51                    8192                                     39724                                                   jetrecalg_AntiKt10UFOCSSKSoftDropBeta100Zcut10Jets.ecorrgeneral            
2026-02-12 09:28:22,929 PerfMonMTSvc                                         INFO Initialize 1               314.53                    8192                                     39658                                                   jetrecalg_AntiKt10UFOCSSKSoftDropBeta100Zcut10Jets.truthlabeler_R10TruthLabel_R21Precision
2026-02-12 09:28:22,929 PerfMonMTSvc                                         INFO Initialize 1               313.67                    8192                                     39613                                                   jetrecalg_AntiKt10UFOCSSKSoftDropBeta100Zcut10Jets.truthlabeler_R10TruthLabel_R21Precision_2022v1
2026-02-12 09:28:22,929 PerfMonMTSvc                                         INFO Initialize 1               312.89                    8192                                     39565                                                   jetrecalg_AntiKt10UFOCSSKSoftDropBeta100Zcut10Jets.truthlabeler_R10TruthLabel_R22v1
2026-02-12 09:28:22,929 PerfMonMTSvc                                         INFO Initialize 1               312.13                    8192                                     39518                                                   jetrecalg_AntiKt10UFOCSSKSoftDropBeta100Zcut10Jets.truthlabeler_R10WZTruthLabel_R22v1
2026-02-12 09:28:22,929 PerfMonMTSvc                                         INFO Initialize 1               311.39                    8192                                     39492                                                   jetrecalg_AntiKt10UFOCSSKSoftDropBeta100Zcut10Jets.emscalemom_AntiKt10UFOCSSKSoftDropBeta100Zcut10
2026-02-12 09:28:22,929 PerfMonMTSvc                                         INFO Initialize 1               311.06                    8192                                     39454                                                   jetrecalg_AntiKt10UFOCSSKSoftDropBeta100Zcut10Jets.jetenslargeR            
2026-02-12 09:28:22,929 PerfMonMTSvc                                         INFO Initialize 1               309.71                    8192                                     39409                                                   jetrecalg_AntiKt10UFOCSSKSoftDropBeta100Zcut10Jets.constitFrac             
2026-02-12 09:28:22,929 PerfMonMTSvc                                         INFO Initialize 1               309.43                    8192                                     39395                                                   jetrecalg_AntiKt10UFOCSSKSoftDropBeta100Zcut10Jets.groomMRatio             
2026-02-12 09:28:22,929 PerfMonMTSvc                                         INFO Initialize 1               309.28                    8192                                     39385                                                   jetrecalg_AntiKt10UFOCSSKSoftDropBeta100Zcut10Jets.BoostedJetTaggerTool-Top
2026-02-12 09:28:22,929 PerfMonMTSvc                                         INFO Initialize 1               308.94                    8192                                     39300                                                   jetrecalg_AntiKt10UFOCSSKSoftDropBeta100Zcut10Jets.BoostedJetTaggerTool-Top.MLHelper
2026-02-12 09:28:22,929 PerfMonMTSvc                                         INFO Initialize 1               305.91                    1024                                     1383                                                    ToolSvc.ElectronPassDNNLooseNoCF                                           
2026-02-12 09:28:22,929 PerfMonMTSvc                                         INFO Initialize 1               305.17                    2048                                     1383                                                    ToolSvc.ElectronPassDNNTightNoCF                                           
2026-02-12 09:28:22,930 PerfMonMTSvc                                         INFO Initialize 1               304.45                    1024                                     1384                                                    ToolSvc.ElectronPassDNNVeryLooseNoCF97                                     
2026-02-12 09:28:22,930 PerfMonMTSvc                                         INFO Initialize 1               303.98                    3072                                     1384                                                    ToolSvc.ElectronPassDNNMedium                                              
2026-02-12 09:28:22,930 PerfMonMTSvc                                         INFO Initialize 1               302.73                    1024                                     1383                                                    ToolSvc.ElectronPassDNNMediumNoCF                                          
2026-02-12 09:28:22,930 PerfMonMTSvc                                         INFO Initialize 1               302.55                    1024                                     1384                                                    ToolSvc.ElectronPassDNNTight                                               
2026-02-12 09:28:22,930 PerfMonMTSvc                                         INFO Initialize 1               302.47                    24132                                    1681                                                    ToolSvc.TrigDecisionTool.Navigation                                        
2026-02-12 09:28:22,930 PerfMonMTSvc                                         INFO =======================================================================================
2026-02-12 09:28:22,930 PerfMonMTSvc                                         INFO FirstEvent 1               2499.59                   240356                                   229391                                                  CondInputLoader                                                            
2026-02-12 09:28:22,930 PerfMonMTSvc                                         INFO FirstEvent 1               1363.24                   143360                                   140697                                                  AtlasTrackingGeometryCondAlg                                               
2026-02-12 09:28:22,930 PerfMonMTSvc                                         INFO FirstEvent 1               1110.34                   269568                                   166072                                                  AtlasFieldMapCondAlg                                                       
2026-02-12 09:28:22,930 PerfMonMTSvc                                         INFO FirstEvent 1               355.12                    83968                                    178281                                                  MuonDetectorCondAlg                                                        
2026-02-12 09:28:22,930 PerfMonMTSvc                                         INFO FirstEvent 1               326.54                    107520                                   106955                                                  TRTAlignCondAlg                                                            
2026-02-12 09:28:22,930 PerfMonMTSvc                                         INFO FirstEvent 1               116.38                    54720                                    58445                                                   CaloAlignCondAlg                                                           
2026-02-12 09:28:22,930 PerfMonMTSvc                                         INFO FirstEvent 1               99.72                     6144                                     6055                                                    SCT_AlignCondAlg                                                           
2026-02-12 09:28:22,930 PerfMonMTSvc                                         INFO FirstEvent 1               27.24                     16244                                    15056                                                   AthReadAlg_AllCalo                                                         
2026-02-12 09:28:22,930 PerfMonMTSvc                                         INFO FirstEvent 1               25.01                     5120                                     4942                                                    CaloSuperCellAlignCondAlg                                                  
2026-02-12 09:28:22,930 PerfMonMTSvc                                         INFO FirstEvent 1               21.89                     0                                        1991                                                    PixelAlignCondAlg                                                          
2026-02-12 09:28:22,931 PerfMonMTSvc                                         INFO FirstEvent 1               16.44                     0                                        148                                                     NswPassivationDbAlg                                                        
2026-02-12 09:28:22,931 PerfMonMTSvc                                         INFO FirstEvent 1               13.37                     8192                                     7862                                                    SCT_DetectorElementCondAlg                                                 
2026-02-12 09:28:22,931 PerfMonMTSvc                                         INFO FirstEvent 1               3.76                      2048                                     1973                                                    PixelDetectorElementCondAlg                                                
2026-02-12 09:28:22,931 PerfMonMTSvc                                         INFO FirstEvent 1               0.67                      0                                        16                                                      LArAlignCondAlg                                                            
2026-02-12 09:28:22,931 PerfMonMTSvc                                         INFO FirstEvent 1               0.39                      0                                        7                                                       BunchCrossingCondAlgDefault                                                
2026-02-12 09:28:22,931 PerfMonMTSvc                                         INFO FirstEvent 1               0.17                      0                                        1                                                       BeamSpotCondAlg                                                            
2026-02-12 09:28:22,931 PerfMonMTSvc                                         INFO FirstEvent 1               0.16                      0                                        0                                                       AtlasFieldCacheCondAlg                                                     
2026-02-12 09:28:22,931 PerfMonMTSvc                                         INFO =======================================================================================
2026-02-12 09:28:22,931 PerfMonMTSvc                                         INFO Finalize   1               350.47                    0                                        -667871                                                 ConditionStore                                                             
2026-02-12 09:28:22,931 PerfMonMTSvc                                         INFO Finalize   1               191.07                    -64                                      -246792                                                 DetectorStore                                                              
2026-02-12 09:28:22,931 PerfMonMTSvc                                         INFO Finalize   1               138.44                    -65544                                   -294971                                                 ToolSvc                                                                    
2026-02-12 09:28:22,931 PerfMonMTSvc                                         INFO Finalize   1               71.46                     0                                        -64959                                                  RDBAccessSvc                                                               
2026-02-12 09:28:22,931 PerfMonMTSvc                                         INFO Finalize   1               15.32                     0                                        -16154                                                  StoreGateSvc                                                               
2026-02-12 09:28:22,932 PerfMonMTSvc                                         INFO Finalize   1               10.35                     0                                        -15548                                                  ToolSvc.DiTauIDDecoratorWrapper.DiTauRec_OnnxScoreCalculator               
2026-02-12 09:28:22,932 PerfMonMTSvc                                         INFO Finalize   1               5.25                      0                                        -51128                                                  Gaudi::MultiFileCatalog                                                    
2026-02-12 09:28:22,932 PerfMonMTSvc                                         INFO Finalize   1               4.12                      0                                        -13401                                                  MetaDataStore                                                              
2026-02-12 09:28:22,932 PerfMonMTSvc                                         INFO Finalize   1               2.49                      0                                        -3104                                                   DetDescrCnvSvc                                                             
2026-02-12 09:28:22,932 PerfMonMTSvc                                         INFO Finalize   1               0.76                      0                                        -5614                                                   InputMetaDataStore                                                         
2026-02-12 09:28:22,932 PerfMonMTSvc                                         INFO Finalize   1               0.63                      0                                        6                                                       AntiKt4TruthJets                                                           
2026-02-12 09:28:22,932 PerfMonMTSvc                                         INFO Finalize   1               0.58                      0                                        -768                                                    IOVDbSvc                                                                   
2026-02-12 09:28:22,932 PerfMonMTSvc                                         INFO Finalize   1               0.39                      0                                        3                                                       AntiKt10UFOCSSKSoftDropBeta100Zcut10Jets                                   
2026-02-12 09:28:22,932 PerfMonMTSvc                                         INFO Finalize   1               0.27                      0                                        2                                                       AntiKt4EMTopoJets                                                          
2026-02-12 09:28:22,932 PerfMonMTSvc                                         INFO Finalize   1               0.27                      0                                        -0                                                      EGammaCommonKernel                                                         
2026-02-12 09:28:22,932 PerfMonMTSvc                                         INFO Finalize   1               0.23                      0                                        2                                                       EventCleanSeq                                                              
2026-02-12 09:28:22,932 PerfMonMTSvc                                         INFO Finalize   1               0.20                      0                                        1                                                       AntiKt4EMPFlowJets                                                         
2026-02-12 09:28:22,932 PerfMonMTSvc                                         INFO Finalize   1               0.17                      0                                        -1                                                      ChronoStatSvc                                                              
2026-02-12 09:28:22,932 PerfMonMTSvc                                         INFO Finalize   1               0.14                      0                                        0                                                       FourLeptonVertexAlg                                                        
2026-02-12 09:28:22,932 PerfMonMTSvc                                         INFO Finalize   1               0.14                      0                                        0                                                       antikt10ufocssksoftdropbeta100zcut10_sv1flip_secvtxfinding.IDVKalVxInJetFlip
2026-02-12 09:28:22,932 PerfMonMTSvc                                         INFO Finalize   1               0.13                      0                                        1                                                       AntiKtVR30Rmax4Rmin02PV0TrackJets                                          
2026-02-12 09:28:22,932 PerfMonMTSvc                                         INFO Finalize   1               0.13                      0                                        -0                                                      MCTruthClassificationKernel                                                
2026-02-12 09:28:22,932 PerfMonMTSvc                                         INFO Finalize   1               0.13                      0                                        -4                                                      ToolSvc.PHYSDiTauLowPtTPThinningTool                                       
2026-02-12 09:28:22,932 PerfMonMTSvc                                         INFO Finalize   1               0.12                      0                                        -0                                                      AthenaPoolSharedIOCnvSvc                                                   
2026-02-12 09:28:22,932 PerfMonMTSvc                                         INFO Finalize   1               0.11                      0                                        1                                                       AntiKt10LCTopoJets                                                         
2026-02-12 09:28:22,932 PerfMonMTSvc                                         INFO Finalize   1               0.10                      0                                        1                                                       AntiKt4TruthDressedWZJets                                                  
2026-02-12 09:28:22,933 PerfMonMTSvc                                         INFO Finalize   1               0.10                      0                                        1                                                       AntiKt4TruthWZJets                                                         
2026-02-12 09:28:22,933 PerfMonMTSvc                                         INFO Finalize   1               0.10                      0                                        1                                                       AntiKtVR30Rmax4Rmin02TruthChargedJets                                      
2026-02-12 09:28:22,933 PerfMonMTSvc                                         INFO Finalize   1               0.10                      0                                        -0                                                      TruthCategoriesDecorator.xAODToHepMCTool                                   
2026-02-12 09:28:22,933 PerfMonMTSvc                                         INFO Finalize   1               0.09                      0                                        -0                                                      PHYSKernel                                                                 
2026-02-12 09:28:22,933 PerfMonMTSvc                                         INFO Finalize   1               0.09                      0                                        -0                                                      ToolSvc.TrigDecisionTool                                                   
2026-02-12 09:28:22,933 PerfMonMTSvc                                         INFO Finalize   1               0.09                      0                                        -11                                                     EventSelector                                                              
2026-02-12 09:28:22,933 PerfMonMTSvc                                         INFO Finalize   1               0.09                      0                                        1                                                       AntiKt10TruthSoftDropBeta100Zcut10Jets                                     
2026-02-12 09:28:22,933 PerfMonMTSvc                                         INFO Finalize   1               0.08                      0                                        -0                                                      CondInputLoader                                                            
2026-02-12 09:28:22,933 PerfMonMTSvc                                         INFO Finalize   1               0.06                      0                                        0                                                       AllExecutedEventsCounterAlg                                                
2026-02-12 09:28:22,933 PerfMonMTSvc                                         INFO Finalize   1               0.06                      0                                        -0                                                      TruthCategoriesDecorator.HiggsTruthCategoryTool                            
2026-02-12 09:28:22,933 PerfMonMTSvc                                         INFO Finalize   1               0.06                      0                                        -0                                                      MCTruthCommonPreJetKernelNo6                                               
2026-02-12 09:28:22,933 PerfMonMTSvc                                         INFO Finalize   1               0.06                      0                                        -0                                                      ToolSvc.PHYSTrackParticleThinningTool                                      
2026-02-12 09:28:22,933 PerfMonMTSvc                                         INFO Finalize   1               0.06                      0                                        -0                                                      InDetUsedInFitDecorator_0Alg                                               
2026-02-12 09:28:22,933 PerfMonMTSvc                                         INFO Finalize   1               0.06                      0                                        -4                                                      ToolSvc.PHYSDiTauLowPtThinningTool                                         
2026-02-12 09:28:22,933 PerfMonMTSvc                                         INFO Finalize   1               0.06                      0                                        -24                                                     ToolSvc.CaloSurfaceBuilder                                                 
2026-02-12 09:28:22,933 PerfMonMTSvc                                         INFO Finalize   1               0.05                      0                                        -0                                                      DFCommonMuonsKernel                                                        
2026-02-12 09:28:22,933 PerfMonMTSvc                                         INFO Finalize   1               0.05                      0                                        -0                                                      TauJets_MuonRM_TauIDDecorKernel                                            
2026-02-12 09:28:22,933 PerfMonMTSvc                                         INFO Finalize   1               0.05                      0                                        -0                                                      jetrecalg_AntiKt4EMPFlowJets                                               
2026-02-12 09:28:22,933 PerfMonMTSvc                                         INFO Finalize   1               0.05                      0                                        0                                                       antikt10ufocssksoftdropbeta100zcut10_sv1flip_secvtxfinding.IDVKalVxInJetFlip.TrkInJetType
2026-02-12 09:28:22,933 PerfMonMTSvc                                         INFO Finalize   1               0.05                      0                                        -0                                                      MuonRemovalTauAODReRecoAlg                                                 
2026-02-12 09:28:22,934 PerfMonMTSvc                                         INFO Finalize   1               0.05                      0                                        -0                                                      PhysCommonTruthCharmKernel                                                 
2026-02-12 09:28:22,934 PerfMonMTSvc                                         INFO Finalize   1               0.05                      0                                        -0                                                      BadBatmanAugmentation                                                      
2026-02-12 09:28:22,934 PerfMonMTSvc                                         INFO Finalize   1               0.05                      0                                        -2                                                      EventInfoTagBuilder.EventInfoAttListTool                                   
2026-02-12 09:28:22,934 PerfMonMTSvc                                         INFO Finalize   1               0.05                      0                                        -0                                                      TauTruthCommonKernel2                                                      
2026-02-12 09:28:22,934 PerfMonMTSvc                                         INFO =======================================================================================
2026-02-12 09:28:22,934 PerfMonMTSvc                                         INFO preLoadProxy 1               28.00                     0                                        40                                                      loadCachesOverhead:COOLOFL_INDET/OFLP200                                   
2026-02-12 09:28:22,934 PerfMonMTSvc                                         INFO preLoadProxy 1               18.77                     1024                                     3                                                       loadCachesOverhead:COOLOFL_LAR/OFLP200                                     
2026-02-12 09:28:22,934 PerfMonMTSvc                                         INFO preLoadProxy 1               15.79                     0                                        13                                                      loadCachesOverhead:COOLOFL_TRT/OFLP200                                     
2026-02-12 09:28:22,934 PerfMonMTSvc                                         INFO preLoadProxy 1               14.80                     0                                        3                                                       loadCachesOverhead:COOLOFL_GLOBAL/OFLP200                                  
2026-02-12 09:28:22,934 PerfMonMTSvc                                         INFO preLoadProxy 1               14.76                     1024                                     1156                                                    FldrCache:/LAR/Align                                                       
2026-02-12 09:28:22,934 PerfMonMTSvc                                         INFO preLoadProxy 1               13.29                     0                                        542                                                     FldrCache:/Indet/Align                                                     
2026-02-12 09:28:22,934 PerfMonMTSvc                                         INFO preLoadProxy 1               13.05                     0                                        2                                                       loadCachesOverhead:COOLOFL_DCS/OFLP200                                     
2026-02-12 09:28:22,934 PerfMonMTSvc                                         INFO preLoadProxy 1               12.71                     0                                        898                                                     FldrCache:/EXT/DCS/MAGNETS/SENSORDATA                                      
2026-02-12 09:28:22,934 PerfMonMTSvc                                         INFO preLoadProxy 1               12.01                     3072                                     673                                                     loadCachesOverhead:COOLOFL_MDT/OFLP200                                     
2026-02-12 09:28:22,934 PerfMonMTSvc                                         INFO preLoadProxy 1               11.74                     3072                                     1431                                                    FldrCache:/MDT/MM/PASSIVATION                                              
2026-02-12 09:28:22,934 PerfMonMTSvc                                         INFO preLoadProxy 1               11.41                     0                                        753                                                     FldrCache:/TRT/Align                                                       
2026-02-12 09:28:22,934 PerfMonMTSvc                                         INFO preLoadProxy 1               10.80                     0                                        821                                                     FldrCache:/GLOBAL/BField/Maps                                              
2026-02-12 09:28:22,934 PerfMonMTSvc                                         INFO preLoadProxy 1               7.48                      0                                        18                                                      FldrCache:/Indet/IBLDist                                                   
2026-02-12 09:28:22,934 PerfMonMTSvc                                         INFO preLoadProxy 1               6.97                      0                                        21                                                      FldrCache:/Indet/Beampos                                                   
2026-02-12 09:28:22,935 PerfMonMTSvc                                         INFO preLoadProxy 1               4.05                      0                                        9                                                       FldrCache:/TRT/Calib/DX                                                    
2026-02-12 09:28:22,935 PerfMonMTSvc                                         INFO preLoadProxy 1               3.70                      0                                        3                                                       FldrCache:/GLOBAL/TrackingGeo/LayerMaterialV2                              
2026-02-12 09:28:22,935 PerfMonMTSvc                                         INFO preLoadProxy 1               3.55                      0                                        8                                                       FldrCache:/LAR/LArCellPositionShift                                        
2026-02-12 09:28:22,935 PerfMonMTSvc                                         INFO preLoadProxy 1               0.68                      0                                        14                                                      UpdateAddr::/TagInfo                                                       
2026-02-12 09:28:22,935 PerfMonMTSvc                                         INFO preLoadProxy 1               0.37                      0                                        13                                                      FldrSetup:/TagInfo                                                         
2026-02-12 09:28:22,935 PerfMonMTSvc                                         INFO preLoadProxy 1               0.11                      0                                        12                                                      FldrSetup:/Indet/Align                                                     
2026-02-12 09:28:22,935 PerfMonMTSvc                                         INFO preLoadProxy 1               0.08                      0                                        0                                                       FldrSetup:/GLOBAL/TrackingGeo/LayerMaterialV2                              
2026-02-12 09:28:22,935 PerfMonMTSvc                                         INFO preLoadProxy 1               0.07                      0                                        10                                                      FldrSetup:/Indet/IBLDist                                                   
2026-02-12 09:28:22,935 PerfMonMTSvc                                         INFO preLoadProxy 1               0.06                      0                                        22                                                      FldrSetup:/Digitization/Parameters                                         
2026-02-12 09:28:22,935 PerfMonMTSvc                                         INFO preLoadProxy 1               0.06                      0                                        9                                                       FldrSetup:/TRT/Align                                                       
2026-02-12 09:28:22,935 PerfMonMTSvc                                         INFO preLoadProxy 1               0.05                      0                                        2                                                       FldrSetup:/EXT/DCS/MAGNETS/SENSORDATA                                      
2026-02-12 09:28:22,935 PerfMonMTSvc                                         INFO preLoadProxy 1               0.04                      0                                        0                                                       FldrSetup:LArCellPositionShift                                             
2026-02-12 09:28:22,935 PerfMonMTSvc                                         INFO preLoadProxy 1               0.04                      0                                        3                                                       FldrSetup:/GLOBAL/BField/Maps                                              
2026-02-12 09:28:22,935 PerfMonMTSvc                                         INFO preLoadProxy 1               0.04                      0                                        -0                                                      AthenaAttributeList[/Digitization/Parameters]                              
2026-02-12 09:28:22,935 PerfMonMTSvc                                         INFO preLoadProxy 1               0.04                      0                                        0                                                       FldrSetup:/TRT/Calib/DX                                                    
2026-02-12 09:28:22,935 PerfMonMTSvc                                         INFO preLoadProxy 1               0.02                      0                                        1                                                       FldrSetup:/MDT/MM/PASSIVATION                                              
2026-02-12 09:28:22,935 PerfMonMTSvc                                         INFO preLoadProxy 1               0.02                      0                                        2                                                       FldrSetup:/Indet/Beampos                                                   
2026-02-12 09:28:22,935 PerfMonMTSvc                                         INFO preLoadProxy 1               0.02                      0                                        -0                                                      UpdateAddr::AthenaMPEventQueue_1359530_39b2982a-0f12-41a1-8b34-db9cdb55c692
2026-02-12 09:28:22,935 PerfMonMTSvc                                         INFO preLoadProxy 1               0.02                      0                                        -0                                                      UpdateAddr::PRESAMPLER_B_POS                                               
2026-02-12 09:28:22,935 PerfMonMTSvc                                         INFO preLoadProxy 1               0.01                      0                                        0                                                       FldrSetup:/LAR/Align                                                       
2026-02-12 09:28:22,935 PerfMonMTSvc                                         INFO preLoadProxy 1               0.01                      0                                        -0                                                      UpdateAddr::PRESAMPLER_EC_NEG                                              
2026-02-12 09:28:22,936 PerfMonMTSvc                                         INFO preLoadProxy 1               0.01                      0                                        -0                                                      CondAttrListCollection[/EXT/DCS/MAGNETS/SENSORDATA]                        
2026-02-12 09:28:22,936 PerfMonMTSvc                                         INFO preLoadProxy 1               0.01                      0                                        -0                                                      UpdateAddr::PRESAMPLER_EC_POS                                              
2026-02-12 09:28:22,936 PerfMonMTSvc                                         INFO preLoadProxy 1               0.01                      0                                        -0                                                      UpdateAddr::PRESAMPLER_B_NEG                                               
2026-02-12 09:28:22,936 PerfMonMTSvc                                         INFO preLoadProxy 1               0.01                      0                                        -0                                                      AlignableTransformContainer[/Indet/Align]                                  
2026-02-12 09:28:22,936 PerfMonMTSvc                                         INFO preLoadProxy 1               0.01                      0                                        -0                                                      UpdateAddr::HEC_POS                                                        
2026-02-12 09:28:22,936 PerfMonMTSvc                                         INFO preLoadProxy 1               0.01                      0                                        -0                                                      AthenaAttributeList[/Indet/Beampos]                                        
2026-02-12 09:28:22,936 PerfMonMTSvc                                         INFO preLoadProxy 1               0.01                      0                                        -0                                                      Trk::LayerMaterialMap[/GLOBAL/TrackingGeo/LayerMaterialV2]                 
2026-02-12 09:28:22,936 PerfMonMTSvc                                         INFO preLoadProxy 1               0.01                      0                                        -0                                                      CondAttrListCollection[/GLOBAL/BField/Maps]                                
2026-02-12 09:28:22,936 PerfMonMTSvc                                         INFO preLoadProxy 1               0.01                      0                                        -0                                                      UpdateAddr::HEC_NEG                                                        
2026-02-12 09:28:22,936 PerfMonMTSvc                                         INFO preLoadProxy 1               0.01                      0                                        -0                                                      CondAttrListCollection[/Indet/IBLDist]                                     
2026-02-12 09:28:22,936 PerfMonMTSvc                                         INFO preLoadProxy 1               0.01                      0                                        -0                                                      DetCondKeyTrans[/LAR/Align]                                                
2026-02-12 09:28:22,936 PerfMonMTSvc                                         INFO preLoadProxy 1               0.01                      0                                        -0                                                      AlignableTransformContainer[/TRT/Align]                                    
2026-02-12 09:28:22,936 PerfMonMTSvc                                         INFO preLoadProxy 1               0.01                      0                                        -0                                                      CondAttrListCollection[/MDT/MM/PASSIVATION]                                
2026-02-12 09:28:22,936 PerfMonMTSvc                                         INFO preLoadProxy 1               0.01                      0                                        -0                                                      TRTCond::StrawDxContainer[/TRT/Calib/DX]                                   
2026-02-12 09:28:22,936 PerfMonMTSvc                                         INFO preLoadProxy 1               0.01                      0                                        -0                                                      CondAttrListCollection[/TagInfo]                                           
2026-02-12 09:28:22,936 PerfMonMTSvc                                         INFO =======================================================================================
2026-02-12 09:28:22,936 PerfMonMTSvc                                         INFO                                 Event Level Monitoring                                 
2026-02-12 09:28:22,937 PerfMonMTSvc                                         INFO         (Only the first 10 and the last measurements are explicitly printed)
2026-02-12 09:28:22,937 PerfMonMTSvc                                         INFO =======================================================================================
2026-02-12 09:28:22,937 PerfMonMTSvc                                         INFO Event            CPU [s]      Wall [s]     Vmem [kB]    Rss [kB]     Pss [kB]     Swap [kB]   
2026-02-12 09:28:22,937 PerfMonMTSvc                                         INFO ---------------------------------------------------------------------------------------
2026-02-12 09:28:22,937 PerfMonMTSvc                                         INFO =======================================================================================
2026-02-12 09:28:22,937 PerfMonMTSvc                                         INFO                                 Snapshots Summary                                      
2026-02-12 09:28:22,937 PerfMonMTSvc                                         INFO =======================================================================================
2026-02-12 09:28:22,937 PerfMonMTSvc                                         INFO Step          dCPU [s]     dWall [s]    <CPU>   dVmem [kB]  dRss [kB]   dPss [kB]   dSwap [kB] 
2026-02-12 09:28:22,937 PerfMonMTSvc                                         INFO ---------------------------------------------------------------------------------------
2026-02-12 09:28:22,937 PerfMonMTSvc                                         INFO Configure     12.40        14.94        0.83    1471216     1153832     836210      0          
2026-02-12 09:28:22,937 PerfMonMTSvc                                         INFO Initialize    11.40        25.37        0.45    1883068     1343540     1236786     0          
2026-02-12 09:28:22,937 PerfMonMTSvc                                         INFO FirstEvent    0.00         0.00         -nan    0           0           0           0          
2026-02-12 09:28:22,937 PerfMonMTSvc                                         INFO Execute       0.25         1770884901.61 0.00    4459488     2659744     585487      0          
2026-02-12 09:28:22,937 PerfMonMTSvc                                         INFO Finalize      0.86         0.88         0.97    -65608      85004       780367      0          
2026-02-12 09:28:22,937 PerfMonMTSvc                                         INFO ***************************************************************************************
2026-02-12 09:28:22,937 PerfMonMTSvc                                         INFO Number of events processed:         0
2026-02-12 09:28:22,937 PerfMonMTSvc                                         INFO CPU usage per event [ms]:           0
2026-02-12 09:28:22,937 PerfMonMTSvc                                         INFO Events per second:                  0.000
2026-02-12 09:28:22,937 PerfMonMTSvc                                         INFO CPU utilization efficiency [%]:     0
2026-02-12 09:28:22,937 PerfMonMTSvc                                         INFO ***************************************************************************************
2026-02-12 09:28:22,937 PerfMonMTSvc                                         INFO Max Vmem:                           0.00 KB
2026-02-12 09:28:22,938 PerfMonMTSvc                                         INFO Max Rss:                            0.00 KB
2026-02-12 09:28:22,938 PerfMonMTSvc                                         INFO Max Pss:                            0.00 KB
2026-02-12 09:28:22,938 PerfMonMTSvc                                         INFO Max Swap:                           0.00 KB
2026-02-12 09:28:22,938 PerfMonMTSvc                                         INFO ***************************************************************************************
2026-02-12 09:28:22,938 PerfMonMTSvc                                         INFO Leak estimate per event Vmem:       0.00 KB
2026-02-12 09:28:22,938 PerfMonMTSvc                                         INFO Leak estimate per event Pss:        0.00 KB
2026-02-12 09:28:22,938 PerfMonMTSvc                                         INFO   >> Estimated using the last 0 measurements from the Event Level Monitoring
2026-02-12 09:28:22,938 PerfMonMTSvc                                         INFO   >> Events prior to the first 25 are omitted...
2026-02-12 09:28:22,938 PerfMonMTSvc                                         INFO =======================================================================================
2026-02-12 09:28:22,938 PerfMonMTSvc                                         INFO                                   System Information                                   
2026-02-12 09:28:22,938 PerfMonMTSvc                                         INFO =======================================================================================
2026-02-12 09:28:22,939 PerfMonMTSvc                                         INFO CPU Model:                          Intel(R) Xeon(R) Gold 6326 CPU @ 2.90GHz 24576 KB
2026-02-12 09:28:22,939 PerfMonMTSvc                                         INFO Number of Available Cores:          32
2026-02-12 09:28:22,939 PerfMonMTSvc                                         INFO Total Memory:                       251.00 GB
2026-02-12 09:28:22,939 PerfMonMTSvc                                         INFO =======================================================================================
2026-02-12 09:28:22,939 PerfMonMTSvc                                         INFO                                Environment Information                                 
2026-02-12 09:28:22,939 PerfMonMTSvc                                         INFO =======================================================================================
2026-02-12 09:28:22,940 PerfMonMTSvc                                         INFO Malloc Library:                     libtcmalloc_minimal.so
2026-02-12 09:28:22,940 PerfMonMTSvc                                         INFO Math Library:                       libimf.so
2026-02-12 09:28:22,940 PerfMonMTSvc                                         INFO =======================================================================================
2026-02-12 09:28:23,101 ApplicationMgr                                       INFO Application Manager Finalized successfully
