2026-02-12 18:29:47,388 AthMpEvtLoopMgr.SharedEvtQueueConsumer               INFO Logs redirected in the AthenaMP event worker PID=1488845
2026-02-12 18:29:47,389 AthMpEvtLoopMgr.SharedEvtQueueConsumer               INFO Io registry updated in the AthenaMP event worker PID=1488845
2026-02-12 18:29:47,396 AthMpEvtLoopMgr.SharedEvtQueueConsumer               INFO File descriptors re-opened in the AthenaMP event worker PID=1488845
2026-02-12 18:29:47,396 PoolSvc                                              INFO I/O reinitialization...
2026-02-12 18:29:47,397 PoolSvc                                              INFO Setting up APR FileCatalog and Streams
2026-02-12 18:29:47,409 PoolSvc                                              INFO Resolved path (via ATLAS_POOLCOND_PATH) is /cvmfs/atlas-condb.cern.ch/repo/conditions/poolcond/PoolFileCatalog.xml
2026-02-12 18:29:47,435 PoolSvc                                              INFO Unable find catalog apcfile:poolcond/PoolCat_oflcond.xml in $ATLAS_POOLCOND_PATH and $DATAPATH
2026-02-12 18:29:47,435 PoolSvc                                              INFO POOL WriteCatalog is xmlcatalog_file:PoolFileCatalog.xml
2026-02-12 18:29:47,659 DbSession                                            INFO     Open     DbSession
2026-02-12 18:29:47,659 Domain[ROOT_All]                                     INFO >   Access   DbDomain     READ      [ROOT_All]
2026-02-12 18:29:47,659 DbSession                                            INFO     Open     DbSession
2026-02-12 18:29:47,659 Domain[ROOT_All]                                     INFO >   Access   DbDomain     READ      [ROOT_All]
2026-02-12 18:29:47,659 MetaDataSvc                                          INFO I/O reinitialization...
2026-02-12 18:29:47,659 MetaDataSvc                                          INFO Attached MetaDataTool: ToolSvc.IOVDbMetaDataTool
2026-02-12 18:29:47,659 MetaDataSvc                                          INFO Attached MetaDataTool: ToolSvc.BookkeeperTool
2026-02-12 18:29:47,660 MetaDataSvc                                          INFO Attached MetaDataTool: ToolSvc.StreamDAOD_PHYS_CopyEventStreamInfo
2026-02-12 18:29:47,660 MetaDataSvc                                          INFO Attached MetaDataTool: ToolSvc.TriggerMenuMetaDataTool
2026-02-12 18:29:47,660 MetaDataSvc                                          INFO Attached MetaDataTool: ToolSvc.TruthMetaDataTool
2026-02-12 18:29:47,660 MetaDataSvc                                          INFO Attached MetaDataTool: ToolSvc.xAODMaker::FileMetaDataTool
2026-02-12 18:29:47,660 MetaDataSvc                                          INFO Attached MetaDataTool: ToolSvc.xAODMaker::EventFormatMetaDataTool
2026-02-12 18:29:47,660 EventSelector                                        INFO I/O reinitialization...
2026-02-12 18:29:47,660 /eos/home-b/bkamgama/draft/Run_sleep_10000/...root   INFO ->  Access   DbDatabase   READ      [ROOT_All] DDA2F11F-D15D-C648-85F4-1887AA43EA0B
2026-02-12 18:29:47,671 RootDatabase                                         INFO /eos/home-b/bkamgama/draft/Run_sleep_10000/Compression_QT/DAOD_Compression_Analysis/workspaces/lzma_level1/ttree/data/lzma_ttree_level1.AOD.pool.root File version:1063901
2026-02-12 18:29:47,683 StreamDAOD_PHYS                                      INFO I/O reinitialization...
2026-02-12 18:29:47,683 /eos/home-b/bkamgama/draft/Run_sleep_10000/...root   INFO Database being retired...
2026-02-12 18:29:47,684 /eos/home-b/bkamgama/draft/Run_sleep_10000/...root   INFO ->  Deaccess DbDatabase   READ      [ROOT_All] DDA2F11F-D15D-C648-85F4-1887AA43EA0B
2026-02-12 18:29:47,684 Domain[ROOT_All]                                     INFO >   Deaccess DbDomain     READ      [ROOT_All]
2026-02-12 18:29:47,684 DbSession                                            INFO     Open     DbSession
2026-02-12 18:29:47,684 Domain[ROOT_All]                                     INFO >   Access   DbDomain     READ      [ROOT_All]
2026-02-12 18:29:47,684 /eos/home-b/bkamgama/draft/Run_sleep_10000/...root   INFO ->  Access   DbDatabase   READ      [ROOT_All] DDA2F11F-D15D-C648-85F4-1887AA43EA0B
2026-02-12 18:29:47,705 RootDatabase                                         INFO /eos/home-b/bkamgama/draft/Run_sleep_10000/Compression_QT/DAOD_Compression_Analysis/workspaces/lzma_level1/ttree/data/lzma_ttree_level1.AOD.pool.root File version:1063901
2026-02-12 18:29:47,717 AthMpEvtLoopMgr.SharedEvtQueueConsumer               INFO Exec function in the AthenaMP worker PID=1488845
2026-02-12 18:29:48,579 AthMpEvtLoopMgr.SharedEvtQueueConsumer               INFO Received from the queue: event num=200 chunk size=100
2026-02-12 18:29:48,581 AthMpEvtLoopMgr.SharedEvtQueueConsumer               INFO Seek to 200 succeeded
2026-02-12 18:29:49,590 ToolSvc.BookkeeperTool                               INFO Preparing local cache for source 'DDA2F11F-D15D-C648-85F4-1887AA43EA0B' with 194 variations
2026-02-12 18:29:49,593 ToolSvc.BookkeeperTool                               INFO No incomplete bookkeepers with name 'IncompleteCutBookkeepers' in this file
2026-02-12 18:29:49,593 ToolSvc.BookkeeperTool                               INFO No complete bookkeepers with name 'CutBookkeepers' in this file
2026-02-12 18:29:49,704 TBranchAuxDynReader                                  INFO RootAuxDynIO/src/TBranchAuxDynReader.cxx:326 (TBranchAuxDynReader::BranchInfo& TBranchAuxDynReader::getBranchInfo(const unsigned long&, const SG::AuxStoreInternal&)): attribute 'mcEventNumber' (id=1 typename=unsigned long) has different type than the branch: ULong64_t  Marking for schema evolution.
2026-02-12 18:29:49,711 AthenaEventLoopMgr                                   INFO   ===>>>  start processing event #334732201, run #450000 0 events processed so far  <<<===
2026-02-12 18:29:49,841 xAODConfigSvc                                        INFO TrigConfxAOD/src/xAODConfigSvc.cxx:940 (StatusCode TrigConf::xAODConfigSvc::prepareEventxAODTriggerMenuJson(const xAOD::TrigConfKeys*, const xAOD::BunchConfKey*, const EventContext&)): Loaded xAOD::TriggerMenuJson configuration:  SMK = 2130037424, L1PSK = 3785439411, HLTPSK = 266086103, BGSK = 707058941
2026-02-12 18:29:49,917 PerfMonMTSvc                                         INFO Event [    1] CPU Time: 00h00m01s, Wall Time: 00h00m54s, Vmem: 4.25 GB, Rss: 2.63 GB, Pss: 632.50 MB, Swap: 0.00 KB
2026-02-12 18:29:49,917 ToolSvc.TrigDecisionTool                             INFO Updating config in slot 0 with SMK: 2130037424 and L1PSK: 3785439411 and HLTPSK: 266086103 and BGSK: 707058941 getForceConfigUpdate()=1 HLT Chains: 2535
2026-02-12 18:29:49,954 ToolSvc.PhysCommonTruthCharmTool                  WARNING Found xAODTruthMetaDataContainer empty! Configuring to be NOT Sherpa.
2026-02-12 18:29:49,955 ToolSvc.PhysCommonTruthCharmTool                     INFO From metadata configured: Sherpa? 0
2026-02-12 18:29:50,119 ToolSvc.DFCommonBornLeptonCollTool                   INFO From metadata configured: Sherpa? 0
2026-02-12 18:29:50,272 ToolSvc.xAODTrackParticleCompressorTool              INFO Initialising
2026-02-12 18:29:50,272 ToolSvc.xAODTrackParticleCompressorTool              INFO   OffDiagCovMatrixBits = 23
2026-02-12 18:29:50,272 ToolSvc.xAODTrackParticleCompressorTool              INFO   DiagCovMatrixBits    = 23
2026-02-12 18:29:50,272 ToolSvc.xAODTrackParticleCompressorTool              INFO   UseOffDiagCompr = 0
2026-02-12 18:29:50,284 ToolSvc.DFCommonMuonsSelector                     WARNING MuonSelectionTool currently supports Loose, Medium, Tight, HighPt, and LowPtEfficiency WPs for Run3; all other WPs can only be used in ExpertDevelopMode mode
2026-02-12 18:29:50,333 xAODClusterCompressor                                INFO Compression of ClusterMoments to 16 bits enabled
2026-02-12 18:29:50,333 AthenaPoolConverter                                  INFO Retrieved compression tool
WARNING from FastJet: Recluster: the original cluster sequence is lacking explicit ghosts; area support will no longer be available after re-clustering
WARNING from FastJet: Recluster: the original cluster sequence is lacking explicit ghosts; area support will no longer be available after re-clustering
2026-02-12 18:29:57,785 ClassIDSvc                                           INFO getRegistryEntries: read 2916 CLIDRegistry entries for module ALL
xAOD::AuxSelection WARNING Selected dynamic Aux atribute "DFCommonJets_eventClean_LooseBadLLP" not found in the registry
xAOD::AuxSelection WARNING Selected dynamic Aux atribute "HTXS_Higgs_decay_eta" not found in the registry
xAOD::AuxSelection WARNING Selected dynamic Aux atribute "HTXS_Higgs_decay_m" not found in the registry
xAOD::AuxSelection WARNING Selected dynamic Aux atribute "HTXS_Higgs_decay_phi" not found in the registry
xAOD::AuxSelection WARNING Selected dynamic Aux atribute "HTXS_Higgs_decay_pt" not found in the registry
xAOD::AuxSelection WARNING Selected dynamic Aux atribute "HTXS_Higgs_eta" not found in the registry
xAOD::AuxSelection WARNING Selected dynamic Aux atribute "HTXS_Higgs_m" not found in the registry
xAOD::AuxSelection WARNING Selected dynamic Aux atribute "HTXS_Higgs_phi" not found in the registry
xAOD::AuxSelection WARNING Selected dynamic Aux atribute "HTXS_Higgs_pt" not found in the registry
xAOD::AuxSelection WARNING Selected dynamic Aux atribute "HTXS_Njets_pTjet25" not found in the registry
xAOD::AuxSelection WARNING Selected dynamic Aux atribute "HTXS_Njets_pTjet30" not found in the registry
xAOD::AuxSelection WARNING Selected dynamic Aux atribute "HTXS_Stage0_Category" not found in the registry
xAOD::AuxSelection WARNING Selected dynamic Aux atribute "HTXS_Stage1_2_Category_pTjet25" not found in the registry
xAOD::AuxSelection WARNING Selected dynamic Aux atribute "HTXS_Stage1_2_Category_pTjet30" not found in the registry
xAOD::AuxSelection WARNING Selected dynamic Aux atribute "HTXS_Stage1_2_FineIndex_pTjet25" not found in the registry
xAOD::AuxSelection WARNING Selected dynamic Aux atribute "HTXS_Stage1_2_FineIndex_pTjet30" not found in the registry
xAOD::AuxSelection WARNING Selected dynamic Aux atribute "HTXS_Stage1_2_Fine_Category_pTjet25" not found in the registry
xAOD::AuxSelection WARNING Selected dynamic Aux atribute "HTXS_Stage1_2_Fine_Category_pTjet30" not found in the registry
xAOD::AuxSelection WARNING Selected dynamic Aux atribute "HTXS_Stage1_2_Fine_FineIndex_pTjet25" not found in the registry
xAOD::AuxSelection WARNING Selected dynamic Aux atribute "HTXS_Stage1_2_Fine_FineIndex_pTjet30" not found in the registry
xAOD::AuxSelection WARNING Selected dynamic Aux atribute "HTXS_Stage1_Category_pTjet25" not found in the registry
xAOD::AuxSelection WARNING Selected dynamic Aux atribute "HTXS_Stage1_Category_pTjet30" not found in the registry
xAOD::AuxSelection WARNING Selected dynamic Aux atribute "HTXS_Stage1_FineIndex_pTjet25" not found in the registry
xAOD::AuxSelection WARNING Selected dynamic Aux atribute "HTXS_Stage1_FineIndex_pTjet30" not found in the registry
xAOD::AuxSelection WARNING Selected dynamic Aux atribute "HTXS_V_decay_eta" not found in the registry
xAOD::AuxSelection WARNING Selected dynamic Aux atribute "HTXS_V_decay_m" not found in the registry
xAOD::AuxSelection WARNING Selected dynamic Aux atribute "HTXS_V_decay_phi" not found in the registry
xAOD::AuxSelection WARNING Selected dynamic Aux atribute "HTXS_V_decay_pt" not found in the registry
xAOD::AuxSelection WARNING Selected dynamic Aux atribute "HTXS_V_eta" not found in the registry
xAOD::AuxSelection WARNING Selected dynamic Aux atribute "HTXS_V_jets25_eta" not found in the registry
xAOD::AuxSelection WARNING Selected dynamic Aux atribute "HTXS_V_jets25_m" not found in the registry
xAOD::AuxSelection WARNING Selected dynamic Aux atribute "HTXS_V_jets25_phi" not found in the registry
xAOD::AuxSelection WARNING Selected dynamic Aux atribute "HTXS_V_jets25_pt" not found in the registry
xAOD::AuxSelection WARNING Selected dynamic Aux atribute "HTXS_V_jets30_eta" not found in the registry
xAOD::AuxSelection WARNING Selected dynamic Aux atribute "HTXS_V_jets30_m" not found in the registry
xAOD::AuxSelection WARNING Selected dynamic Aux atribute "HTXS_V_jets30_phi" not found in the registry
xAOD::AuxSelection WARNING Selected dynamic Aux atribute "HTXS_V_jets30_pt" not found in the registry
xAOD::AuxSelection WARNING Selected dynamic Aux atribute "HTXS_V_m" not found in the registry
xAOD::AuxSelection WARNING Selected dynamic Aux atribute "HTXS_V_phi" not found in the registry
xAOD::AuxSelection WARNING Selected dynamic Aux atribute "HTXS_V_pt" not found in the registry
xAOD::AuxSelection WARNING Selected dynamic Aux atribute "HTXS_errorCode" not found in the registry
xAOD::AuxSelection WARNING Selected dynamic Aux atribute "HTXS_isZ2vvDecay" not found in the registry
xAOD::AuxSelection WARNING Selected dynamic Aux atribute "truthClassification" not found in the registry
xAOD::AuxSelection WARNING Selected dynamic Aux atribute "DFCommonGoodMuon" not found in the registry
xAOD::AuxSelection WARNING Selected dynamic Aux atribute "absipSigLeadTrk" not found in the registry
xAOD::AuxSelection WARNING Selected dynamic Aux atribute "DecayModeVector" not found in the registry
xAOD::AuxSelection WARNING Selected dynamic Aux atribute "IsHadronicTau" not found in the registry
xAOD::AuxSelection WARNING Selected dynamic Aux atribute "decay_vertex_x" not found in the registry
xAOD::AuxSelection WARNING Selected dynamic Aux atribute "decay_vertex_y" not found in the registry
xAOD::AuxSelection WARNING Selected dynamic Aux atribute "decay_vertex_z" not found in the registry
xAOD::AuxSelection WARNING Selected dynamic Aux atribute "eta_invis" not found in the registry
xAOD::AuxSelection WARNING Selected dynamic Aux atribute "eta_vis_neutral" not found in the registry
xAOD::AuxSelection WARNING Selected dynamic Aux atribute "m_invis" not found in the registry
xAOD::AuxSelection WARNING Selected dynamic Aux atribute "m_vis_neutral" not found in the registry
xAOD::AuxSelection WARNING Selected dynamic Aux atribute "numCharged" not found in the registry
xAOD::AuxSelection WARNING Selected dynamic Aux atribute "numChargedPion" not found in the registry
xAOD::AuxSelection WARNING Selected dynamic Aux atribute "numNeutral" not found in the registry
xAOD::AuxSelection WARNING Selected dynamic Aux atribute "numNeutralPion" not found in the registry
xAOD::AuxSelection WARNING Selected dynamic Aux atribute "phi_invis" not found in the registry
xAOD::AuxSelection WARNING Selected dynamic Aux atribute "phi_vis_neutral" not found in the registry
xAOD::AuxSelection WARNING Selected dynamic Aux atribute "prod_vertex_x" not found in the registry
xAOD::AuxSelection WARNING Selected dynamic Aux atribute "prod_vertex_y" not found in the registry
xAOD::AuxSelection WARNING Selected dynamic Aux atribute "prod_vertex_z" not found in the registry
xAOD::AuxSelection WARNING Selected dynamic Aux atribute "pt_invis" not found in the registry
xAOD::AuxSelection WARNING Selected dynamic Aux atribute "pt_vis_neutral" not found in the registry
xAOD::AuxSelection WARNING Selected dynamic Aux atribute "Angularity" not found in the registry
xAOD::AuxSelection WARNING Selected dynamic Aux atribute "ChargeMFrac" not found in the registry
xAOD::AuxSelection WARNING Selected dynamic Aux atribute "ChargePTFrac" not found in the registry
xAOD::AuxSelection WARNING Selected dynamic Aux atribute "EM3FracCaloBased" not found in the registry
xAOD::AuxSelection WARNING Selected dynamic Aux atribute "EffNClustsCaloBased" not found in the registry
xAOD::AuxSelection WARNING Selected dynamic Aux atribute "GN3XPV01_pqcd" not found in the registry
xAOD::AuxSelection WARNING Selected dynamic Aux atribute "KtDR" not found in the registry
xAOD::AuxSelection WARNING Selected dynamic Aux atribute "NeutralEFrac" not found in the registry
xAOD::AuxSelection WARNING Selected dynamic Aux atribute "PlanarFlow" not found in the registry
xAOD::AuxSelection WARNING Selected dynamic Aux atribute "Tile0FracCaloBased" not found in the registry
xAOD::AuxSelection WARNING Selected dynamic Aux atribute "bJR10v00_mass" not found in the registry
xAOD::AuxSelection WARNING Selected dynamic Aux atribute "bJR10v00_pt" not found in the registry
xAOD::AuxSelection WARNING Selected dynamic Aux atribute "groomMRatio" not found in the registry
xAOD::AuxSelection WARNING Selected dynamic Aux atribute "PartonTruthLabelTruthLabelBarcode" not found in the registry
xAOD::AuxSelection WARNING Selected dynamic Aux atribute "PartonTruthLabelTruthLabelDR" not found in the registry
xAOD::AuxSelection WARNING Selected dynamic Aux atribute "PartonTruthLabelTruthLabelID" not found in the registry
xAOD::AuxSelection WARNING Selected dynamic Aux atribute "PartonTruthLabelTruthLabelLxy" not found in the registry
xAOD::AuxSelection WARNING Selected dynamic Aux atribute "PartonTruthLabelTruthLabelPdgId" not found in the registry
xAOD::AuxSelection WARNING Selected dynamic Aux atribute "PartonTruthLabelTruthLabelPt" not found in the registry
2026-02-12 18:30:00,053 TBranchAuxDynReader                                  INFO RootAuxDynIO/src/TBranchAuxDynReader.cxx:326 (TBranchAuxDynReader::BranchInfo& TBranchAuxDynReader::getBranchInfo(const unsigned long&, const SG::AuxStoreInternal&)): attribute 'pileUpMixtureIDLowBits' (id=2 typename=unsigned long) has different type than the branch: ULong64_t  Marking for schema evolution.
2026-02-12 18:30:00,054 TBranchAuxDynReader                                  INFO RootAuxDynIO/src/TBranchAuxDynReader.cxx:326 (TBranchAuxDynReader::BranchInfo& TBranchAuxDynReader::getBranchInfo(const unsigned long&, const SG::AuxStoreInternal&)): attribute 'pileUpMixtureIDHighBits' (id=3 typename=unsigned long) has different type than the branch: ULong64_t  Marking for schema evolution.
2026-02-12 18:30:00,216 copyAuxStoreThinned                               WARNING AthContainers/src/copyAuxStoreThinned.cxx:138: unlocked decoration UEcorr_Pt (955) in object of type xAOD::ElectronAuxContainer_v3
2026-02-12 18:30:00,354 copyAuxStoreThinned                               WARNING AthContainers/src/copyAuxStoreThinned.cxx:138: unlocked decoration UEcorr_Pt (955) in object of type xAOD::MuonAuxContainer_v5
2026-02-12 18:30:00,397 ClassIDSvc                                           INFO getRegistryEntries: read 302 CLIDRegistry entries for module ALL
2026-02-12 18:30:00,482 AthenaEventLoopMgr                                   INFO   ===>>>  done processing event #334732201, run #450000 1 events processed so far  <<<===
2026-02-12 18:30:00,507 PoolSvc                                           WARNING connect: Using default input Stream instead of id = 4294967295
WARNING from FastJet: Recluster: the original cluster sequence is lacking explicit ghosts; area support will no longer be available after re-clustering
WARNING from FastJet: Recluster: the original cluster sequence is lacking explicit ghosts; area support will no longer be available after re-clustering
WARNING from FastJet: Recluster: the original cluster sequence is lacking explicit ghosts; area support will no longer be available after re-clustering (LAST SUCH WARNING)
2026-02-12 18:30:01,560 copyAuxStoreThinned                               WARNING AthContainers/src/copyAuxStoreThinned.cxx:138: unlocked decoration UEcorr_Pt (955) in object of type xAOD::ElectronAuxContainer_v3
2026-02-12 18:30:01,567 copyAuxStoreThinned                               WARNING AthContainers/src/copyAuxStoreThinned.cxx:138: unlocked decoration UEcorr_Pt (955) in object of type xAOD::MuonAuxContainer_v5
2026-02-12 18:30:02,752 copyAuxStoreThinned                               WARNING AthContainers/src/copyAuxStoreThinned.cxx:138: unlocked decoration UEcorr_Pt (955) in object of type xAOD::ElectronAuxContainer_v3
2026-02-12 18:30:02,756 copyAuxStoreThinned                               WARNING AthContainers/src/copyAuxStoreThinned.cxx:138: unlocked decoration UEcorr_Pt (955) in object of type xAOD::MuonAuxContainer_v5
2026-02-12 18:30:04,083 copyAuxStoreThinned                               WARNING AthContainers/src/copyAuxStoreThinned.cxx:138: unlocked decoration UEcorr_Pt (955) in object of type xAOD::ElectronAuxContainer_v3
2026-02-12 18:30:04,086 copyAuxStoreThinned                               WARNING AthContainers/src/copyAuxStoreThinned.cxx:138: unlocked decoration UEcorr_Pt (955) in object of type xAOD::MuonAuxContainer_v5
2026-02-12 18:30:05,297 copyAuxStoreThinned                               WARNING AthContainers/src/copyAuxStoreThinned.cxx:138: unlocked decoration UEcorr_Pt (955) in object of type xAOD::ElectronAuxContainer_v3
2026-02-12 18:30:05,301 copyAuxStoreThinned                               WARNING AthContainers/src/copyAuxStoreThinned.cxx:138: unlocked decoration UEcorr_Pt (955) in object of type xAOD::MuonAuxContainer_v5
2026-02-12 18:30:06,559 copyAuxStoreThinned                               WARNING AthContainers/src/copyAuxStoreThinned.cxx:138: unlocked decoration UEcorr_Pt (955) in object of type xAOD::ElectronAuxContainer_v3
2026-02-12 18:30:07,688 copyAuxStoreThinned                               WARNING AthContainers/src/copyAuxStoreThinned.cxx:138: unlocked decoration UEcorr_Pt (955) in object of type xAOD::ElectronAuxContainer_v3
2026-02-12 18:30:07,691 copyAuxStoreThinned                               WARNING AthContainers/src/copyAuxStoreThinned.cxx:138: unlocked decoration UEcorr_Pt (955) in object of type xAOD::MuonAuxContainer_v5
2026-02-12 18:30:08,832 copyAuxStoreThinned                               WARNING AthContainers/src/copyAuxStoreThinned.cxx:138: unlocked decoration UEcorr_Pt (955) in object of type xAOD::ElectronAuxContainer_v3
2026-02-12 18:30:08,835 copyAuxStoreThinned                               WARNING AthContainers/src/copyAuxStoreThinned.cxx:138: unlocked decoration UEcorr_Pt (955) in object of type xAOD::MuonAuxContainer_v5
2026-02-12 18:30:09,985 copyAuxStoreThinned                               WARNING AthContainers/src/copyAuxStoreThinned.cxx:138: unlocked decoration UEcorr_Pt (955) in object of type xAOD::ElectronAuxContainer_v3
2026-02-12 18:30:11,830 ClassIDSvc                                           INFO getRegistryEntries: read 68 CLIDRegistry entries for module ALL
2026-02-12 18:30:11,839 copyAuxStoreThinned                               WARNING AthContainers/src/copyAuxStoreThinned.cxx:138: unlocked decoration UEcorr_Pt (955) in object of type xAOD::ElectronAuxContainer_v3
2026-02-12 18:30:11,843 copyAuxStoreThinned                               WARNING AthContainers/src/copyAuxStoreThinned.cxx:138: unlocked decoration UEcorr_Pt (955) in object of type xAOD::MuonAuxContainer_v5
2026-02-12 18:30:12,972 copyAuxStoreThinned                               WARNING AthContainers/src/copyAuxStoreThinned.cxx:138: unlocked decoration UEcorr_Pt (955) in object of type xAOD::ElectronAuxContainer_v3
2026-02-12 18:30:12,976 copyAuxStoreThinned                               WARNING AthContainers/src/copyAuxStoreThinned.cxx:138: unlocked decoration UEcorr_Pt (955) in object of type xAOD::MuonAuxContainer_v5
2026-02-12 18:30:14,395 copyAuxStoreThinned                               WARNING AthContainers/src/copyAuxStoreThinned.cxx:138: unlocked decoration UEcorr_Pt (955) in object of type xAOD::ElectronAuxContainer_v3
2026-02-12 18:30:15,482 copyAuxStoreThinned                               WARNING AthContainers/src/copyAuxStoreThinned.cxx:138: unlocked decoration UEcorr_Pt (955) in object of type xAOD::ElectronAuxContainer_v3
2026-02-12 18:30:15,486 copyAuxStoreThinned                               WARNING AthContainers/src/copyAuxStoreThinned.cxx:138: unlocked decoration UEcorr_Pt (955) in object of type xAOD::MuonAuxContainer_v5
2026-02-12 18:30:18,736 copyAuxStoreThinned                               WARNING AthContainers/src/copyAuxStoreThinned.cxx:138: unlocked decoration UEcorr_Pt (955) in object of type xAOD::ElectronAuxContainer_v3
2026-02-12 18:30:18,739 copyAuxStoreThinned                               WARNING AthContainers/src/copyAuxStoreThinned.cxx:138: unlocked decoration UEcorr_Pt (955) in object of type xAOD::MuonAuxContainer_v5
2026-02-12 18:30:19,761 copyAuxStoreThinned                               WARNING AthContainers/src/copyAuxStoreThinned.cxx:138: unlocked decoration UEcorr_Pt (955) in object of type xAOD::ElectronAuxContainer_v3
2026-02-12 18:30:19,765 copyAuxStoreThinned                               WARNING AthContainers/src/copyAuxStoreThinned.cxx:138: unlocked decoration UEcorr_Pt (955) in object of type xAOD::MuonAuxContainer_v5
2026-02-12 18:30:20,663 copyAuxStoreThinned                               WARNING AthContainers/src/copyAuxStoreThinned.cxx:138: unlocked decoration UEcorr_Pt (955) in object of type xAOD::ElectronAuxContainer_v3
2026-02-12 18:30:20,769 PerfMonMTSvc                                         INFO Event [   17] CPU Time: 00h00m29s, Wall Time: 00h01m25s, Vmem: 4.70 GB, Rss: 3.39 GB, Pss: 1.36 GB, Swap: 0.00 KB
2026-02-12 18:30:22,101 copyAuxStoreThinned                               WARNING AthContainers/src/copyAuxStoreThinned.cxx:138: unlocked decoration UEcorr_Pt (955) in object of type xAOD::ElectronAuxContainer_v3
2026-02-12 18:30:22,105 copyAuxStoreThinned                               WARNING AthContainers/src/copyAuxStoreThinned.cxx:138: unlocked decoration UEcorr_Pt (955) in object of type xAOD::MuonAuxContainer_v5
2026-02-12 18:30:23,072 copyAuxStoreThinned                               WARNING AthContainers/src/copyAuxStoreThinned.cxx:138: unlocked decoration UEcorr_Pt (955) in object of type xAOD::ElectronAuxContainer_v3
2026-02-12 18:30:23,075 copyAuxStoreThinned                               WARNING AthContainers/src/copyAuxStoreThinned.cxx:138: unlocked decoration UEcorr_Pt (955) in object of type xAOD::MuonAuxContainer_v5
2026-02-12 18:30:23,987 copyAuxStoreThinned                               WARNING AthContainers/src/copyAuxStoreThinned.cxx:138: unlocked decoration UEcorr_Pt (955) in object of type xAOD::ElectronAuxContainer_v3
2026-02-12 18:30:23,990 copyAuxStoreThinned                               WARNING AthContainers/src/copyAuxStoreThinned.cxx:138: unlocked decoration UEcorr_Pt (955) in object of type xAOD::MuonAuxContainer_v5
2026-02-12 18:30:25,384 copyAuxStoreThinned                               WARNING AthContainers/src/copyAuxStoreThinned.cxx:138: unlocked decoration UEcorr_Pt (955) in object of type xAOD::ElectronAuxContainer_v3
2026-02-12 18:30:25,388 copyAuxStoreThinned                               WARNING AthContainers/src/copyAuxStoreThinned.cxx:138: unlocked decoration UEcorr_Pt (955) in object of type xAOD::MuonAuxContainer_v5
2026-02-12 18:30:26,877 copyAuxStoreThinned                               WARNING AthContainers/src/copyAuxStoreThinned.cxx:138: unlocked decoration UEcorr_Pt (955) in object of type xAOD::ElectronAuxContainer_v3
2026-02-12 18:30:26,882 copyAuxStoreThinned                               WARNING AthContainers/src/copyAuxStoreThinned.cxx:138: unlocked decoration UEcorr_Pt (955) in object of type xAOD::MuonAuxContainer_v5
2026-02-12 18:30:28,313 copyAuxStoreThinned                               WARNING AthContainers/src/copyAuxStoreThinned.cxx:138: unlocked decoration UEcorr_Pt (955) in object of type xAOD::ElectronAuxContainer_v3
2026-02-12 18:30:28,318 copyAuxStoreThinned                               WARNING AthContainers/src/copyAuxStoreThinned.cxx:138: unlocked decoration UEcorr_Pt (955) in object of type xAOD::MuonAuxContainer_v5
2026-02-12 18:30:29,369 copyAuxStoreThinned                               WARNING AthContainers/src/copyAuxStoreThinned.cxx:138: unlocked decoration UEcorr_Pt (955) in object of type xAOD::ElectronAuxContainer_v3
2026-02-12 18:30:29,373 copyAuxStoreThinned                               WARNING AthContainers/src/copyAuxStoreThinned.cxx:138: unlocked decoration UEcorr_Pt (955) in object of type xAOD::MuonAuxContainer_v5
2026-02-12 18:30:30,616 copyAuxStoreThinned                               WARNING AthContainers/src/copyAuxStoreThinned.cxx:138: unlocked decoration UEcorr_Pt (955) in object of type xAOD::ElectronAuxContainer_v3
2026-02-12 18:30:30,620 copyAuxStoreThinned                               WARNING AthContainers/src/copyAuxStoreThinned.cxx:138: unlocked decoration UEcorr_Pt (955) in object of type xAOD::MuonAuxContainer_v5
2026-02-12 18:30:32,010 copyAuxStoreThinned                               WARNING AthContainers/src/copyAuxStoreThinned.cxx:138: unlocked decoration UEcorr_Pt (955) in object of type xAOD::ElectronAuxContainer_v3
2026-02-12 18:30:33,130 copyAuxStoreThinned                               WARNING AthContainers/src/copyAuxStoreThinned.cxx:138: unlocked decoration UEcorr_Pt (955) in object of type xAOD::ElectronAuxContainer_v3
2026-02-12 18:30:33,134 copyAuxStoreThinned                               WARNING AthContainers/src/copyAuxStoreThinned.cxx:138: unlocked decoration UEcorr_Pt (955) in object of type xAOD::MuonAuxContainer_v5
2026-02-12 18:30:34,659 copyAuxStoreThinned                               WARNING AthContainers/src/copyAuxStoreThinned.cxx:138: unlocked decoration UEcorr_Pt (955) in object of type xAOD::ElectronAuxContainer_v3
2026-02-12 18:30:35,889 copyAuxStoreThinned                               WARNING AthContainers/src/copyAuxStoreThinned.cxx:138: unlocked decoration UEcorr_Pt (955) in object of type xAOD::ElectronAuxContainer_v3
2026-02-12 18:30:35,893 copyAuxStoreThinned                               WARNING AthContainers/src/copyAuxStoreThinned.cxx:138: unlocked decoration UEcorr_Pt (955) in object of type xAOD::MuonAuxContainer_v5
2026-02-12 18:30:37,088 copyAuxStoreThinned                               WARNING AthContainers/src/copyAuxStoreThinned.cxx:138: unlocked decoration UEcorr_Pt (955) in object of type xAOD::ElectronAuxContainer_v3
2026-02-12 18:30:38,624 copyAuxStoreThinned                               WARNING AthContainers/src/copyAuxStoreThinned.cxx:138: unlocked decoration UEcorr_Pt (955) in object of type xAOD::ElectronAuxContainer_v3
2026-02-12 18:30:38,628 copyAuxStoreThinned                               WARNING AthContainers/src/copyAuxStoreThinned.cxx:138: unlocked decoration UEcorr_Pt (955) in object of type xAOD::MuonAuxContainer_v5
2026-02-12 18:30:40,047 copyAuxStoreThinned                               WARNING AthContainers/src/copyAuxStoreThinned.cxx:138: unlocked decoration UEcorr_Pt (955) in object of type xAOD::ElectronAuxContainer_v3
2026-02-12 18:30:40,051 copyAuxStoreThinned                               WARNING AthContainers/src/copyAuxStoreThinned.cxx:138: unlocked decoration UEcorr_Pt (955) in object of type xAOD::MuonAuxContainer_v5
2026-02-12 18:30:41,371 copyAuxStoreThinned                               WARNING AthContainers/src/copyAuxStoreThinned.cxx:138: unlocked decoration UEcorr_Pt (955) in object of type xAOD::ElectronAuxContainer_v3
2026-02-12 18:30:41,377 copyAuxStoreThinned                               WARNING AthContainers/src/copyAuxStoreThinned.cxx:138: unlocked decoration UEcorr_Pt (955) in object of type xAOD::MuonAuxContainer_v5
2026-02-12 18:30:42,663 copyAuxStoreThinned                               WARNING AthContainers/src/copyAuxStoreThinned.cxx:138: unlocked decoration UEcorr_Pt (955) in object of type xAOD::ElectronAuxContainer_v3
2026-02-12 18:30:42,667 copyAuxStoreThinned                               WARNING AthContainers/src/copyAuxStoreThinned.cxx:138: unlocked decoration UEcorr_Pt (955) in object of type xAOD::MuonAuxContainer_v5
2026-02-12 18:30:43,812 copyAuxStoreThinned                               WARNING AthContainers/src/copyAuxStoreThinned.cxx:138: unlocked decoration UEcorr_Pt (955) in object of type xAOD::ElectronAuxContainer_v3
2026-02-12 18:30:43,816 copyAuxStoreThinned                               WARNING AthContainers/src/copyAuxStoreThinned.cxx:138: unlocked decoration UEcorr_Pt (955) in object of type xAOD::MuonAuxContainer_v5
2026-02-12 18:30:44,847 copyAuxStoreThinned                               WARNING AthContainers/src/copyAuxStoreThinned.cxx:138: unlocked decoration UEcorr_Pt (955) in object of type xAOD::ElectronAuxContainer_v3
2026-02-12 18:30:46,241 copyAuxStoreThinned                               WARNING AthContainers/src/copyAuxStoreThinned.cxx:138: unlocked decoration UEcorr_Pt (955) in object of type xAOD::ElectronAuxContainer_v3
2026-02-12 18:30:46,245 copyAuxStoreThinned                               WARNING AthContainers/src/copyAuxStoreThinned.cxx:138: unlocked decoration UEcorr_Pt (955) in object of type xAOD::MuonAuxContainer_v5
2026-02-12 18:30:47,891 copyAuxStoreThinned                               WARNING AthContainers/src/copyAuxStoreThinned.cxx:138: unlocked decoration UEcorr_Pt (955) in object of type xAOD::ElectronAuxContainer_v3
2026-02-12 18:30:47,895 copyAuxStoreThinned                               WARNING AthContainers/src/copyAuxStoreThinned.cxx:138: unlocked decoration UEcorr_Pt (955) in object of type xAOD::MuonAuxContainer_v5
2026-02-12 18:30:49,431 copyAuxStoreThinned                               WARNING AthContainers/src/copyAuxStoreThinned.cxx:138: unlocked decoration UEcorr_Pt (955) in object of type xAOD::ElectronAuxContainer_v3
2026-02-12 18:30:49,435 copyAuxStoreThinned                               WARNING AthContainers/src/copyAuxStoreThinned.cxx:138: unlocked decoration UEcorr_Pt (955) in object of type xAOD::MuonAuxContainer_v5
2026-02-12 18:30:51,572 copyAuxStoreThinned                               WARNING AthContainers/src/copyAuxStoreThinned.cxx:138: unlocked decoration UEcorr_Pt (955) in object of type xAOD::ElectronAuxContainer_v3
2026-02-12 18:30:51,576 copyAuxStoreThinned                               WARNING AthContainers/src/copyAuxStoreThinned.cxx:138: unlocked decoration UEcorr_Pt (955) in object of type xAOD::MuonAuxContainer_v5
2026-02-12 18:30:51,683 PerfMonMTSvc                                         INFO Event [   40] CPU Time: 00h00m59s, Wall Time: 00h01m56s, Vmem: 4.70 GB, Rss: 3.39 GB, Pss: 1.36 GB, Swap: 0.00 KB
2026-02-12 18:30:53,573 copyAuxStoreThinned                               WARNING AthContainers/src/copyAuxStoreThinned.cxx:138: unlocked decoration UEcorr_Pt (955) in object of type xAOD::ElectronAuxContainer_v3
2026-02-12 18:30:53,577 copyAuxStoreThinned                               WARNING AthContainers/src/copyAuxStoreThinned.cxx:138: unlocked decoration UEcorr_Pt (955) in object of type xAOD::MuonAuxContainer_v5
2026-02-12 18:30:54,631 copyAuxStoreThinned                               WARNING AthContainers/src/copyAuxStoreThinned.cxx:138: unlocked decoration UEcorr_Pt (955) in object of type xAOD::ElectronAuxContainer_v3
2026-02-12 18:30:54,635 copyAuxStoreThinned                               WARNING AthContainers/src/copyAuxStoreThinned.cxx:138: unlocked decoration UEcorr_Pt (955) in object of type xAOD::MuonAuxContainer_v5
2026-02-12 18:30:55,600 copyAuxStoreThinned                               WARNING AthContainers/src/copyAuxStoreThinned.cxx:138: unlocked decoration UEcorr_Pt (955) in object of type xAOD::ElectronAuxContainer_v3
2026-02-12 18:30:55,618 copyAuxStoreThinned                               WARNING AthContainers/src/copyAuxStoreThinned.cxx:138: unlocked decoration UEcorr_Pt (955) in object of type xAOD::MuonAuxContainer_v5
2026-02-12 18:30:56,677 copyAuxStoreThinned                               WARNING AthContainers/src/copyAuxStoreThinned.cxx:138: unlocked decoration UEcorr_Pt (955) in object of type xAOD::ElectronAuxContainer_v3
2026-02-12 18:30:56,681 copyAuxStoreThinned                               WARNING AthContainers/src/copyAuxStoreThinned.cxx:138: unlocked decoration UEcorr_Pt (955) in object of type xAOD::MuonAuxContainer_v5
2026-02-12 18:30:58,027 copyAuxStoreThinned                               WARNING AthContainers/src/copyAuxStoreThinned.cxx:138: unlocked decoration UEcorr_Pt (955) in object of type xAOD::ElectronAuxContainer_v3
2026-02-12 18:30:58,030 copyAuxStoreThinned                               WARNING AthContainers/src/copyAuxStoreThinned.cxx:138: unlocked decoration UEcorr_Pt (955) in object of type xAOD::MuonAuxContainer_v5
2026-02-12 18:30:59,106 copyAuxStoreThinned                               WARNING AthContainers/src/copyAuxStoreThinned.cxx:138: unlocked decoration UEcorr_Pt (955) in object of type xAOD::ElectronAuxContainer_v3
2026-02-12 18:30:59,109 copyAuxStoreThinned                               WARNING AthContainers/src/copyAuxStoreThinned.cxx:138: unlocked decoration UEcorr_Pt (955) in object of type xAOD::MuonAuxContainer_v5
2026-02-12 18:31:00,290 copyAuxStoreThinned                               WARNING AthContainers/src/copyAuxStoreThinned.cxx:138: unlocked decoration UEcorr_Pt (955) in object of type xAOD::ElectronAuxContainer_v3
2026-02-12 18:31:00,294 copyAuxStoreThinned                               WARNING AthContainers/src/copyAuxStoreThinned.cxx:138: unlocked decoration UEcorr_Pt (955) in object of type xAOD::MuonAuxContainer_v5
2026-02-12 18:31:01,465 copyAuxStoreThinned                               WARNING AthContainers/src/copyAuxStoreThinned.cxx:138: unlocked decoration UEcorr_Pt (955) in object of type xAOD::ElectronAuxContainer_v3
2026-02-12 18:31:01,469 copyAuxStoreThinned                               WARNING AthContainers/src/copyAuxStoreThinned.cxx:138: unlocked decoration UEcorr_Pt (955) in object of type xAOD::MuonAuxContainer_v5
2026-02-12 18:31:06,503 copyAuxStoreThinned                               WARNING AthContainers/src/copyAuxStoreThinned.cxx:138: unlocked decoration UEcorr_Pt (955) in object of type xAOD::ElectronAuxContainer_v3
2026-02-12 18:31:06,507 copyAuxStoreThinned                               WARNING AthContainers/src/copyAuxStoreThinned.cxx:138: unlocked decoration UEcorr_Pt (955) in object of type xAOD::MuonAuxContainer_v5
2026-02-12 18:31:07,811 copyAuxStoreThinned                               WARNING AthContainers/src/copyAuxStoreThinned.cxx:138: unlocked decoration UEcorr_Pt (955) in object of type xAOD::ElectronAuxContainer_v3
2026-02-12 18:31:07,814 copyAuxStoreThinned                               WARNING AthContainers/src/copyAuxStoreThinned.cxx:138: unlocked decoration UEcorr_Pt (955) in object of type xAOD::MuonAuxContainer_v5
2026-02-12 18:31:09,352 copyAuxStoreThinned                               WARNING AthContainers/src/copyAuxStoreThinned.cxx:138: unlocked decoration UEcorr_Pt (955) in object of type xAOD::ElectronAuxContainer_v3
2026-02-12 18:31:09,356 copyAuxStoreThinned                               WARNING AthContainers/src/copyAuxStoreThinned.cxx:138: unlocked decoration UEcorr_Pt (955) in object of type xAOD::MuonAuxContainer_v5
2026-02-12 18:31:10,477 copyAuxStoreThinned                               WARNING AthContainers/src/copyAuxStoreThinned.cxx:138: unlocked decoration UEcorr_Pt (955) in object of type xAOD::ElectronAuxContainer_v3
2026-02-12 18:31:10,480 copyAuxStoreThinned                               WARNING AthContainers/src/copyAuxStoreThinned.cxx:138: unlocked decoration UEcorr_Pt (955) in object of type xAOD::MuonAuxContainer_v5
2026-02-12 18:31:11,765 copyAuxStoreThinned                               WARNING AthContainers/src/copyAuxStoreThinned.cxx:138: unlocked decoration UEcorr_Pt (955) in object of type xAOD::ElectronAuxContainer_v3
2026-02-12 18:31:11,769 copyAuxStoreThinned                               WARNING AthContainers/src/copyAuxStoreThinned.cxx:138: unlocked decoration UEcorr_Pt (955) in object of type xAOD::MuonAuxContainer_v5
2026-02-12 18:31:13,145 copyAuxStoreThinned                               WARNING AthContainers/src/copyAuxStoreThinned.cxx:138: unlocked decoration UEcorr_Pt (955) in object of type xAOD::ElectronAuxContainer_v3
2026-02-12 18:31:13,148 copyAuxStoreThinned                               WARNING AthContainers/src/copyAuxStoreThinned.cxx:138: unlocked decoration UEcorr_Pt (955) in object of type xAOD::MuonAuxContainer_v5
2026-02-12 18:31:14,523 copyAuxStoreThinned                               WARNING AthContainers/src/copyAuxStoreThinned.cxx:138: unlocked decoration UEcorr_Pt (955) in object of type xAOD::ElectronAuxContainer_v3
2026-02-12 18:31:14,527 copyAuxStoreThinned                               WARNING AthContainers/src/copyAuxStoreThinned.cxx:138: unlocked decoration UEcorr_Pt (955) in object of type xAOD::MuonAuxContainer_v5
2026-02-12 18:31:15,810 copyAuxStoreThinned                               WARNING AthContainers/src/copyAuxStoreThinned.cxx:138: unlocked decoration UEcorr_Pt (955) in object of type xAOD::ElectronAuxContainer_v3
2026-02-12 18:31:15,814 copyAuxStoreThinned                               WARNING AthContainers/src/copyAuxStoreThinned.cxx:138: unlocked decoration UEcorr_Pt (955) in object of type xAOD::MuonAuxContainer_v5
2026-02-12 18:31:17,154 copyAuxStoreThinned                               WARNING AthContainers/src/copyAuxStoreThinned.cxx:138: unlocked decoration UEcorr_Pt (955) in object of type xAOD::ElectronAuxContainer_v3
2026-02-12 18:31:17,159 copyAuxStoreThinned                               WARNING AthContainers/src/copyAuxStoreThinned.cxx:138: unlocked decoration UEcorr_Pt (955) in object of type xAOD::MuonAuxContainer_v5
2026-02-12 18:31:18,352 copyAuxStoreThinned                               WARNING AthContainers/src/copyAuxStoreThinned.cxx:138: unlocked decoration UEcorr_Pt (955) in object of type xAOD::ElectronAuxContainer_v3
2026-02-12 18:31:18,355 copyAuxStoreThinned                               WARNING AthContainers/src/copyAuxStoreThinned.cxx:138: unlocked decoration UEcorr_Pt (955) in object of type xAOD::MuonAuxContainer_v5
2026-02-12 18:31:19,707 copyAuxStoreThinned                               WARNING AthContainers/src/copyAuxStoreThinned.cxx:138: unlocked decoration UEcorr_Pt (955) in object of type xAOD::ElectronAuxContainer_v3
2026-02-12 18:31:19,710 copyAuxStoreThinned                               WARNING AthContainers/src/copyAuxStoreThinned.cxx:138: unlocked decoration UEcorr_Pt (955) in object of type xAOD::MuonAuxContainer_v5
2026-02-12 18:31:20,730 copyAuxStoreThinned                               WARNING AthContainers/src/copyAuxStoreThinned.cxx:138: unlocked decoration UEcorr_Pt (955) in object of type xAOD::ElectronAuxContainer_v3
2026-02-12 18:31:20,734 copyAuxStoreThinned                               WARNING AthContainers/src/copyAuxStoreThinned.cxx:138: unlocked decoration UEcorr_Pt (955) in object of type xAOD::MuonAuxContainer_v5
2026-02-12 18:31:22,332 copyAuxStoreThinned                               WARNING AthContainers/src/copyAuxStoreThinned.cxx:138: unlocked decoration UEcorr_Pt (955) in object of type xAOD::ElectronAuxContainer_v3
2026-02-12 18:31:22,338 copyAuxStoreThinned                               WARNING AthContainers/src/copyAuxStoreThinned.cxx:138: unlocked decoration UEcorr_Pt (955) in object of type xAOD::MuonAuxContainer_v5
2026-02-12 18:31:22,443 PerfMonMTSvc                                         INFO Event [   61] CPU Time: 00h01m30s, Wall Time: 00h02m27s, Vmem: 4.72 GB, Rss: 3.40 GB, Pss: 1.37 GB, Swap: 0.00 KB
2026-02-12 18:31:23,797 copyAuxStoreThinned                               WARNING AthContainers/src/copyAuxStoreThinned.cxx:138: unlocked decoration UEcorr_Pt (955) in object of type xAOD::ElectronAuxContainer_v3
2026-02-12 18:31:23,801 copyAuxStoreThinned                               WARNING AthContainers/src/copyAuxStoreThinned.cxx:138: unlocked decoration UEcorr_Pt (955) in object of type xAOD::MuonAuxContainer_v5
2026-02-12 18:31:25,492 copyAuxStoreThinned                               WARNING AthContainers/src/copyAuxStoreThinned.cxx:138: unlocked decoration UEcorr_Pt (955) in object of type xAOD::ElectronAuxContainer_v3
2026-02-12 18:31:25,496 copyAuxStoreThinned                               WARNING AthContainers/src/copyAuxStoreThinned.cxx:138: unlocked decoration UEcorr_Pt (955) in object of type xAOD::MuonAuxContainer_v5
2026-02-12 18:31:26,519 copyAuxStoreThinned                               WARNING AthContainers/src/copyAuxStoreThinned.cxx:138: unlocked decoration UEcorr_Pt (955) in object of type xAOD::ElectronAuxContainer_v3
2026-02-12 18:31:26,523 copyAuxStoreThinned                               WARNING AthContainers/src/copyAuxStoreThinned.cxx:138: unlocked decoration UEcorr_Pt (955) in object of type xAOD::MuonAuxContainer_v5
2026-02-12 18:31:27,897 copyAuxStoreThinned                               WARNING AthContainers/src/copyAuxStoreThinned.cxx:138: unlocked decoration UEcorr_Pt (955) in object of type xAOD::ElectronAuxContainer_v3
2026-02-12 18:31:27,900 copyAuxStoreThinned                               WARNING AthContainers/src/copyAuxStoreThinned.cxx:138: unlocked decoration UEcorr_Pt (955) in object of type xAOD::MuonAuxContainer_v5
2026-02-12 18:31:29,004 copyAuxStoreThinned                               WARNING AthContainers/src/copyAuxStoreThinned.cxx:138: unlocked decoration UEcorr_Pt (955) in object of type xAOD::ElectronAuxContainer_v3
2026-02-12 18:31:29,008 copyAuxStoreThinned                               WARNING AthContainers/src/copyAuxStoreThinned.cxx:138: unlocked decoration UEcorr_Pt (955) in object of type xAOD::MuonAuxContainer_v5
2026-02-12 18:31:30,293 copyAuxStoreThinned                               WARNING AthContainers/src/copyAuxStoreThinned.cxx:138: unlocked decoration UEcorr_Pt (955) in object of type xAOD::ElectronAuxContainer_v3
2026-02-12 18:31:30,296 copyAuxStoreThinned                               WARNING AthContainers/src/copyAuxStoreThinned.cxx:138: unlocked decoration UEcorr_Pt (955) in object of type xAOD::MuonAuxContainer_v5
2026-02-12 18:31:31,552 copyAuxStoreThinned                               WARNING AthContainers/src/copyAuxStoreThinned.cxx:138: unlocked decoration UEcorr_Pt (955) in object of type xAOD::ElectronAuxContainer_v3
2026-02-12 18:31:31,555 copyAuxStoreThinned                               WARNING AthContainers/src/copyAuxStoreThinned.cxx:138: unlocked decoration UEcorr_Pt (955) in object of type xAOD::MuonAuxContainer_v5
2026-02-12 18:31:32,825 copyAuxStoreThinned                               WARNING AthContainers/src/copyAuxStoreThinned.cxx:138: unlocked decoration UEcorr_Pt (955) in object of type xAOD::ElectronAuxContainer_v3
2026-02-12 18:31:32,829 copyAuxStoreThinned                               WARNING AthContainers/src/copyAuxStoreThinned.cxx:138: unlocked decoration UEcorr_Pt (955) in object of type xAOD::MuonAuxContainer_v5
2026-02-12 18:31:34,428 copyAuxStoreThinned                               WARNING AthContainers/src/copyAuxStoreThinned.cxx:138: unlocked decoration UEcorr_Pt (955) in object of type xAOD::ElectronAuxContainer_v3
2026-02-12 18:31:34,431 copyAuxStoreThinned                               WARNING AthContainers/src/copyAuxStoreThinned.cxx:138: unlocked decoration UEcorr_Pt (955) in object of type xAOD::MuonAuxContainer_v5
2026-02-12 18:31:36,019 copyAuxStoreThinned                               WARNING AthContainers/src/copyAuxStoreThinned.cxx:138: unlocked decoration UEcorr_Pt (955) in object of type xAOD::ElectronAuxContainer_v3
2026-02-12 18:31:36,022 copyAuxStoreThinned                               WARNING AthContainers/src/copyAuxStoreThinned.cxx:138: unlocked decoration UEcorr_Pt (955) in object of type xAOD::MuonAuxContainer_v5
2026-02-12 18:31:37,557 copyAuxStoreThinned                               WARNING AthContainers/src/copyAuxStoreThinned.cxx:138: unlocked decoration UEcorr_Pt (955) in object of type xAOD::ElectronAuxContainer_v3
2026-02-12 18:31:37,561 copyAuxStoreThinned                               WARNING AthContainers/src/copyAuxStoreThinned.cxx:138: unlocked decoration UEcorr_Pt (955) in object of type xAOD::MuonAuxContainer_v5
2026-02-12 18:31:39,666 copyAuxStoreThinned                               WARNING AthContainers/src/copyAuxStoreThinned.cxx:138: unlocked decoration UEcorr_Pt (955) in object of type xAOD::ElectronAuxContainer_v3
2026-02-12 18:31:39,670 copyAuxStoreThinned                               WARNING AthContainers/src/copyAuxStoreThinned.cxx:138: unlocked decoration UEcorr_Pt (955) in object of type xAOD::MuonAuxContainer_v5
2026-02-12 18:31:40,882 copyAuxStoreThinned                               WARNING AthContainers/src/copyAuxStoreThinned.cxx:138: unlocked decoration UEcorr_Pt (955) in object of type xAOD::ElectronAuxContainer_v3
2026-02-12 18:31:40,886 copyAuxStoreThinned                               WARNING AthContainers/src/copyAuxStoreThinned.cxx:138: unlocked decoration UEcorr_Pt (955) in object of type xAOD::MuonAuxContainer_v5
2026-02-12 18:31:42,255 copyAuxStoreThinned                               WARNING AthContainers/src/copyAuxStoreThinned.cxx:138: unlocked decoration UEcorr_Pt (955) in object of type xAOD::ElectronAuxContainer_v3
2026-02-12 18:31:42,259 copyAuxStoreThinned                               WARNING AthContainers/src/copyAuxStoreThinned.cxx:138: unlocked decoration UEcorr_Pt (955) in object of type xAOD::MuonAuxContainer_v5
2026-02-12 18:31:43,460 copyAuxStoreThinned                               WARNING AthContainers/src/copyAuxStoreThinned.cxx:138: unlocked decoration UEcorr_Pt (955) in object of type xAOD::ElectronAuxContainer_v3
2026-02-12 18:31:43,464 copyAuxStoreThinned                               WARNING AthContainers/src/copyAuxStoreThinned.cxx:138: unlocked decoration UEcorr_Pt (955) in object of type xAOD::MuonAuxContainer_v5
2026-02-12 18:31:44,838 copyAuxStoreThinned                               WARNING AthContainers/src/copyAuxStoreThinned.cxx:138: unlocked decoration UEcorr_Pt (955) in object of type xAOD::ElectronAuxContainer_v3
2026-02-12 18:31:44,842 copyAuxStoreThinned                               WARNING AthContainers/src/copyAuxStoreThinned.cxx:138: unlocked decoration UEcorr_Pt (955) in object of type xAOD::MuonAuxContainer_v5
2026-02-12 18:31:46,149 copyAuxStoreThinned                               WARNING AthContainers/src/copyAuxStoreThinned.cxx:138: unlocked decoration UEcorr_Pt (955) in object of type xAOD::ElectronAuxContainer_v3
2026-02-12 18:31:47,343 copyAuxStoreThinned                               WARNING AthContainers/src/copyAuxStoreThinned.cxx:138: unlocked decoration UEcorr_Pt (955) in object of type xAOD::ElectronAuxContainer_v3
2026-02-12 18:31:47,346 copyAuxStoreThinned                               WARNING AthContainers/src/copyAuxStoreThinned.cxx:138: unlocked decoration UEcorr_Pt (955) in object of type xAOD::MuonAuxContainer_v5
2026-02-12 18:31:48,401 copyAuxStoreThinned                               WARNING AthContainers/src/copyAuxStoreThinned.cxx:138: unlocked decoration UEcorr_Pt (955) in object of type xAOD::ElectronAuxContainer_v3
2026-02-12 18:31:48,405 copyAuxStoreThinned                               WARNING AthContainers/src/copyAuxStoreThinned.cxx:138: unlocked decoration UEcorr_Pt (955) in object of type xAOD::MuonAuxContainer_v5
2026-02-12 18:31:49,842 copyAuxStoreThinned                               WARNING AthContainers/src/copyAuxStoreThinned.cxx:138: unlocked decoration UEcorr_Pt (955) in object of type xAOD::ElectronAuxContainer_v3
2026-02-12 18:31:49,845 copyAuxStoreThinned                               WARNING AthContainers/src/copyAuxStoreThinned.cxx:138: unlocked decoration UEcorr_Pt (955) in object of type xAOD::MuonAuxContainer_v5
2026-02-12 18:31:51,146 copyAuxStoreThinned                               WARNING AthContainers/src/copyAuxStoreThinned.cxx:138: unlocked decoration UEcorr_Pt (955) in object of type xAOD::ElectronAuxContainer_v3
2026-02-12 18:31:51,152 copyAuxStoreThinned                               WARNING AthContainers/src/copyAuxStoreThinned.cxx:138: unlocked decoration UEcorr_Pt (955) in object of type xAOD::MuonAuxContainer_v5
2026-02-12 18:31:52,584 copyAuxStoreThinned                               WARNING AthContainers/src/copyAuxStoreThinned.cxx:138: unlocked decoration UEcorr_Pt (955) in object of type xAOD::ElectronAuxContainer_v3
2026-02-12 18:31:52,694 PerfMonMTSvc                                         INFO Event [   83] CPU Time: 00h02m00s, Wall Time: 00h02m57s, Vmem: 4.72 GB, Rss: 3.41 GB, Pss: 1.38 GB, Swap: 0.00 KB
2026-02-12 18:31:54,115 copyAuxStoreThinned                               WARNING AthContainers/src/copyAuxStoreThinned.cxx:138: unlocked decoration UEcorr_Pt (955) in object of type xAOD::ElectronAuxContainer_v3
2026-02-12 18:31:54,126 copyAuxStoreThinned                               WARNING AthContainers/src/copyAuxStoreThinned.cxx:138: unlocked decoration UEcorr_Pt (955) in object of type xAOD::MuonAuxContainer_v5
2026-02-12 18:31:55,324 copyAuxStoreThinned                               WARNING AthContainers/src/copyAuxStoreThinned.cxx:138: unlocked decoration UEcorr_Pt (955) in object of type xAOD::ElectronAuxContainer_v3
2026-02-12 18:31:55,329 copyAuxStoreThinned                               WARNING AthContainers/src/copyAuxStoreThinned.cxx:138: unlocked decoration UEcorr_Pt (955) in object of type xAOD::MuonAuxContainer_v5
2026-02-12 18:31:57,010 copyAuxStoreThinned                               WARNING AthContainers/src/copyAuxStoreThinned.cxx:138: unlocked decoration UEcorr_Pt (955) in object of type xAOD::ElectronAuxContainer_v3
2026-02-12 18:31:57,014 copyAuxStoreThinned                               WARNING AthContainers/src/copyAuxStoreThinned.cxx:138: unlocked decoration UEcorr_Pt (955) in object of type xAOD::MuonAuxContainer_v5
2026-02-12 18:31:58,061 copyAuxStoreThinned                               WARNING AthContainers/src/copyAuxStoreThinned.cxx:138: unlocked decoration UEcorr_Pt (955) in object of type xAOD::ElectronAuxContainer_v3
2026-02-12 18:31:58,065 copyAuxStoreThinned                               WARNING AthContainers/src/copyAuxStoreThinned.cxx:138: unlocked decoration UEcorr_Pt (955) in object of type xAOD::MuonAuxContainer_v5
2026-02-12 18:31:59,057 copyAuxStoreThinned                               WARNING AthContainers/src/copyAuxStoreThinned.cxx:138: unlocked decoration UEcorr_Pt (955) in object of type xAOD::ElectronAuxContainer_v3
2026-02-12 18:31:59,061 copyAuxStoreThinned                               WARNING AthContainers/src/copyAuxStoreThinned.cxx:138: unlocked decoration UEcorr_Pt (955) in object of type xAOD::MuonAuxContainer_v5
2026-02-12 18:32:00,437 copyAuxStoreThinned                               WARNING AthContainers/src/copyAuxStoreThinned.cxx:138: unlocked decoration UEcorr_Pt (955) in object of type xAOD::ElectronAuxContainer_v3
2026-02-12 18:32:00,442 copyAuxStoreThinned                               WARNING AthContainers/src/copyAuxStoreThinned.cxx:138: unlocked decoration UEcorr_Pt (955) in object of type xAOD::MuonAuxContainer_v5
2026-02-12 18:32:01,442 copyAuxStoreThinned                               WARNING AthContainers/src/copyAuxStoreThinned.cxx:138: unlocked decoration UEcorr_Pt (955) in object of type xAOD::ElectronAuxContainer_v3
2026-02-12 18:32:01,446 copyAuxStoreThinned                               WARNING AthContainers/src/copyAuxStoreThinned.cxx:138: unlocked decoration UEcorr_Pt (955) in object of type xAOD::MuonAuxContainer_v5
2026-02-12 18:32:02,502 copyAuxStoreThinned                               WARNING AthContainers/src/copyAuxStoreThinned.cxx:138: unlocked decoration UEcorr_Pt (955) in object of type xAOD::ElectronAuxContainer_v3
2026-02-12 18:32:02,505 copyAuxStoreThinned                               WARNING AthContainers/src/copyAuxStoreThinned.cxx:138: unlocked decoration UEcorr_Pt (955) in object of type xAOD::MuonAuxContainer_v5
2026-02-12 18:32:04,447 copyAuxStoreThinned                               WARNING AthContainers/src/copyAuxStoreThinned.cxx:138: unlocked decoration UEcorr_Pt (955) in object of type xAOD::ElectronAuxContainer_v3
2026-02-12 18:32:04,451 copyAuxStoreThinned                               WARNING AthContainers/src/copyAuxStoreThinned.cxx:138: unlocked decoration UEcorr_Pt (955) in object of type xAOD::MuonAuxContainer_v5
2026-02-12 18:32:05,468 copyAuxStoreThinned                               WARNING AthContainers/src/copyAuxStoreThinned.cxx:138: unlocked decoration UEcorr_Pt (955) in object of type xAOD::ElectronAuxContainer_v3
2026-02-12 18:32:05,472 copyAuxStoreThinned                               WARNING AthContainers/src/copyAuxStoreThinned.cxx:138: unlocked decoration UEcorr_Pt (955) in object of type xAOD::MuonAuxContainer_v5
2026-02-12 18:32:06,948 copyAuxStoreThinned                               WARNING AthContainers/src/copyAuxStoreThinned.cxx:138: unlocked decoration UEcorr_Pt (955) in object of type xAOD::ElectronAuxContainer_v3
2026-02-12 18:32:08,478 copyAuxStoreThinned                               WARNING AthContainers/src/copyAuxStoreThinned.cxx:138: unlocked decoration UEcorr_Pt (955) in object of type xAOD::ElectronAuxContainer_v3
2026-02-12 18:32:08,482 copyAuxStoreThinned                               WARNING AthContainers/src/copyAuxStoreThinned.cxx:138: unlocked decoration UEcorr_Pt (955) in object of type xAOD::MuonAuxContainer_v5
2026-02-12 18:32:10,308 copyAuxStoreThinned                               WARNING AthContainers/src/copyAuxStoreThinned.cxx:138: unlocked decoration UEcorr_Pt (955) in object of type xAOD::ElectronAuxContainer_v3
2026-02-12 18:32:10,312 copyAuxStoreThinned                               WARNING AthContainers/src/copyAuxStoreThinned.cxx:138: unlocked decoration UEcorr_Pt (955) in object of type xAOD::MuonAuxContainer_v5
2026-02-12 18:32:11,518 copyAuxStoreThinned                               WARNING AthContainers/src/copyAuxStoreThinned.cxx:138: unlocked decoration UEcorr_Pt (955) in object of type xAOD::ElectronAuxContainer_v3
2026-02-12 18:32:11,521 copyAuxStoreThinned                               WARNING AthContainers/src/copyAuxStoreThinned.cxx:138: unlocked decoration UEcorr_Pt (955) in object of type xAOD::MuonAuxContainer_v5
2026-02-12 18:32:12,587 copyAuxStoreThinned                               WARNING AthContainers/src/copyAuxStoreThinned.cxx:138: unlocked decoration UEcorr_Pt (955) in object of type xAOD::ElectronAuxContainer_v3
2026-02-12 18:32:12,591 copyAuxStoreThinned                               WARNING AthContainers/src/copyAuxStoreThinned.cxx:138: unlocked decoration UEcorr_Pt (955) in object of type xAOD::MuonAuxContainer_v5
2026-02-12 18:32:13,786 copyAuxStoreThinned                               WARNING AthContainers/src/copyAuxStoreThinned.cxx:138: unlocked decoration UEcorr_Pt (955) in object of type xAOD::ElectronAuxContainer_v3
2026-02-12 18:32:15,587 copyAuxStoreThinned                               WARNING AthContainers/src/copyAuxStoreThinned.cxx:138: unlocked decoration UEcorr_Pt (955) in object of type xAOD::ElectronAuxContainer_v3
2026-02-12 18:32:15,591 copyAuxStoreThinned                               WARNING AthContainers/src/copyAuxStoreThinned.cxx:138: unlocked decoration UEcorr_Pt (955) in object of type xAOD::MuonAuxContainer_v5
2026-02-12 18:32:16,514 copyAuxStoreThinned                               WARNING AthContainers/src/copyAuxStoreThinned.cxx:138: unlocked decoration UEcorr_Pt (955) in object of type xAOD::ElectronAuxContainer_v3
2026-02-12 18:32:16,518 copyAuxStoreThinned                               WARNING AthContainers/src/copyAuxStoreThinned.cxx:138: unlocked decoration UEcorr_Pt (955) in object of type xAOD::MuonAuxContainer_v5
2026-02-12 18:32:16,535 AthMpEvtLoopMgr.SharedEvtQueueConsumer               INFO Received from the queue: event num=700 chunk size=100
2026-02-12 18:32:16,536 AthMpEvtLoopMgr.SharedEvtQueueConsumer               INFO Seek to 700 succeeded
2026-02-12 18:32:16,574 AthenaEventLoopMgr                                   INFO   ===>>>  start processing event #334736268, run #450000 100 events processed so far  <<<===
2026-02-12 18:32:18,422 copyAuxStoreThinned                               WARNING AthContainers/src/copyAuxStoreThinned.cxx:138: unlocked decoration UEcorr_Pt (955) in object of type xAOD::ElectronAuxContainer_v3
2026-02-12 18:32:18,493 copyAuxStoreThinned                               WARNING AthContainers/src/copyAuxStoreThinned.cxx:138: unlocked decoration UEcorr_Pt (955) in object of type xAOD::MuonAuxContainer_v5
2026-02-12 18:32:18,543 AthenaEventLoopMgr                                   INFO   ===>>>  done processing event #334736268, run #450000 101 events processed so far  <<<===
2026-02-12 18:32:19,767 copyAuxStoreThinned                               WARNING AthContainers/src/copyAuxStoreThinned.cxx:138: unlocked decoration UEcorr_Pt (955) in object of type xAOD::ElectronAuxContainer_v3
2026-02-12 18:32:19,771 copyAuxStoreThinned                               WARNING AthContainers/src/copyAuxStoreThinned.cxx:138: unlocked decoration UEcorr_Pt (955) in object of type xAOD::MuonAuxContainer_v5
2026-02-12 18:32:21,247 copyAuxStoreThinned                               WARNING AthContainers/src/copyAuxStoreThinned.cxx:138: unlocked decoration UEcorr_Pt (955) in object of type xAOD::ElectronAuxContainer_v3
2026-02-12 18:32:21,251 copyAuxStoreThinned                               WARNING AthContainers/src/copyAuxStoreThinned.cxx:138: unlocked decoration UEcorr_Pt (955) in object of type xAOD::MuonAuxContainer_v5
2026-02-12 18:32:22,644 copyAuxStoreThinned                               WARNING AthContainers/src/copyAuxStoreThinned.cxx:138: unlocked decoration UEcorr_Pt (955) in object of type xAOD::ElectronAuxContainer_v3
2026-02-12 18:32:22,681 copyAuxStoreThinned                               WARNING AthContainers/src/copyAuxStoreThinned.cxx:138: unlocked decoration UEcorr_Pt (955) in object of type xAOD::MuonAuxContainer_v5
2026-02-12 18:32:22,787 PerfMonMTSvc                                         INFO Event [  105] CPU Time: 00h02m29s, Wall Time: 00h03m27s, Vmem: 4.73 GB, Rss: 3.41 GB, Pss: 1.39 GB, Swap: 0.00 KB
2026-02-12 18:32:24,157 copyAuxStoreThinned                               WARNING AthContainers/src/copyAuxStoreThinned.cxx:138: unlocked decoration UEcorr_Pt (955) in object of type xAOD::ElectronAuxContainer_v3
2026-02-12 18:32:24,161 copyAuxStoreThinned                               WARNING AthContainers/src/copyAuxStoreThinned.cxx:138: unlocked decoration UEcorr_Pt (955) in object of type xAOD::MuonAuxContainer_v5
2026-02-12 18:32:26,063 copyAuxStoreThinned                               WARNING AthContainers/src/copyAuxStoreThinned.cxx:138: unlocked decoration UEcorr_Pt (955) in object of type xAOD::ElectronAuxContainer_v3
2026-02-12 18:32:26,067 copyAuxStoreThinned                               WARNING AthContainers/src/copyAuxStoreThinned.cxx:138: unlocked decoration UEcorr_Pt (955) in object of type xAOD::MuonAuxContainer_v5
2026-02-12 18:32:27,985 copyAuxStoreThinned                               WARNING AthContainers/src/copyAuxStoreThinned.cxx:138: unlocked decoration UEcorr_Pt (955) in object of type xAOD::ElectronAuxContainer_v3
2026-02-12 18:32:28,005 copyAuxStoreThinned                               WARNING AthContainers/src/copyAuxStoreThinned.cxx:138: unlocked decoration UEcorr_Pt (955) in object of type xAOD::MuonAuxContainer_v5
2026-02-12 18:32:28,887 copyAuxStoreThinned                               WARNING AthContainers/src/copyAuxStoreThinned.cxx:138: unlocked decoration UEcorr_Pt (955) in object of type xAOD::ElectronAuxContainer_v3
2026-02-12 18:32:28,891 copyAuxStoreThinned                               WARNING AthContainers/src/copyAuxStoreThinned.cxx:138: unlocked decoration UEcorr_Pt (955) in object of type xAOD::MuonAuxContainer_v5
2026-02-12 18:32:30,326 copyAuxStoreThinned                               WARNING AthContainers/src/copyAuxStoreThinned.cxx:138: unlocked decoration UEcorr_Pt (955) in object of type xAOD::ElectronAuxContainer_v3
2026-02-12 18:32:30,330 copyAuxStoreThinned                               WARNING AthContainers/src/copyAuxStoreThinned.cxx:138: unlocked decoration UEcorr_Pt (955) in object of type xAOD::MuonAuxContainer_v5
2026-02-12 18:32:32,051 copyAuxStoreThinned                               WARNING AthContainers/src/copyAuxStoreThinned.cxx:138: unlocked decoration UEcorr_Pt (955) in object of type xAOD::ElectronAuxContainer_v3
2026-02-12 18:32:34,023 copyAuxStoreThinned                               WARNING AthContainers/src/copyAuxStoreThinned.cxx:138: unlocked decoration UEcorr_Pt (955) in object of type xAOD::ElectronAuxContainer_v3
2026-02-12 18:32:34,027 copyAuxStoreThinned                               WARNING AthContainers/src/copyAuxStoreThinned.cxx:138: unlocked decoration UEcorr_Pt (955) in object of type xAOD::MuonAuxContainer_v5
2026-02-12 18:32:35,731 copyAuxStoreThinned                               WARNING AthContainers/src/copyAuxStoreThinned.cxx:138: unlocked decoration UEcorr_Pt (955) in object of type xAOD::ElectronAuxContainer_v3
2026-02-12 18:32:35,735 copyAuxStoreThinned                               WARNING AthContainers/src/copyAuxStoreThinned.cxx:138: unlocked decoration UEcorr_Pt (955) in object of type xAOD::MuonAuxContainer_v5
2026-02-12 18:32:37,589 copyAuxStoreThinned                               WARNING AthContainers/src/copyAuxStoreThinned.cxx:138: unlocked decoration UEcorr_Pt (955) in object of type xAOD::ElectronAuxContainer_v3
2026-02-12 18:32:37,593 copyAuxStoreThinned                               WARNING AthContainers/src/copyAuxStoreThinned.cxx:138: unlocked decoration UEcorr_Pt (955) in object of type xAOD::MuonAuxContainer_v5
2026-02-12 18:32:39,108 copyAuxStoreThinned                               WARNING AthContainers/src/copyAuxStoreThinned.cxx:138: unlocked decoration UEcorr_Pt (955) in object of type xAOD::ElectronAuxContainer_v3
2026-02-12 18:32:39,112 copyAuxStoreThinned                               WARNING AthContainers/src/copyAuxStoreThinned.cxx:138: unlocked decoration UEcorr_Pt (955) in object of type xAOD::MuonAuxContainer_v5
2026-02-12 18:32:40,324 copyAuxStoreThinned                               WARNING AthContainers/src/copyAuxStoreThinned.cxx:138: unlocked decoration UEcorr_Pt (955) in object of type xAOD::ElectronAuxContainer_v3
2026-02-12 18:32:40,328 copyAuxStoreThinned                               WARNING AthContainers/src/copyAuxStoreThinned.cxx:138: unlocked decoration UEcorr_Pt (955) in object of type xAOD::MuonAuxContainer_v5
2026-02-12 18:32:41,804 copyAuxStoreThinned                               WARNING AthContainers/src/copyAuxStoreThinned.cxx:138: unlocked decoration UEcorr_Pt (955) in object of type xAOD::ElectronAuxContainer_v3
2026-02-12 18:32:42,998 copyAuxStoreThinned                               WARNING AthContainers/src/copyAuxStoreThinned.cxx:138: unlocked decoration UEcorr_Pt (955) in object of type xAOD::ElectronAuxContainer_v3
2026-02-12 18:32:43,002 copyAuxStoreThinned                               WARNING AthContainers/src/copyAuxStoreThinned.cxx:138: unlocked decoration UEcorr_Pt (955) in object of type xAOD::MuonAuxContainer_v5
2026-02-12 18:32:44,209 copyAuxStoreThinned                               WARNING AthContainers/src/copyAuxStoreThinned.cxx:138: unlocked decoration UEcorr_Pt (955) in object of type xAOD::ElectronAuxContainer_v3
2026-02-12 18:32:44,212 copyAuxStoreThinned                               WARNING AthContainers/src/copyAuxStoreThinned.cxx:138: unlocked decoration UEcorr_Pt (955) in object of type xAOD::MuonAuxContainer_v5
2026-02-12 18:32:45,816 copyAuxStoreThinned                               WARNING AthContainers/src/copyAuxStoreThinned.cxx:138: unlocked decoration UEcorr_Pt (955) in object of type xAOD::ElectronAuxContainer_v3
2026-02-12 18:32:45,820 copyAuxStoreThinned                               WARNING AthContainers/src/copyAuxStoreThinned.cxx:138: unlocked decoration UEcorr_Pt (955) in object of type xAOD::MuonAuxContainer_v5
2026-02-12 18:32:46,830 copyAuxStoreThinned                               WARNING AthContainers/src/copyAuxStoreThinned.cxx:138: unlocked decoration UEcorr_Pt (955) in object of type xAOD::ElectronAuxContainer_v3
2026-02-12 18:32:46,833 copyAuxStoreThinned                               WARNING AthContainers/src/copyAuxStoreThinned.cxx:138: unlocked decoration UEcorr_Pt (955) in object of type xAOD::MuonAuxContainer_v5
2026-02-12 18:32:48,367 copyAuxStoreThinned                               WARNING AthContainers/src/copyAuxStoreThinned.cxx:138: unlocked decoration UEcorr_Pt (955) in object of type xAOD::ElectronAuxContainer_v3
2026-02-12 18:32:48,371 copyAuxStoreThinned                               WARNING AthContainers/src/copyAuxStoreThinned.cxx:138: unlocked decoration UEcorr_Pt (955) in object of type xAOD::MuonAuxContainer_v5
2026-02-12 18:32:49,570 copyAuxStoreThinned                               WARNING AthContainers/src/copyAuxStoreThinned.cxx:138: unlocked decoration UEcorr_Pt (955) in object of type xAOD::ElectronAuxContainer_v3
2026-02-12 18:32:49,574 copyAuxStoreThinned                               WARNING AthContainers/src/copyAuxStoreThinned.cxx:138: unlocked decoration UEcorr_Pt (955) in object of type xAOD::MuonAuxContainer_v5
2026-02-12 18:32:51,828 copyAuxStoreThinned                               WARNING AthContainers/src/copyAuxStoreThinned.cxx:138: unlocked decoration UEcorr_Pt (955) in object of type xAOD::ElectronAuxContainer_v3
2026-02-12 18:32:51,832 copyAuxStoreThinned                               WARNING AthContainers/src/copyAuxStoreThinned.cxx:138: unlocked decoration UEcorr_Pt (955) in object of type xAOD::MuonAuxContainer_v5
2026-02-12 18:32:52,877 copyAuxStoreThinned                               WARNING AthContainers/src/copyAuxStoreThinned.cxx:138: unlocked decoration UEcorr_Pt (955) in object of type xAOD::ElectronAuxContainer_v3
2026-02-12 18:32:52,882 copyAuxStoreThinned                               WARNING AthContainers/src/copyAuxStoreThinned.cxx:138: unlocked decoration UEcorr_Pt (955) in object of type xAOD::MuonAuxContainer_v5
2026-02-12 18:32:52,982 PerfMonMTSvc                                         INFO Event [  125] CPU Time: 00h02m59s, Wall Time: 00h03m58s, Vmem: 4.73 GB, Rss: 3.41 GB, Pss: 1.39 GB, Swap: 0.00 KB
2026-02-12 18:32:54,111 copyAuxStoreThinned                               WARNING AthContainers/src/copyAuxStoreThinned.cxx:138: unlocked decoration UEcorr_Pt (955) in object of type xAOD::ElectronAuxContainer_v3
2026-02-12 18:32:54,115 copyAuxStoreThinned                               WARNING AthContainers/src/copyAuxStoreThinned.cxx:138: unlocked decoration UEcorr_Pt (955) in object of type xAOD::MuonAuxContainer_v5
2026-02-12 18:32:55,308 copyAuxStoreThinned                               WARNING AthContainers/src/copyAuxStoreThinned.cxx:138: unlocked decoration UEcorr_Pt (955) in object of type xAOD::ElectronAuxContainer_v3
2026-02-12 18:32:55,311 copyAuxStoreThinned                               WARNING AthContainers/src/copyAuxStoreThinned.cxx:138: unlocked decoration UEcorr_Pt (955) in object of type xAOD::MuonAuxContainer_v5
2026-02-12 18:32:56,880 copyAuxStoreThinned                               WARNING AthContainers/src/copyAuxStoreThinned.cxx:138: unlocked decoration UEcorr_Pt (955) in object of type xAOD::ElectronAuxContainer_v3
2026-02-12 18:32:56,883 copyAuxStoreThinned                               WARNING AthContainers/src/copyAuxStoreThinned.cxx:138: unlocked decoration UEcorr_Pt (955) in object of type xAOD::MuonAuxContainer_v5
2026-02-12 18:32:58,409 copyAuxStoreThinned                               WARNING AthContainers/src/copyAuxStoreThinned.cxx:138: unlocked decoration UEcorr_Pt (955) in object of type xAOD::ElectronAuxContainer_v3
2026-02-12 18:32:58,413 copyAuxStoreThinned                               WARNING AthContainers/src/copyAuxStoreThinned.cxx:138: unlocked decoration UEcorr_Pt (955) in object of type xAOD::MuonAuxContainer_v5
2026-02-12 18:33:00,087 copyAuxStoreThinned                               WARNING AthContainers/src/copyAuxStoreThinned.cxx:138: unlocked decoration UEcorr_Pt (955) in object of type xAOD::ElectronAuxContainer_v3
2026-02-12 18:33:00,090 copyAuxStoreThinned                               WARNING AthContainers/src/copyAuxStoreThinned.cxx:138: unlocked decoration UEcorr_Pt (955) in object of type xAOD::MuonAuxContainer_v5
2026-02-12 18:33:01,748 copyAuxStoreThinned                               WARNING AthContainers/src/copyAuxStoreThinned.cxx:138: unlocked decoration UEcorr_Pt (955) in object of type xAOD::ElectronAuxContainer_v3
2026-02-12 18:33:01,751 copyAuxStoreThinned                               WARNING AthContainers/src/copyAuxStoreThinned.cxx:138: unlocked decoration UEcorr_Pt (955) in object of type xAOD::MuonAuxContainer_v5
2026-02-12 18:33:03,916 copyAuxStoreThinned                               WARNING AthContainers/src/copyAuxStoreThinned.cxx:138: unlocked decoration UEcorr_Pt (955) in object of type xAOD::ElectronAuxContainer_v3
2026-02-12 18:33:03,920 copyAuxStoreThinned                               WARNING AthContainers/src/copyAuxStoreThinned.cxx:138: unlocked decoration UEcorr_Pt (955) in object of type xAOD::MuonAuxContainer_v5
2026-02-12 18:33:05,289 copyAuxStoreThinned                               WARNING AthContainers/src/copyAuxStoreThinned.cxx:138: unlocked decoration UEcorr_Pt (955) in object of type xAOD::ElectronAuxContainer_v3
2026-02-12 18:33:05,307 copyAuxStoreThinned                               WARNING AthContainers/src/copyAuxStoreThinned.cxx:138: unlocked decoration UEcorr_Pt (955) in object of type xAOD::MuonAuxContainer_v5
2026-02-12 18:33:06,637 copyAuxStoreThinned                               WARNING AthContainers/src/copyAuxStoreThinned.cxx:138: unlocked decoration UEcorr_Pt (955) in object of type xAOD::ElectronAuxContainer_v3
2026-02-12 18:33:06,640 copyAuxStoreThinned                               WARNING AthContainers/src/copyAuxStoreThinned.cxx:138: unlocked decoration UEcorr_Pt (955) in object of type xAOD::MuonAuxContainer_v5
2026-02-12 18:33:07,931 copyAuxStoreThinned                               WARNING AthContainers/src/copyAuxStoreThinned.cxx:138: unlocked decoration UEcorr_Pt (955) in object of type xAOD::ElectronAuxContainer_v3
2026-02-12 18:33:07,935 copyAuxStoreThinned                               WARNING AthContainers/src/copyAuxStoreThinned.cxx:138: unlocked decoration UEcorr_Pt (955) in object of type xAOD::MuonAuxContainer_v5
2026-02-12 18:33:09,732 copyAuxStoreThinned                               WARNING AthContainers/src/copyAuxStoreThinned.cxx:138: unlocked decoration UEcorr_Pt (955) in object of type xAOD::ElectronAuxContainer_v3
2026-02-12 18:33:09,736 copyAuxStoreThinned                               WARNING AthContainers/src/copyAuxStoreThinned.cxx:138: unlocked decoration UEcorr_Pt (955) in object of type xAOD::MuonAuxContainer_v5
2026-02-12 18:33:13,780 copyAuxStoreThinned                               WARNING AthContainers/src/copyAuxStoreThinned.cxx:138: unlocked decoration UEcorr_Pt (955) in object of type xAOD::ElectronAuxContainer_v3
2026-02-12 18:33:13,784 copyAuxStoreThinned                               WARNING AthContainers/src/copyAuxStoreThinned.cxx:138: unlocked decoration UEcorr_Pt (955) in object of type xAOD::MuonAuxContainer_v5
2026-02-12 18:33:15,153 copyAuxStoreThinned                               WARNING AthContainers/src/copyAuxStoreThinned.cxx:138: unlocked decoration UEcorr_Pt (955) in object of type xAOD::ElectronAuxContainer_v3
2026-02-12 18:33:17,148 copyAuxStoreThinned                               WARNING AthContainers/src/copyAuxStoreThinned.cxx:138: unlocked decoration UEcorr_Pt (955) in object of type xAOD::ElectronAuxContainer_v3
2026-02-12 18:33:17,152 copyAuxStoreThinned                               WARNING AthContainers/src/copyAuxStoreThinned.cxx:138: unlocked decoration UEcorr_Pt (955) in object of type xAOD::MuonAuxContainer_v5
2026-02-12 18:33:19,698 copyAuxStoreThinned                               WARNING AthContainers/src/copyAuxStoreThinned.cxx:138: unlocked decoration UEcorr_Pt (955) in object of type xAOD::ElectronAuxContainer_v3
2026-02-12 18:33:19,702 copyAuxStoreThinned                               WARNING AthContainers/src/copyAuxStoreThinned.cxx:138: unlocked decoration UEcorr_Pt (955) in object of type xAOD::MuonAuxContainer_v5
2026-02-12 18:33:20,986 copyAuxStoreThinned                               WARNING AthContainers/src/copyAuxStoreThinned.cxx:138: unlocked decoration UEcorr_Pt (955) in object of type xAOD::ElectronAuxContainer_v3
2026-02-12 18:33:20,990 copyAuxStoreThinned                               WARNING AthContainers/src/copyAuxStoreThinned.cxx:138: unlocked decoration UEcorr_Pt (955) in object of type xAOD::MuonAuxContainer_v5
2026-02-12 18:33:22,409 copyAuxStoreThinned                               WARNING AthContainers/src/copyAuxStoreThinned.cxx:138: unlocked decoration UEcorr_Pt (955) in object of type xAOD::ElectronAuxContainer_v3
2026-02-12 18:33:22,413 copyAuxStoreThinned                               WARNING AthContainers/src/copyAuxStoreThinned.cxx:138: unlocked decoration UEcorr_Pt (955) in object of type xAOD::MuonAuxContainer_v5
2026-02-12 18:33:24,003 copyAuxStoreThinned                               WARNING AthContainers/src/copyAuxStoreThinned.cxx:138: unlocked decoration UEcorr_Pt (955) in object of type xAOD::ElectronAuxContainer_v3
2026-02-12 18:33:24,007 copyAuxStoreThinned                               WARNING AthContainers/src/copyAuxStoreThinned.cxx:138: unlocked decoration UEcorr_Pt (955) in object of type xAOD::MuonAuxContainer_v5
2026-02-12 18:33:24,132 PerfMonMTSvc                                         INFO Event [  143] CPU Time: 00h03m30s, Wall Time: 00h04m29s, Vmem: 4.73 GB, Rss: 3.41 GB, Pss: 1.39 GB, Swap: 0.00 KB
2026-02-12 18:33:25,639 copyAuxStoreThinned                               WARNING AthContainers/src/copyAuxStoreThinned.cxx:138: unlocked decoration UEcorr_Pt (955) in object of type xAOD::ElectronAuxContainer_v3
2026-02-12 18:33:25,643 copyAuxStoreThinned                               WARNING AthContainers/src/copyAuxStoreThinned.cxx:138: unlocked decoration UEcorr_Pt (955) in object of type xAOD::MuonAuxContainer_v5
2026-02-12 18:33:27,812 copyAuxStoreThinned                               WARNING AthContainers/src/copyAuxStoreThinned.cxx:138: unlocked decoration UEcorr_Pt (955) in object of type xAOD::ElectronAuxContainer_v3
2026-02-12 18:33:27,837 copyAuxStoreThinned                               WARNING AthContainers/src/copyAuxStoreThinned.cxx:138: unlocked decoration UEcorr_Pt (955) in object of type xAOD::MuonAuxContainer_v5
2026-02-12 18:33:29,679 copyAuxStoreThinned                               WARNING AthContainers/src/copyAuxStoreThinned.cxx:138: unlocked decoration UEcorr_Pt (955) in object of type xAOD::ElectronAuxContainer_v3
2026-02-12 18:33:31,594 copyAuxStoreThinned                               WARNING AthContainers/src/copyAuxStoreThinned.cxx:138: unlocked decoration UEcorr_Pt (955) in object of type xAOD::ElectronAuxContainer_v3
2026-02-12 18:33:31,598 copyAuxStoreThinned                               WARNING AthContainers/src/copyAuxStoreThinned.cxx:138: unlocked decoration UEcorr_Pt (955) in object of type xAOD::MuonAuxContainer_v5
2026-02-12 18:33:33,258 copyAuxStoreThinned                               WARNING AthContainers/src/copyAuxStoreThinned.cxx:138: unlocked decoration UEcorr_Pt (955) in object of type xAOD::ElectronAuxContainer_v3
2026-02-12 18:33:33,262 copyAuxStoreThinned                               WARNING AthContainers/src/copyAuxStoreThinned.cxx:138: unlocked decoration UEcorr_Pt (955) in object of type xAOD::MuonAuxContainer_v5
2026-02-12 18:33:34,595 copyAuxStoreThinned                               WARNING AthContainers/src/copyAuxStoreThinned.cxx:138: unlocked decoration UEcorr_Pt (955) in object of type xAOD::ElectronAuxContainer_v3
2026-02-12 18:33:34,599 copyAuxStoreThinned                               WARNING AthContainers/src/copyAuxStoreThinned.cxx:138: unlocked decoration UEcorr_Pt (955) in object of type xAOD::MuonAuxContainer_v5
2026-02-12 18:33:35,582 copyAuxStoreThinned                               WARNING AthContainers/src/copyAuxStoreThinned.cxx:138: unlocked decoration UEcorr_Pt (955) in object of type xAOD::ElectronAuxContainer_v3
2026-02-12 18:33:35,608 copyAuxStoreThinned                               WARNING AthContainers/src/copyAuxStoreThinned.cxx:138: unlocked decoration UEcorr_Pt (955) in object of type xAOD::MuonAuxContainer_v5
2026-02-12 18:33:36,873 copyAuxStoreThinned                               WARNING AthContainers/src/copyAuxStoreThinned.cxx:138: unlocked decoration UEcorr_Pt (955) in object of type xAOD::ElectronAuxContainer_v3
2026-02-12 18:33:36,877 copyAuxStoreThinned                               WARNING AthContainers/src/copyAuxStoreThinned.cxx:138: unlocked decoration UEcorr_Pt (955) in object of type xAOD::MuonAuxContainer_v5
2026-02-12 18:33:38,272 copyAuxStoreThinned                               WARNING AthContainers/src/copyAuxStoreThinned.cxx:138: unlocked decoration UEcorr_Pt (955) in object of type xAOD::ElectronAuxContainer_v3
2026-02-12 18:33:38,275 copyAuxStoreThinned                               WARNING AthContainers/src/copyAuxStoreThinned.cxx:138: unlocked decoration UEcorr_Pt (955) in object of type xAOD::MuonAuxContainer_v5
2026-02-12 18:33:39,546 copyAuxStoreThinned                               WARNING AthContainers/src/copyAuxStoreThinned.cxx:138: unlocked decoration UEcorr_Pt (955) in object of type xAOD::ElectronAuxContainer_v3
2026-02-12 18:33:39,549 copyAuxStoreThinned                               WARNING AthContainers/src/copyAuxStoreThinned.cxx:138: unlocked decoration UEcorr_Pt (955) in object of type xAOD::MuonAuxContainer_v5
2026-02-12 18:33:41,244 copyAuxStoreThinned                               WARNING AthContainers/src/copyAuxStoreThinned.cxx:138: unlocked decoration UEcorr_Pt (955) in object of type xAOD::ElectronAuxContainer_v3
2026-02-12 18:33:41,248 copyAuxStoreThinned                               WARNING AthContainers/src/copyAuxStoreThinned.cxx:138: unlocked decoration UEcorr_Pt (955) in object of type xAOD::MuonAuxContainer_v5
2026-02-12 18:33:43,001 copyAuxStoreThinned                               WARNING AthContainers/src/copyAuxStoreThinned.cxx:138: unlocked decoration UEcorr_Pt (955) in object of type xAOD::ElectronAuxContainer_v3
2026-02-12 18:33:43,005 copyAuxStoreThinned                               WARNING AthContainers/src/copyAuxStoreThinned.cxx:138: unlocked decoration UEcorr_Pt (955) in object of type xAOD::MuonAuxContainer_v5
2026-02-12 18:33:44,758 copyAuxStoreThinned                               WARNING AthContainers/src/copyAuxStoreThinned.cxx:138: unlocked decoration UEcorr_Pt (955) in object of type xAOD::ElectronAuxContainer_v3
2026-02-12 18:33:44,761 copyAuxStoreThinned                               WARNING AthContainers/src/copyAuxStoreThinned.cxx:138: unlocked decoration UEcorr_Pt (955) in object of type xAOD::MuonAuxContainer_v5
2026-02-12 18:33:46,303 copyAuxStoreThinned                               WARNING AthContainers/src/copyAuxStoreThinned.cxx:138: unlocked decoration UEcorr_Pt (955) in object of type xAOD::ElectronAuxContainer_v3
2026-02-12 18:33:46,307 copyAuxStoreThinned                               WARNING AthContainers/src/copyAuxStoreThinned.cxx:138: unlocked decoration UEcorr_Pt (955) in object of type xAOD::MuonAuxContainer_v5
2026-02-12 18:33:47,719 copyAuxStoreThinned                               WARNING AthContainers/src/copyAuxStoreThinned.cxx:138: unlocked decoration UEcorr_Pt (955) in object of type xAOD::ElectronAuxContainer_v3
2026-02-12 18:33:47,723 copyAuxStoreThinned                               WARNING AthContainers/src/copyAuxStoreThinned.cxx:138: unlocked decoration UEcorr_Pt (955) in object of type xAOD::MuonAuxContainer_v5
2026-02-12 18:33:48,864 copyAuxStoreThinned                               WARNING AthContainers/src/copyAuxStoreThinned.cxx:138: unlocked decoration UEcorr_Pt (955) in object of type xAOD::ElectronAuxContainer_v3
2026-02-12 18:33:48,867 copyAuxStoreThinned                               WARNING AthContainers/src/copyAuxStoreThinned.cxx:138: unlocked decoration UEcorr_Pt (955) in object of type xAOD::MuonAuxContainer_v5
2026-02-12 18:33:50,319 copyAuxStoreThinned                               WARNING AthContainers/src/copyAuxStoreThinned.cxx:138: unlocked decoration UEcorr_Pt (955) in object of type xAOD::ElectronAuxContainer_v3
2026-02-12 18:33:50,322 copyAuxStoreThinned                               WARNING AthContainers/src/copyAuxStoreThinned.cxx:138: unlocked decoration UEcorr_Pt (955) in object of type xAOD::MuonAuxContainer_v5
2026-02-12 18:33:51,799 copyAuxStoreThinned                               WARNING AthContainers/src/copyAuxStoreThinned.cxx:138: unlocked decoration UEcorr_Pt (955) in object of type xAOD::ElectronAuxContainer_v3
2026-02-12 18:33:51,804 copyAuxStoreThinned                               WARNING AthContainers/src/copyAuxStoreThinned.cxx:138: unlocked decoration UEcorr_Pt (955) in object of type xAOD::MuonAuxContainer_v5
2026-02-12 18:33:53,257 copyAuxStoreThinned                               WARNING AthContainers/src/copyAuxStoreThinned.cxx:138: unlocked decoration UEcorr_Pt (955) in object of type xAOD::ElectronAuxContainer_v3
2026-02-12 18:33:53,276 copyAuxStoreThinned                               WARNING AthContainers/src/copyAuxStoreThinned.cxx:138: unlocked decoration UEcorr_Pt (955) in object of type xAOD::MuonAuxContainer_v5
2026-02-12 18:33:54,460 copyAuxStoreThinned                               WARNING AthContainers/src/copyAuxStoreThinned.cxx:138: unlocked decoration UEcorr_Pt (955) in object of type xAOD::ElectronAuxContainer_v3
2026-02-12 18:33:54,464 copyAuxStoreThinned                               WARNING AthContainers/src/copyAuxStoreThinned.cxx:138: unlocked decoration UEcorr_Pt (955) in object of type xAOD::MuonAuxContainer_v5
2026-02-12 18:33:54,566 PerfMonMTSvc                                         INFO Event [  163] CPU Time: 00h04m00s, Wall Time: 00h04m59s, Vmem: 4.73 GB, Rss: 3.42 GB, Pss: 1.39 GB, Swap: 0.00 KB
2026-02-12 18:33:55,875 copyAuxStoreThinned                               WARNING AthContainers/src/copyAuxStoreThinned.cxx:138: unlocked decoration UEcorr_Pt (955) in object of type xAOD::ElectronAuxContainer_v3
2026-02-12 18:33:55,879 copyAuxStoreThinned                               WARNING AthContainers/src/copyAuxStoreThinned.cxx:138: unlocked decoration UEcorr_Pt (955) in object of type xAOD::MuonAuxContainer_v5
2026-02-12 18:33:57,292 copyAuxStoreThinned                               WARNING AthContainers/src/copyAuxStoreThinned.cxx:138: unlocked decoration UEcorr_Pt (955) in object of type xAOD::ElectronAuxContainer_v3
2026-02-12 18:33:57,296 copyAuxStoreThinned                               WARNING AthContainers/src/copyAuxStoreThinned.cxx:138: unlocked decoration UEcorr_Pt (955) in object of type xAOD::MuonAuxContainer_v5
2026-02-12 18:33:59,237 copyAuxStoreThinned                               WARNING AthContainers/src/copyAuxStoreThinned.cxx:138: unlocked decoration UEcorr_Pt (955) in object of type xAOD::ElectronAuxContainer_v3
2026-02-12 18:33:59,241 copyAuxStoreThinned                               WARNING AthContainers/src/copyAuxStoreThinned.cxx:138: unlocked decoration UEcorr_Pt (955) in object of type xAOD::MuonAuxContainer_v5
2026-02-12 18:34:00,480 copyAuxStoreThinned                               WARNING AthContainers/src/copyAuxStoreThinned.cxx:138: unlocked decoration UEcorr_Pt (955) in object of type xAOD::ElectronAuxContainer_v3
2026-02-12 18:34:00,485 copyAuxStoreThinned                               WARNING AthContainers/src/copyAuxStoreThinned.cxx:138: unlocked decoration UEcorr_Pt (955) in object of type xAOD::MuonAuxContainer_v5
2026-02-12 18:34:02,216 copyAuxStoreThinned                               WARNING AthContainers/src/copyAuxStoreThinned.cxx:138: unlocked decoration UEcorr_Pt (955) in object of type xAOD::ElectronAuxContainer_v3
2026-02-12 18:34:02,220 copyAuxStoreThinned                               WARNING AthContainers/src/copyAuxStoreThinned.cxx:138: unlocked decoration UEcorr_Pt (955) in object of type xAOD::MuonAuxContainer_v5
2026-02-12 18:34:03,348 copyAuxStoreThinned                               WARNING AthContainers/src/copyAuxStoreThinned.cxx:138: unlocked decoration UEcorr_Pt (955) in object of type xAOD::ElectronAuxContainer_v3
2026-02-12 18:34:03,351 copyAuxStoreThinned                               WARNING AthContainers/src/copyAuxStoreThinned.cxx:138: unlocked decoration UEcorr_Pt (955) in object of type xAOD::MuonAuxContainer_v5
2026-02-12 18:34:04,936 copyAuxStoreThinned                               WARNING AthContainers/src/copyAuxStoreThinned.cxx:138: unlocked decoration UEcorr_Pt (955) in object of type xAOD::ElectronAuxContainer_v3
2026-02-12 18:34:04,940 copyAuxStoreThinned                               WARNING AthContainers/src/copyAuxStoreThinned.cxx:138: unlocked decoration UEcorr_Pt (955) in object of type xAOD::MuonAuxContainer_v5
2026-02-12 18:34:06,113 copyAuxStoreThinned                               WARNING AthContainers/src/copyAuxStoreThinned.cxx:138: unlocked decoration UEcorr_Pt (955) in object of type xAOD::ElectronAuxContainer_v3
2026-02-12 18:34:06,117 copyAuxStoreThinned                               WARNING AthContainers/src/copyAuxStoreThinned.cxx:138: unlocked decoration UEcorr_Pt (955) in object of type xAOD::MuonAuxContainer_v5
2026-02-12 18:34:08,083 copyAuxStoreThinned                               WARNING AthContainers/src/copyAuxStoreThinned.cxx:138: unlocked decoration UEcorr_Pt (955) in object of type xAOD::ElectronAuxContainer_v3
2026-02-12 18:34:08,087 copyAuxStoreThinned                               WARNING AthContainers/src/copyAuxStoreThinned.cxx:138: unlocked decoration UEcorr_Pt (955) in object of type xAOD::MuonAuxContainer_v5
2026-02-12 18:34:10,043 copyAuxStoreThinned                               WARNING AthContainers/src/copyAuxStoreThinned.cxx:138: unlocked decoration UEcorr_Pt (955) in object of type xAOD::ElectronAuxContainer_v3
2026-02-12 18:34:10,053 copyAuxStoreThinned                               WARNING AthContainers/src/copyAuxStoreThinned.cxx:138: unlocked decoration UEcorr_Pt (955) in object of type xAOD::MuonAuxContainer_v5
2026-02-12 18:34:11,784 copyAuxStoreThinned                               WARNING AthContainers/src/copyAuxStoreThinned.cxx:138: unlocked decoration UEcorr_Pt (955) in object of type xAOD::ElectronAuxContainer_v3
2026-02-12 18:34:11,789 copyAuxStoreThinned                               WARNING AthContainers/src/copyAuxStoreThinned.cxx:138: unlocked decoration UEcorr_Pt (955) in object of type xAOD::MuonAuxContainer_v5
2026-02-12 18:34:13,207 copyAuxStoreThinned                               WARNING AthContainers/src/copyAuxStoreThinned.cxx:138: unlocked decoration UEcorr_Pt (955) in object of type xAOD::ElectronAuxContainer_v3
2026-02-12 18:34:13,211 copyAuxStoreThinned                               WARNING AthContainers/src/copyAuxStoreThinned.cxx:138: unlocked decoration UEcorr_Pt (955) in object of type xAOD::MuonAuxContainer_v5
2026-02-12 18:34:14,841 copyAuxStoreThinned                               WARNING AthContainers/src/copyAuxStoreThinned.cxx:138: unlocked decoration UEcorr_Pt (955) in object of type xAOD::ElectronAuxContainer_v3
2026-02-12 18:34:14,845 copyAuxStoreThinned                               WARNING AthContainers/src/copyAuxStoreThinned.cxx:138: unlocked decoration UEcorr_Pt (955) in object of type xAOD::MuonAuxContainer_v5
2026-02-12 18:34:16,672 copyAuxStoreThinned                               WARNING AthContainers/src/copyAuxStoreThinned.cxx:138: unlocked decoration UEcorr_Pt (955) in object of type xAOD::ElectronAuxContainer_v3
2026-02-12 18:34:16,675 copyAuxStoreThinned                               WARNING AthContainers/src/copyAuxStoreThinned.cxx:138: unlocked decoration UEcorr_Pt (955) in object of type xAOD::MuonAuxContainer_v5
2026-02-12 18:34:18,195 copyAuxStoreThinned                               WARNING AthContainers/src/copyAuxStoreThinned.cxx:138: unlocked decoration UEcorr_Pt (955) in object of type xAOD::ElectronAuxContainer_v3
2026-02-12 18:34:18,199 copyAuxStoreThinned                               WARNING AthContainers/src/copyAuxStoreThinned.cxx:138: unlocked decoration UEcorr_Pt (955) in object of type xAOD::MuonAuxContainer_v5
2026-02-12 18:34:19,607 copyAuxStoreThinned                               WARNING AthContainers/src/copyAuxStoreThinned.cxx:138: unlocked decoration UEcorr_Pt (955) in object of type xAOD::ElectronAuxContainer_v3
2026-02-12 18:34:19,611 copyAuxStoreThinned                               WARNING AthContainers/src/copyAuxStoreThinned.cxx:138: unlocked decoration UEcorr_Pt (955) in object of type xAOD::MuonAuxContainer_v5
2026-02-12 18:34:21,472 copyAuxStoreThinned                               WARNING AthContainers/src/copyAuxStoreThinned.cxx:138: unlocked decoration UEcorr_Pt (955) in object of type xAOD::ElectronAuxContainer_v3
2026-02-12 18:34:21,476 copyAuxStoreThinned                               WARNING AthContainers/src/copyAuxStoreThinned.cxx:138: unlocked decoration UEcorr_Pt (955) in object of type xAOD::MuonAuxContainer_v5
2026-02-12 18:34:23,704 copyAuxStoreThinned                               WARNING AthContainers/src/copyAuxStoreThinned.cxx:138: unlocked decoration UEcorr_Pt (955) in object of type xAOD::ElectronAuxContainer_v3
2026-02-12 18:34:23,708 copyAuxStoreThinned                               WARNING AthContainers/src/copyAuxStoreThinned.cxx:138: unlocked decoration UEcorr_Pt (955) in object of type xAOD::MuonAuxContainer_v5
2026-02-12 18:34:25,360 copyAuxStoreThinned                               WARNING AthContainers/src/copyAuxStoreThinned.cxx:138: unlocked decoration UEcorr_Pt (955) in object of type xAOD::ElectronAuxContainer_v3
2026-02-12 18:34:25,364 copyAuxStoreThinned                               WARNING AthContainers/src/copyAuxStoreThinned.cxx:138: unlocked decoration UEcorr_Pt (955) in object of type xAOD::MuonAuxContainer_v5
2026-02-12 18:34:25,469 PerfMonMTSvc                                         INFO Event [  182] CPU Time: 00h04m30s, Wall Time: 00h05m30s, Vmem: 4.73 GB, Rss: 3.42 GB, Pss: 1.39 GB, Swap: 0.00 KB
2026-02-12 18:34:26,637 copyAuxStoreThinned                               WARNING AthContainers/src/copyAuxStoreThinned.cxx:138: unlocked decoration UEcorr_Pt (955) in object of type xAOD::ElectronAuxContainer_v3
2026-02-12 18:34:26,641 copyAuxStoreThinned                               WARNING AthContainers/src/copyAuxStoreThinned.cxx:138: unlocked decoration UEcorr_Pt (955) in object of type xAOD::MuonAuxContainer_v5
2026-02-12 18:34:28,277 copyAuxStoreThinned                               WARNING AthContainers/src/copyAuxStoreThinned.cxx:138: unlocked decoration UEcorr_Pt (955) in object of type xAOD::ElectronAuxContainer_v3
2026-02-12 18:34:28,280 copyAuxStoreThinned                               WARNING AthContainers/src/copyAuxStoreThinned.cxx:138: unlocked decoration UEcorr_Pt (955) in object of type xAOD::MuonAuxContainer_v5
2026-02-12 18:34:29,899 copyAuxStoreThinned                               WARNING AthContainers/src/copyAuxStoreThinned.cxx:138: unlocked decoration UEcorr_Pt (955) in object of type xAOD::ElectronAuxContainer_v3
2026-02-12 18:34:29,903 copyAuxStoreThinned                               WARNING AthContainers/src/copyAuxStoreThinned.cxx:138: unlocked decoration UEcorr_Pt (955) in object of type xAOD::MuonAuxContainer_v5
2026-02-12 18:34:32,084 copyAuxStoreThinned                               WARNING AthContainers/src/copyAuxStoreThinned.cxx:138: unlocked decoration UEcorr_Pt (955) in object of type xAOD::ElectronAuxContainer_v3
2026-02-12 18:34:32,089 copyAuxStoreThinned                               WARNING AthContainers/src/copyAuxStoreThinned.cxx:138: unlocked decoration UEcorr_Pt (955) in object of type xAOD::MuonAuxContainer_v5
2026-02-12 18:34:33,154 copyAuxStoreThinned                               WARNING AthContainers/src/copyAuxStoreThinned.cxx:138: unlocked decoration UEcorr_Pt (955) in object of type xAOD::ElectronAuxContainer_v3
2026-02-12 18:34:33,173 copyAuxStoreThinned                               WARNING AthContainers/src/copyAuxStoreThinned.cxx:138: unlocked decoration UEcorr_Pt (955) in object of type xAOD::MuonAuxContainer_v5
2026-02-12 18:34:34,642 copyAuxStoreThinned                               WARNING AthContainers/src/copyAuxStoreThinned.cxx:138: unlocked decoration UEcorr_Pt (955) in object of type xAOD::ElectronAuxContainer_v3
2026-02-12 18:34:34,646 copyAuxStoreThinned                               WARNING AthContainers/src/copyAuxStoreThinned.cxx:138: unlocked decoration UEcorr_Pt (955) in object of type xAOD::MuonAuxContainer_v5
2026-02-12 18:34:36,416 copyAuxStoreThinned                               WARNING AthContainers/src/copyAuxStoreThinned.cxx:138: unlocked decoration UEcorr_Pt (955) in object of type xAOD::ElectronAuxContainer_v3
2026-02-12 18:34:36,420 copyAuxStoreThinned                               WARNING AthContainers/src/copyAuxStoreThinned.cxx:138: unlocked decoration UEcorr_Pt (955) in object of type xAOD::MuonAuxContainer_v5
2026-02-12 18:34:38,422 copyAuxStoreThinned                               WARNING AthContainers/src/copyAuxStoreThinned.cxx:138: unlocked decoration UEcorr_Pt (955) in object of type xAOD::ElectronAuxContainer_v3
2026-02-12 18:34:38,427 copyAuxStoreThinned                               WARNING AthContainers/src/copyAuxStoreThinned.cxx:138: unlocked decoration UEcorr_Pt (955) in object of type xAOD::MuonAuxContainer_v5
2026-02-12 18:34:39,952 copyAuxStoreThinned                               WARNING AthContainers/src/copyAuxStoreThinned.cxx:138: unlocked decoration UEcorr_Pt (955) in object of type xAOD::ElectronAuxContainer_v3
2026-02-12 18:34:39,959 copyAuxStoreThinned                               WARNING AthContainers/src/copyAuxStoreThinned.cxx:138: unlocked decoration UEcorr_Pt (955) in object of type xAOD::MuonAuxContainer_v5
2026-02-12 18:34:41,146 copyAuxStoreThinned                               WARNING AthContainers/src/copyAuxStoreThinned.cxx:138: unlocked decoration UEcorr_Pt (955) in object of type xAOD::ElectronAuxContainer_v3
2026-02-12 18:34:41,150 copyAuxStoreThinned                               WARNING AthContainers/src/copyAuxStoreThinned.cxx:138: unlocked decoration UEcorr_Pt (955) in object of type xAOD::MuonAuxContainer_v5
2026-02-12 18:34:42,705 copyAuxStoreThinned                               WARNING AthContainers/src/copyAuxStoreThinned.cxx:138: unlocked decoration UEcorr_Pt (955) in object of type xAOD::ElectronAuxContainer_v3
2026-02-12 18:34:42,711 copyAuxStoreThinned                               WARNING AthContainers/src/copyAuxStoreThinned.cxx:138: unlocked decoration UEcorr_Pt (955) in object of type xAOD::MuonAuxContainer_v5
2026-02-12 18:34:43,798 copyAuxStoreThinned                               WARNING AthContainers/src/copyAuxStoreThinned.cxx:138: unlocked decoration UEcorr_Pt (955) in object of type xAOD::ElectronAuxContainer_v3
2026-02-12 18:34:43,801 copyAuxStoreThinned                               WARNING AthContainers/src/copyAuxStoreThinned.cxx:138: unlocked decoration UEcorr_Pt (955) in object of type xAOD::MuonAuxContainer_v5
2026-02-12 18:34:44,984 copyAuxStoreThinned                               WARNING AthContainers/src/copyAuxStoreThinned.cxx:138: unlocked decoration UEcorr_Pt (955) in object of type xAOD::ElectronAuxContainer_v3
2026-02-12 18:34:44,987 copyAuxStoreThinned                               WARNING AthContainers/src/copyAuxStoreThinned.cxx:138: unlocked decoration UEcorr_Pt (955) in object of type xAOD::MuonAuxContainer_v5
2026-02-12 18:34:46,626 copyAuxStoreThinned                               WARNING AthContainers/src/copyAuxStoreThinned.cxx:138: unlocked decoration UEcorr_Pt (955) in object of type xAOD::ElectronAuxContainer_v3
2026-02-12 18:34:46,630 copyAuxStoreThinned                               WARNING AthContainers/src/copyAuxStoreThinned.cxx:138: unlocked decoration UEcorr_Pt (955) in object of type xAOD::MuonAuxContainer_v5
2026-02-12 18:34:48,074 copyAuxStoreThinned                               WARNING AthContainers/src/copyAuxStoreThinned.cxx:138: unlocked decoration UEcorr_Pt (955) in object of type xAOD::ElectronAuxContainer_v3
2026-02-12 18:34:48,105 copyAuxStoreThinned                               WARNING AthContainers/src/copyAuxStoreThinned.cxx:138: unlocked decoration UEcorr_Pt (955) in object of type xAOD::MuonAuxContainer_v5
2026-02-12 18:34:49,214 copyAuxStoreThinned                               WARNING AthContainers/src/copyAuxStoreThinned.cxx:138: unlocked decoration UEcorr_Pt (955) in object of type xAOD::ElectronAuxContainer_v3
2026-02-12 18:34:50,443 copyAuxStoreThinned                               WARNING AthContainers/src/copyAuxStoreThinned.cxx:138: unlocked decoration UEcorr_Pt (955) in object of type xAOD::ElectronAuxContainer_v3
2026-02-12 18:34:50,447 copyAuxStoreThinned                               WARNING AthContainers/src/copyAuxStoreThinned.cxx:138: unlocked decoration UEcorr_Pt (955) in object of type xAOD::MuonAuxContainer_v5
2026-02-12 18:34:52,079 copyAuxStoreThinned                               WARNING AthContainers/src/copyAuxStoreThinned.cxx:138: unlocked decoration UEcorr_Pt (955) in object of type xAOD::ElectronAuxContainer_v3
2026-02-12 18:34:52,082 copyAuxStoreThinned                               WARNING AthContainers/src/copyAuxStoreThinned.cxx:138: unlocked decoration UEcorr_Pt (955) in object of type xAOD::MuonAuxContainer_v5
2026-02-12 18:34:53,351 copyAuxStoreThinned                               WARNING AthContainers/src/copyAuxStoreThinned.cxx:138: unlocked decoration UEcorr_Pt (955) in object of type xAOD::ElectronAuxContainer_v3
2026-02-12 18:34:53,354 copyAuxStoreThinned                               WARNING AthContainers/src/copyAuxStoreThinned.cxx:138: unlocked decoration UEcorr_Pt (955) in object of type xAOD::MuonAuxContainer_v5
2026-02-12 18:34:53,484 AthMpEvtLoopMgr.SharedEvtQueueConsumer               INFO Fin function in the AthenaMP worker PID=1488845
2026-02-12 18:34:53,498 ToolSvc.BookkeeperTool                               INFO Successfully copied CutBookkeepers to the output MetaDataStore
2026-02-12 18:34:53,559 /eos/home-b/bkamgama/draft/Run_sleep_10000/...root   INFO Database being retired...
2026-02-12 18:34:53,581 /eos/home-b/bkamgama/draft/Run_sleep_10000/...root   INFO ->  Deaccess DbDatabase   READ      [ROOT_All] DDA2F11F-D15D-C648-85F4-1887AA43EA0B
2026-02-12 18:34:53,581 AthenaPoolSharedIOCnvSvc.OutputStreamingTool         INFO in stop()
2026-02-12 18:34:53,581 AthenaPoolSharedIOCnvSvc.OutputStreamingTool         INFO Client stop() inform Server: 2
2026-02-12 18:34:53,610 ApplicationMgr                                       INFO Application Manager Stopped successfully
2026-02-12 18:34:53,708 CondInputLoader                                      INFO Finalizing CondInputLoader...
2026-02-12 18:34:53,709 MCTruthClassificationKernel                          INFO ============================================================================
2026-02-12 18:34:53,709 MCTruthClassificationKernel                          INFO  The following CP tools were called by MCTruthClassificationKernel for the whole train:
2026-02-12 18:34:53,709 MCTruthClassificationKernel                          INFO ToolSvc.DFCommonTruthClassificationTool
2026-02-12 18:34:53,709 MCTruthClassificationKernel                          INFO ============================================================================
2026-02-12 18:34:53,709 PhysCommonTruthCharmKernel                           INFO ============================================================================
2026-02-12 18:34:53,709 PhysCommonTruthCharmKernel                           INFO  The following CP tools were called by PhysCommonTruthCharmKernel for the whole train:
2026-02-12 18:34:53,709 PhysCommonTruthCharmKernel                           INFO ToolSvc.PhysCommonTruthCharmTool
2026-02-12 18:34:53,709 PhysCommonTruthCharmKernel                           INFO ============================================================================
2026-02-12 18:34:53,709 MCTruthCommonHFAndDecaysKernel                       INFO ============================================================================
2026-02-12 18:34:53,710 MCTruthCommonHFAndDecaysKernel                       INFO  The following CP tools were called by MCTruthCommonHFAndDecaysKernel for the whole train:
2026-02-12 18:34:53,710 MCTruthCommonHFAndDecaysKernel                       INFO ToolSvc.DFCommonHFAndDecaysTool
2026-02-12 18:34:53,710 MCTruthCommonHFAndDecaysKernel                       INFO ============================================================================
2026-02-12 18:34:53,710 DFCommonTruthMetaDataWriterKernel                    INFO ============================================================================
2026-02-12 18:34:53,710 DFCommonTruthMetaDataWriterKernel                    INFO  The following CP tools were called by DFCommonTruthMetaDataWriterKernel for the whole train:
2026-02-12 18:34:53,710 DFCommonTruthMetaDataWriterKernel                    INFO ToolSvc.DFCommonTruthMetaDataWriter
2026-02-12 18:34:53,710 DFCommonTruthMetaDataWriterKernel                    INFO ============================================================================
2026-02-12 18:34:53,710 MCTruthCommonPreJetKernelNo1                         INFO ============================================================================
2026-02-12 18:34:53,710 MCTruthCommonPreJetKernelNo1                         INFO  The following CP tools were called by MCTruthCommonPreJetKernelNo1 for the whole train:
2026-02-12 18:34:53,710 MCTruthCommonPreJetKernelNo1                         INFO ToolSvc.DFCommonTruthMuonTool
2026-02-12 18:34:53,710 MCTruthCommonPreJetKernelNo1                         INFO ============================================================================
2026-02-12 18:34:53,710 MCTruthCommonPreJetKernelNo2                         INFO ============================================================================
2026-02-12 18:34:53,710 MCTruthCommonPreJetKernelNo2                         INFO  The following CP tools were called by MCTruthCommonPreJetKernelNo2 for the whole train:
2026-02-12 18:34:53,710 MCTruthCommonPreJetKernelNo2                         INFO ToolSvc.DFCommonTruthElectronTool
2026-02-12 18:34:53,710 MCTruthCommonPreJetKernelNo2                         INFO ============================================================================
2026-02-12 18:34:53,710 MCTruthCommonPreJetKernelNo3                         INFO ============================================================================
2026-02-12 18:34:53,710 MCTruthCommonPreJetKernelNo3                         INFO  The following CP tools were called by MCTruthCommonPreJetKernelNo3 for the whole train:
2026-02-12 18:34:53,711 MCTruthCommonPreJetKernelNo3                         INFO ToolSvc.DFCommonTruthPhotonToolSim
2026-02-12 18:34:53,711 MCTruthCommonPreJetKernelNo3                         INFO ============================================================================
2026-02-12 18:34:53,711 MCTruthCommonPreJetKernelNo4                         INFO ============================================================================
2026-02-12 18:34:53,711 MCTruthCommonPreJetKernelNo4                         INFO  The following CP tools were called by MCTruthCommonPreJetKernelNo4 for the whole train:
2026-02-12 18:34:53,711 MCTruthCommonPreJetKernelNo4                         INFO ToolSvc.DFCommonTruthNeutrinoTool
2026-02-12 18:34:53,711 MCTruthCommonPreJetKernelNo4                         INFO ============================================================================
2026-02-12 18:34:53,711 MCTruthCommonPreJetKernelNo5                         INFO ============================================================================
2026-02-12 18:34:53,711 MCTruthCommonPreJetKernelNo5                         INFO  The following CP tools were called by MCTruthCommonPreJetKernelNo5 for the whole train:
2026-02-12 18:34:53,711 MCTruthCommonPreJetKernelNo5                         INFO ToolSvc.DFCommonTruthBottomTool
2026-02-12 18:34:53,711 MCTruthCommonPreJetKernelNo5                         INFO ============================================================================
2026-02-12 18:34:53,711 MCTruthCommonPreJetKernelNo6                         INFO ============================================================================
2026-02-12 18:34:53,711 MCTruthCommonPreJetKernelNo6                         INFO  The following CP tools were called by MCTruthCommonPreJetKernelNo6 for the whole train:
2026-02-12 18:34:53,711 MCTruthCommonPreJetKernelNo6                         INFO ToolSvc.DFCommonTruthTopTool
2026-02-12 18:34:53,711 MCTruthCommonPreJetKernelNo6                         INFO ============================================================================
2026-02-12 18:34:53,711 MCTruthCommonPreJetKernelNo7                         INFO ============================================================================
2026-02-12 18:34:53,711 MCTruthCommonPreJetKernelNo7                         INFO  The following CP tools were called by MCTruthCommonPreJetKernelNo7 for the whole train:
2026-02-12 18:34:53,711 MCTruthCommonPreJetKernelNo7                         INFO ToolSvc.DFCommonTruthBosonTool
2026-02-12 18:34:53,712 MCTruthCommonPreJetKernelNo7                         INFO ============================================================================
2026-02-12 18:34:53,712 MCTruthCommonPreJetKernelNo8                         INFO ============================================================================
2026-02-12 18:34:53,712 MCTruthCommonPreJetKernelNo8                         INFO  The following CP tools were called by MCTruthCommonPreJetKernelNo8 for the whole train:
2026-02-12 18:34:53,712 MCTruthCommonPreJetKernelNo8                         INFO ToolSvc.DFCommonTruthBSMTool
2026-02-12 18:34:53,712 MCTruthCommonPreJetKernelNo8                         INFO ============================================================================
2026-02-12 18:34:53,712 MCTruthCommonPreJetKernelNo9                         INFO ============================================================================
2026-02-12 18:34:53,712 MCTruthCommonPreJetKernelNo9                         INFO  The following CP tools were called by MCTruthCommonPreJetKernelNo9 for the whole train:
2026-02-12 18:34:53,712 MCTruthCommonPreJetKernelNo9                         INFO ToolSvc.DFCommonTruthElectronIsolationTool1
2026-02-12 18:34:53,712 MCTruthCommonPreJetKernelNo9                         INFO ============================================================================
2026-02-12 18:34:53,712 MCTruthCommonPreJetKernelNo10                        INFO ============================================================================
2026-02-12 18:34:53,712 MCTruthCommonPreJetKernelNo10                        INFO  The following CP tools were called by MCTruthCommonPreJetKernelNo10 for the whole train:
2026-02-12 18:34:53,712 MCTruthCommonPreJetKernelNo10                        INFO ToolSvc.DFCommonTruthElectronIsolationTool2
2026-02-12 18:34:53,712 MCTruthCommonPreJetKernelNo10                        INFO ============================================================================
2026-02-12 18:34:53,712 MCTruthCommonPreJetKernelNo11                        INFO ============================================================================
2026-02-12 18:34:53,712 MCTruthCommonPreJetKernelNo11                        INFO  The following CP tools were called by MCTruthCommonPreJetKernelNo11 for the whole train:
2026-02-12 18:34:53,712 MCTruthCommonPreJetKernelNo11                        INFO ToolSvc.DFCommonTruthMuonIsolationTool1
2026-02-12 18:34:53,712 MCTruthCommonPreJetKernelNo11                        INFO ============================================================================
2026-02-12 18:34:53,712 MCTruthCommonPreJetKernelNo12                        INFO ============================================================================
2026-02-12 18:34:53,713 MCTruthCommonPreJetKernelNo12                        INFO  The following CP tools were called by MCTruthCommonPreJetKernelNo12 for the whole train:
2026-02-12 18:34:53,713 MCTruthCommonPreJetKernelNo12                        INFO ToolSvc.DFCommonTruthMuonIsolationTool2
2026-02-12 18:34:53,713 MCTruthCommonPreJetKernelNo12                        INFO ============================================================================
2026-02-12 18:34:53,713 MCTruthCommonPreJetKernelNo13                        INFO ============================================================================
2026-02-12 18:34:53,713 MCTruthCommonPreJetKernelNo13                        INFO  The following CP tools were called by MCTruthCommonPreJetKernelNo13 for the whole train:
2026-02-12 18:34:53,713 MCTruthCommonPreJetKernelNo13                        INFO ToolSvc.DFCommonTruthPhotonIsolationTool1
2026-02-12 18:34:53,713 MCTruthCommonPreJetKernelNo13                        INFO ============================================================================
2026-02-12 18:34:53,713 MCTruthCommonPreJetKernelNo14                        INFO ============================================================================
2026-02-12 18:34:53,713 MCTruthCommonPreJetKernelNo14                        INFO  The following CP tools were called by MCTruthCommonPreJetKernelNo14 for the whole train:
2026-02-12 18:34:53,713 MCTruthCommonPreJetKernelNo14                        INFO ToolSvc.DFCommonTruthPhotonIsolationTool2
2026-02-12 18:34:53,713 MCTruthCommonPreJetKernelNo14                        INFO ============================================================================
2026-02-12 18:34:53,713 MCTruthCommonPreJetKernelNo15                        INFO ============================================================================
2026-02-12 18:34:53,713 MCTruthCommonPreJetKernelNo15                        INFO  The following CP tools were called by MCTruthCommonPreJetKernelNo15 for the whole train:
2026-02-12 18:34:53,713 MCTruthCommonPreJetKernelNo15                        INFO ToolSvc.DFCommonTruthPhotonIsolationTool3
2026-02-12 18:34:53,713 MCTruthCommonPreJetKernelNo15                        INFO ============================================================================
2026-02-12 18:34:53,713 MCTruthCommonPreJetKernelNo16                        INFO ============================================================================
2026-02-12 18:34:53,714 MCTruthCommonPreJetKernelNo16                        INFO  The following CP tools were called by MCTruthCommonPreJetKernelNo16 for the whole train:
2026-02-12 18:34:53,714 MCTruthCommonPreJetKernelNo16                        INFO ToolSvc.DFCommonTruthForwardProtonTool
2026-02-12 18:34:53,714 MCTruthCommonPreJetKernelNo16                        INFO ============================================================================
2026-02-12 18:34:53,714 MCTruthCommonPreJetKernelNo17                        INFO ============================================================================
2026-02-12 18:34:53,714 MCTruthCommonPreJetKernelNo17                        INFO  The following CP tools were called by MCTruthCommonPreJetKernelNo17 for the whole train:
2026-02-12 18:34:53,714 MCTruthCommonPreJetKernelNo17                        INFO ToolSvc.DFCommonTruthElectronDressingTool
2026-02-12 18:34:53,714 MCTruthCommonPreJetKernelNo17                        INFO ============================================================================
2026-02-12 18:34:53,714 MCTruthCommonPreJetKernelNo18                        INFO ============================================================================
2026-02-12 18:34:53,714 MCTruthCommonPreJetKernelNo18                        INFO  The following CP tools were called by MCTruthCommonPreJetKernelNo18 for the whole train:
2026-02-12 18:34:53,714 MCTruthCommonPreJetKernelNo18                        INFO ToolSvc.DFCommonTruthMuonDressingTool
2026-02-12 18:34:53,714 MCTruthCommonPreJetKernelNo18                        INFO ============================================================================
2026-02-12 18:34:53,715 TauTruthCommonKernel2                                INFO ============================================================================
2026-02-12 18:34:53,715 TauTruthCommonKernel2                                INFO  The following CP tools were called by TauTruthCommonKernel2 for the whole train:
2026-02-12 18:34:53,715 TauTruthCommonKernel2                                INFO ToolSvc.DFCommonTauJetsTruthMatchingWrapper
2026-02-12 18:34:53,715 TauTruthCommonKernel2                                INFO ============================================================================
2026-02-12 18:34:53,716 MCTruthCommonPostJetKernelNo1                        INFO ============================================================================
2026-02-12 18:34:53,716 MCTruthCommonPostJetKernelNo1                        INFO  The following CP tools were called by MCTruthCommonPostJetKernelNo1 for the whole train:
2026-02-12 18:34:53,716 MCTruthCommonPostJetKernelNo1                        INFO ToolSvc.DFCommonTruthTauDressingTool
2026-02-12 18:34:53,716 MCTruthCommonPostJetKernelNo1                        INFO ============================================================================
2026-02-12 18:34:53,716 MCTruthCommonPostJetKernelNo2                        INFO ============================================================================
2026-02-12 18:34:53,716 MCTruthCommonPostJetKernelNo2                        INFO  The following CP tools were called by MCTruthCommonPostJetKernelNo2 for the whole train:
2026-02-12 18:34:53,716 MCTruthCommonPostJetKernelNo2                        INFO ToolSvc.DFCommonTruthGenFilt
2026-02-12 18:34:53,716 MCTruthCommonPostJetKernelNo2                        INFO ============================================================================
2026-02-12 18:34:53,716 MCTruthCommonPostJetKernelNo3                        INFO ============================================================================
2026-02-12 18:34:53,716 MCTruthCommonPostJetKernelNo3                        INFO  The following CP tools were called by MCTruthCommonPostJetKernelNo3 for the whole train:
2026-02-12 18:34:53,716 MCTruthCommonPostJetKernelNo3                        INFO ToolSvc.DFCommonTruthDressedWZQGLabelTool
2026-02-12 18:34:53,716 MCTruthCommonPostJetKernelNo3                        INFO ============================================================================
2026-02-12 18:34:53,716 MCTruthNavigationDecoratorKernel                     INFO ============================================================================
2026-02-12 18:34:53,716 MCTruthNavigationDecoratorKernel                     INFO  The following CP tools were called by MCTruthNavigationDecoratorKernel for the whole train:
2026-02-12 18:34:53,716 MCTruthNavigationDecoratorKernel                     INFO ToolSvc.DFCommonTruthNavigationDecorator
2026-02-12 18:34:53,716 MCTruthNavigationDecoratorKernel                     INFO ============================================================================
2026-02-12 18:34:53,716 MCTruthCommonBosonsAndDecaysKernel                   INFO ============================================================================
2026-02-12 18:34:53,717 MCTruthCommonBosonsAndDecaysKernel                   INFO  The following CP tools were called by MCTruthCommonBosonsAndDecaysKernel for the whole train:
2026-02-12 18:34:53,717 MCTruthCommonBosonsAndDecaysKernel                   INFO ToolSvc.DFCommonBosonsAndDecaysTool
2026-02-12 18:34:53,717 MCTruthCommonBosonsAndDecaysKernel                   INFO ============================================================================
2026-02-12 18:34:53,717 MCTruthCommonBSMAndDecaysKernel                      INFO ============================================================================
2026-02-12 18:34:53,717 MCTruthCommonBSMAndDecaysKernel                      INFO  The following CP tools were called by MCTruthCommonBSMAndDecaysKernel for the whole train:
2026-02-12 18:34:53,717 MCTruthCommonBSMAndDecaysKernel                      INFO ToolSvc.DFCommonBSMAndDecaysTool
2026-02-12 18:34:53,717 MCTruthCommonBSMAndDecaysKernel                      INFO ============================================================================
2026-02-12 18:34:53,717 MCTruthCommonBornLeptonsKernel                       INFO ============================================================================
2026-02-12 18:34:53,717 MCTruthCommonBornLeptonsKernel                       INFO  The following CP tools were called by MCTruthCommonBornLeptonsKernel for the whole train:
2026-02-12 18:34:53,717 MCTruthCommonBornLeptonsKernel                       INFO ToolSvc.DFCommonBornLeptonCollTool
2026-02-12 18:34:53,717 MCTruthCommonBornLeptonsKernel                       INFO ============================================================================
2026-02-12 18:34:53,717 MiniCollectionTruthLinkKernelNo1                     INFO ============================================================================
2026-02-12 18:34:53,717 MiniCollectionTruthLinkKernelNo1                     INFO  The following CP tools were called by MiniCollectionTruthLinkKernelNo1 for the whole train:
2026-02-12 18:34:53,717 MiniCollectionTruthLinkKernelNo1                     INFO ToolSvc.ElMiniCollectionTruthLinkTool
2026-02-12 18:34:53,717 MiniCollectionTruthLinkKernelNo1                     INFO ============================================================================
2026-02-12 18:34:53,717 MiniCollectionTruthLinkKernelNo2                     INFO ============================================================================
2026-02-12 18:34:53,717 MiniCollectionTruthLinkKernelNo2                     INFO  The following CP tools were called by MiniCollectionTruthLinkKernelNo2 for the whole train:
2026-02-12 18:34:53,718 MiniCollectionTruthLinkKernelNo2                     INFO ToolSvc.PhMiniCollectionTruthLinkTool
2026-02-12 18:34:53,718 MiniCollectionTruthLinkKernelNo2                     INFO ============================================================================
2026-02-12 18:34:53,718 MiniCollectionTruthLinkKernelNo3                     INFO ============================================================================
2026-02-12 18:34:53,718 MiniCollectionTruthLinkKernelNo3                     INFO  The following CP tools were called by MiniCollectionTruthLinkKernelNo3 for the whole train:
2026-02-12 18:34:53,718 MiniCollectionTruthLinkKernelNo3                     INFO ToolSvc.MuMiniCollectionTruthLinkTool
2026-02-12 18:34:53,718 MiniCollectionTruthLinkKernelNo3                     INFO ============================================================================
2026-02-12 18:34:53,718 MCTruthCommonTruthPVCollKernel                       INFO ============================================================================
2026-02-12 18:34:53,718 MCTruthCommonTruthPVCollKernel                       INFO  The following CP tools were called by MCTruthCommonTruthPVCollKernel for the whole train:
2026-02-12 18:34:53,718 MCTruthCommonTruthPVCollKernel                       INFO ToolSvc.DFCommonTruthPVCollTool
2026-02-12 18:34:53,718 MCTruthCommonTruthPVCollKernel                       INFO ============================================================================
2026-02-12 18:34:53,718 DFCommonHSDecorator                                  INFO ============================================================================
2026-02-12 18:34:53,718 DFCommonHSDecorator                                  INFO  The following CP tools were called by DFCommonHSDecorator for the whole train:
2026-02-12 18:34:53,718 DFCommonHSDecorator                                  INFO ToolSvc.HardScatterDecorTool
2026-02-12 18:34:53,718 DFCommonHSDecorator                                  INFO ============================================================================
2026-02-12 18:34:53,718 InDetCommonKernelDFCommonTrackSelection              INFO ============================================================================
2026-02-12 18:34:53,718 InDetCommonKernelDFCommonTrackSelection              INFO  The following CP tools were called by InDetCommonKernelDFCommonTrackSelection for the whole train:
2026-02-12 18:34:53,718 InDetCommonKernelDFCommonTrackSelection              INFO ToolSvc.DFCommonTrackSelection
2026-02-12 18:34:53,719 InDetCommonKernelDFCommonTrackSelection              INFO ============================================================================
2026-02-12 18:34:53,719 InDetCommonKernelDFCommonZ0AtPV                      INFO ============================================================================
2026-02-12 18:34:53,719 InDetCommonKernelDFCommonZ0AtPV                      INFO  The following CP tools were called by InDetCommonKernelDFCommonZ0AtPV for the whole train:
2026-02-12 18:34:53,719 InDetCommonKernelDFCommonZ0AtPV                      INFO ToolSvc.DFCommonZ0AtPV
2026-02-12 18:34:53,719 InDetCommonKernelDFCommonZ0AtPV                      INFO ============================================================================
2026-02-12 18:34:53,719 InDetCommonKernelDFCommonUsedInFitDecorator          INFO ============================================================================
2026-02-12 18:34:53,719 InDetCommonKernelDFCommonUsedInFitDecorator          INFO  The following CP tools were called by InDetCommonKernelDFCommonUsedInFitDecorator for the whole train:
2026-02-12 18:34:53,719 InDetCommonKernelDFCommonUsedInFitDecorator          INFO ToolSvc.DFCommonUsedInFitDecorator
2026-02-12 18:34:53,719 InDetCommonKernelDFCommonUsedInFitDecorator          INFO ============================================================================
2026-02-12 18:34:53,719 DFCommonMuonsKernel                                  INFO ============================================================================
2026-02-12 18:34:53,719 DFCommonMuonsKernel                                  INFO  The following CP tools were called by DFCommonMuonsKernel for the whole train:
2026-02-12 18:34:53,719 DFCommonMuonsKernel                                  INFO ToolSvc.DFCommonMuonToolWrapperIDCuts
2026-02-12 18:34:53,719 DFCommonMuonsKernel                                  INFO ToolSvc.DFCommonMuonToolWrapperPreselection
2026-02-12 18:34:53,719 DFCommonMuonsKernel                                  INFO ============================================================================
2026-02-12 18:34:53,719 IsolationBuilderNonpro...All_MaxWeightLooseCone500   INFO Finalizing IsolationBuilderNonprompt_All_MaxWeightLooseCone500...
2026-02-12 18:34:53,719 IsolationBuilderNonprompt_All_MaxWeight500           INFO Finalizing IsolationBuilderNonprompt_All_MaxWeight500...
2026-02-12 18:34:53,720 IsolationBuilderNonpro...ll_MaxWeightLooseCone1000   INFO Finalizing IsolationBuilderNonprompt_All_MaxWeightLooseCone1000...
2026-02-12 18:34:53,720 IsolationBuilderNonprompt_All_MaxWeight1000          INFO Finalizing IsolationBuilderNonprompt_All_MaxWeight1000...
2026-02-12 18:34:53,720 EGammaCommonKernel                                   INFO ============================================================================
2026-02-12 18:34:53,720 EGammaCommonKernel                                   INFO  The following CP tools were called by EGammaCommonKernel for the whole train:
2026-02-12 18:34:53,720 EGammaCommonKernel                                   INFO ToolSvc.DFCommonPhotonsDirection
2026-02-12 18:34:53,720 EGammaCommonKernel                                   INFO ToolSvc.ElectronPassLHVeryLoose
2026-02-12 18:34:53,720 EGammaCommonKernel                                   INFO ToolSvc.ElectronPassLHLoose
2026-02-12 18:34:53,720 EGammaCommonKernel                                   INFO ToolSvc.ElectronPassLHLooseBL
2026-02-12 18:34:53,720 EGammaCommonKernel                                   INFO ToolSvc.ElectronPassLHMedium
2026-02-12 18:34:53,720 EGammaCommonKernel                                   INFO ToolSvc.ElectronPassLHTight
2026-02-12 18:34:53,720 EGammaCommonKernel                                   INFO ToolSvc.ElectronPassDNNLoose
2026-02-12 18:34:53,720 EGammaCommonKernel                                   INFO ToolSvc.ElectronPassDNNMedium
2026-02-12 18:34:53,720 EGammaCommonKernel                                   INFO ToolSvc.ElectronPassDNNTight
2026-02-12 18:34:53,720 EGammaCommonKernel                                   INFO ToolSvc.ElectronPassDNNVeryLooseNoCF97
2026-02-12 18:34:53,720 EGammaCommonKernel                                   INFO ToolSvc.ElectronPassDNNLooseNoCF
2026-02-12 18:34:53,720 EGammaCommonKernel                                   INFO ToolSvc.ElectronPassDNNMediumNoCF
2026-02-12 18:34:53,720 EGammaCommonKernel                                   INFO ToolSvc.ElectronPassDNNTightNoCF
2026-02-12 18:34:53,720 EGammaCommonKernel                                   INFO ToolSvc.PhotonPassIsEMLoose
2026-02-12 18:34:53,721 EGammaCommonKernel                                   INFO ToolSvc.PhotonPassIsEMMedium
2026-02-12 18:34:53,721 EGammaCommonKernel                                   INFO ToolSvc.PhotonPassIsEMTight
2026-02-12 18:34:53,721 EGammaCommonKernel                                   INFO ToolSvc.PhotonPassCleaning
2026-02-12 18:34:53,721 EGammaCommonKernel                                   INFO ToolSvc.ElectronAdditionnalAmbiguity
2026-02-12 18:34:53,721 EGammaCommonKernel                                   INFO ToolSvc.ElectronPassECIDS
2026-02-12 18:34:53,721 EGammaCommonKernel                                   INFO ToolSvc.ForwardElectronPassLHLoose
2026-02-12 18:34:53,721 EGammaCommonKernel                                   INFO ToolSvc.ForwardElectronPassLHMedium
2026-02-12 18:34:53,721 EGammaCommonKernel                                   INFO ToolSvc.ForwardElectronPassLHTight
2026-02-12 18:34:53,721 EGammaCommonKernel                                   INFO ToolSvc.DerivationFramework::EGammaClusterCoreCellRecovery
2026-02-12 18:34:53,721 EGammaCommonKernel                                   INFO ToolSvc.BkgElectronClassificationTool
2026-02-12 18:34:53,721 EGammaCommonKernel                                   INFO ToolSvc.TruthEgetIsolationTool
2026-02-12 18:34:53,721 EGammaCommonKernel                                   INFO ToolSvc.TruthEgptIsolationTool
2026-02-12 18:34:53,721 EGammaCommonKernel                                   INFO ============================================================================
2026-02-12 18:34:53,721 PFlowIsolationBuilder                                INFO Finalizing PFlowIsolationBuilder...
2026-02-12 18:34:53,722 BadBatmanAugmentation                                INFO ============================================================================
2026-02-12 18:34:53,722 BadBatmanAugmentation                                INFO  The following CP tools were called by BadBatmanAugmentation for the whole train:
2026-02-12 18:34:53,723 BadBatmanAugmentation                                INFO ToolSvc.BadBatmanAugmentationTool
2026-02-12 18:34:53,723 BadBatmanAugmentation                                INFO ============================================================================
2026-02-12 18:34:53,723 DistanceInTrainAugmentation                          INFO ============================================================================
2026-02-12 18:34:53,723 DistanceInTrainAugmentation                          INFO  The following CP tools were called by DistanceInTrainAugmentation for the whole train:
2026-02-12 18:34:53,723 DistanceInTrainAugmentation                          INFO ToolSvc.DistanceInTrainAugmentationTool
2026-02-12 18:34:53,723 DistanceInTrainAugmentation                          INFO ============================================================================
2026-02-12 18:34:53,723 TauJets_TauIDDecorKernel                             INFO ============================================================================
2026-02-12 18:34:53,723 TauJets_TauIDDecorKernel                             INFO  The following CP tools were called by TauJets_TauIDDecorKernel for the whole train:
2026-02-12 18:34:53,723 TauJets_TauIDDecorKernel                             INFO ToolSvc.TauJets_TauIDDecoratorWrapper
2026-02-12 18:34:53,723 TauJets_TauIDDecorKernel                             INFO ============================================================================
2026-02-12 18:34:53,723 TauRNNLooseAugmentationKernel                        INFO ============================================================================
2026-02-12 18:34:53,723 TauRNNLooseAugmentationKernel                        INFO  The following CP tools were called by TauRNNLooseAugmentationKernel for the whole train:
2026-02-12 18:34:53,723 TauRNNLooseAugmentationKernel                        INFO ToolSvc.TauRNNLooseWrapper
2026-02-12 18:34:53,723 TauRNNLooseAugmentationKernel                        INFO ============================================================================
2026-02-12 18:34:53,724 DFCommonMuonsKernel2                                 INFO ============================================================================
2026-02-12 18:34:53,724 DFCommonMuonsKernel2                                 INFO  The following CP tools were called by DFCommonMuonsKernel2 for the whole train:
2026-02-12 18:34:53,724 DFCommonMuonsKernel2                                 INFO ToolSvc.MuonJetDrTool
2026-02-12 18:34:53,724 DFCommonMuonsKernel2                                 INFO ============================================================================
2026-02-12 18:34:53,724 DiTauLowPtBuilder                                    INFO Finalizing DiTauLowPtBuilder...
2026-02-12 18:34:53,724 TauJets_MuonRM_TauIDDecorKernel                      INFO ============================================================================
2026-02-12 18:34:53,724 TauJets_MuonRM_TauIDDecorKernel                      INFO  The following CP tools were called by TauJets_MuonRM_TauIDDecorKernel for the whole train:
2026-02-12 18:34:53,724 TauJets_MuonRM_TauIDDecorKernel                      INFO ToolSvc.TauJets_MuonRM_TauIDDecoratorWrapper
2026-02-12 18:34:53,724 TauJets_MuonRM_TauIDDecorKernel                      INFO ============================================================================
2026-02-12 18:34:53,725 DiTauIDDecorKernel                                   INFO ============================================================================
2026-02-12 18:34:53,725 DiTauIDDecorKernel                                   INFO  The following CP tools were called by DiTauIDDecorKernel for the whole train:
2026-02-12 18:34:53,725 DiTauIDDecorKernel                                   INFO ToolSvc.DiTauIDDecoratorWrapper
2026-02-12 18:34:53,725 DiTauIDDecorKernel                                   INFO ============================================================================
2026-02-12 18:34:53,725 DiTauJets_DiTauIDDecorKernel                         INFO ============================================================================
2026-02-12 18:34:53,725 DiTauJets_DiTauIDDecorKernel                         INFO  The following CP tools were called by DiTauJets_DiTauIDDecorKernel for the whole train:
2026-02-12 18:34:53,725 DiTauJets_DiTauIDDecorKernel                         INFO ToolSvc.DiTauJets_DiTauChargeDecorator
2026-02-12 18:34:53,725 DiTauJets_DiTauIDDecorKernel                         INFO ============================================================================
2026-02-12 18:34:53,725 DiTauJetsLowPt_DiTauIDDecorKernel                    INFO ============================================================================
2026-02-12 18:34:53,725 DiTauJetsLowPt_DiTauIDDecorKernel                    INFO  The following CP tools were called by DiTauJetsLowPt_DiTauIDDecorKernel for the whole train:
2026-02-12 18:34:53,725 DiTauJetsLowPt_DiTauIDDecorKernel                    INFO ToolSvc.DiTauJetsLowPt_DiTauChargeDecorator
2026-02-12 18:34:53,725 DiTauJetsLowPt_DiTauIDDecorKernel                    INFO ============================================================================
2026-02-12 18:34:53,726 PHYSKernel                                           INFO ============================================================================
2026-02-12 18:34:53,726 PHYSKernel                                           INFO || SUMMARY OF THE DERIVATION FRAMEWORK KERNEL WITH NAME PHYSKernel || 
2026-02-12 18:34:53,726 PHYSKernel                                           INFO ============================================================================
2026-02-12 18:34:53,726 PHYSKernel                                           INFO ============================================================================
2026-02-12 18:34:53,726 PHYSKernel                                           INFO Events analyzed: 200
2026-02-12 18:34:53,726 PHYSKernel                                           INFO Events accepted: 200
2026-02-12 18:34:53,726 PHYSKernel                                           INFO ============================================================================
2026-02-12 18:34:53,727 FourLeptonVertexAlg                                  INFO Proccessed in total 200 events. Lepton multiplicities observed:
2026-02-12 18:34:53,727 FourLeptonVertexAlg                                  INFO     ---- Events with 0 leptons: 111 (elec/muon) 131/172 (55.5%)
2026-02-12 18:34:53,727 FourLeptonVertexAlg                                  INFO     ---- Events with 1 leptons: 73 (elec/muon) 60/28 (36.5%)
2026-02-12 18:34:53,727 FourLeptonVertexAlg                                  INFO     ---- Events with 2 leptons: 15 (elec/muon) 9/0 (7.5%)
2026-02-12 18:34:53,727 FourLeptonVertexAlg                                  INFO     ---- Events with 3 leptons: 1 (elec/muon) 0/0 (0.5%)
2026-02-12 18:34:53,727 FourLeptonVertexAlg                                  INFO     ---- Events with 4 leptons: 0 (elec/muon) 0/0 (0%)
2026-02-12 18:34:53,727 FourLeptonVertexAlg                                  INFO     ---- Events with 5 leptons: 0 (elec/muon) 0/0 (0%)
2026-02-12 18:34:53,727 FourLeptonVertexAlg                                  INFO     ---- Events with 6 leptons: 0 (elec/muon) 0/0 (0%)
2026-02-12 18:34:53,727 FourLeptonVertexAlg                                  INFO     ---- Events with 7 leptons: 0 (elec/muon) 0/0 (0%)
2026-02-12 18:34:53,727 FourLeptonVertexAlg                                  INFO ---> Attempted fits 0 out of which 0 (0%) succeeded.
2026-02-12 18:34:53,727 HFClassificationCommonKernel                         INFO ============================================================================
2026-02-12 18:34:53,727 HFClassificationCommonKernel                         INFO  The following CP tools were called by HFClassificationCommonKernel for the whole train:
2026-02-12 18:34:53,727 HFClassificationCommonKernel                         INFO ToolSvc.DFCommonClassifyAndCalculateHFAugmentation
2026-02-12 18:34:53,727 HFClassificationCommonKernel                         INFO ============================================================================
2026-02-12 18:34:53,728 MCTruthCommonTausAndDecaysKernel                     INFO ============================================================================
2026-02-12 18:34:53,728 MCTruthCommonTausAndDecaysKernel                     INFO  The following CP tools were called by MCTruthCommonTausAndDecaysKernel for the whole train:
2026-02-12 18:34:53,728 MCTruthCommonTausAndDecaysKernel                     INFO ToolSvc.DFCommonTausAndDecaysTool
2026-02-12 18:34:53,728 MCTruthCommonTausAndDecaysKernel                     INFO ============================================================================
2026-02-12 18:34:53,728 AllExecutedEventsCounterAlg                          INFO accepted 200 out of 200 events for filter AllExecutedEvents (Number of processed events before any cut)
2026-02-12 18:34:53,728 DecisionSvc                                          INFO Finalized successfully.
2026-02-12 18:34:53,728 Athena::DelayedConditionsCleanerSvc                  INFO Conditions container statistics
2026-02-12 18:34:53,729 Athena::DelayedConditionsCleanerSvc                  INFO   Work q: Max size: 32  (1 queries) 
2026-02-12 18:34:53,729 Athena::DelayedConditionsCleanerSvc                  INFO           Avg size: 32.00 / Avg removed: 32.00
2026-02-12 18:34:53,729 Athena::DelayedConditionsCleanerSvc                  INFO   ConditionStore+/Digitization/Parameters nInserts      1 maxSize   1
2026-02-12 18:34:53,729 Athena::DelayedConditionsCleanerSvc                  INFO     nClean 1 avgRemoved 0.00 0/1/2+ 1/0/0
2026-02-12 18:34:53,729 Athena::DelayedConditionsCleanerSvc                  INFO   ConditionStore+/EXT/DCS/MAGNETS/SENSORDATA nInserts      1 maxSize   1
2026-02-12 18:34:53,729 Athena::DelayedConditionsCleanerSvc                  INFO     nClean 1 avgRemoved 0.00 0/1/2+ 1/0/0
2026-02-12 18:34:53,729 Athena::DelayedConditionsCleanerSvc                  INFO   ConditionStore+/GLOBAL/BField/Maps nInserts      1 maxSize   1
2026-02-12 18:34:53,729 Athena::DelayedConditionsCleanerSvc                  INFO     nClean 1 avgRemoved 0.00 0/1/2+ 1/0/0
2026-02-12 18:34:53,729 Athena::DelayedConditionsCleanerSvc                  INFO   ConditionStore+/GLOBAL/TrackingGeo/LayerMaterialV2 nInserts      1 maxSize   1
2026-02-12 18:34:53,729 Athena::DelayedConditionsCleanerSvc                  INFO     nClean 1 avgRemoved 0.00 0/1/2+ 1/0/0
2026-02-12 18:34:53,729 Athena::DelayedConditionsCleanerSvc                  INFO   ConditionStore+/Indet/Align nInserts      1 maxSize   1
2026-02-12 18:34:53,729 Athena::DelayedConditionsCleanerSvc                  INFO     nClean 1 avgRemoved 0.00 0/1/2+ 1/0/0
2026-02-12 18:34:53,729 Athena::DelayedConditionsCleanerSvc                  INFO   ConditionStore+/Indet/Beampos nInserts      1 maxSize   1
2026-02-12 18:34:53,729 Athena::DelayedConditionsCleanerSvc                  INFO     nClean 1 avgRemoved 0.00 0/1/2+ 1/0/0
2026-02-12 18:34:53,729 Athena::DelayedConditionsCleanerSvc                  INFO   ConditionStore+/Indet/IBLDist nInserts      1 maxSize   1
2026-02-12 18:34:53,729 Athena::DelayedConditionsCleanerSvc                  INFO     nClean 1 avgRemoved 0.00 0/1/2+ 1/0/0
2026-02-12 18:34:53,729 Athena::DelayedConditionsCleanerSvc                  INFO   ConditionStore+/LAR/Align nInserts      1 maxSize   1
2026-02-12 18:34:53,729 Athena::DelayedConditionsCleanerSvc                  INFO     nClean 1 avgRemoved 0.00 0/1/2+ 1/0/0
2026-02-12 18:34:53,729 Athena::DelayedConditionsCleanerSvc                  INFO   ConditionStore+/MDT/MM/PASSIVATION nInserts      1 maxSize   1
2026-02-12 18:34:53,730 Athena::DelayedConditionsCleanerSvc                  INFO     nClean 1 avgRemoved 0.00 0/1/2+ 1/0/0
2026-02-12 18:34:53,730 Athena::DelayedConditionsCleanerSvc                  INFO   ConditionStore+/TRT/Align nInserts      1 maxSize   1
2026-02-12 18:34:53,730 Athena::DelayedConditionsCleanerSvc                  INFO     nClean 1 avgRemoved 0.00 0/1/2+ 1/0/0
2026-02-12 18:34:53,730 Athena::DelayedConditionsCleanerSvc                  INFO   ConditionStore+/TRT/Calib/DX nInserts      1 maxSize   1
2026-02-12 18:34:53,730 Athena::DelayedConditionsCleanerSvc                  INFO     nClean 1 avgRemoved 0.00 0/1/2+ 1/0/0
2026-02-12 18:34:53,730 Athena::DelayedConditionsCleanerSvc                  INFO   ConditionStore+AtlasTrackingGeometry nInserts      1 maxSize   1
2026-02-12 18:34:53,730 Athena::DelayedConditionsCleanerSvc                  INFO     nClean 1 avgRemoved 0.00 0/1/2+ 1/0/0
2026-02-12 18:34:53,730 Athena::DelayedConditionsCleanerSvc                  INFO   ConditionStore+BeamSpotData nInserts      1 maxSize   1
2026-02-12 18:34:53,730 Athena::DelayedConditionsCleanerSvc                  INFO     nClean 1 avgRemoved 0.00 0/1/2+ 1/0/0
2026-02-12 18:34:53,730 Athena::DelayedConditionsCleanerSvc                  INFO   ConditionStore+BunchCrossingData nInserts      1 maxSize   1
2026-02-12 18:34:53,730 Athena::DelayedConditionsCleanerSvc                  INFO     nClean 1 avgRemoved 0.00 0/1/2+ 1/0/0
2026-02-12 18:34:53,730 Athena::DelayedConditionsCleanerSvc                  INFO   ConditionStore+CaloDetDescrManager nInserts      1 maxSize   1
2026-02-12 18:34:53,730 Athena::DelayedConditionsCleanerSvc                  INFO     nClean 1 avgRemoved 0.00 0/1/2+ 1/0/0
2026-02-12 18:34:53,730 Athena::DelayedConditionsCleanerSvc                  INFO   ConditionStore+CaloSuperCellDetDescrManager nInserts      1 maxSize   1
2026-02-12 18:34:53,730 Athena::DelayedConditionsCleanerSvc                  INFO     nClean 1 avgRemoved 0.00 0/1/2+ 1/0/0
2026-02-12 18:34:53,730 Athena::DelayedConditionsCleanerSvc                  INFO   ConditionStore+LArAlignmentStore nInserts      1 maxSize   1
2026-02-12 18:34:53,730 Athena::DelayedConditionsCleanerSvc                  INFO     nClean 1 avgRemoved 0.00 0/1/2+ 1/0/0
2026-02-12 18:34:53,730 Athena::DelayedConditionsCleanerSvc                  INFO   ConditionStore+LArCellPositionShift nInserts      1 maxSize   1
2026-02-12 18:34:53,730 Athena::DelayedConditionsCleanerSvc                  INFO     nClean 1 avgRemoved 0.00 0/1/2+ 1/0/0
2026-02-12 18:34:53,730 Athena::DelayedConditionsCleanerSvc                  INFO   ConditionStore+MuonDetectorManager nInserts      1 maxSize   1
2026-02-12 18:34:53,731 Athena::DelayedConditionsCleanerSvc                  INFO     nClean 1 avgRemoved 0.00 0/1/2+ 1/0/0
2026-02-12 18:34:53,731 Athena::DelayedConditionsCleanerSvc                  INFO   ConditionStore+NswPassivationDbData nInserts      1 maxSize   1
2026-02-12 18:34:53,731 Athena::DelayedConditionsCleanerSvc                  INFO     nClean 1 avgRemoved 0.00 0/1/2+ 1/0/0
2026-02-12 18:34:53,731 Athena::DelayedConditionsCleanerSvc                  INFO   ConditionStore+PixelAlignmentStore nInserts      1 maxSize   1
2026-02-12 18:34:53,731 Athena::DelayedConditionsCleanerSvc                  INFO     nClean 1 avgRemoved 0.00 0/1/2+ 1/0/0
2026-02-12 18:34:53,731 Athena::DelayedConditionsCleanerSvc                  INFO   ConditionStore+PixelDetectorElementCollection nInserts      1 maxSize   1
2026-02-12 18:34:53,731 Athena::DelayedConditionsCleanerSvc                  INFO     nClean 1 avgRemoved 0.00 0/1/2+ 1/0/0
2026-02-12 18:34:53,731 Athena::DelayedConditionsCleanerSvc                  INFO   ConditionStore+SCTAlignmentStore nInserts      1 maxSize   1
2026-02-12 18:34:53,731 Athena::DelayedConditionsCleanerSvc                  INFO     nClean 1 avgRemoved 0.00 0/1/2+ 1/0/0
2026-02-12 18:34:53,731 Athena::DelayedConditionsCleanerSvc                  INFO   ConditionStore+SCT_DetectorElementCollection nInserts      1 maxSize   1
2026-02-12 18:34:53,731 Athena::DelayedConditionsCleanerSvc                  INFO     nClean 1 avgRemoved 0.00 0/1/2+ 1/0/0
2026-02-12 18:34:53,731 Athena::DelayedConditionsCleanerSvc                  INFO   ConditionStore+TRT_DetElementContainer nInserts      1 maxSize   1
2026-02-12 18:34:53,731 Athena::DelayedConditionsCleanerSvc                  INFO     nClean 1 avgRemoved 0.00 0/1/2+ 1/0/0
2026-02-12 18:34:53,731 Athena::DelayedConditionsCleanerSvc                  INFO   ConditionStore+fieldCondObj nInserts      1 maxSize   1
2026-02-12 18:34:53,731 Athena::DelayedConditionsCleanerSvc                  INFO     nClean 1 avgRemoved 0.00 0/1/2+ 1/0/0
2026-02-12 18:34:53,731 Athena::DelayedConditionsCleanerSvc                  INFO   ConditionStore+fieldMapCondObj nInserts      1 maxSize   1
2026-02-12 18:34:53,731 Athena::DelayedConditionsCleanerSvc                  INFO     nClean 1 avgRemoved 0.00 0/1/2+ 1/0/0
2026-02-12 18:34:53,732 AthDictLoaderSvc                                     INFO in finalize...
2026-02-12 18:34:54,287 Domain[ROOT_All]                                     INFO >   Deaccess DbDomain     READ      [ROOT_All]
2026-02-12 18:34:54,287 AthenaPoolSharedIOCnvSvc                             INFO PerfStats ----------------------------------------
2026-02-12 18:34:54,288 AthenaPoolSharedIOCnvSvc                             INFO PerfStats Timing Measurements for AthenaPoolCnvSvc
2026-02-12 18:34:54,288 AthenaPoolSharedIOCnvSvc                             INFO PerfStats ----------------------------------------
2026-02-12 18:34:54,288 AthenaPoolSharedIOCnvSvc                             INFO PerfStats | cObjR_ALL       |           11902 ms |
2026-02-12 18:34:54,288 AthenaPoolSharedIOCnvSvc                             INFO PerfStats | fRep_ALL        |            5954 ms |
2026-02-12 18:34:54,288 AthenaPoolSharedIOCnvSvc                             INFO PerfStats | cObj_ALL        |           12631 ms |
2026-02-12 18:34:54,288 AthenaPoolSharedIOCnvSvc                             INFO PerfStats | cRep_ALL        |              66 ms |
2026-02-12 18:34:54,288 AthenaPoolSharedIOCnvSvc                             INFO PerfStats ----------------------------------------
2026-02-12 18:34:54,288 Domain[ROOT_All]                                     INFO >   Deaccess DbDomain     READ      [ROOT_All]
2026-02-12 18:34:54,295 IOVDbFolder                                          INFO Folder /Digitization/Parameters (AttrList) db-read 0/1 objs/chan/bytes 1/0/0 ((     0.00 ))s
2026-02-12 18:34:54,295 IOVDbFolder                                          INFO Folder /EXT/DCS/MAGNETS/SENSORDATA (AttrListColl) db-read 1/1 objs/chan/bytes 4/4/20 ((     0.04 ))s
2026-02-12 18:34:54,295 IOVDbFolder                                          INFO Folder /GLOBAL/BField/Maps (AttrListColl) db-read 1/1 objs/chan/bytes 3/3/202 ((     0.03 ))s
2026-02-12 18:34:54,295 IOVDbFolder                                          INFO Folder /GLOBAL/TrackingGeo/LayerMaterialV2 (PoolRef) db-read 1/1 objs/chan/bytes 1/1/231 ((     0.01 ))s
2026-02-12 18:34:54,295 IOVDbFolder                                          INFO Folder /Indet/Align (PoolRefColl) db-read 1/1 objs/chan/bytes 43/43/7009 ((     0.03 ))s
2026-02-12 18:34:54,295 IOVDbFolder                                          INFO Folder /Indet/Beampos (AttrList) db-read 1/1 objs/chan/bytes 6/1/456 ((     0.02 ))s
2026-02-12 18:34:54,295 IOVDbFolder                                          INFO Folder /Indet/IBLDist (AttrListColl) db-read 1/1 objs/chan/bytes 14/14/280 ((     0.01 ))s
2026-02-12 18:34:54,296 IOVDbFolder                                          INFO Folder /LAR/Align (PoolRef) db-read 1/1 objs/chan/bytes 1/1/170 ((     0.04 ))s
2026-02-12 18:34:54,296 IOVDbFolder                                          INFO Folder /MDT/MM/PASSIVATION (AttrListColl) db-read 1/1 objs/chan/bytes 1/1/680679 ((     0.03 ))s
2026-02-12 18:34:54,296 IOVDbFolder                                          INFO Folder /TRT/Align (PoolRefColl) db-read 1/1 objs/chan/bytes 32/32/5120 ((     0.04 ))s
2026-02-12 18:34:54,296 IOVDbFolder                                          INFO Folder /TRT/Calib/DX (PoolRef) db-read 1/1 objs/chan/bytes 1/1/183 ((     0.02 ))s
2026-02-12 18:34:54,296 IOVDbFolder                                          INFO Folder /TagInfo (AttrListColl) db-read 0/1 objs/chan/bytes 1/0/0 ((     0.00 ))s
2026-02-12 18:34:54,296 IOVDbFolder                                          INFO Folder /LAR/LArCellPositionShift (PoolRef) db-read 1/1 objs/chan/bytes 1/1/195 ((     0.03 ))s
2026-02-12 18:34:54,296 IOVDbSvc                                             INFO Total payload read from IOVDb: 694545 bytes in ((      0.29 ))s
2026-02-12 18:34:54,296 IOVDbSvc                                             INFO Connection sqlite://;schema=mycool.db;dbname=OFLP200 : nConnect: 0 nFolders: 0 ReadTime: ((     0.00 ))s
2026-02-12 18:34:54,296 IOVDbSvc                                             INFO Connection COOLOFL_LAR/OFLP200 : nConnect: 2 nFolders: 2 ReadTime: ((     0.06 ))s
2026-02-12 18:34:54,296 IOVDbSvc                                             INFO Connection COOLOFL_GLOBAL/OFLP200 : nConnect: 2 nFolders: 2 ReadTime: ((     0.04 ))s
2026-02-12 18:34:54,296 IOVDbSvc                                             INFO Connection COOLOFL_DCS/OFLP200 : nConnect: 2 nFolders: 1 ReadTime: ((     0.04 ))s
2026-02-12 18:34:54,296 IOVDbSvc                                             INFO Connection COOLOFL_INDET/OFLP200 : nConnect: 2 nFolders: 3 ReadTime: ((     0.06 ))s
2026-02-12 18:34:54,296 IOVDbSvc                                             INFO Connection COOLOFL_MDT/OFLP200 : nConnect: 2 nFolders: 1 ReadTime: ((     0.03 ))s
2026-02-12 18:34:54,296 IOVDbSvc                                             INFO Connection COOLOFL_TRT/OFLP200 : nConnect: 2 nFolders: 2 ReadTime: ((     0.06 ))s
2026-02-12 18:34:54,297 ToolSvc                                              INFO Removing all tools created by ToolSvc
2026-02-12 18:34:54,298 TruthCategoriesDecorator.HiggsTruthCategoryTool      INFO  ====================================================== 
2026-02-12 18:34:54,298 TruthCategoriesDecorator.HiggsTruthCategoryTool      INFO  ---- FinalizingTruthCategoriesDecorator.HiggsTruthCategoryTool...
2026-02-12 18:34:54,298 TruthCategoriesDecorator.HiggsTruthCategoryTool      INFO  ====================================================== 
2026-02-12 18:34:54,298 TruthCategoriesDecorator.HiggsTruthCategoryTool      INFO  ====================================================== 
2026-02-12 18:34:54,298 TruthCategoriesDecorator.xAODToHepMCTool             INFO ==============================================================
2026-02-12 18:34:54,298 TruthCategoriesDecorator.xAODToHepMCTool             INFO ==========    xAOD -> HepMC Tool :: Run Summary     ==========
2026-02-12 18:34:54,298 TruthCategoriesDecorator.xAODToHepMCTool             INFO ==============================================================
2026-02-12 18:34:54,298 TruthCategoriesDecorator.xAODToHepMCTool             INFO No missing production vertices
2026-02-12 18:34:54,298 TruthCategoriesDecorator.xAODToHepMCTool             INFO No events with undefined beams.
2026-02-12 18:34:54,298 TruthCategoriesDecorator.xAODToHepMCTool             INFO ==============================================================
2026-02-12 18:34:54,298 TruthCategoriesDecorator.xAODToHepMCTool             INFO ===================    End Run Summary     ===================
2026-02-12 18:34:54,298 TruthCategoriesDecorator.xAODToHepMCTool             INFO ==============================================================
2026-02-12 18:34:54,299 ToolSvc.PHYSDiTauLowPtTPThinningTool                 INFO Processed 129487 tracks, 2312 were retained 
2026-02-12 18:34:54,299 ToolSvc.PHYSDiTauLowPtThinningTool                   INFO Processed 354 objects, 177 were retained 
2026-02-12 18:34:54,299 ToolSvc.PHYSDiTauTPThinningTool                      INFO Processed 129487 tracks, 346 were retained 
2026-02-12 18:34:54,299 ToolSvc.PHYSDiTauThinningTool                        INFO Processed 19 objects, 18 were retained 
2026-02-12 18:34:54,299 ToolSvc.PHYSTauJets_MuonRMThinningTool               INFO Processed 76 taus, 48 were kept
2026-02-12 18:34:54,299 ToolSvc.PHYSTauJetThinningTool                       INFO Processed 2043 taus, 1006 were kept
2026-02-12 18:34:54,299 ToolSvc.PHYSMuonTPThinningTool                       INFO Processed 129487 tracks, 475 were retained 
2026-02-12 18:34:54,299 ToolSvc.PHYSTrackParticleThinningTool                INFO Processed 129487 tracks, 1281 were retained 
2026-02-12 18:34:54,300 ToolSvc.TrigDecisionTool                             INFO Finalized
2026-02-12 18:34:54,300 JetTagVertexDecoratorAlgAntiKt10UFO...JFVarFactory   INFO  Finalization of JetFitterVariablesFactory successful
2026-02-12 18:34:54,300 JetTagVertexDecoratorAlgAntiKt10...Analysis::SVTag   INFO #BTAG# Number of jets used for calibration for reference ALL : #b= 0 #light= 0 #charm= 0
2026-02-12 18:34:54,300 InDetVKalVxInJetTool                                 INFO Time User   : Tot= 1.95  [s] Ave/Min/Max=0.000444(+- 0.00206)/       0/    0.01  [s] #=4394
2026-02-12 18:34:54,300 InDetVKalVxInJetTool                                 INFO Time User   : Tot= 1.95  [s] Ave/Min/Max=0.000444(+- 0.00206)/       0/    0.01  [s] #=4394
2026-02-12 18:34:54,301 JetTagVertexDecoratorAlgAntiKt4EMPF...JFVarFactory   INFO  Finalization of JetFitterVariablesFactory successful
2026-02-12 18:34:54,301 JetTagVertexDecoratorAlgAntiKt4E...Analysis::SVTag   INFO #BTAG# Number of jets used for calibration for reference ALL : #b= 0 #light= 0 #charm= 0
2026-02-12 18:34:54,301 InDetVKalVxInJetTool                                 INFO Time User   : Tot= 1.95  [s] Ave/Min/Max=0.000444(+- 0.00206)/       0/    0.01  [s] #=4394
2026-02-12 18:34:54,301 InDetVKalVxInJetTool                                 INFO Time User   : Tot= 1.95  [s] Ave/Min/Max=0.000444(+- 0.00206)/       0/    0.01  [s] #=4394
2026-02-12 18:34:54,307 ToolSvc.DFCommonTruthForwardProtonTool               INFO Processed 324921 truth particles, 0 were retained 
2026-02-12 18:34:54,307 ToolSvc.DFCommonTruthBSMTool                         INFO Processed 324921 truth particles, 0 were retained 
2026-02-12 18:34:54,307 ToolSvc.DFCommonTruthBosonTool                       INFO Processed 324921 truth particles, 715 were retained 
2026-02-12 18:34:54,307 ToolSvc.DFCommonTruthTopTool                         INFO Processed 324921 truth particles, 801 were retained 
2026-02-12 18:34:54,308 ToolSvc.DFCommonTruthBottomTool                      INFO Processed 324921 truth particles, 867 were retained 
2026-02-12 18:34:54,308 ToolSvc.DFCommonTruthNeutrinoTool                    INFO Processed 324921 truth particles, 284 were retained 
2026-02-12 18:34:54,308 ToolSvc.DFCommonTruthPhotonToolSim                   INFO Processed 324921 truth particles, 1201 were retained 
2026-02-12 18:34:54,308 ToolSvc.DFCommonTruthElectronTool                    INFO Processed 324921 truth particles, 771 were retained 
2026-02-12 18:34:54,308 ToolSvc.DFCommonTruthMuonTool                        INFO Processed 324921 truth particles, 121 were retained 
2026-02-12 18:34:54,308 ToolSvc.PhysCommonTruthCharmTool                     INFO Processed 324921 truth particles, 910 were retained 
2026-02-12 18:34:54,308 ToolSvc.DFCommonTruthClassificationTool              INFO Processed and decorated 324921 truth particles
2026-02-12 18:34:54,308 AthenaPoolSharedIOCnvSvc.OutputStreamingTool         INFO in finalize()
2026-02-12 18:34:54,320 InDet_TrkInJetType                                   INFO Time User   : Tot= 1.25  [s] Ave/Min/Max=6.24e-05(+-0.000787)/       0/    0.01  [s] #=20040
2026-02-12 18:34:54,320 InDet_TrkInJetType                                   INFO Time User   : Tot= 1.25  [s] Ave/Min/Max=6.24e-05(+-0.000787)/       0/    0.01  [s] #=20040
2026-02-12 18:34:54,320 InDet_TrkInJetType                                   INFO Time User   : Tot= 1.25  [s] Ave/Min/Max=6.24e-05(+-0.000787)/       0/    0.01  [s] #=20040
2026-02-12 18:34:54,320 InDet_TrkInJetType                                   INFO Time User   : Tot= 1.25  [s] Ave/Min/Max=6.24e-05(+-0.000787)/       0/    0.01  [s] #=20040
2026-02-12 18:34:54,321 ToolSvc.DiTauIDDeco...DiTauRec_OnnxScoreCalculator   INFO Finalizing DiTauOnnxDiscriminantTool
2026-02-12 18:34:54,336 AtlasTrackingGeometryCond...MuonStationTypeBuilder   INFO  finalize() successful
2026-02-12 18:34:54,338 METAssociat...MET_AssociationTool_AntiKt4EMPFlowHR   INFO Finalizing METAssociation_AntiKt4EMPFlowHR.MET_AssociationTool_AntiKt4EMPFlowHR...
2026-02-12 18:34:54,338 METAssociatio...MET_AssociationTool_AntiKt4EMPFlow   INFO Finalizing METAssociation_AntiKt4EMPFlow.MET_AssociationTool_AntiKt4EMPFlow...
2026-02-12 18:34:54,338 METAssociation...MET_AssociationTool_AntiKt4EMTopo   INFO Finalizing METAssociation_AntiKt4EMTopo.MET_AssociationTool_AntiKt4EMTopo...
2026-02-12 18:34:54,338 METRecoAlg_Truth.MET_RegionTool_Truth                INFO Finalizing METRecoAlg_Truth.MET_RegionTool_Truth...
2026-02-12 18:34:54,338 METRecoAlg_Truth.MET_RecoTool_Truth                  INFO Finalizing METRecoAlg_Truth.MET_RecoTool_Truth...
2026-02-12 18:34:54,339 METRecoAlg_Truth.MET_R...MET_IntMuonsRegions_Truth   INFO Finalizing METRecoAlg_Truth.MET_RegionTool_Truth.MET_IntMuonsRegions_Truth...
2026-02-12 18:34:54,339 METRecoAlg_Truth.MET_Reg...MET_IntOutRegions_Truth   INFO Finalizing METRecoAlg_Truth.MET_RegionTool_Truth.MET_IntOutRegions_Truth...
2026-02-12 18:34:54,339 METRecoAlg_Truth.MET_Region...MET_IntRegions_Truth   INFO Finalizing METRecoAlg_Truth.MET_RegionTool_Truth.MET_IntRegions_Truth...
2026-02-12 18:34:54,339 METRecoAlg_Truth.MET_Reg...MET_NonIntRegions_Truth   INFO Finalizing METRecoAlg_Truth.MET_RegionTool_Truth.MET_NonIntRegions_Truth...

The MCnet usage guidelines apply to Rivet: see http://www.montecarlonet.org/GUIDELINES
Please acknowledge Rivet in results made using it, and cite https://arxiv.org/abs/2404.15984 and https://arxiv.org/abs/2312.15070
2026-02-12 18:34:54,436 PerfMonMTSvc                                         INFO Finalizing PerfMonMTSvc
2026-02-12 18:34:54,436 IdDictDetDescrCnv                                    INFO in finalize
2026-02-12 18:34:54,439 *****Chrono*****                                     INFO ****************************************************************************************************
2026-02-12 18:34:54,439 *****Chrono*****                                     INFO  The Final CPU consumption ( Chrono ) Table (ordered)
2026-02-12 18:34:54,439 *****Chrono*****                                     INFO ****************************************************************************************************
2026-02-12 18:34:54,439 DiTauJets_DiTauIDDecorKernel                         INFO Time User   : Tot=    0 [us] Ave/Min/Max=       0(+-       0)/       0/       0 [us] #=200
2026-02-12 18:34:54,439 MCTruthCommonPostJetKernelNo3                        INFO Time User   : Tot=    0 [us] Ave/Min/Max=       0(+-       0)/       0/       0 [us] #=200
2026-02-12 18:34:54,440 MCTruthCommonPreJetKernelNo11                        INFO Time User   : Tot=    0 [us] Ave/Min/Max=       0(+-       0)/       0/       0 [us] #=200
2026-02-12 18:34:54,440 DFCommonMuonsKernel2                                 INFO Time User   : Tot=    0 [us] Ave/Min/Max=       0(+-       0)/       0/       0 [us] #=200
2026-02-12 18:34:54,440 InDetCommonKernelDFCommonZ0AtPV                      INFO Time User   : Tot=    0 [us] Ave/Min/Max=       0(+-       0)/       0/       0 [us] #=200
2026-02-12 18:34:54,440 MCTruthCommonPreJetKernelNo9                         INFO Time User   : Tot=    0 [us] Ave/Min/Max=       0(+-       0)/       0/       0 [us] #=200
2026-02-12 18:34:54,440 MCTruthCommonPreJetKernelNo12                        INFO Time User   : Tot=    0 [us] Ave/Min/Max=       0(+-       0)/       0/       0 [us] #=200
2026-02-12 18:34:54,440 MCTruthCommonBornLeptonsKernel                       INFO Time User   : Tot=    0 [us] Ave/Min/Max=       0(+-       0)/       0/       0 [us] #=200
2026-02-12 18:34:54,440 MCTruthCommonTruthPVCollKernel                       INFO Time User   : Tot=    0 [us] Ave/Min/Max=       0(+-       0)/       0/       0 [us] #=200
2026-02-12 18:34:54,440 MCTruthCommonPreJetKernelNo10                        INFO Time User   : Tot=    0 [us] Ave/Min/Max=       0(+-       0)/       0/       0 [us] #=200
2026-02-12 18:34:54,440 MCTruthCommonPostJetKernelNo1                        INFO Time User   : Tot=    0 [us] Ave/Min/Max=       0(+-       0)/       0/       0 [us] #=200
2026-02-12 18:34:54,440 MCTruthCommonPreJetKernelNo17                        INFO Time User   : Tot=    0 [us] Ave/Min/Max=       0(+-       0)/       0/       0 [us] #=200
2026-02-12 18:34:54,440 MCTruthCommonPreJetKernelNo16                        INFO Time User   : Tot=    0 [us] Ave/Min/Max=       0(+-       0)/       0/       0 [us] #=200
2026-02-12 18:34:54,440 AthenaMP_seek                                        INFO Time User   : Tot=    0 [us] Ave/Min/Max=       0(+-       0)/       0/       0 [us] #=  2
2026-02-12 18:34:54,440 TauRNNLooseAugmentationKernel                        INFO Time User   : Tot=    0 [us] Ave/Min/Max=       0(+-       0)/       0/       0 [us] #=200
2026-02-12 18:34:54,440 DFCommonTruthMetaDataWriterKernel                    INFO Time User   : Tot=   10 [ms] Ave/Min/Max=    0.05(+-   0.705)/       0/      10 [ms] #=200
2026-02-12 18:34:54,440 BadBatmanAugmentation                                INFO Time User   : Tot=   10 [ms] Ave/Min/Max=    0.05(+-   0.705)/       0/      10 [ms] #=200
2026-02-12 18:34:54,440 MCTruthCommonTausAndDecaysKernel                     INFO Time User   : Tot=   10 [ms] Ave/Min/Max=    0.05(+-   0.705)/       0/      10 [ms] #=200
2026-02-12 18:34:54,440 MCTruthCommonPreJetKernelNo1                         INFO Time User   : Tot=   10 [ms] Ave/Min/Max=    0.05(+-   0.705)/       0/      10 [ms] #=200
2026-02-12 18:34:54,441 MCTruthCommonPreJetKernelNo2                         INFO Time User   : Tot=   10 [ms] Ave/Min/Max=    0.05(+-   0.705)/       0/      10 [ms] #=200
2026-02-12 18:34:54,441 MCTruthCommonPreJetKernelNo6                         INFO Time User   : Tot=   10 [ms] Ave/Min/Max=    0.05(+-   0.705)/       0/      10 [ms] #=200
2026-02-12 18:34:54,441 MCTruthCommonPostJetKernelNo2                        INFO Time User   : Tot=   10 [ms] Ave/Min/Max=    0.05(+-   0.705)/       0/      10 [ms] #=200
2026-02-12 18:34:54,441 MCTruthCommonPreJetKernelNo14                        INFO Time User   : Tot=   10 [ms] Ave/Min/Max=    0.05(+-   0.705)/       0/      10 [ms] #=200
2026-02-12 18:34:54,441 MCTruthCommonPreJetKernelNo13                        INFO Time User   : Tot=   10 [ms] Ave/Min/Max=    0.05(+-   0.705)/       0/      10 [ms] #=200
2026-02-12 18:34:54,441 DiTauJetsLowPt_DiTauIDDecorKernel                    INFO Time User   : Tot=   20 [ms] Ave/Min/Max=     0.1(+-   0.995)/       0/      10 [ms] #=200
2026-02-12 18:34:54,441 MCTruthCommonPreJetKernelNo18                        INFO Time User   : Tot=   20 [ms] Ave/Min/Max=     0.1(+-   0.995)/       0/      10 [ms] #=200
2026-02-12 18:34:54,441 DistanceInTrainAugmentation                          INFO Time User   : Tot=   20 [ms] Ave/Min/Max=     0.1(+-   0.995)/       0/      10 [ms] #=200
2026-02-12 18:34:54,441 MCTruthCommonPreJetKernelNo15                        INFO Time User   : Tot=   20 [ms] Ave/Min/Max=     0.1(+-   0.995)/       0/      10 [ms] #=200
2026-02-12 18:34:54,441 MCTruthCommonPreJetKernelNo4                         INFO Time User   : Tot=   20 [ms] Ave/Min/Max=     0.1(+-   0.995)/       0/      10 [ms] #=200
2026-02-12 18:34:54,441 MCTruthCommonPreJetKernelNo5                         INFO Time User   : Tot=   20 [ms] Ave/Min/Max=     0.1(+-   0.995)/       0/      10 [ms] #=200
2026-02-12 18:34:54,441 MCTruthCommonPreJetKernelNo7                         INFO Time User   : Tot=   20 [ms] Ave/Min/Max=     0.1(+-   0.995)/       0/      10 [ms] #=200
2026-02-12 18:34:54,441 PhysCommonTruthCharmKernel                           INFO Time User   : Tot=   20 [ms] Ave/Min/Max=     0.1(+-   0.995)/       0/      10 [ms] #=200
2026-02-12 18:34:54,441 MCTruthCommonPreJetKernelNo3                         INFO Time User   : Tot=   30 [ms] Ave/Min/Max=    0.15(+-    1.22)/       0/      10 [ms] #=200
2026-02-12 18:34:54,441 MCTruthCommonBosonsAndDecaysKernel                   INFO Time User   : Tot=   30 [ms] Ave/Min/Max=    0.15(+-    1.22)/       0/      10 [ms] #=200
2026-02-12 18:34:54,441 DFCommonMuonsKernel                                  INFO Time User   : Tot=   30 [ms] Ave/Min/Max=    0.15(+-    1.22)/       0/      10 [ms] #=200
2026-02-12 18:34:54,441 MCTruthCommonPreJetKernelNo8                         INFO Time User   : Tot=   40 [ms] Ave/Min/Max=     0.2(+-     1.4)/       0/      10 [ms] #=200
2026-02-12 18:34:54,441 MiniCollectionTruthLinkKernelNo3                     INFO Time User   : Tot=   50 [ms] Ave/Min/Max=    0.25(+-    2.33)/       0/      30 [ms] #=200
2026-02-12 18:34:54,441 MiniCollectionTruthLinkKernelNo2                     INFO Time User   : Tot=   60 [ms] Ave/Min/Max=     0.3(+-    1.71)/       0/      10 [ms] #=200
2026-02-12 18:34:54,441 MiniCollectionTruthLinkKernelNo1                     INFO Time User   : Tot=   80 [ms] Ave/Min/Max=     0.4(+-     2.2)/       0/      20 [ms] #=200
2026-02-12 18:34:54,442 MCTruthCommonBSMAndDecaysKernel                      INFO Time User   : Tot=   90 [ms] Ave/Min/Max=    0.45(+-    2.07)/       0/      10 [ms] #=200
2026-02-12 18:34:54,442 MCTruthCommonHFAndDecaysKernel                       INFO Time User   : Tot=  110 [ms] Ave/Min/Max=    0.55(+-    2.28)/       0/      10 [ms] #=200
2026-02-12 18:34:54,442 DiTauIDDecorKernel                                   INFO Time User   : Tot=  130 [ms] Ave/Min/Max=    0.65(+-    2.47)/       0/      10 [ms] #=200
2026-02-12 18:34:54,442 InDetCommonKernelDFCommonUsedInFitDecorator          INFO Time User   : Tot=  120 [ms] Ave/Min/Max=     0.6(+-    2.37)/       0/      10 [ms] #=200
2026-02-12 18:34:54,442 TauTruthCommonKernel2                                INFO Time User   : Tot=  140 [ms] Ave/Min/Max=     0.7(+-    3.08)/       0/      30 [ms] #=200
2026-02-12 18:34:54,442 MCTruthNavigationDecoratorKernel                     INFO Time User   : Tot=  160 [ms] Ave/Min/Max=     0.8(+-    2.71)/       0/      10 [ms] #=200
2026-02-12 18:34:54,442 DFCommonHSDecorator                                  INFO Time User   : Tot=  160 [ms] Ave/Min/Max=     0.8(+-    3.66)/       0/      40 [ms] #=200
2026-02-12 18:34:54,442 TauJets_MuonRM_TauIDDecorKernel                      INFO Time User   : Tot=  220 [ms] Ave/Min/Max=     1.1(+-    3.13)/       0/      10 [ms] #=200
2026-02-12 18:34:54,442 HFClassificationCommonKernel                         INFO Time User   : Tot= 0.77  [s] Ave/Min/Max= 0.00385(+- 0.00487)/       0/    0.01  [s] #=200
2026-02-12 18:34:54,442 InDetCommonKernelDFCommonTrackSelection              INFO Time User   : Tot= 1.08  [s] Ave/Min/Max=  0.0054(+- 0.00528)/       0/    0.03  [s] #=200
2026-02-12 18:34:54,442 InDet_TrkInJetType                                   INFO Time User   : Tot= 1.25  [s] Ave/Min/Max=6.24e-05(+-0.000787)/       0/    0.01  [s] #=20040
2026-02-12 18:34:54,442 MCTruthClassificationKernel                          INFO Time User   : Tot= 1.91  [s] Ave/Min/Max= 0.00955(+- 0.00541)/       0/    0.03  [s] #=200
2026-02-12 18:34:54,442 InDetVKalVxInJetTool                                 INFO Time User   : Tot= 1.95  [s] Ave/Min/Max=0.000444(+- 0.00206)/       0/    0.01  [s] #=4394
2026-02-12 18:34:54,442 EGammaCommonKernel                                   INFO Time User   : Tot= 4.25  [s] Ave/Min/Max=  0.0213(+-  0.0124)/    0.01/    0.09  [s] #=200
2026-02-12 18:34:54,442 TauJets_TauIDDecorKernel                             INFO Time User   : Tot= 4.74  [s] Ave/Min/Max=  0.0237(+-  0.0105)/       0/    0.07  [s] #=200
2026-02-12 18:34:54,442 PHYSKernel                                           INFO Time User   : Tot= 5.37  [s] Ave/Min/Max=  0.0268(+-   0.377)/       0/    5.34  [s] #=200
2026-02-12 18:34:54,442 ChronoStatSvc                                        INFO Time User   : Tot=  280  [s]  #=  1
2026-02-12 18:34:54,442 AthenaMP_nextEvent                                   INFO Time User   : Tot=  295  [s] Ave/Min/Max=     148(+-    5.64)/     142/     153  [s] #=  2
2026-02-12 18:34:54,442 *****Chrono*****                                     INFO ****************************************************************************************************
2026-02-12 18:34:54,443 ChronoStatSvc.finalize()                             INFO  Service finalized successfully 
2026-02-12 18:34:54,443 FPEAuditor                                           INFO FPE summary for this job
2026-02-12 18:34:54,443 FPEAuditor                                           INFO  FPE OVERFLOWs  : 0
2026-02-12 18:34:54,443 FPEAuditor                                           INFO  FPE INVALIDs   : 0
2026-02-12 18:34:54,443 FPEAuditor                                           INFO  FPE DIVBYZEROs : 0
2026-02-12 18:34:54,546 PerfMonMTSvc                                         INFO =======================================================================================
2026-02-12 18:34:54,546 PerfMonMTSvc                                         INFO                                  PerfMonMTSvc Report                                   
2026-02-12 18:34:54,546 PerfMonMTSvc                                         INFO =======================================================================================
2026-02-12 18:34:54,546 PerfMonMTSvc                                         INFO *** Full set of information can also be found in: perfmonmt_Derivation.json
2026-02-12 18:34:54,546 PerfMonMTSvc                                         INFO *** In order to make plots using the results run the following commands:
2026-02-12 18:34:54,547 PerfMonMTSvc                                         INFO *** $ perfmonmt-plotter.py -i perfmonmt_Derivation.json
2026-02-12 18:34:54,547 PerfMonMTSvc                                         INFO *** In order to print tables using the results run the following commands:
2026-02-12 18:34:54,547 PerfMonMTSvc                                         INFO *** $ perfmonmt-printer.py -i perfmonmt_Derivation.json
2026-02-12 18:34:54,547 PerfMonMTSvc                                         INFO =======================================================================================
2026-02-12 18:34:54,547 PerfMonMTSvc                                         INFO =======================================================================================
2026-02-12 18:34:54,547 PerfMonMTSvc                                         INFO                              Component Level Monitoring                                
2026-02-12 18:34:54,547 PerfMonMTSvc                                         INFO =======================================================================================
2026-02-12 18:34:54,547 PerfMonMTSvc                                         INFO Step       Count           CPU Time [ms]             Vmem [kB]                                Malloc [kB]                                             Component                                                                  
2026-02-12 18:34:54,547 PerfMonMTSvc                                         INFO ---------------------------------------------------------------------------------------
2026-02-12 18:34:54,567 PerfMonMTSvc                                         INFO Initialize 1               3082.95                   124056                                   33379                                                   EGammaCommonKernel                                                         
2026-02-12 18:34:54,568 PerfMonMTSvc                                         INFO Initialize 1               616.79                    38668                                    13219                                                   MuonRemovalTauAODReRecoAlg                                                 
2026-02-12 18:34:54,568 PerfMonMTSvc                                         INFO Initialize 1               511.25                    34356                                    74752                                                   AntiKt10UFOCSSKSoftDropBeta100Zcut10Jets                                   
2026-02-12 18:34:54,568 PerfMonMTSvc                                         INFO Initialize 1               459.10                    9948                                     7539                                                    DFCommonMuonsKernel                                                        
2026-02-12 18:34:54,568 PerfMonMTSvc                                         INFO Initialize 1               446.25                    27648                                    73350                                                   jetrecalg_AntiKt10UFOCSSKSoftDropBeta100Zcut10Jets                         
2026-02-12 18:34:54,568 PerfMonMTSvc                                         INFO Initialize 1               440.30                    7400                                     7416                                                    ToolSvc.DFCommonMuonToolWrapperIDCuts                                      
2026-02-12 18:34:54,568 PerfMonMTSvc                                         INFO Initialize 1               433.72                    6808                                     7334                                                    ToolSvc.DFCommonMuonsSelector                                              
2026-02-12 18:34:54,568 PerfMonMTSvc                                         INFO Initialize 1               424.37                    46276                                    67638                                                   AntiKt4EMPFlowJets                                                         
2026-02-12 18:34:54,568 PerfMonMTSvc                                         INFO Initialize 1               421.05                    46276                                    67336                                                   jetrecalg_AntiKt4EMPFlowJets                                               
2026-02-12 18:34:54,568 PerfMonMTSvc                                         INFO Initialize 1               420.64                    46276                                    67300                                                   jetrecalg_AntiKt4EMPFlowJets.emscalemom_AntiKt4EMPFlow                     
2026-02-12 18:34:54,568 PerfMonMTSvc                                         INFO Initialize 1               420.26                    46276                                    67262                                                   jetrecalg_AntiKt4EMPFlowJets.jetens                                        
2026-02-12 18:34:54,568 PerfMonMTSvc                                         INFO Initialize 1               416.80                    46276                                    67013                                                   jetrecalg_AntiKt4EMPFlowJets.width                                         
2026-02-12 18:34:54,568 PerfMonMTSvc                                         INFO Initialize 1               416.58                    46276                                    67004                                                   jetrecalg_AntiKt4EMPFlowJets.caloqual                                      
2026-02-12 18:34:54,569 PerfMonMTSvc                                         INFO Initialize 1               415.89                    46276                                    66972                                                   jetrecalg_AntiKt4EMPFlowJets.trkmoms                                       
2026-02-12 18:34:54,569 PerfMonMTSvc                                         INFO Initialize 1               414.78                    46276                                    66900                                                   jetrecalg_AntiKt4EMPFlowJets.trksummoms                                    
2026-02-12 18:34:54,569 PerfMonMTSvc                                         INFO Initialize 1               414.28                    46276                                    66838                                                   jetrecalg_AntiKt4EMPFlowJets.jvf                                           
2026-02-12 18:34:54,569 PerfMonMTSvc                                         INFO Initialize 1               413.76                    46276                                    66776                                                   jetrecalg_AntiKt4EMPFlowJets.jvt                                           
2026-02-12 18:34:54,569 PerfMonMTSvc                                         INFO Initialize 1               411.41                    46276                                    66639                                                   jetrecalg_AntiKt4EMPFlowJets.larhvcorr                                     
2026-02-12 18:34:54,569 PerfMonMTSvc                                         INFO Initialize 1               411.22                    46276                                    66629                                                   jetrecalg_AntiKt4EMPFlowJets.iso                                           
2026-02-12 18:34:54,569 PerfMonMTSvc                                         INFO Initialize 1               410.97                    46276                                    66614                                                   jetrecalg_AntiKt4EMPFlowJets.jetPtAssociation                              
2026-02-12 18:34:54,569 PerfMonMTSvc                                         INFO Initialize 1               410.75                    46276                                    66595                                                   jetrecalg_AntiKt4EMPFlowJets.qgtagging                                     
2026-02-12 18:34:54,569 PerfMonMTSvc                                         INFO Initialize 1               409.61                    46276                                    66515                                                   jetrecalg_AntiKt4EMPFlowJets.nnjvt                                         
2026-02-12 18:34:54,569 PerfMonMTSvc                                         INFO Initialize 1               407.41                    46276                                    66477                                                   jetrecalg_AntiKt4EMPFlowJets.fJVT                                          
2026-02-12 18:34:54,569 PerfMonMTSvc                                         INFO Initialize 1               376.67                    79640                                    2425                                                    ToolSvc.ElectronPassDNNLoose                                               
2026-02-12 18:34:54,569 PerfMonMTSvc                                         INFO Initialize 1               366.31                    28136                                    1977                                                    TrigNavSlimmingMTAlg_DAOD                                                  
2026-02-12 18:34:54,569 PerfMonMTSvc                                         INFO Initialize 1               356.42                    78848                                    2204                                                    ToolSvc.ElectronPassDNNLoose.ElectronDNNSelectorLoose                      
2026-02-12 18:34:54,569 PerfMonMTSvc                                         INFO Initialize 1               347.05                    7168                                     39912                                                   jetrecalg_AntiKt10UFOCSSKSoftDropBeta100Zcut10Jets.width                   
2026-02-12 18:34:54,569 PerfMonMTSvc                                         INFO Initialize 1               346.75                    7168                                     39895                                                   jetrecalg_AntiKt10UFOCSSKSoftDropBeta100Zcut10Jets.nsubjettiness           
2026-02-12 18:34:54,569 PerfMonMTSvc                                         INFO Initialize 1               345.58                    7168                                     39849                                                   jetrecalg_AntiKt10UFOCSSKSoftDropBeta100Zcut10Jets.ktsplitter              
2026-02-12 18:34:54,569 PerfMonMTSvc                                         INFO Initialize 1               345.09                    7168                                     39827                                                   jetrecalg_AntiKt10UFOCSSKSoftDropBeta100Zcut10Jets.ecorr                   
2026-02-12 18:34:54,569 PerfMonMTSvc                                         INFO Initialize 1               344.42                    7168                                     39796                                                   jetrecalg_AntiKt10UFOCSSKSoftDropBeta100Zcut10Jets.qw                      
2026-02-12 18:34:54,570 PerfMonMTSvc                                         INFO Initialize 1               343.91                    7168                                     39766                                                   jetrecalg_AntiKt10UFOCSSKSoftDropBeta100Zcut10Jets.comshapes               
2026-02-12 18:34:54,570 PerfMonMTSvc                                         INFO Initialize 1               343.03                    7168                                     39724                                                   jetrecalg_AntiKt10UFOCSSKSoftDropBeta100Zcut10Jets.ecorrgeneral            
2026-02-12 18:34:54,570 PerfMonMTSvc                                         INFO Initialize 1               341.96                    7168                                     39658                                                   jetrecalg_AntiKt10UFOCSSKSoftDropBeta100Zcut10Jets.truthlabeler_R10TruthLabel_R21Precision
2026-02-12 18:34:54,570 PerfMonMTSvc                                         INFO Initialize 1               341.05                    7168                                     39613                                                   jetrecalg_AntiKt10UFOCSSKSoftDropBeta100Zcut10Jets.truthlabeler_R10TruthLabel_R21Precision_2022v1
2026-02-12 18:34:54,570 PerfMonMTSvc                                         INFO Initialize 1               340.24                    7168                                     39565                                                   jetrecalg_AntiKt10UFOCSSKSoftDropBeta100Zcut10Jets.truthlabeler_R10TruthLabel_R22v1
2026-02-12 18:34:54,570 PerfMonMTSvc                                         INFO Initialize 1               339.44                    7168                                     39518                                                   jetrecalg_AntiKt10UFOCSSKSoftDropBeta100Zcut10Jets.truthlabeler_R10WZTruthLabel_R22v1
2026-02-12 18:34:54,570 PerfMonMTSvc                                         INFO Initialize 1               338.67                    7168                                     39492                                                   jetrecalg_AntiKt10UFOCSSKSoftDropBeta100Zcut10Jets.emscalemom_AntiKt10UFOCSSKSoftDropBeta100Zcut10
2026-02-12 18:34:54,570 PerfMonMTSvc                                         INFO Initialize 1               338.30                    7168                                     39454                                                   jetrecalg_AntiKt10UFOCSSKSoftDropBeta100Zcut10Jets.jetenslargeR            
2026-02-12 18:34:54,570 PerfMonMTSvc                                         INFO Initialize 1               336.90                    7168                                     39409                                                   jetrecalg_AntiKt10UFOCSSKSoftDropBeta100Zcut10Jets.constitFrac             
2026-02-12 18:34:54,570 PerfMonMTSvc                                         INFO Initialize 1               336.61                    7168                                     39395                                                   jetrecalg_AntiKt10UFOCSSKSoftDropBeta100Zcut10Jets.groomMRatio             
2026-02-12 18:34:54,570 PerfMonMTSvc                                         INFO Initialize 1               336.44                    7168                                     39385                                                   jetrecalg_AntiKt10UFOCSSKSoftDropBeta100Zcut10Jets.BoostedJetTaggerTool-Top
2026-02-12 18:34:54,570 PerfMonMTSvc                                         INFO Initialize 1               336.21                    25156                                    1681                                                    ToolSvc.TrigDecisionTool.Navigation                                        
2026-02-12 18:34:54,570 PerfMonMTSvc                                         INFO Initialize 1               336.04                    7168                                     39300                                                   jetrecalg_AntiKt10UFOCSSKSoftDropBeta100Zcut10Jets.BoostedJetTaggerTool-Top.MLHelper
2026-02-12 18:34:54,570 PerfMonMTSvc                                         INFO Initialize 1               318.50                    2048                                     1383                                                    ToolSvc.ElectronPassDNNMediumNoCF                                          
2026-02-12 18:34:54,570 PerfMonMTSvc                                         INFO Initialize 1               316.21                    1024                                     1384                                                    ToolSvc.ElectronPassDNNVeryLooseNoCF97                                     
2026-02-12 18:34:54,570 PerfMonMTSvc                                         INFO Initialize 1               316.20                    4096                                     1384                                                    ToolSvc.ElectronPassDNNMedium                                              
2026-02-12 18:34:54,570 PerfMonMTSvc                                         INFO Initialize 1               316.17                    1024                                     1383                                                    ToolSvc.ElectronPassDNNLooseNoCF                                           
2026-02-12 18:34:54,570 PerfMonMTSvc                                         INFO Initialize 1               314.86                    1024                                     1383                                                    ToolSvc.ElectronPassDNNTightNoCF                                           
2026-02-12 18:34:54,570 PerfMonMTSvc                                         INFO Initialize 1               314.75                    0                                        1384                                                    ToolSvc.ElectronPassDNNTight                                               
2026-02-12 18:34:54,571 PerfMonMTSvc                                         INFO =======================================================================================
2026-02-12 18:34:54,571 PerfMonMTSvc                                         INFO FirstEvent 1               5702.95                   347784                                   313372                                                  PHYSKernel                                                                 
2026-02-12 18:34:54,571 PerfMonMTSvc                                         INFO FirstEvent 2               2681.97                   240360                                   229391                                                  CondInputLoader                                                            
2026-02-12 18:34:54,571 PerfMonMTSvc                                         INFO FirstEvent 2               1382.40                   143360                                   140696                                                  AtlasTrackingGeometryCondAlg                                               
2026-02-12 18:34:54,571 PerfMonMTSvc                                         INFO FirstEvent 2               1137.53                   269976                                   166072                                                  AtlasFieldMapCondAlg                                                       
2026-02-12 18:34:54,571 PerfMonMTSvc                                         INFO FirstEvent 1               418.99                    68300                                    7943                                                    StreamDAOD_PHYS                                                            
2026-02-12 18:34:54,571 PerfMonMTSvc                                         INFO FirstEvent 2               354.55                    83968                                    178281                                                  MuonDetectorCondAlg                                                        
2026-02-12 18:34:54,571 PerfMonMTSvc                                         INFO FirstEvent 2               330.44                    107520                                   106955                                                  TRTAlignCondAlg                                                            
2026-02-12 18:34:54,571 PerfMonMTSvc                                         INFO FirstEvent 1               207.15                    0                                        38874                                                   IncidentProcAlg1                                                           
2026-02-12 18:34:54,571 PerfMonMTSvc                                         INFO FirstEvent 1               193.67                    0                                        6041                                                    AntiKt10UFOCSSKSoftDropBeta100Zcut10Jets                                   
2026-02-12 18:34:54,571 PerfMonMTSvc                                         INFO FirstEvent 1               184.60                    0                                        7716                                                    AntiKt4EMPFlowJets                                                         
2026-02-12 18:34:54,571 PerfMonMTSvc                                         INFO FirstEvent 1               165.41                    0                                        3578                                                    CaloExtensionBuilderAlg                                                    
2026-02-12 18:34:54,571 PerfMonMTSvc                                         INFO FirstEvent 1               146.35                    0                                        1925                                                    jetrecalg_AntiKt4EMPFlowJets                                               
2026-02-12 18:34:54,571 PerfMonMTSvc                                         INFO FirstEvent 1               129.04                    700                                      1271                                                    TrigNavSlimmingMTAlg_DAOD                                                  
2026-02-12 18:34:54,571 PerfMonMTSvc                                         INFO FirstEvent 2               121.52                    53696                                    58445                                                   CaloAlignCondAlg                                                           
2026-02-12 18:34:54,571 PerfMonMTSvc                                         INFO FirstEvent 2               100.11                    6144                                     6054                                                    SCT_AlignCondAlg                                                           
2026-02-12 18:34:54,571 PerfMonMTSvc                                         INFO FirstEvent 1               94.73                     1952                                     5305                                                    EGammaCommonKernel                                                         
2026-02-12 18:34:54,572 PerfMonMTSvc                                         INFO FirstEvent 1               84.34                     0                                        -0                                                      IncidentProcAlg3                                                           
2026-02-12 18:34:54,572 PerfMonMTSvc                                         INFO FirstEvent 1               67.59                     0                                        120                                                     FtagNN_AntiKt4EMPFlowJets_InDetTrackParticles_BTagging_20250912_GN3EPCLV01_antikt4empflow_network_STANDARD_Jet
2026-02-12 18:34:54,572 PerfMonMTSvc                                         INFO FirstEvent 1               64.98                     1024                                     120                                                     FtagNN_AntiKt4EMPFlowJets_InDetTrackParticles_BTagging_20250213_GN3PflowMuonsV00_antikt4empflow_network_STANDARD_Jet
2026-02-12 18:34:54,572 PerfMonMTSvc                                         INFO FirstEvent 1               55.59                     2296                                     5                                                       FtagNN_AntiKt4EMPFlowJets_InDetTrackParticles_BTagging_20250912_GN3EPCLV01_antikt4empflow_network_SIMPLE_FLIP_Jet
2026-02-12 18:34:54,572 PerfMonMTSvc                                         INFO FirstEvent 1               53.56                     2096                                     4                                                       FtagNN_AntiKt4EMPFlowJets_InDetTrackParticles_BTagging_20250213_GN3PflowMuonsV00_antikt4empflow_network_SIMPLE_FLIP_Jet
2026-02-12 18:34:54,572 PerfMonMTSvc                                         INFO FirstEvent 1               45.87                     0                                        94                                                      FtagNN_AntiKt4EMPFlowJets_InDetTrackParticles_BTagging_20250213_GN3V00_antikt4empflow_network_STANDARD_Jet
2026-02-12 18:34:54,572 PerfMonMTSvc                                         INFO FirstEvent 1               45.22                     0                                        5167                                                    AntiKt4EMTopoJets                                                          
2026-02-12 18:34:54,572 PerfMonMTSvc                                         INFO FirstEvent 1               44.22                     0                                        749                                                     AntiKtVR30Rmax4Rmin02TruthChargedJets                                      
2026-02-12 18:34:54,572 PerfMonMTSvc                                         INFO FirstEvent 1               43.97                     3404                                     561                                                     DFCommonHSDecorator                                                        
2026-02-12 18:34:54,572 PerfMonMTSvc                                         INFO FirstEvent 1               43.46                     0                                        596                                                     jetrecalg_AntiKtVR30Rmax4Rmin02TruthChargedJets                            
2026-02-12 18:34:54,572 PerfMonMTSvc                                         INFO FirstEvent 2               36.73                     16244                                    15395                                                   AthReadAlg_AllCalo                                                         
2026-02-12 18:34:54,572 PerfMonMTSvc                                         INFO FirstEvent 1               36.63                     0                                        214                                                     AntiKtVR30Rmax4Rmin02PV0TrackJets                                          
2026-02-12 18:34:54,572 PerfMonMTSvc                                         INFO FirstEvent 1               35.97                     0                                        843                                                     TauJets_TauIDDecorKernel                                                   
2026-02-12 18:34:54,572 PerfMonMTSvc                                         INFO FirstEvent 1               35.92                     0                                        182                                                     jetrecalg_AntiKtVR30Rmax4Rmin02PV0TrackJets                                
2026-02-12 18:34:54,572 PerfMonMTSvc                                         INFO FirstEvent 1               35.32                     0                                        4                                                       FtagNN_AntiKt4EMPFlowJets_InDetTrackParticles_BTagging_20250213_GN3V00_antikt4empflow_network_SIMPLE_FLIP_Jet
2026-02-12 18:34:54,572 PerfMonMTSvc                                         INFO FirstEvent 1               34.68                     1396                                     1204                                                    TauTruthCommonKernel2                                                      
2026-02-12 18:34:54,572 PerfMonMTSvc                                         INFO FirstEvent 1               32.13                     1604                                     858                                                     TrigBTagCopierAlg                                                          
2026-02-12 18:34:54,572 PerfMonMTSvc                                         INFO FirstEvent 1               31.95                     0                                        4834                                                    pflowselalg                                                                
2026-02-12 18:34:54,572 PerfMonMTSvc                                         INFO FirstEvent 1               29.66                     1032                                     1873                                                    jetalg_ConstitModCorrectPFOCHS_EMPFlow                                     
2026-02-12 18:34:54,573 PerfMonMTSvc                                         INFO FirstEvent 1               29.24                     0                                        2666                                                    jetrecalg_AntiKt4EMTopoJets                                                
2026-02-12 18:34:54,573 PerfMonMTSvc                                         INFO FirstEvent 1               27.17                     1272                                     1104                                                    MiniCollectionTruthLinkKernelNo3                                           
2026-02-12 18:34:54,573 PerfMonMTSvc                                         INFO FirstEvent 1               26.54                     1524                                     1186                                                    InDetCommonKernelDFCommonTrackSelection                                    
2026-02-12 18:34:54,573 PerfMonMTSvc                                         INFO FirstEvent 2               25.69                     5120                                     4942                                                    CaloSuperCellAlignCondAlg                                                  
2026-02-12 18:34:54,573 PerfMonMTSvc                                         INFO FirstEvent 1               25.52                     0                                        4589                                                    PFlowIsolationBuilder                                                      
2026-02-12 18:34:54,573 PerfMonMTSvc                                         INFO FirstEvent 1               23.85                     1088                                     828                                                     MiniCollectionTruthLinkKernelNo1                                           
2026-02-12 18:34:54,573 PerfMonMTSvc                                         INFO FirstEvent 2               21.89                     0                                        1991                                                    PixelAlignCondAlg                                                          
2026-02-12 18:34:54,573 PerfMonMTSvc                                         INFO FirstEvent 1               21.81                     0                                        2165                                                    MuonRemovalTauAODReRecoAlg                                                 
2026-02-12 18:34:54,573 PerfMonMTSvc                                         INFO FirstEvent 1               20.16                     2048                                     190                                                     DiTauLowPtBuilder                                                          
2026-02-12 18:34:54,573 PerfMonMTSvc                                         INFO FirstEvent 1               18.90                     0                                        1363                                                    AntiKt4TruthJets                                                           
2026-02-12 18:34:54,573 PerfMonMTSvc                                         INFO FirstEvent 1               17.79                     0                                        115                                                     FtagNN_AntiKt4EMPFlowJets_InDetTrackParticles_BTagging_20231205_GN2v01_antikt4empflow_STANDARD_Jet
2026-02-12 18:34:54,573 PerfMonMTSvc                                         INFO FirstEvent 2               16.34                     0                                        148                                                     NswPassivationDbAlg                                                        
2026-02-12 18:34:54,573 PerfMonMTSvc                                         INFO FirstEvent 1               16.01                     0                                        44                                                      Electrons_decoratePLIT                                                     
2026-02-12 18:34:54,573 PerfMonMTSvc                                         INFO FirstEvent 1               15.80                     0                                        1450                                                    MCTruthClassificationKernel                                                
2026-02-12 18:34:54,573 PerfMonMTSvc                                         INFO FirstEvent 1               13.77                     0                                        606                                                     jetrecalg_AntiKt4TruthJets                                                 
2026-02-12 18:34:54,573 PerfMonMTSvc                                         INFO =======================================================================================
2026-02-12 18:34:54,573 PerfMonMTSvc                                         INFO Execute    199             55360.80                  33952                                    1353292                                                 AntiKt10UFOCSSKSoftDropBeta100Zcut10Jets                                   
2026-02-12 18:34:54,573 PerfMonMTSvc                                         INFO Execute    199             42228.72                  2344                                     714722                                                  AntiKt4EMPFlowJets                                                         
2026-02-12 18:34:54,574 PerfMonMTSvc                                         INFO Execute    199             40971.26                  0                                        820915                                                  CaloExtensionBuilderAlg                                                    
2026-02-12 18:34:54,574 PerfMonMTSvc                                         INFO Execute    199             40844.40                  2344                                     368080                                                  jetrecalg_AntiKt4EMPFlowJets                                               
2026-02-12 18:34:54,574 PerfMonMTSvc                                         INFO Execute    199             18895.80                  1368                                     2266                                                    FtagNN_AntiKt4EMPFlowJets_InDetTrackParticles_BTagging_20250912_GN3EPCLV01_antikt4empflow_network_STANDARD_Jet
2026-02-12 18:34:54,574 PerfMonMTSvc                                         INFO Execute    199             18867.09                  6608                                     1612                                                    FtagNN_AntiKt4EMPFlowJets_InDetTrackParticles_BTagging_20250912_GN3EPCLV01_antikt4empflow_network_SIMPLE_FLIP_Jet
2026-02-12 18:34:54,574 PerfMonMTSvc                                         INFO Execute    199             18151.38                  8176                                     2051                                                    FtagNN_AntiKt4EMPFlowJets_InDetTrackParticles_BTagging_20250213_GN3PflowMuonsV00_antikt4empflow_network_STANDARD_Jet
2026-02-12 18:34:54,574 PerfMonMTSvc                                         INFO Execute    199             18070.41                  1680                                     1429                                                    FtagNN_AntiKt4EMPFlowJets_InDetTrackParticles_BTagging_20250213_GN3PflowMuonsV00_antikt4empflow_network_SIMPLE_FLIP_Jet
2026-02-12 18:34:54,574 PerfMonMTSvc                                         INFO Execute    199             12793.77                  0                                        1782                                                    FtagNN_AntiKt4EMPFlowJets_InDetTrackParticles_BTagging_20250213_GN3V00_antikt4empflow_network_STANDARD_Jet
2026-02-12 18:34:54,574 PerfMonMTSvc                                         INFO Execute    199             12744.67                  0                                        1435                                                    FtagNN_AntiKt4EMPFlowJets_InDetTrackParticles_BTagging_20250213_GN3V00_antikt4empflow_network_SIMPLE_FLIP_Jet
2026-02-12 18:34:54,574 PerfMonMTSvc                                         INFO Execute    199             8682.23                   0                                        150536                                                  AntiKtVR30Rmax4Rmin02TruthChargedJets                                      
2026-02-12 18:34:54,574 PerfMonMTSvc                                         INFO Execute    199             8515.99                   0                                        122234                                                  jetrecalg_AntiKtVR30Rmax4Rmin02TruthChargedJets                            
2026-02-12 18:34:54,574 PerfMonMTSvc                                         INFO Execute    199             7356.34                   33952                                    86812                                                   jetrecalg_AntiKt10UFOCSSKSoftDropBeta100Zcut10Jets                         
2026-02-12 18:34:54,574 PerfMonMTSvc                                         INFO Execute    199             7254.62                   0                                        48762                                                   AntiKtVR30Rmax4Rmin02PV0TrackJets                                          
2026-02-12 18:34:54,574 PerfMonMTSvc                                         INFO Execute    199             7134.45                   0                                        41962                                                   jetrecalg_AntiKtVR30Rmax4Rmin02PV0TrackJets                                
2026-02-12 18:34:54,574 PerfMonMTSvc                                         INFO Execute    199             6554.30                   0                                        37977                                                   DiTauLowPtBuilder                                                          
2026-02-12 18:34:54,574 PerfMonMTSvc                                         INFO Execute    199             5443.36                   0                                        169643                                                  StreamDAOD_PHYS                                                            
2026-02-12 18:34:54,574 PerfMonMTSvc                                         INFO Execute    199             4886.15                   3192                                     605967                                                  AntiKt4EMTopoJets                                                          
2026-02-12 18:34:54,574 PerfMonMTSvc                                         INFO Execute    199             4701.91                   0                                        30377                                                   TauJets_TauIDDecorKernel                                                   
2026-02-12 18:34:54,574 PerfMonMTSvc                                         INFO Execute    199             4134.81                   0                                        107911                                                  EGammaCommonKernel                                                         
2026-02-12 18:34:54,574 PerfMonMTSvc                                         INFO Execute    199             3996.83                   3192                                     389241                                                  jetrecalg_AntiKt4EMTopoJets                                                
2026-02-12 18:34:54,575 PerfMonMTSvc                                         INFO Execute    199             3238.17                   0                                        1592                                                    Electrons_decoratePLIT                                                     
2026-02-12 18:34:54,575 PerfMonMTSvc                                         INFO Execute    199             3003.95                   0                                        2197                                                    FtagNN_AntiKt4EMPFlowJets_InDetTrackParticles_BTagging_20231205_GN2v01_antikt4empflow_STANDARD_Jet
2026-02-12 18:34:54,575 PerfMonMTSvc                                         INFO Execute    199             2866.95                   0                                        998                                                     FtagNN_AntiKt4EMPFlowJets_InDetTrackParticles_BTagging_20231205_GN2v01_antikt4empflow_SIMPLE_FLIP_Jet
2026-02-12 18:34:54,575 PerfMonMTSvc                                         INFO Execute    199             2652.78                   0                                        182540                                                  AntiKt4TruthJets                                                           
2026-02-12 18:34:54,575 PerfMonMTSvc                                         INFO Execute    199             2472.36                   0                                        118390                                                  jetrecalg_AntiKt10TruthDressedWZJets                                       
2026-02-12 18:34:54,575 PerfMonMTSvc                                         INFO Execute    199             2223.14                   0                                        151146                                                  AntiKt4TruthDressedWZJets                                                  
2026-02-12 18:34:54,575 PerfMonMTSvc                                         INFO Execute    199             2196.17                   0                                        151139                                                  AntiKt4TruthWZJets                                                         
2026-02-12 18:34:54,575 PerfMonMTSvc                                         INFO Execute    199             2139.90                   0                                        1487                                                    FtagNN_AntiKt10UFOCSSKSoftDropBeta100Zcut10Jets_InDetTrackParticles_JetCalibTools_CalibArea-00-04-83_CalibrationFactors_bbJESJMS_calibFactors_R22_MC20MC23_CSSKUFO_bJR10v01_20250212_STANDARD_Jet
2026-02-12 18:34:54,575 PerfMonMTSvc                                         INFO Execute    199             2074.09                   0                                        122241                                                  jetrecalg_AntiKt4TruthJets                                                 
2026-02-12 18:34:54,575 PerfMonMTSvc                                         INFO Execute    199             2044.22                   0                                        1629                                                    FtagNN_AntiKt10UFOCSSKSoftDropBeta100Zcut10Jets_InDetTrackParticles_BTagging_20250912_GN3XPV01_antikt10ufo_network_STANDARD_Jet
2026-02-12 18:34:54,575 PerfMonMTSvc                                         INFO Execute    199             2030.56                   0                                        122633                                                  jetrecalg_AntiKt4TruthWZJets                                               
2026-02-12 18:34:54,575 PerfMonMTSvc                                         INFO Execute    199             2030.34                   0                                        1559                                                    FtagNN_AntiKt10UFOCSSKSoftDropBeta100Zcut10Jets_InDetTrackParticles_BTagging_20250310_GN2XTauV00_antikt10ufo_network_STANDARD_Jet
2026-02-12 18:34:54,575 PerfMonMTSvc                                         INFO Execute    199             2028.76                   0                                        122634                                                  jetrecalg_AntiKt4TruthDressedWZJets                                        
2026-02-12 18:34:54,575 PerfMonMTSvc                                         INFO Execute    199             2027.04                   0                                        60865                                                   METAssociation_AntiKt4EMPFlowHR                                            
2026-02-12 18:34:54,575 PerfMonMTSvc                                         INFO Execute    199             2024.78                   0                                        12382                                                   TrackParticleClusterAssociationAlgUFO                                      
2026-02-12 18:34:54,575 PerfMonMTSvc                                         INFO Execute    199             1998.63                   0                                        756                                                     FtagNN_AntiKt10UFOCSSKSoftDropBeta100Zcut10Jets_InDetTrackParticles_BTagging_20240925_GN2Xv02_antikt10ufo_network_STANDARD_Jet
2026-02-12 18:34:54,575 PerfMonMTSvc                                         INFO Execute    199             1869.93                   0                                        115474                                                  MCTruthClassificationKernel                                                
2026-02-12 18:34:54,575 PerfMonMTSvc                                         INFO Execute    199             1280.74                   0                                        110960                                                  AntiKt10TruthSoftDropBeta100Zcut10Jets                                     
2026-02-12 18:34:54,575 PerfMonMTSvc                                         INFO Execute    199             1138.76                   0                                        720                                                     FtagNN_AntiKt10UFOCSSKSoftDropBeta100Zcut10Jets_InDetTrackParticles_JetCalibTools_CalibArea-00-04-83_CalibrationFactors_bbJESJMS_calibFactors_R22_MC20_CSSKUFO_bJR10v00Ext_20250212_STANDARD_Jet
2026-02-12 18:34:54,576 PerfMonMTSvc                                         INFO Execute    199             1008.37                   0                                        105971                                                  InDetCommonKernelDFCommonTrackSelection                                    
2026-02-12 18:34:54,576 PerfMonMTSvc                                         INFO Execute    199             946.36                    0                                        207227                                                  AntiKt10LCTopoJets                                                         
2026-02-12 18:34:54,576 PerfMonMTSvc                                         INFO Execute    199             933.64                    5744                                     32056                                                   antikt4empflow_sv1_secvtxfinding                                           
2026-02-12 18:34:54,576 PerfMonMTSvc                                         INFO Execute    199             883.08                    0                                        38023                                                   jetrecalg_AntiKt10TruthDressedWZSoftDropBeta100Zcut10Jets                  
2026-02-12 18:34:54,576 PerfMonMTSvc                                         INFO Execute    199             875.36                    0                                        51505                                                   METAssociation_AntiKt4EMTopo                                               
2026-02-12 18:34:54,576 PerfMonMTSvc                                         INFO Execute    199             868.42                    0                                        208228                                                  pflowselalg                                                                
2026-02-12 18:34:54,576 PerfMonMTSvc                                         INFO Execute    199             852.87                    0                                        13310                                                   HFClassificationCommonKernel                                               
2026-02-12 18:34:54,576 PerfMonMTSvc                                         INFO Execute    199             852.16                    0                                        37521                                                   jetrecalg_AntiKt10TruthSoftDropBeta100Zcut10Jets                           
2026-02-12 18:34:54,576 PerfMonMTSvc                                         INFO Execute    199             828.15                    16                                       166203                                                  MuonRemovalTauAODReRecoAlg                                                 
2026-02-12 18:34:54,576 PerfMonMTSvc                                         INFO Execute    199             822.26                    0                                        128009                                                  jetrecalg_AntiKt10LCTopoJets                                               
2026-02-12 18:34:54,576 PerfMonMTSvc                                         INFO =======================================================================================
2026-02-12 18:34:54,577 PerfMonMTSvc                                         INFO Finalize   1               306.64                    0                                        -667818                                                 ConditionStore                                                             
2026-02-12 18:34:54,577 PerfMonMTSvc                                         INFO Finalize   1               185.05                    -64                                      -246792                                                 DetectorStore                                                              
2026-02-12 18:34:54,577 PerfMonMTSvc                                         INFO Finalize   1               130.17                    -65544                                   -307740                                                 ToolSvc                                                                    
2026-02-12 18:34:54,577 PerfMonMTSvc                                         INFO Finalize   1               61.84                     0                                        -64959                                                  RDBAccessSvc                                                               
2026-02-12 18:34:54,577 PerfMonMTSvc                                         INFO Finalize   1               13.59                     0                                        -16975                                                  StoreGateSvc                                                               
2026-02-12 18:34:54,577 PerfMonMTSvc                                         INFO Finalize   1               9.68                      0                                        -15605                                                  ToolSvc.DiTauIDDecoratorWrapper.DiTauRec_OnnxScoreCalculator               
2026-02-12 18:34:54,577 PerfMonMTSvc                                         INFO Finalize   1               6.13                      0                                        -51128                                                  Gaudi::MultiFileCatalog                                                    
2026-02-12 18:34:54,577 PerfMonMTSvc                                         INFO Finalize   1               3.59                      0                                        -13565                                                  MetaDataStore                                                              
2026-02-12 18:34:54,577 PerfMonMTSvc                                         INFO Finalize   1               2.61                      0                                        -3104                                                   DetDescrCnvSvc                                                             
2026-02-12 18:34:54,577 PerfMonMTSvc                                         INFO Finalize   1               0.72                      0                                        -20                                                     ChronoStatSvc                                                              
2026-02-12 18:34:54,577 PerfMonMTSvc                                         INFO Finalize   1               0.62                      0                                        -768                                                    IOVDbSvc                                                                   
2026-02-12 18:34:54,577 PerfMonMTSvc                                         INFO Finalize   1               0.61                      0                                        6                                                       AntiKt4TruthJets                                                           
2026-02-12 18:34:54,577 PerfMonMTSvc                                         INFO Finalize   1               0.50                      0                                        0                                                       Athena::DelayedConditionsCleanerSvc                                        
2026-02-12 18:34:54,577 PerfMonMTSvc                                         INFO Finalize   1               0.38                      0                                        -5576                                                   InputMetaDataStore                                                         
2026-02-12 18:34:54,577 PerfMonMTSvc                                         INFO Finalize   1               0.35                      0                                        3                                                       AntiKt10UFOCSSKSoftDropBeta100Zcut10Jets                                   
2026-02-12 18:34:54,577 PerfMonMTSvc                                         INFO Finalize   1               0.28                      0                                        2                                                       AntiKt4EMTopoJets                                                          
2026-02-12 18:34:54,577 PerfMonMTSvc                                         INFO Finalize   1               0.26                      0                                        -0                                                      EGammaCommonKernel                                                         
2026-02-12 18:34:54,577 PerfMonMTSvc                                         INFO Finalize   1               0.23                      0                                        2                                                       EventCleanSeq                                                              
2026-02-12 18:34:54,577 PerfMonMTSvc                                         INFO Finalize   1               0.18                      0                                        1                                                       AntiKt4EMPFlowJets                                                         
2026-02-12 18:34:54,577 PerfMonMTSvc                                         INFO Finalize   1               0.12                      0                                        0                                                       FourLeptonVertexAlg                                                        
2026-02-12 18:34:54,578 PerfMonMTSvc                                         INFO Finalize   1               0.12                      0                                        -1                                                      AthenaPoolSharedIOCnvSvc                                                   
2026-02-12 18:34:54,578 PerfMonMTSvc                                         INFO Finalize   1               0.12                      0                                        1                                                       AntiKtVR30Rmax4Rmin02PV0TrackJets                                          
2026-02-12 18:34:54,578 PerfMonMTSvc                                         INFO Finalize   1               0.11                      0                                        -4                                                      ToolSvc.PHYSDiTauLowPtTPThinningTool                                       
2026-02-12 18:34:54,578 PerfMonMTSvc                                         INFO Finalize   1               0.11                      0                                        1                                                       AntiKt4TruthWZJets                                                         
2026-02-12 18:34:54,578 PerfMonMTSvc                                         INFO Finalize   1               0.11                      0                                        1                                                       AntiKt10LCTopoJets                                                         
2026-02-12 18:34:54,578 PerfMonMTSvc                                         INFO Finalize   1               0.10                      0                                        1                                                       AntiKtVR30Rmax4Rmin02TruthChargedJets                                      
2026-02-12 18:34:54,578 PerfMonMTSvc                                         INFO Finalize   1               0.10                      0                                        1                                                       AntiKt4TruthDressedWZJets                                                  
2026-02-12 18:34:54,578 PerfMonMTSvc                                         INFO Finalize   1               0.10                      0                                        -11                                                     EventSelector                                                              
2026-02-12 18:34:54,578 PerfMonMTSvc                                         INFO Finalize   1               0.09                      0                                        1                                                       AntiKt10TruthSoftDropBeta100Zcut10Jets                                     
2026-02-12 18:34:54,578 PerfMonMTSvc                                         INFO Finalize   1               0.09                      0                                        -0                                                      TruthCategoriesDecorator.xAODToHepMCTool                                   
2026-02-12 18:34:54,578 PerfMonMTSvc                                         INFO Finalize   1               0.08                      0                                        -0                                                      antikt10ufocssksoftdropbeta100zcut10_sv1flip_secvtxfinding.IDVKalVxInJetFlip
2026-02-12 18:34:54,578 PerfMonMTSvc                                         INFO Finalize   1               0.08                      0                                        -0                                                      PHYSKernel                                                                 
2026-02-12 18:34:54,578 PerfMonMTSvc                                         INFO Finalize   1               0.07                      0                                        -0                                                      InDetUsedInFitDecorator_0Alg                                               
2026-02-12 18:34:54,578 PerfMonMTSvc                                         INFO Finalize   1               0.07                      0                                        -0                                                      ToolSvc.TrigDecisionTool                                                   
2026-02-12 18:34:54,578 PerfMonMTSvc                                         INFO Finalize   1               0.07                      0                                        0                                                       AllExecutedEventsCounterAlg                                                
2026-02-12 18:34:54,578 PerfMonMTSvc                                         INFO Finalize   1               0.07                      0                                        -24                                                     ToolSvc.CaloSurfaceBuilder                                                 
2026-02-12 18:34:54,578 PerfMonMTSvc                                         INFO Finalize   1               0.07                      0                                        -0                                                      MCTruthClassificationKernel                                                
2026-02-12 18:34:54,578 PerfMonMTSvc                                         INFO Finalize   1               0.06                      0                                        -0                                                      TruthCategoriesDecorator.HiggsTruthCategoryTool                            
2026-02-12 18:34:54,579 PerfMonMTSvc                                         INFO Finalize   1               0.06                      0                                        -0                                                      antikt10ufocssksoftdropbeta100zcut10_sv1flip_secvtxfinding.IDVKalVxInJetFlip.TrkInJetType
2026-02-12 18:34:54,579 PerfMonMTSvc                                         INFO Finalize   1               0.06                      0                                        -0                                                      CondInputLoader                                                            
2026-02-12 18:34:54,579 PerfMonMTSvc                                         INFO Finalize   1               0.06                      0                                        -0                                                      AtlasTrackingGeometryCondAlg.AtlasGeometryBuilder.MuonTrackingGeometryBuilderCond.MuonStationBuilderCond.MuonStationTypeBuilder
2026-02-12 18:34:54,579 PerfMonMTSvc                                         INFO Finalize   1               0.06                      0                                        -0                                                      DiTauJets_DiTauIDDecorKernel                                               
2026-02-12 18:34:54,579 PerfMonMTSvc                                         INFO Finalize   1               0.05                      0                                        -0                                                      DiTauIDDecorKernel                                                         
2026-02-12 18:34:54,579 PerfMonMTSvc                                         INFO Finalize   1               0.05                      0                                        -0                                                      DFCommonMuonsKernel                                                        
2026-02-12 18:34:54,579 PerfMonMTSvc                                         INFO Finalize   1               0.05                      0                                        -0                                                      ToolSvc.DFCommonUsedInFitDecorator                                         
2026-02-12 18:34:54,579 PerfMonMTSvc                                         INFO Finalize   1               0.05                      0                                        -0                                                      BadBatmanAugmentation                                                      
2026-02-12 18:34:54,579 PerfMonMTSvc                                         INFO Finalize   1               0.05                      0                                        -0                                                      HFClassificationCommonKernel                                               
2026-02-12 18:34:54,579 PerfMonMTSvc                                         INFO Finalize   1               0.05                      0                                        -0                                                      ToolSvc.PHYSTrackParticleThinningTool                                      
2026-02-12 18:34:54,579 PerfMonMTSvc                                         INFO Finalize   1               0.05                      0                                        -0                                                      DFCommonMuonsKernel2                                                       
2026-02-12 18:34:54,579 PerfMonMTSvc                                         INFO Finalize   1               0.05                      0                                        -0                                                      TauJets_MuonRM_TauIDDecorKernel                                            
2026-02-12 18:34:54,579 PerfMonMTSvc                                         INFO =======================================================================================
2026-02-12 18:34:54,579 PerfMonMTSvc                                         INFO preLoadProxy 1               25.14                     0                                        40                                                      loadCachesOverhead:COOLOFL_INDET/OFLP200                                   
2026-02-12 18:34:54,579 PerfMonMTSvc                                         INFO preLoadProxy 1               19.54                     1024                                     3                                                       loadCachesOverhead:COOLOFL_LAR/OFLP200                                     
2026-02-12 18:34:54,579 PerfMonMTSvc                                         INFO preLoadProxy 1               16.31                     0                                        13                                                      loadCachesOverhead:COOLOFL_TRT/OFLP200                                     
2026-02-12 18:34:54,579 PerfMonMTSvc                                         INFO preLoadProxy 1               15.34                     1024                                     1156                                                    FldrCache:/LAR/Align                                                       
2026-02-12 18:34:54,579 PerfMonMTSvc                                         INFO preLoadProxy 1               14.01                     0                                        3                                                       loadCachesOverhead:COOLOFL_GLOBAL/OFLP200                                  
2026-02-12 18:34:54,580 PerfMonMTSvc                                         INFO preLoadProxy 1               13.66                     0                                        2                                                       loadCachesOverhead:COOLOFL_DCS/OFLP200                                     
2026-02-12 18:34:54,580 PerfMonMTSvc                                         INFO preLoadProxy 1               13.58                     0                                        542                                                     FldrCache:/Indet/Align                                                     
2026-02-12 18:34:54,580 PerfMonMTSvc                                         INFO preLoadProxy 1               13.21                     0                                        898                                                     FldrCache:/EXT/DCS/MAGNETS/SENSORDATA                                      
2026-02-12 18:34:54,580 PerfMonMTSvc                                         INFO preLoadProxy 1               11.99                     3072                                     673                                                     loadCachesOverhead:COOLOFL_MDT/OFLP200                                     
2026-02-12 18:34:54,580 PerfMonMTSvc                                         INFO preLoadProxy 1               11.65                     3072                                     1431                                                    FldrCache:/MDT/MM/PASSIVATION                                              
2026-02-12 18:34:54,580 PerfMonMTSvc                                         INFO preLoadProxy 1               11.38                     0                                        753                                                     FldrCache:/TRT/Align                                                       
2026-02-12 18:34:54,580 PerfMonMTSvc                                         INFO preLoadProxy 1               9.93                      0                                        821                                                     FldrCache:/GLOBAL/BField/Maps                                              
2026-02-12 18:34:54,580 PerfMonMTSvc                                         INFO preLoadProxy 1               7.07                      0                                        21                                                      FldrCache:/Indet/Beampos                                                   
2026-02-12 18:34:54,580 PerfMonMTSvc                                         INFO preLoadProxy 1               4.34                      0                                        9                                                       FldrCache:/TRT/Calib/DX                                                    
2026-02-12 18:34:54,580 PerfMonMTSvc                                         INFO preLoadProxy 1               4.13                      0                                        18                                                      FldrCache:/Indet/IBLDist                                                   
2026-02-12 18:34:54,580 PerfMonMTSvc                                         INFO preLoadProxy 1               3.70                      0                                        3                                                       FldrCache:/GLOBAL/TrackingGeo/LayerMaterialV2                              
2026-02-12 18:34:54,580 PerfMonMTSvc                                         INFO preLoadProxy 1               3.61                      0                                        8                                                       FldrCache:/LAR/LArCellPositionShift                                        
2026-02-12 18:34:54,580 PerfMonMTSvc                                         INFO preLoadProxy 1               0.74                      0                                        14                                                      UpdateAddr::/TagInfo                                                       
2026-02-12 18:34:54,580 PerfMonMTSvc                                         INFO preLoadProxy 1               0.40                      0                                        13                                                      FldrSetup:/TagInfo                                                         
2026-02-12 18:34:54,580 PerfMonMTSvc                                         INFO preLoadProxy 1               0.13                      0                                        12                                                      FldrSetup:/Indet/Align                                                     
2026-02-12 18:34:54,580 PerfMonMTSvc                                         INFO preLoadProxy 1               0.10                      0                                        0                                                       FldrSetup:/GLOBAL/TrackingGeo/LayerMaterialV2                              
2026-02-12 18:34:54,580 PerfMonMTSvc                                         INFO preLoadProxy 1               0.10                      0                                        22                                                      FldrSetup:/Digitization/Parameters                                         
2026-02-12 18:34:54,580 PerfMonMTSvc                                         INFO preLoadProxy 1               0.07                      0                                        9                                                       FldrSetup:/TRT/Align                                                       
2026-02-12 18:34:54,580 PerfMonMTSvc                                         INFO preLoadProxy 1               0.07                      0                                        10                                                      FldrSetup:/Indet/IBLDist                                                   
2026-02-12 18:34:54,581 PerfMonMTSvc                                         INFO preLoadProxy 1               0.07                      0                                        0                                                       FldrSetup:LArCellPositionShift                                             
2026-02-12 18:34:54,581 PerfMonMTSvc                                         INFO preLoadProxy 1               0.06                      0                                        2                                                       FldrSetup:/EXT/DCS/MAGNETS/SENSORDATA                                      
2026-02-12 18:34:54,581 PerfMonMTSvc                                         INFO preLoadProxy 1               0.05                      0                                        3                                                       FldrSetup:/GLOBAL/BField/Maps                                              
2026-02-12 18:34:54,581 PerfMonMTSvc                                         INFO preLoadProxy 1               0.04                      0                                        0                                                       FldrSetup:/TRT/Calib/DX                                                    
2026-02-12 18:34:54,581 PerfMonMTSvc                                         INFO preLoadProxy 1               0.04                      0                                        -0                                                      AthenaAttributeList[/Digitization/Parameters]                              
2026-02-12 18:34:54,581 PerfMonMTSvc                                         INFO preLoadProxy 1               0.03                      0                                        1                                                       FldrSetup:/MDT/MM/PASSIVATION                                              
2026-02-12 18:34:54,581 PerfMonMTSvc                                         INFO preLoadProxy 1               0.02                      0                                        2                                                       FldrSetup:/Indet/Beampos                                                   
2026-02-12 18:34:54,581 PerfMonMTSvc                                         INFO preLoadProxy 1               0.02                      0                                        -0                                                      UpdateAddr::AthenaMPEventQueue_1488672_718c774b-951a-43fe-a022-00a6cff534bf
2026-02-12 18:34:54,581 PerfMonMTSvc                                         INFO preLoadProxy 1               0.02                      0                                        -0                                                      UpdateAddr::PRESAMPLER_B_POS                                               
2026-02-12 18:34:54,581 PerfMonMTSvc                                         INFO preLoadProxy 1               0.01                      0                                        0                                                       FldrSetup:/LAR/Align                                                       
2026-02-12 18:34:54,581 PerfMonMTSvc                                         INFO preLoadProxy 1               0.01                      0                                        -0                                                      TRTCond::StrawDxContainer[/TRT/Calib/DX]                                   
2026-02-12 18:34:54,581 PerfMonMTSvc                                         INFO preLoadProxy 1               0.01                      0                                        -0                                                      AthenaAttributeList[/Indet/Beampos]                                        
2026-02-12 18:34:54,581 PerfMonMTSvc                                         INFO preLoadProxy 1               0.01                      0                                        -0                                                      CondAttrListCollection[/EXT/DCS/MAGNETS/SENSORDATA]                        
2026-02-12 18:34:54,581 PerfMonMTSvc                                         INFO preLoadProxy 1               0.01                      0                                        -0                                                      AlignableTransformContainer[/TRT/Align]                                    
2026-02-12 18:34:54,581 PerfMonMTSvc                                         INFO preLoadProxy 1               0.01                      0                                        -0                                                      CondAttrListCollection[/GLOBAL/BField/Maps]                                
2026-02-12 18:34:54,581 PerfMonMTSvc                                         INFO preLoadProxy 1               0.01                      0                                        -0                                                      AlignableTransformContainer[/Indet/Align]                                  
2026-02-12 18:34:54,581 PerfMonMTSvc                                         INFO preLoadProxy 1               0.01                      0                                        -0                                                      UpdateAddr::HEC_NEG                                                        
2026-02-12 18:34:54,581 PerfMonMTSvc                                         INFO preLoadProxy 1               0.01                      0                                        -0                                                      CondAttrListCollection[/MDT/MM/PASSIVATION]                                
2026-02-12 18:34:54,581 PerfMonMTSvc                                         INFO preLoadProxy 1               0.01                      0                                        -0                                                      UpdateAddr::PRESAMPLER_B_NEG                                               
2026-02-12 18:34:54,582 PerfMonMTSvc                                         INFO preLoadProxy 1               0.01                      0                                        -0                                                      CaloRec::CaloCellPositionShift[LArCellPositionShift]                       
2026-02-12 18:34:54,582 PerfMonMTSvc                                         INFO preLoadProxy 1               0.01                      0                                        -0                                                      UpdateAddr::PRESAMPLER_EC_POS                                              
2026-02-12 18:34:54,582 PerfMonMTSvc                                         INFO preLoadProxy 1               0.01                      0                                        -0                                                      UpdateAddr::HEC_POS                                                        
2026-02-12 18:34:54,582 PerfMonMTSvc                                         INFO preLoadProxy 1               0.01                      0                                        -0                                                      DetCondKeyTrans[/LAR/Align]                                                
2026-02-12 18:34:54,582 PerfMonMTSvc                                         INFO preLoadProxy 1               0.01                      0                                        -0                                                      CondAttrListCollection[/Indet/IBLDist]                                     
2026-02-12 18:34:54,582 PerfMonMTSvc                                         INFO preLoadProxy 1               0.01                      0                                        -0                                                      CondAttrListCollection[/TagInfo]                                           
2026-02-12 18:34:54,582 PerfMonMTSvc                                         INFO preLoadProxy 1               0.01                      0                                        -0                                                      UpdateAddr::PRESAMPLER_EC_NEG                                              
2026-02-12 18:34:54,582 PerfMonMTSvc                                         INFO =======================================================================================
2026-02-12 18:34:54,582 PerfMonMTSvc                                         INFO                                 Event Level Monitoring                                 
2026-02-12 18:34:54,582 PerfMonMTSvc                                         INFO         (Only the first 10 and the last measurements are explicitly printed)
2026-02-12 18:34:54,582 PerfMonMTSvc                                         INFO =======================================================================================
2026-02-12 18:34:54,582 PerfMonMTSvc                                         INFO Event            CPU [s]      Wall [s]     Vmem [kB]    Rss [kB]     Pss [kB]     Swap [kB]   
2026-02-12 18:34:54,582 PerfMonMTSvc                                         INFO ---------------------------------------------------------------------------------------
2026-02-12 18:34:54,582 PerfMonMTSvc                                         INFO 1                        1.46        54.98      4458984      2760292       647681            0
2026-02-12 18:34:54,582 PerfMonMTSvc                                         INFO 17                      29.27        85.83      4931924      3555892      1428967            0
2026-02-12 18:34:54,582 PerfMonMTSvc                                         INFO 40                      59.95       116.74      4931924      3555876      1428750            0
2026-02-12 18:34:54,582 PerfMonMTSvc                                         INFO 61                      90.24       147.50      4944700      3568364      1441424            0
2026-02-12 18:34:54,582 PerfMonMTSvc                                         INFO 83                     120.21       177.75      4950092      3572480      1445614            0
2026-02-12 18:34:54,582 PerfMonMTSvc                                         INFO 105                    149.48       207.84      4956588      3579600      1452746            0
2026-02-12 18:34:54,583 PerfMonMTSvc                                         INFO 125                    179.37       238.04      4956588      3579592      1452767            0
2026-02-12 18:34:54,583 PerfMonMTSvc                                         INFO 143                    210.20       269.19      4956588      3579188      1452360            0
2026-02-12 18:34:54,583 PerfMonMTSvc                                         INFO 163                    240.19       299.62      4963348      3581788      1454998            0
2026-02-12 18:34:54,583 PerfMonMTSvc                                         INFO 182                    270.60       330.53      4963348      3586396      1459610            0
2026-02-12 18:34:54,583 PerfMonMTSvc                                         INFO =======================================================================================
2026-02-12 18:34:54,583 PerfMonMTSvc                                         INFO                                 Snapshots Summary                                      
2026-02-12 18:34:54,583 PerfMonMTSvc                                         INFO =======================================================================================
2026-02-12 18:34:54,583 PerfMonMTSvc                                         INFO Step          dCPU [s]     dWall [s]    <CPU>   dVmem [kB]  dRss [kB]   dPss [kB]   dSwap [kB] 
2026-02-12 18:34:54,583 PerfMonMTSvc                                         INFO ---------------------------------------------------------------------------------------
2026-02-12 18:34:54,583 PerfMonMTSvc                                         INFO Configure     13.78        16.37        0.84    1469164     1154304     859563      0          
2026-02-12 18:34:54,583 PerfMonMTSvc                                         INFO Initialize    12.28        25.37        0.48    1884676     1342692     1327765     0          
2026-02-12 18:34:54,583 PerfMonMTSvc                                         INFO FirstEvent    9.26         23.66        0.39    4899376     3511036     1393239     0          
2026-02-12 18:34:54,583 PerfMonMTSvc                                         INFO Execute       288.92       292.98       0.99    63972       74392       151809      0          
2026-02-12 18:34:54,583 PerfMonMTSvc                                         INFO Finalize      0.79         0.84         0.94    -65608      25128       756045      0          
2026-02-12 18:34:54,583 PerfMonMTSvc                                         INFO ***************************************************************************************
2026-02-12 18:34:54,583 PerfMonMTSvc                                         INFO Number of events processed:         200
2026-02-12 18:34:54,583 PerfMonMTSvc                                         INFO CPU usage per event [ms]:           1491
2026-02-12 18:34:54,583 PerfMonMTSvc                                         INFO Events per second:                  0.632
2026-02-12 18:34:54,583 PerfMonMTSvc                                         INFO CPU utilization efficiency [%]:     90
2026-02-12 18:34:54,584 PerfMonMTSvc                                         INFO ***************************************************************************************
2026-02-12 18:34:54,584 PerfMonMTSvc                                         INFO Max Vmem:                           4.73 GB
2026-02-12 18:34:54,584 PerfMonMTSvc                                         INFO Max Rss:                            3.42 GB
2026-02-12 18:34:54,584 PerfMonMTSvc                                         INFO Max Pss:                            1.39 GB
2026-02-12 18:34:54,584 PerfMonMTSvc                                         INFO Max Swap:                           0.00 KB
2026-02-12 18:34:54,584 PerfMonMTSvc                                         INFO ***************************************************************************************
2026-02-12 18:34:54,584 PerfMonMTSvc                                         INFO Leak estimate per event Vmem:       197.00 KB
2026-02-12 18:34:54,584 PerfMonMTSvc                                         INFO Leak estimate per event Pss:        180.00 KB
2026-02-12 18:34:54,584 PerfMonMTSvc                                         INFO   >> Estimated using the last 8 measurements from the Event Level Monitoring
2026-02-12 18:34:54,584 PerfMonMTSvc                                         INFO   >> Events prior to the first 25 are omitted...
2026-02-12 18:34:54,584 PerfMonMTSvc                                         INFO =======================================================================================
2026-02-12 18:34:54,584 PerfMonMTSvc                                         INFO                                   System Information                                   
2026-02-12 18:34:54,584 PerfMonMTSvc                                         INFO =======================================================================================
2026-02-12 18:34:54,585 PerfMonMTSvc                                         INFO CPU Model:                          Intel(R) Xeon(R) Gold 6326 CPU @ 2.90GHz 24576 KB
2026-02-12 18:34:54,586 PerfMonMTSvc                                         INFO Number of Available Cores:          32
2026-02-12 18:34:54,586 PerfMonMTSvc                                         INFO Total Memory:                       251.00 GB
2026-02-12 18:34:54,586 PerfMonMTSvc                                         INFO =======================================================================================
2026-02-12 18:34:54,586 PerfMonMTSvc                                         INFO                                Environment Information                                 
2026-02-12 18:34:54,586 PerfMonMTSvc                                         INFO =======================================================================================
2026-02-12 18:34:54,586 PerfMonMTSvc                                         INFO Malloc Library:                     libtcmalloc_minimal.so
2026-02-12 18:34:54,586 PerfMonMTSvc                                         INFO Math Library:                       libimf.so
2026-02-12 18:34:54,586 PerfMonMTSvc                                         INFO =======================================================================================
2026-02-12 18:34:54,754 ApplicationMgr                                       INFO Application Manager Finalized successfully
