2026-02-12 19:19:32,516 AthMpEvtLoopMgr.SharedEvtQueueConsumer               INFO Logs redirected in the AthenaMP event worker PID=1499649
2026-02-12 19:19:32,516 AthMpEvtLoopMgr.SharedEvtQueueConsumer               INFO Io registry updated in the AthenaMP event worker PID=1499649
2026-02-12 19:19:32,561 AthMpEvtLoopMgr.SharedEvtQueueConsumer               INFO File descriptors re-opened in the AthenaMP event worker PID=1499649
2026-02-12 19:19:32,562 PoolSvc                                              INFO I/O reinitialization...
2026-02-12 19:19:32,562 PoolSvc                                              INFO Setting up APR FileCatalog and Streams
2026-02-12 19:19:32,573 PoolSvc                                              INFO Resolved path (via ATLAS_POOLCOND_PATH) is /cvmfs/atlas-condb.cern.ch/repo/conditions/poolcond/PoolFileCatalog.xml
2026-02-12 19:19:32,597 PoolSvc                                              INFO Unable find catalog apcfile:poolcond/PoolCat_oflcond.xml in $ATLAS_POOLCOND_PATH and $DATAPATH
2026-02-12 19:19:32,597 PoolSvc                                              INFO POOL WriteCatalog is xmlcatalog_file:PoolFileCatalog.xml
2026-02-12 19:19:32,838 DbSession                                            INFO     Open     DbSession
2026-02-12 19:19:32,838 Domain[ROOT_All]                                     INFO >   Access   DbDomain     READ      [ROOT_All]
2026-02-12 19:19:32,838 DbSession                                            INFO     Open     DbSession
2026-02-12 19:19:32,838 Domain[ROOT_All]                                     INFO >   Access   DbDomain     READ      [ROOT_All]
2026-02-12 19:19:32,838 MetaDataSvc                                          INFO I/O reinitialization...
2026-02-12 19:19:32,838 MetaDataSvc                                          INFO Attached MetaDataTool: ToolSvc.IOVDbMetaDataTool
2026-02-12 19:19:32,838 MetaDataSvc                                          INFO Attached MetaDataTool: ToolSvc.BookkeeperTool
2026-02-12 19:19:32,838 MetaDataSvc                                          INFO Attached MetaDataTool: ToolSvc.StreamDAOD_PHYS_CopyEventStreamInfo
2026-02-12 19:19:32,838 MetaDataSvc                                          INFO Attached MetaDataTool: ToolSvc.TriggerMenuMetaDataTool
2026-02-12 19:19:32,839 MetaDataSvc                                          INFO Attached MetaDataTool: ToolSvc.TruthMetaDataTool
2026-02-12 19:19:32,839 MetaDataSvc                                          INFO Attached MetaDataTool: ToolSvc.xAODMaker::FileMetaDataTool
2026-02-12 19:19:32,839 MetaDataSvc                                          INFO Attached MetaDataTool: ToolSvc.xAODMaker::EventFormatMetaDataTool
2026-02-12 19:19:32,839 EventSelector                                        INFO I/O reinitialization...
2026-02-12 19:19:32,839 /eos/home-b/bkamgama/draft/Run_sleep_10000/...root   INFO ->  Access   DbDatabase   READ      [ROOT_All] AA21FB28-2672-434E-9813-0D7BE842151D
2026-02-12 19:19:32,858 RootDatabase                                         INFO /eos/home-b/bkamgama/draft/Run_sleep_10000/Compression_QT/DAOD_Compression_Analysis/workspaces/zstd_level1/data/zstd_rntuple_level1.AOD.pool.root File version:1063901
2026-02-12 19:19:32,875 StreamDAOD_PHYS                                      INFO I/O reinitialization...
2026-02-12 19:19:32,875 /eos/home-b/bkamgama/draft/Run_sleep_10000/...root   INFO Database being retired...
2026-02-12 19:19:32,876 /eos/home-b/bkamgama/draft/Run_sleep_10000/...root   INFO ->  Deaccess DbDatabase   READ      [ROOT_All] AA21FB28-2672-434E-9813-0D7BE842151D
2026-02-12 19:19:32,876 Domain[ROOT_All]                                     INFO >   Deaccess DbDomain     READ      [ROOT_All]
2026-02-12 19:19:32,876 DbSession                                            INFO     Open     DbSession
2026-02-12 19:19:32,876 Domain[ROOT_All]                                     INFO >   Access   DbDomain     READ      [ROOT_All]
2026-02-12 19:19:32,876 /eos/home-b/bkamgama/draft/Run_sleep_10000/...root   INFO ->  Access   DbDatabase   READ      [ROOT_All] AA21FB28-2672-434E-9813-0D7BE842151D
2026-02-12 19:19:32,880 RootDatabase                                         INFO /eos/home-b/bkamgama/draft/Run_sleep_10000/Compression_QT/DAOD_Compression_Analysis/workspaces/zstd_level1/data/zstd_rntuple_level1.AOD.pool.root File version:1063901
2026-02-12 19:19:32,894 AthMpEvtLoopMgr.SharedEvtQueueConsumer               INFO Exec function in the AthenaMP worker PID=1499649
2026-02-12 19:19:34,397 AthMpEvtLoopMgr.SharedEvtQueueConsumer               INFO Received from the queue: event num=1 chunk size=1
2026-02-12 19:19:34,398 AthMpEvtLoopMgr.SharedEvtQueueConsumer               INFO Seek to 1 succeeded
2026-02-12 19:19:34,435 ToolSvc.BookkeeperTool                               INFO Preparing local cache for source 'AA21FB28-2672-434E-9813-0D7BE842151D' with 194 variations
2026-02-12 19:19:34,438 ToolSvc.BookkeeperTool                               INFO No incomplete bookkeepers with name 'IncompleteCutBookkeepers' in this file
2026-02-12 19:19:34,438 ToolSvc.BookkeeperTool                               INFO No complete bookkeepers with name 'CutBookkeepers' in this file
2026-02-12 19:19:36,905 AthenaEventLoopMgr                                   INFO   ===>>>  start processing event #334732008, run #450000 0 events processed so far  <<<===
2026-02-12 19:19:37,029 xAODConfigSvc                                        INFO TrigConfxAOD/src/xAODConfigSvc.cxx:940 (StatusCode TrigConf::xAODConfigSvc::prepareEventxAODTriggerMenuJson(const xAOD::TrigConfKeys*, const xAOD::BunchConfKey*, const EventContext&)): Loaded xAOD::TriggerMenuJson configuration:  SMK = 2130037424, L1PSK = 3785439411, HLTPSK = 266086103, BGSK = 707058941
2026-02-12 19:19:37,135 PerfMonMTSvc                                         INFO Event [    1] CPU Time: 00h00m01s, Wall Time: 00h02m03s, Vmem: 5.30 GB, Rss: 3.70 GB, Pss: 1.68 GB, Swap: 0.00 KB
2026-02-12 19:19:37,135 ToolSvc.TrigDecisionTool                             INFO Updating config in slot 0 with SMK: 2130037424 and L1PSK: 3785439411 and HLTPSK: 266086103 and BGSK: 707058941 getForceConfigUpdate()=1 HLT Chains: 2535
2026-02-12 19:19:37,463 ToolSvc.PhysCommonTruthCharmTool                  WARNING Found xAODTruthMetaDataContainer empty! Configuring to be NOT Sherpa.
2026-02-12 19:19:37,463 ToolSvc.PhysCommonTruthCharmTool                     INFO From metadata configured: Sherpa? 0
2026-02-12 19:19:43,642 ToolSvc.DFCommonBornLeptonCollTool                   INFO From metadata configured: Sherpa? 0
2026-02-12 19:19:45,417 ToolSvc.xAODTrackParticleCompressorTool              INFO Initialising
2026-02-12 19:19:45,417 ToolSvc.xAODTrackParticleCompressorTool              INFO   OffDiagCovMatrixBits = 23
2026-02-12 19:19:45,418 ToolSvc.xAODTrackParticleCompressorTool              INFO   DiagCovMatrixBits    = 23
2026-02-12 19:19:45,418 ToolSvc.xAODTrackParticleCompressorTool              INFO   UseOffDiagCompr = 0
2026-02-12 19:19:45,954 xAODClusterCompressor                                INFO Compression of ClusterMoments to 16 bits enabled
2026-02-12 19:19:45,954 AthenaPoolConverter                                  INFO Retrieved compression tool
WARNING from FastJet: Recluster: the original cluster sequence is lacking explicit ghosts; area support will no longer be available after re-clustering
WARNING from FastJet: Recluster: the original cluster sequence is lacking explicit ghosts; area support will no longer be available after re-clustering
WARNING from FastJet: Recluster: the original cluster sequence is lacking explicit ghosts; area support will no longer be available after re-clustering
2026-02-12 19:19:48,152 ClassIDSvc                                           INFO getRegistryEntries: read 2784 CLIDRegistry entries for module ALL
xAOD::AuxSelection WARNING Selected dynamic Aux atribute "DFCommonJets_eventClean_LooseBadLLP" not found in the registry
xAOD::AuxSelection WARNING Selected dynamic Aux atribute "HTXS_Higgs_decay_eta" not found in the registry
xAOD::AuxSelection WARNING Selected dynamic Aux atribute "HTXS_Higgs_decay_m" not found in the registry
xAOD::AuxSelection WARNING Selected dynamic Aux atribute "HTXS_Higgs_decay_phi" not found in the registry
xAOD::AuxSelection WARNING Selected dynamic Aux atribute "HTXS_Higgs_decay_pt" not found in the registry
xAOD::AuxSelection WARNING Selected dynamic Aux atribute "HTXS_Higgs_eta" not found in the registry
xAOD::AuxSelection WARNING Selected dynamic Aux atribute "HTXS_Higgs_m" not found in the registry
xAOD::AuxSelection WARNING Selected dynamic Aux atribute "HTXS_Higgs_phi" not found in the registry
xAOD::AuxSelection WARNING Selected dynamic Aux atribute "HTXS_Higgs_pt" not found in the registry
xAOD::AuxSelection WARNING Selected dynamic Aux atribute "HTXS_Njets_pTjet25" not found in the registry
xAOD::AuxSelection WARNING Selected dynamic Aux atribute "HTXS_Njets_pTjet30" not found in the registry
xAOD::AuxSelection WARNING Selected dynamic Aux atribute "HTXS_Stage0_Category" not found in the registry
xAOD::AuxSelection WARNING Selected dynamic Aux atribute "HTXS_Stage1_2_Category_pTjet25" not found in the registry
xAOD::AuxSelection WARNING Selected dynamic Aux atribute "HTXS_Stage1_2_Category_pTjet30" not found in the registry
xAOD::AuxSelection WARNING Selected dynamic Aux atribute "HTXS_Stage1_2_FineIndex_pTjet25" not found in the registry
xAOD::AuxSelection WARNING Selected dynamic Aux atribute "HTXS_Stage1_2_FineIndex_pTjet30" not found in the registry
xAOD::AuxSelection WARNING Selected dynamic Aux atribute "HTXS_Stage1_2_Fine_Category_pTjet25" not found in the registry
xAOD::AuxSelection WARNING Selected dynamic Aux atribute "HTXS_Stage1_2_Fine_Category_pTjet30" not found in the registry
xAOD::AuxSelection WARNING Selected dynamic Aux atribute "HTXS_Stage1_2_Fine_FineIndex_pTjet25" not found in the registry
xAOD::AuxSelection WARNING Selected dynamic Aux atribute "HTXS_Stage1_2_Fine_FineIndex_pTjet30" not found in the registry
xAOD::AuxSelection WARNING Selected dynamic Aux atribute "HTXS_Stage1_Category_pTjet25" not found in the registry
xAOD::AuxSelection WARNING Selected dynamic Aux atribute "HTXS_Stage1_Category_pTjet30" not found in the registry
xAOD::AuxSelection WARNING Selected dynamic Aux atribute "HTXS_Stage1_FineIndex_pTjet25" not found in the registry
xAOD::AuxSelection WARNING Selected dynamic Aux atribute "HTXS_Stage1_FineIndex_pTjet30" not found in the registry
xAOD::AuxSelection WARNING Selected dynamic Aux atribute "HTXS_V_decay_eta" not found in the registry
xAOD::AuxSelection WARNING Selected dynamic Aux atribute "HTXS_V_decay_m" not found in the registry
xAOD::AuxSelection WARNING Selected dynamic Aux atribute "HTXS_V_decay_phi" not found in the registry
xAOD::AuxSelection WARNING Selected dynamic Aux atribute "HTXS_V_decay_pt" not found in the registry
xAOD::AuxSelection WARNING Selected dynamic Aux atribute "HTXS_V_eta" not found in the registry
xAOD::AuxSelection WARNING Selected dynamic Aux atribute "HTXS_V_jets25_eta" not found in the registry
xAOD::AuxSelection WARNING Selected dynamic Aux atribute "HTXS_V_jets25_m" not found in the registry
xAOD::AuxSelection WARNING Selected dynamic Aux atribute "HTXS_V_jets25_phi" not found in the registry
xAOD::AuxSelection WARNING Selected dynamic Aux atribute "HTXS_V_jets25_pt" not found in the registry
xAOD::AuxSelection WARNING Selected dynamic Aux atribute "HTXS_V_jets30_eta" not found in the registry
xAOD::AuxSelection WARNING Selected dynamic Aux atribute "HTXS_V_jets30_m" not found in the registry
xAOD::AuxSelection WARNING Selected dynamic Aux atribute "HTXS_V_jets30_phi" not found in the registry
xAOD::AuxSelection WARNING Selected dynamic Aux atribute "HTXS_V_jets30_pt" not found in the registry
xAOD::AuxSelection WARNING Selected dynamic Aux atribute "HTXS_V_m" not found in the registry
xAOD::AuxSelection WARNING Selected dynamic Aux atribute "HTXS_V_phi" not found in the registry
xAOD::AuxSelection WARNING Selected dynamic Aux atribute "HTXS_V_pt" not found in the registry
xAOD::AuxSelection WARNING Selected dynamic Aux atribute "HTXS_errorCode" not found in the registry
xAOD::AuxSelection WARNING Selected dynamic Aux atribute "HTXS_isZ2vvDecay" not found in the registry
xAOD::AuxSelection WARNING Selected dynamic Aux atribute "truthClassification" not found in the registry
xAOD::AuxSelection WARNING Selected dynamic Aux atribute "f_cluster_core" not found in the registry
xAOD::AuxSelection WARNING Selected dynamic Aux atribute "DFCommonGoodMuon" not found in the registry
xAOD::AuxSelection WARNING Selected dynamic Aux atribute "absipSigLeadTrk" not found in the registry
xAOD::AuxSelection WARNING Selected dynamic Aux atribute "DecayModeVector" not found in the registry
xAOD::AuxSelection WARNING Selected dynamic Aux atribute "IsHadronicTau" not found in the registry
xAOD::AuxSelection WARNING Selected dynamic Aux atribute "decay_vertex_x" not found in the registry
xAOD::AuxSelection WARNING Selected dynamic Aux atribute "decay_vertex_y" not found in the registry
xAOD::AuxSelection WARNING Selected dynamic Aux atribute "decay_vertex_z" not found in the registry
xAOD::AuxSelection WARNING Selected dynamic Aux atribute "eta_invis" not found in the registry
xAOD::AuxSelection WARNING Selected dynamic Aux atribute "eta_vis_neutral" not found in the registry
xAOD::AuxSelection WARNING Selected dynamic Aux atribute "m_invis" not found in the registry
xAOD::AuxSelection WARNING Selected dynamic Aux atribute "m_vis_neutral" not found in the registry
xAOD::AuxSelection WARNING Selected dynamic Aux atribute "numCharged" not found in the registry
xAOD::AuxSelection WARNING Selected dynamic Aux atribute "numChargedPion" not found in the registry
xAOD::AuxSelection WARNING Selected dynamic Aux atribute "numNeutral" not found in the registry
xAOD::AuxSelection WARNING Selected dynamic Aux atribute "numNeutralPion" not found in the registry
xAOD::AuxSelection WARNING Selected dynamic Aux atribute "phi_invis" not found in the registry
xAOD::AuxSelection WARNING Selected dynamic Aux atribute "phi_vis_neutral" not found in the registry
xAOD::AuxSelection WARNING Selected dynamic Aux atribute "prod_vertex_x" not found in the registry
xAOD::AuxSelection WARNING Selected dynamic Aux atribute "prod_vertex_y" not found in the registry
xAOD::AuxSelection WARNING Selected dynamic Aux atribute "prod_vertex_z" not found in the registry
xAOD::AuxSelection WARNING Selected dynamic Aux atribute "pt_invis" not found in the registry
xAOD::AuxSelection WARNING Selected dynamic Aux atribute "pt_vis_neutral" not found in the registry
xAOD::AuxSelection WARNING Selected dynamic Aux atribute "GN3XPV01_pqcd" not found in the registry
xAOD::AuxSelection WARNING Selected dynamic Aux atribute "bJR10v00_mass" not found in the registry
xAOD::AuxSelection WARNING Selected dynamic Aux atribute "bJR10v00_pt" not found in the registry
xAOD::AuxSelection WARNING Selected dynamic Aux atribute "PartonTruthLabelTruthLabelBarcode" not found in the registry
xAOD::AuxSelection WARNING Selected dynamic Aux atribute "PartonTruthLabelTruthLabelDR" not found in the registry
xAOD::AuxSelection WARNING Selected dynamic Aux atribute "PartonTruthLabelTruthLabelID" not found in the registry
xAOD::AuxSelection WARNING Selected dynamic Aux atribute "PartonTruthLabelTruthLabelLxy" not found in the registry
xAOD::AuxSelection WARNING Selected dynamic Aux atribute "PartonTruthLabelTruthLabelPdgId" not found in the registry
xAOD::AuxSelection WARNING Selected dynamic Aux atribute "PartonTruthLabelTruthLabelPt" not found in the registry
2026-02-12 19:19:52,831 copyAuxStoreThinned                               WARNING AthContainers/src/copyAuxStoreThinned.cxx:138: unlocked decoration UEcorr_Pt (955) in object of type xAOD::ElectronAuxContainer_v3
2026-02-12 19:19:52,861 ClassIDSvc                                           INFO getRegistryEntries: read 471 CLIDRegistry entries for module ALL
2026-02-12 19:19:52,977 AthenaEventLoopMgr                                   INFO   ===>>>  done processing event #334732008, run #450000 1 events processed so far  <<<===
2026-02-12 19:19:54,293 PoolSvc                                           WARNING connect: Using default input Stream instead of id = 4294967295
2026-02-12 19:19:54,293 AthMpEvtLoopMgr.SharedEvtQueueConsumer               INFO Received from the queue: event num=5 chunk size=1
2026-02-12 19:19:54,293 AthMpEvtLoopMgr.SharedEvtQueueConsumer               INFO Seek to 5 succeeded
WARNING from FastJet: Recluster: the original cluster sequence is lacking explicit ghosts; area support will no longer be available after re-clustering
WARNING from FastJet: Recluster: the original cluster sequence is lacking explicit ghosts; area support will no longer be available after re-clustering (LAST SUCH WARNING)
2026-02-12 19:19:54,930 copyAuxStoreThinned                               WARNING AthContainers/src/copyAuxStoreThinned.cxx:138: unlocked decoration UEcorr_Pt (955) in object of type xAOD::ElectronAuxContainer_v3
2026-02-12 19:19:54,950 AthMpEvtLoopMgr.SharedEvtQueueConsumer               INFO Received from the queue: event num=9 chunk size=1
2026-02-12 19:19:54,950 AthMpEvtLoopMgr.SharedEvtQueueConsumer               INFO Seek to 9 succeeded
2026-02-12 19:19:55,832 copyAuxStoreThinned                               WARNING AthContainers/src/copyAuxStoreThinned.cxx:138: unlocked decoration UEcorr_Pt (955) in object of type xAOD::ElectronAuxContainer_v3
2026-02-12 19:19:55,854 AthMpEvtLoopMgr.SharedEvtQueueConsumer               INFO Received from the queue: event num=13 chunk size=1
2026-02-12 19:19:55,854 AthMpEvtLoopMgr.SharedEvtQueueConsumer               INFO Seek to 13 succeeded
2026-02-12 19:19:56,961 copyAuxStoreThinned                               WARNING AthContainers/src/copyAuxStoreThinned.cxx:138: unlocked decoration UEcorr_Pt (955) in object of type xAOD::ElectronAuxContainer_v3
2026-02-12 19:19:56,982 AthMpEvtLoopMgr.SharedEvtQueueConsumer               INFO Received from the queue: event num=17 chunk size=1
2026-02-12 19:19:56,983 AthMpEvtLoopMgr.SharedEvtQueueConsumer               INFO Seek to 17 succeeded
2026-02-12 19:19:57,114 ToolSvc.DFCommonMuonsSelector                     WARNING MuonSelectionTool currently supports Loose, Medium, Tight, HighPt, and LowPtEfficiency WPs for Run3; all other WPs can only be used in ExpertDevelopMode mode
2026-02-12 19:19:58,050 copyAuxStoreThinned                               WARNING AthContainers/src/copyAuxStoreThinned.cxx:138: unlocked decoration UEcorr_Pt (955) in object of type xAOD::ElectronAuxContainer_v3
2026-02-12 19:19:58,053 copyAuxStoreThinned                               WARNING AthContainers/src/copyAuxStoreThinned.cxx:138: unlocked decoration UEcorr_Pt (955) in object of type xAOD::MuonAuxContainer_v5
2026-02-12 19:19:58,071 AthMpEvtLoopMgr.SharedEvtQueueConsumer               INFO Received from the queue: event num=22 chunk size=1
2026-02-12 19:19:58,071 AthMpEvtLoopMgr.SharedEvtQueueConsumer               INFO Seek to 22 succeeded
2026-02-12 19:19:58,929 copyAuxStoreThinned                               WARNING AthContainers/src/copyAuxStoreThinned.cxx:138: unlocked decoration UEcorr_Pt (955) in object of type xAOD::ElectronAuxContainer_v3
2026-02-12 19:19:58,951 AthMpEvtLoopMgr.SharedEvtQueueConsumer               INFO Received from the queue: event num=25 chunk size=1
2026-02-12 19:19:58,951 AthMpEvtLoopMgr.SharedEvtQueueConsumer               INFO Seek to 25 succeeded
2026-02-12 19:20:00,153 copyAuxStoreThinned                               WARNING AthContainers/src/copyAuxStoreThinned.cxx:138: unlocked decoration UEcorr_Pt (955) in object of type xAOD::ElectronAuxContainer_v3
2026-02-12 19:20:00,173 AthMpEvtLoopMgr.SharedEvtQueueConsumer               INFO Received from the queue: event num=29 chunk size=1
2026-02-12 19:20:00,174 AthMpEvtLoopMgr.SharedEvtQueueConsumer               INFO Seek to 29 succeeded
2026-02-12 19:20:01,172 copyAuxStoreThinned                               WARNING AthContainers/src/copyAuxStoreThinned.cxx:138: unlocked decoration UEcorr_Pt (955) in object of type xAOD::ElectronAuxContainer_v3
2026-02-12 19:20:01,175 copyAuxStoreThinned                               WARNING AthContainers/src/copyAuxStoreThinned.cxx:138: unlocked decoration UEcorr_Pt (955) in object of type xAOD::MuonAuxContainer_v5
2026-02-12 19:20:01,195 AthMpEvtLoopMgr.SharedEvtQueueConsumer               INFO Received from the queue: event num=33 chunk size=1
2026-02-12 19:20:01,195 AthMpEvtLoopMgr.SharedEvtQueueConsumer               INFO Seek to 33 succeeded
2026-02-12 19:20:02,396 copyAuxStoreThinned                               WARNING AthContainers/src/copyAuxStoreThinned.cxx:138: unlocked decoration UEcorr_Pt (955) in object of type xAOD::ElectronAuxContainer_v3
2026-02-12 19:20:02,417 AthMpEvtLoopMgr.SharedEvtQueueConsumer               INFO Received from the queue: event num=38 chunk size=1
2026-02-12 19:20:02,417 AthMpEvtLoopMgr.SharedEvtQueueConsumer               INFO Seek to 38 succeeded
2026-02-12 19:20:03,309 copyAuxStoreThinned                               WARNING AthContainers/src/copyAuxStoreThinned.cxx:138: unlocked decoration UEcorr_Pt (955) in object of type xAOD::ElectronAuxContainer_v3
2026-02-12 19:20:03,313 copyAuxStoreThinned                               WARNING AthContainers/src/copyAuxStoreThinned.cxx:138: unlocked decoration UEcorr_Pt (955) in object of type xAOD::MuonAuxContainer_v5
2026-02-12 19:20:03,331 AthMpEvtLoopMgr.SharedEvtQueueConsumer               INFO Received from the queue: event num=41 chunk size=1
2026-02-12 19:20:03,331 AthMpEvtLoopMgr.SharedEvtQueueConsumer               INFO Seek to 41 succeeded
2026-02-12 19:20:04,683 copyAuxStoreThinned                               WARNING AthContainers/src/copyAuxStoreThinned.cxx:138: unlocked decoration UEcorr_Pt (955) in object of type xAOD::ElectronAuxContainer_v3
2026-02-12 19:20:04,687 copyAuxStoreThinned                               WARNING AthContainers/src/copyAuxStoreThinned.cxx:138: unlocked decoration UEcorr_Pt (955) in object of type xAOD::MuonAuxContainer_v5
2026-02-12 19:20:04,705 AthMpEvtLoopMgr.SharedEvtQueueConsumer               INFO Received from the queue: event num=45 chunk size=1
2026-02-12 19:20:04,705 AthMpEvtLoopMgr.SharedEvtQueueConsumer               INFO Seek to 45 succeeded
2026-02-12 19:20:05,554 copyAuxStoreThinned                               WARNING AthContainers/src/copyAuxStoreThinned.cxx:138: unlocked decoration UEcorr_Pt (955) in object of type xAOD::ElectronAuxContainer_v3
2026-02-12 19:20:05,574 AthMpEvtLoopMgr.SharedEvtQueueConsumer               INFO Received from the queue: event num=49 chunk size=1
2026-02-12 19:20:05,575 AthMpEvtLoopMgr.SharedEvtQueueConsumer               INFO Seek to 49 succeeded
2026-02-12 19:20:06,734 copyAuxStoreThinned                               WARNING AthContainers/src/copyAuxStoreThinned.cxx:138: unlocked decoration UEcorr_Pt (955) in object of type xAOD::ElectronAuxContainer_v3
2026-02-12 19:20:06,755 AthMpEvtLoopMgr.SharedEvtQueueConsumer               INFO Received from the queue: event num=54 chunk size=1
2026-02-12 19:20:06,755 AthMpEvtLoopMgr.SharedEvtQueueConsumer               INFO Seek to 54 succeeded
2026-02-12 19:20:07,735 copyAuxStoreThinned                               WARNING AthContainers/src/copyAuxStoreThinned.cxx:138: unlocked decoration UEcorr_Pt (955) in object of type xAOD::ElectronAuxContainer_v3
2026-02-12 19:20:07,739 copyAuxStoreThinned                               WARNING AthContainers/src/copyAuxStoreThinned.cxx:138: unlocked decoration UEcorr_Pt (955) in object of type xAOD::MuonAuxContainer_v5
2026-02-12 19:20:07,756 AthMpEvtLoopMgr.SharedEvtQueueConsumer               INFO Received from the queue: event num=57 chunk size=1
2026-02-12 19:20:07,757 AthMpEvtLoopMgr.SharedEvtQueueConsumer               INFO Seek to 57 succeeded
2026-02-12 19:20:07,872 PerfMonMTSvc                                         INFO Event [   15] CPU Time: 00h00m24s, Wall Time: 00h02m33s, Vmem: 5.96 GB, Rss: 4.66 GB, Pss: 2.63 GB, Swap: 0.00 KB
2026-02-12 19:20:08,730 copyAuxStoreThinned                               WARNING AthContainers/src/copyAuxStoreThinned.cxx:138: unlocked decoration UEcorr_Pt (955) in object of type xAOD::ElectronAuxContainer_v3
2026-02-12 19:20:08,733 copyAuxStoreThinned                               WARNING AthContainers/src/copyAuxStoreThinned.cxx:138: unlocked decoration UEcorr_Pt (955) in object of type xAOD::MuonAuxContainer_v5
2026-02-12 19:20:08,752 AthMpEvtLoopMgr.SharedEvtQueueConsumer               INFO Received from the queue: event num=61 chunk size=1
2026-02-12 19:20:08,752 AthMpEvtLoopMgr.SharedEvtQueueConsumer               INFO Seek to 61 succeeded
2026-02-12 19:20:09,648 copyAuxStoreThinned                               WARNING AthContainers/src/copyAuxStoreThinned.cxx:138: unlocked decoration UEcorr_Pt (955) in object of type xAOD::ElectronAuxContainer_v3
2026-02-12 19:20:09,651 copyAuxStoreThinned                               WARNING AthContainers/src/copyAuxStoreThinned.cxx:138: unlocked decoration UEcorr_Pt (955) in object of type xAOD::MuonAuxContainer_v5
2026-02-12 19:20:09,671 AthMpEvtLoopMgr.SharedEvtQueueConsumer               INFO Received from the queue: event num=65 chunk size=1
2026-02-12 19:20:09,671 AthMpEvtLoopMgr.SharedEvtQueueConsumer               INFO Seek to 65 succeeded
2026-02-12 19:20:10,391 copyAuxStoreThinned                               WARNING AthContainers/src/copyAuxStoreThinned.cxx:138: unlocked decoration UEcorr_Pt (955) in object of type xAOD::ElectronAuxContainer_v3
2026-02-12 19:20:10,394 copyAuxStoreThinned                               WARNING AthContainers/src/copyAuxStoreThinned.cxx:138: unlocked decoration UEcorr_Pt (955) in object of type xAOD::MuonAuxContainer_v5
2026-02-12 19:20:10,412 AthMpEvtLoopMgr.SharedEvtQueueConsumer               INFO Received from the queue: event num=68 chunk size=1
2026-02-12 19:20:10,413 AthMpEvtLoopMgr.SharedEvtQueueConsumer               INFO Seek to 68 succeeded
2026-02-12 19:20:11,170 copyAuxStoreThinned                               WARNING AthContainers/src/copyAuxStoreThinned.cxx:138: unlocked decoration UEcorr_Pt (955) in object of type xAOD::ElectronAuxContainer_v3
2026-02-12 19:20:11,174 copyAuxStoreThinned                               WARNING AthContainers/src/copyAuxStoreThinned.cxx:138: unlocked decoration UEcorr_Pt (955) in object of type xAOD::MuonAuxContainer_v5
2026-02-12 19:20:11,193 AthMpEvtLoopMgr.SharedEvtQueueConsumer               INFO Received from the queue: event num=70 chunk size=1
2026-02-12 19:20:11,193 AthMpEvtLoopMgr.SharedEvtQueueConsumer               INFO Seek to 70 succeeded
2026-02-12 19:20:12,122 copyAuxStoreThinned                               WARNING AthContainers/src/copyAuxStoreThinned.cxx:138: unlocked decoration UEcorr_Pt (955) in object of type xAOD::ElectronAuxContainer_v3
2026-02-12 19:20:12,126 copyAuxStoreThinned                               WARNING AthContainers/src/copyAuxStoreThinned.cxx:138: unlocked decoration UEcorr_Pt (955) in object of type xAOD::MuonAuxContainer_v5
2026-02-12 19:20:12,144 AthMpEvtLoopMgr.SharedEvtQueueConsumer               INFO Received from the queue: event num=75 chunk size=1
2026-02-12 19:20:12,144 AthMpEvtLoopMgr.SharedEvtQueueConsumer               INFO Seek to 75 succeeded
2026-02-12 19:20:13,046 copyAuxStoreThinned                               WARNING AthContainers/src/copyAuxStoreThinned.cxx:138: unlocked decoration UEcorr_Pt (955) in object of type xAOD::ElectronAuxContainer_v3
2026-02-12 19:20:13,050 copyAuxStoreThinned                               WARNING AthContainers/src/copyAuxStoreThinned.cxx:138: unlocked decoration UEcorr_Pt (955) in object of type xAOD::MuonAuxContainer_v5
2026-02-12 19:20:13,068 AthMpEvtLoopMgr.SharedEvtQueueConsumer               INFO Received from the queue: event num=77 chunk size=1
2026-02-12 19:20:13,068 AthMpEvtLoopMgr.SharedEvtQueueConsumer               INFO Seek to 77 succeeded
2026-02-12 19:20:14,106 copyAuxStoreThinned                               WARNING AthContainers/src/copyAuxStoreThinned.cxx:138: unlocked decoration UEcorr_Pt (955) in object of type xAOD::ElectronAuxContainer_v3
2026-02-12 19:20:14,110 copyAuxStoreThinned                               WARNING AthContainers/src/copyAuxStoreThinned.cxx:138: unlocked decoration UEcorr_Pt (955) in object of type xAOD::MuonAuxContainer_v5
2026-02-12 19:20:14,130 AthMpEvtLoopMgr.SharedEvtQueueConsumer               INFO Received from the queue: event num=81 chunk size=1
2026-02-12 19:20:14,130 AthMpEvtLoopMgr.SharedEvtQueueConsumer               INFO Seek to 81 succeeded
2026-02-12 19:20:15,392 copyAuxStoreThinned                               WARNING AthContainers/src/copyAuxStoreThinned.cxx:138: unlocked decoration UEcorr_Pt (955) in object of type xAOD::ElectronAuxContainer_v3
2026-02-12 19:20:15,395 copyAuxStoreThinned                               WARNING AthContainers/src/copyAuxStoreThinned.cxx:138: unlocked decoration UEcorr_Pt (955) in object of type xAOD::MuonAuxContainer_v5
2026-02-12 19:20:15,415 AthMpEvtLoopMgr.SharedEvtQueueConsumer               INFO Received from the queue: event num=86 chunk size=1
2026-02-12 19:20:15,415 AthMpEvtLoopMgr.SharedEvtQueueConsumer               INFO Seek to 86 succeeded
2026-02-12 19:20:16,624 copyAuxStoreThinned                               WARNING AthContainers/src/copyAuxStoreThinned.cxx:138: unlocked decoration UEcorr_Pt (955) in object of type xAOD::ElectronAuxContainer_v3
2026-02-12 19:20:16,628 copyAuxStoreThinned                               WARNING AthContainers/src/copyAuxStoreThinned.cxx:138: unlocked decoration UEcorr_Pt (955) in object of type xAOD::MuonAuxContainer_v5
2026-02-12 19:20:16,646 AthMpEvtLoopMgr.SharedEvtQueueConsumer               INFO Received from the queue: event num=91 chunk size=1
2026-02-12 19:20:16,646 AthMpEvtLoopMgr.SharedEvtQueueConsumer               INFO Seek to 91 succeeded
2026-02-12 19:20:17,554 copyAuxStoreThinned                               WARNING AthContainers/src/copyAuxStoreThinned.cxx:138: unlocked decoration UEcorr_Pt (955) in object of type xAOD::ElectronAuxContainer_v3
2026-02-12 19:20:17,558 copyAuxStoreThinned                               WARNING AthContainers/src/copyAuxStoreThinned.cxx:138: unlocked decoration UEcorr_Pt (955) in object of type xAOD::MuonAuxContainer_v5
2026-02-12 19:20:17,577 AthMpEvtLoopMgr.SharedEvtQueueConsumer               INFO Received from the queue: event num=93 chunk size=1
2026-02-12 19:20:17,577 AthMpEvtLoopMgr.SharedEvtQueueConsumer               INFO Seek to 93 succeeded
2026-02-12 19:20:18,438 copyAuxStoreThinned                               WARNING AthContainers/src/copyAuxStoreThinned.cxx:138: unlocked decoration UEcorr_Pt (955) in object of type xAOD::ElectronAuxContainer_v3
2026-02-12 19:20:18,458 AthMpEvtLoopMgr.SharedEvtQueueConsumer               INFO Received from the queue: event num=96 chunk size=1
2026-02-12 19:20:18,458 AthMpEvtLoopMgr.SharedEvtQueueConsumer               INFO Seek to 96 succeeded
2026-02-12 19:20:19,547 copyAuxStoreThinned                               WARNING AthContainers/src/copyAuxStoreThinned.cxx:138: unlocked decoration UEcorr_Pt (955) in object of type xAOD::ElectronAuxContainer_v3
2026-02-12 19:20:19,551 copyAuxStoreThinned                               WARNING AthContainers/src/copyAuxStoreThinned.cxx:138: unlocked decoration UEcorr_Pt (955) in object of type xAOD::MuonAuxContainer_v5
2026-02-12 19:20:19,570 AthMpEvtLoopMgr.SharedEvtQueueConsumer               INFO Received from the queue: event num=100 chunk size=1
2026-02-12 19:20:19,570 AthMpEvtLoopMgr.SharedEvtQueueConsumer               INFO Seek to 100 succeeded
2026-02-12 19:20:20,909 copyAuxStoreThinned                               WARNING AthContainers/src/copyAuxStoreThinned.cxx:138: unlocked decoration UEcorr_Pt (955) in object of type xAOD::ElectronAuxContainer_v3
2026-02-12 19:20:20,913 copyAuxStoreThinned                               WARNING AthContainers/src/copyAuxStoreThinned.cxx:138: unlocked decoration UEcorr_Pt (955) in object of type xAOD::MuonAuxContainer_v5
2026-02-12 19:20:20,933 AthMpEvtLoopMgr.SharedEvtQueueConsumer               INFO Received from the queue: event num=104 chunk size=1
2026-02-12 19:20:20,934 AthMpEvtLoopMgr.SharedEvtQueueConsumer               INFO Seek to 104 succeeded
2026-02-12 19:20:22,558 copyAuxStoreThinned                               WARNING AthContainers/src/copyAuxStoreThinned.cxx:138: unlocked decoration UEcorr_Pt (955) in object of type xAOD::ElectronAuxContainer_v3
2026-02-12 19:20:22,562 copyAuxStoreThinned                               WARNING AthContainers/src/copyAuxStoreThinned.cxx:138: unlocked decoration UEcorr_Pt (955) in object of type xAOD::MuonAuxContainer_v5
2026-02-12 19:20:22,581 AthMpEvtLoopMgr.SharedEvtQueueConsumer               INFO Received from the queue: event num=108 chunk size=1
2026-02-12 19:20:22,582 AthMpEvtLoopMgr.SharedEvtQueueConsumer               INFO Seek to 108 succeeded
2026-02-12 19:20:23,579 copyAuxStoreThinned                               WARNING AthContainers/src/copyAuxStoreThinned.cxx:138: unlocked decoration UEcorr_Pt (955) in object of type xAOD::ElectronAuxContainer_v3
2026-02-12 19:20:23,583 copyAuxStoreThinned                               WARNING AthContainers/src/copyAuxStoreThinned.cxx:138: unlocked decoration UEcorr_Pt (955) in object of type xAOD::MuonAuxContainer_v5
2026-02-12 19:20:23,601 AthMpEvtLoopMgr.SharedEvtQueueConsumer               INFO Received from the queue: event num=112 chunk size=1
2026-02-12 19:20:23,601 AthMpEvtLoopMgr.SharedEvtQueueConsumer               INFO Seek to 112 succeeded
2026-02-12 19:20:25,114 copyAuxStoreThinned                               WARNING AthContainers/src/copyAuxStoreThinned.cxx:138: unlocked decoration UEcorr_Pt (955) in object of type xAOD::ElectronAuxContainer_v3
2026-02-12 19:20:25,118 copyAuxStoreThinned                               WARNING AthContainers/src/copyAuxStoreThinned.cxx:138: unlocked decoration UEcorr_Pt (955) in object of type xAOD::MuonAuxContainer_v5
2026-02-12 19:20:25,137 AthMpEvtLoopMgr.SharedEvtQueueConsumer               INFO Received from the queue: event num=118 chunk size=1
2026-02-12 19:20:25,137 AthMpEvtLoopMgr.SharedEvtQueueConsumer               INFO Seek to 118 succeeded
2026-02-12 19:20:26,198 copyAuxStoreThinned                               WARNING AthContainers/src/copyAuxStoreThinned.cxx:138: unlocked decoration UEcorr_Pt (955) in object of type xAOD::ElectronAuxContainer_v3
2026-02-12 19:20:26,202 copyAuxStoreThinned                               WARNING AthContainers/src/copyAuxStoreThinned.cxx:138: unlocked decoration UEcorr_Pt (955) in object of type xAOD::MuonAuxContainer_v5
2026-02-12 19:20:26,219 AthMpEvtLoopMgr.SharedEvtQueueConsumer               INFO Received from the queue: event num=122 chunk size=1
2026-02-12 19:20:26,220 AthMpEvtLoopMgr.SharedEvtQueueConsumer               INFO Seek to 122 succeeded
2026-02-12 19:20:27,500 copyAuxStoreThinned                               WARNING AthContainers/src/copyAuxStoreThinned.cxx:138: unlocked decoration UEcorr_Pt (955) in object of type xAOD::ElectronAuxContainer_v3
2026-02-12 19:20:27,522 AthMpEvtLoopMgr.SharedEvtQueueConsumer               INFO Received from the queue: event num=126 chunk size=1
2026-02-12 19:20:27,523 AthMpEvtLoopMgr.SharedEvtQueueConsumer               INFO Seek to 126 succeeded
2026-02-12 19:20:28,724 copyAuxStoreThinned                               WARNING AthContainers/src/copyAuxStoreThinned.cxx:138: unlocked decoration UEcorr_Pt (955) in object of type xAOD::ElectronAuxContainer_v3
2026-02-12 19:20:28,728 copyAuxStoreThinned                               WARNING AthContainers/src/copyAuxStoreThinned.cxx:138: unlocked decoration UEcorr_Pt (955) in object of type xAOD::MuonAuxContainer_v5
2026-02-12 19:20:28,747 AthMpEvtLoopMgr.SharedEvtQueueConsumer               INFO Received from the queue: event num=130 chunk size=1
2026-02-12 19:20:28,747 AthMpEvtLoopMgr.SharedEvtQueueConsumer               INFO Seek to 130 succeeded
2026-02-12 19:20:30,014 copyAuxStoreThinned                               WARNING AthContainers/src/copyAuxStoreThinned.cxx:138: unlocked decoration UEcorr_Pt (955) in object of type xAOD::ElectronAuxContainer_v3
2026-02-12 19:20:30,018 copyAuxStoreThinned                               WARNING AthContainers/src/copyAuxStoreThinned.cxx:138: unlocked decoration UEcorr_Pt (955) in object of type xAOD::MuonAuxContainer_v5
2026-02-12 19:20:30,038 AthMpEvtLoopMgr.SharedEvtQueueConsumer               INFO Received from the queue: event num=133 chunk size=1
2026-02-12 19:20:30,039 AthMpEvtLoopMgr.SharedEvtQueueConsumer               INFO Seek to 133 succeeded
2026-02-12 19:20:31,552 copyAuxStoreThinned                               WARNING AthContainers/src/copyAuxStoreThinned.cxx:138: unlocked decoration UEcorr_Pt (955) in object of type xAOD::ElectronAuxContainer_v3
2026-02-12 19:20:31,556 copyAuxStoreThinned                               WARNING AthContainers/src/copyAuxStoreThinned.cxx:138: unlocked decoration UEcorr_Pt (955) in object of type xAOD::MuonAuxContainer_v5
2026-02-12 19:20:31,577 AthMpEvtLoopMgr.SharedEvtQueueConsumer               INFO Received from the queue: event num=139 chunk size=1
2026-02-12 19:20:31,577 AthMpEvtLoopMgr.SharedEvtQueueConsumer               INFO Seek to 139 succeeded
2026-02-12 19:20:32,503 copyAuxStoreThinned                               WARNING AthContainers/src/copyAuxStoreThinned.cxx:138: unlocked decoration UEcorr_Pt (955) in object of type xAOD::ElectronAuxContainer_v3
2026-02-12 19:20:32,506 copyAuxStoreThinned                               WARNING AthContainers/src/copyAuxStoreThinned.cxx:138: unlocked decoration UEcorr_Pt (955) in object of type xAOD::MuonAuxContainer_v5
2026-02-12 19:20:32,525 AthMpEvtLoopMgr.SharedEvtQueueConsumer               INFO Received from the queue: event num=143 chunk size=1
2026-02-12 19:20:32,525 AthMpEvtLoopMgr.SharedEvtQueueConsumer               INFO Seek to 143 succeeded
2026-02-12 19:20:33,783 copyAuxStoreThinned                               WARNING AthContainers/src/copyAuxStoreThinned.cxx:138: unlocked decoration UEcorr_Pt (955) in object of type xAOD::ElectronAuxContainer_v3
2026-02-12 19:20:33,786 copyAuxStoreThinned                               WARNING AthContainers/src/copyAuxStoreThinned.cxx:138: unlocked decoration UEcorr_Pt (955) in object of type xAOD::MuonAuxContainer_v5
2026-02-12 19:20:33,806 AthMpEvtLoopMgr.SharedEvtQueueConsumer               INFO Received from the queue: event num=148 chunk size=1
2026-02-12 19:20:33,806 AthMpEvtLoopMgr.SharedEvtQueueConsumer               INFO Seek to 148 succeeded
2026-02-12 19:20:34,940 copyAuxStoreThinned                               WARNING AthContainers/src/copyAuxStoreThinned.cxx:138: unlocked decoration UEcorr_Pt (955) in object of type xAOD::ElectronAuxContainer_v3
2026-02-12 19:20:34,944 copyAuxStoreThinned                               WARNING AthContainers/src/copyAuxStoreThinned.cxx:138: unlocked decoration UEcorr_Pt (955) in object of type xAOD::MuonAuxContainer_v5
2026-02-12 19:20:34,962 AthMpEvtLoopMgr.SharedEvtQueueConsumer               INFO Received from the queue: event num=152 chunk size=1
2026-02-12 19:20:34,962 AthMpEvtLoopMgr.SharedEvtQueueConsumer               INFO Seek to 152 succeeded
2026-02-12 19:20:36,739 copyAuxStoreThinned                               WARNING AthContainers/src/copyAuxStoreThinned.cxx:138: unlocked decoration UEcorr_Pt (955) in object of type xAOD::ElectronAuxContainer_v3
2026-02-12 19:20:36,743 copyAuxStoreThinned                               WARNING AthContainers/src/copyAuxStoreThinned.cxx:138: unlocked decoration UEcorr_Pt (955) in object of type xAOD::MuonAuxContainer_v5
2026-02-12 19:20:36,763 AthMpEvtLoopMgr.SharedEvtQueueConsumer               INFO Received from the queue: event num=156 chunk size=1
2026-02-12 19:20:36,763 AthMpEvtLoopMgr.SharedEvtQueueConsumer               INFO Seek to 156 succeeded
2026-02-12 19:20:38,002 copyAuxStoreThinned                               WARNING AthContainers/src/copyAuxStoreThinned.cxx:138: unlocked decoration UEcorr_Pt (955) in object of type xAOD::ElectronAuxContainer_v3
2026-02-12 19:20:38,005 copyAuxStoreThinned                               WARNING AthContainers/src/copyAuxStoreThinned.cxx:138: unlocked decoration UEcorr_Pt (955) in object of type xAOD::MuonAuxContainer_v5
2026-02-12 19:20:38,024 AthMpEvtLoopMgr.SharedEvtQueueConsumer               INFO Received from the queue: event num=161 chunk size=1
2026-02-12 19:20:38,025 AthMpEvtLoopMgr.SharedEvtQueueConsumer               INFO Seek to 161 succeeded
2026-02-12 19:20:38,141 PerfMonMTSvc                                         INFO Event [   41] CPU Time: 00h00m54s, Wall Time: 00h03m04s, Vmem: 5.98 GB, Rss: 4.69 GB, Pss: 2.66 GB, Swap: 0.00 KB
2026-02-12 19:20:39,411 copyAuxStoreThinned                               WARNING AthContainers/src/copyAuxStoreThinned.cxx:138: unlocked decoration UEcorr_Pt (955) in object of type xAOD::ElectronAuxContainer_v3
2026-02-12 19:20:39,415 copyAuxStoreThinned                               WARNING AthContainers/src/copyAuxStoreThinned.cxx:138: unlocked decoration UEcorr_Pt (955) in object of type xAOD::MuonAuxContainer_v5
2026-02-12 19:20:39,437 AthMpEvtLoopMgr.SharedEvtQueueConsumer               INFO Received from the queue: event num=166 chunk size=1
2026-02-12 19:20:39,437 AthMpEvtLoopMgr.SharedEvtQueueConsumer               INFO Seek to 166 succeeded
2026-02-12 19:20:41,800 copyAuxStoreThinned                               WARNING AthContainers/src/copyAuxStoreThinned.cxx:138: unlocked decoration UEcorr_Pt (955) in object of type xAOD::ElectronAuxContainer_v3
2026-02-12 19:20:41,803 copyAuxStoreThinned                               WARNING AthContainers/src/copyAuxStoreThinned.cxx:138: unlocked decoration UEcorr_Pt (955) in object of type xAOD::MuonAuxContainer_v5
2026-02-12 19:20:41,826 AthMpEvtLoopMgr.SharedEvtQueueConsumer               INFO Received from the queue: event num=172 chunk size=1
2026-02-12 19:20:41,826 AthMpEvtLoopMgr.SharedEvtQueueConsumer               INFO Seek to 172 succeeded
2026-02-12 19:20:43,254 copyAuxStoreThinned                               WARNING AthContainers/src/copyAuxStoreThinned.cxx:138: unlocked decoration UEcorr_Pt (955) in object of type xAOD::ElectronAuxContainer_v3
2026-02-12 19:20:43,258 copyAuxStoreThinned                               WARNING AthContainers/src/copyAuxStoreThinned.cxx:138: unlocked decoration UEcorr_Pt (955) in object of type xAOD::MuonAuxContainer_v5
2026-02-12 19:20:43,279 AthMpEvtLoopMgr.SharedEvtQueueConsumer               INFO Received from the queue: event num=175 chunk size=1
2026-02-12 19:20:43,279 AthMpEvtLoopMgr.SharedEvtQueueConsumer               INFO Seek to 175 succeeded
2026-02-12 19:20:44,838 copyAuxStoreThinned                               WARNING AthContainers/src/copyAuxStoreThinned.cxx:138: unlocked decoration UEcorr_Pt (955) in object of type xAOD::ElectronAuxContainer_v3
2026-02-12 19:20:44,842 copyAuxStoreThinned                               WARNING AthContainers/src/copyAuxStoreThinned.cxx:138: unlocked decoration UEcorr_Pt (955) in object of type xAOD::MuonAuxContainer_v5
2026-02-12 19:20:44,863 AthMpEvtLoopMgr.SharedEvtQueueConsumer               INFO Received from the queue: event num=181 chunk size=1
2026-02-12 19:20:44,863 AthMpEvtLoopMgr.SharedEvtQueueConsumer               INFO Seek to 181 succeeded
2026-02-12 19:20:45,746 copyAuxStoreThinned                               WARNING AthContainers/src/copyAuxStoreThinned.cxx:138: unlocked decoration UEcorr_Pt (955) in object of type xAOD::ElectronAuxContainer_v3
2026-02-12 19:20:45,750 copyAuxStoreThinned                               WARNING AthContainers/src/copyAuxStoreThinned.cxx:138: unlocked decoration UEcorr_Pt (955) in object of type xAOD::MuonAuxContainer_v5
2026-02-12 19:20:45,769 AthMpEvtLoopMgr.SharedEvtQueueConsumer               INFO Received from the queue: event num=185 chunk size=1
2026-02-12 19:20:45,769 AthMpEvtLoopMgr.SharedEvtQueueConsumer               INFO Seek to 185 succeeded
2026-02-12 19:20:47,081 copyAuxStoreThinned                               WARNING AthContainers/src/copyAuxStoreThinned.cxx:138: unlocked decoration UEcorr_Pt (955) in object of type xAOD::ElectronAuxContainer_v3
2026-02-12 19:20:47,085 copyAuxStoreThinned                               WARNING AthContainers/src/copyAuxStoreThinned.cxx:138: unlocked decoration UEcorr_Pt (955) in object of type xAOD::MuonAuxContainer_v5
2026-02-12 19:20:47,105 AthMpEvtLoopMgr.SharedEvtQueueConsumer               INFO Received from the queue: event num=188 chunk size=1
2026-02-12 19:20:47,105 AthMpEvtLoopMgr.SharedEvtQueueConsumer               INFO Seek to 188 succeeded
2026-02-12 19:20:48,253 copyAuxStoreThinned                               WARNING AthContainers/src/copyAuxStoreThinned.cxx:138: unlocked decoration UEcorr_Pt (955) in object of type xAOD::ElectronAuxContainer_v3
2026-02-12 19:20:48,257 copyAuxStoreThinned                               WARNING AthContainers/src/copyAuxStoreThinned.cxx:138: unlocked decoration UEcorr_Pt (955) in object of type xAOD::MuonAuxContainer_v5
2026-02-12 19:20:48,275 AthMpEvtLoopMgr.SharedEvtQueueConsumer               INFO Received from the queue: event num=193 chunk size=1
2026-02-12 19:20:48,275 AthMpEvtLoopMgr.SharedEvtQueueConsumer               INFO Seek to 193 succeeded
2026-02-12 19:20:49,358 copyAuxStoreThinned                               WARNING AthContainers/src/copyAuxStoreThinned.cxx:138: unlocked decoration UEcorr_Pt (955) in object of type xAOD::ElectronAuxContainer_v3
2026-02-12 19:20:49,362 copyAuxStoreThinned                               WARNING AthContainers/src/copyAuxStoreThinned.cxx:138: unlocked decoration UEcorr_Pt (955) in object of type xAOD::MuonAuxContainer_v5
2026-02-12 19:20:49,380 AthMpEvtLoopMgr.SharedEvtQueueConsumer               INFO Received from the queue: event num=196 chunk size=1
2026-02-12 19:20:49,381 AthMpEvtLoopMgr.SharedEvtQueueConsumer               INFO Seek to 196 succeeded
2026-02-12 19:20:50,686 copyAuxStoreThinned                               WARNING AthContainers/src/copyAuxStoreThinned.cxx:138: unlocked decoration UEcorr_Pt (955) in object of type xAOD::ElectronAuxContainer_v3
2026-02-12 19:20:50,690 copyAuxStoreThinned                               WARNING AthContainers/src/copyAuxStoreThinned.cxx:138: unlocked decoration UEcorr_Pt (955) in object of type xAOD::MuonAuxContainer_v5
2026-02-12 19:20:50,708 AthMpEvtLoopMgr.SharedEvtQueueConsumer               INFO Received from the queue: event num=201 chunk size=1
2026-02-12 19:20:50,708 AthMpEvtLoopMgr.SharedEvtQueueConsumer               INFO Seek to 201 succeeded
2026-02-12 19:20:51,747 copyAuxStoreThinned                               WARNING AthContainers/src/copyAuxStoreThinned.cxx:138: unlocked decoration UEcorr_Pt (955) in object of type xAOD::ElectronAuxContainer_v3
2026-02-12 19:20:51,751 copyAuxStoreThinned                               WARNING AthContainers/src/copyAuxStoreThinned.cxx:138: unlocked decoration UEcorr_Pt (955) in object of type xAOD::MuonAuxContainer_v5
2026-02-12 19:20:51,768 AthMpEvtLoopMgr.SharedEvtQueueConsumer               INFO Received from the queue: event num=205 chunk size=1
2026-02-12 19:20:51,768 AthMpEvtLoopMgr.SharedEvtQueueConsumer               INFO Seek to 205 succeeded
2026-02-12 19:20:53,005 copyAuxStoreThinned                               WARNING AthContainers/src/copyAuxStoreThinned.cxx:138: unlocked decoration UEcorr_Pt (955) in object of type xAOD::ElectronAuxContainer_v3
2026-02-12 19:20:53,027 AthMpEvtLoopMgr.SharedEvtQueueConsumer               INFO Received from the queue: event num=210 chunk size=1
2026-02-12 19:20:53,027 AthMpEvtLoopMgr.SharedEvtQueueConsumer               INFO Seek to 210 succeeded
2026-02-12 19:20:54,119 copyAuxStoreThinned                               WARNING AthContainers/src/copyAuxStoreThinned.cxx:138: unlocked decoration UEcorr_Pt (955) in object of type xAOD::ElectronAuxContainer_v3
2026-02-12 19:20:54,123 copyAuxStoreThinned                               WARNING AthContainers/src/copyAuxStoreThinned.cxx:138: unlocked decoration UEcorr_Pt (955) in object of type xAOD::MuonAuxContainer_v5
2026-02-12 19:20:54,141 AthMpEvtLoopMgr.SharedEvtQueueConsumer               INFO Received from the queue: event num=213 chunk size=1
2026-02-12 19:20:54,141 AthMpEvtLoopMgr.SharedEvtQueueConsumer               INFO Seek to 213 succeeded
2026-02-12 19:20:57,364 copyAuxStoreThinned                               WARNING AthContainers/src/copyAuxStoreThinned.cxx:138: unlocked decoration UEcorr_Pt (955) in object of type xAOD::ElectronAuxContainer_v3
2026-02-12 19:20:57,368 copyAuxStoreThinned                               WARNING AthContainers/src/copyAuxStoreThinned.cxx:138: unlocked decoration UEcorr_Pt (955) in object of type xAOD::MuonAuxContainer_v5
2026-02-12 19:20:57,390 AthMpEvtLoopMgr.SharedEvtQueueConsumer               INFO Received from the queue: event num=222 chunk size=1
2026-02-12 19:20:57,391 AthMpEvtLoopMgr.SharedEvtQueueConsumer               INFO Seek to 222 succeeded
2026-02-12 19:20:58,411 copyAuxStoreThinned                               WARNING AthContainers/src/copyAuxStoreThinned.cxx:138: unlocked decoration UEcorr_Pt (955) in object of type xAOD::ElectronAuxContainer_v3
2026-02-12 19:20:58,415 copyAuxStoreThinned                               WARNING AthContainers/src/copyAuxStoreThinned.cxx:138: unlocked decoration UEcorr_Pt (955) in object of type xAOD::MuonAuxContainer_v5
2026-02-12 19:20:58,433 AthMpEvtLoopMgr.SharedEvtQueueConsumer               INFO Received from the queue: event num=226 chunk size=1
2026-02-12 19:20:58,433 AthMpEvtLoopMgr.SharedEvtQueueConsumer               INFO Seek to 226 succeeded
2026-02-12 19:20:59,927 copyAuxStoreThinned                               WARNING AthContainers/src/copyAuxStoreThinned.cxx:138: unlocked decoration UEcorr_Pt (955) in object of type xAOD::ElectronAuxContainer_v3
2026-02-12 19:20:59,950 AthMpEvtLoopMgr.SharedEvtQueueConsumer               INFO Received from the queue: event num=230 chunk size=1
2026-02-12 19:20:59,950 AthMpEvtLoopMgr.SharedEvtQueueConsumer               INFO Seek to 230 succeeded
2026-02-12 19:21:01,310 copyAuxStoreThinned                               WARNING AthContainers/src/copyAuxStoreThinned.cxx:138: unlocked decoration UEcorr_Pt (955) in object of type xAOD::ElectronAuxContainer_v3
2026-02-12 19:21:01,315 copyAuxStoreThinned                               WARNING AthContainers/src/copyAuxStoreThinned.cxx:138: unlocked decoration UEcorr_Pt (955) in object of type xAOD::MuonAuxContainer_v5
2026-02-12 19:21:01,335 AthMpEvtLoopMgr.SharedEvtQueueConsumer               INFO Received from the queue: event num=234 chunk size=1
2026-02-12 19:21:01,335 AthMpEvtLoopMgr.SharedEvtQueueConsumer               INFO Seek to 234 succeeded
2026-02-12 19:21:02,330 copyAuxStoreThinned                               WARNING AthContainers/src/copyAuxStoreThinned.cxx:138: unlocked decoration UEcorr_Pt (955) in object of type xAOD::ElectronAuxContainer_v3
2026-02-12 19:21:02,350 AthMpEvtLoopMgr.SharedEvtQueueConsumer               INFO Received from the queue: event num=238 chunk size=1
2026-02-12 19:21:02,351 AthMpEvtLoopMgr.SharedEvtQueueConsumer               INFO Seek to 238 succeeded
2026-02-12 19:21:04,433 copyAuxStoreThinned                               WARNING AthContainers/src/copyAuxStoreThinned.cxx:138: unlocked decoration UEcorr_Pt (955) in object of type xAOD::ElectronAuxContainer_v3
2026-02-12 19:21:04,437 copyAuxStoreThinned                               WARNING AthContainers/src/copyAuxStoreThinned.cxx:138: unlocked decoration UEcorr_Pt (955) in object of type xAOD::MuonAuxContainer_v5
2026-02-12 19:21:04,459 AthMpEvtLoopMgr.SharedEvtQueueConsumer               INFO Received from the queue: event num=243 chunk size=1
2026-02-12 19:21:04,459 AthMpEvtLoopMgr.SharedEvtQueueConsumer               INFO Seek to 243 succeeded
2026-02-12 19:21:05,744 copyAuxStoreThinned                               WARNING AthContainers/src/copyAuxStoreThinned.cxx:138: unlocked decoration UEcorr_Pt (955) in object of type xAOD::ElectronAuxContainer_v3
2026-02-12 19:21:05,748 copyAuxStoreThinned                               WARNING AthContainers/src/copyAuxStoreThinned.cxx:138: unlocked decoration UEcorr_Pt (955) in object of type xAOD::MuonAuxContainer_v5
2026-02-12 19:21:05,768 AthMpEvtLoopMgr.SharedEvtQueueConsumer               INFO Received from the queue: event num=248 chunk size=1
2026-02-12 19:21:05,768 AthMpEvtLoopMgr.SharedEvtQueueConsumer               INFO Seek to 248 succeeded
2026-02-12 19:21:06,918 copyAuxStoreThinned                               WARNING AthContainers/src/copyAuxStoreThinned.cxx:138: unlocked decoration UEcorr_Pt (955) in object of type xAOD::ElectronAuxContainer_v3
2026-02-12 19:21:06,921 copyAuxStoreThinned                               WARNING AthContainers/src/copyAuxStoreThinned.cxx:138: unlocked decoration UEcorr_Pt (955) in object of type xAOD::MuonAuxContainer_v5
2026-02-12 19:21:06,940 AthMpEvtLoopMgr.SharedEvtQueueConsumer               INFO Received from the queue: event num=251 chunk size=1
2026-02-12 19:21:06,941 AthMpEvtLoopMgr.SharedEvtQueueConsumer               INFO Seek to 251 succeeded
2026-02-12 19:21:08,215 copyAuxStoreThinned                               WARNING AthContainers/src/copyAuxStoreThinned.cxx:138: unlocked decoration UEcorr_Pt (955) in object of type xAOD::ElectronAuxContainer_v3
2026-02-12 19:21:08,219 copyAuxStoreThinned                               WARNING AthContainers/src/copyAuxStoreThinned.cxx:138: unlocked decoration UEcorr_Pt (955) in object of type xAOD::MuonAuxContainer_v5
2026-02-12 19:21:08,239 AthMpEvtLoopMgr.SharedEvtQueueConsumer               INFO Received from the queue: event num=254 chunk size=1
2026-02-12 19:21:08,239 AthMpEvtLoopMgr.SharedEvtQueueConsumer               INFO Seek to 254 succeeded
2026-02-12 19:21:08,359 PerfMonMTSvc                                         INFO Event [   62] CPU Time: 00h01m24s, Wall Time: 00h03m34s, Vmem: 5.98 GB, Rss: 4.69 GB, Pss: 2.66 GB, Swap: 0.00 KB
2026-02-12 19:21:09,615 copyAuxStoreThinned                               WARNING AthContainers/src/copyAuxStoreThinned.cxx:138: unlocked decoration UEcorr_Pt (955) in object of type xAOD::ElectronAuxContainer_v3
2026-02-12 19:21:09,619 copyAuxStoreThinned                               WARNING AthContainers/src/copyAuxStoreThinned.cxx:138: unlocked decoration UEcorr_Pt (955) in object of type xAOD::MuonAuxContainer_v5
2026-02-12 19:21:09,638 AthMpEvtLoopMgr.SharedEvtQueueConsumer               INFO Received from the queue: event num=257 chunk size=1
2026-02-12 19:21:09,638 AthMpEvtLoopMgr.SharedEvtQueueConsumer               INFO Seek to 257 succeeded
2026-02-12 19:21:10,955 copyAuxStoreThinned                               WARNING AthContainers/src/copyAuxStoreThinned.cxx:138: unlocked decoration UEcorr_Pt (955) in object of type xAOD::ElectronAuxContainer_v3
2026-02-12 19:21:10,959 copyAuxStoreThinned                               WARNING AthContainers/src/copyAuxStoreThinned.cxx:138: unlocked decoration UEcorr_Pt (955) in object of type xAOD::MuonAuxContainer_v5
2026-02-12 19:21:10,977 AthMpEvtLoopMgr.SharedEvtQueueConsumer               INFO Received from the queue: event num=261 chunk size=1
2026-02-12 19:21:10,978 AthMpEvtLoopMgr.SharedEvtQueueConsumer               INFO Seek to 261 succeeded
2026-02-12 19:21:12,650 copyAuxStoreThinned                               WARNING AthContainers/src/copyAuxStoreThinned.cxx:138: unlocked decoration UEcorr_Pt (955) in object of type xAOD::ElectronAuxContainer_v3
2026-02-12 19:21:12,654 copyAuxStoreThinned                               WARNING AthContainers/src/copyAuxStoreThinned.cxx:138: unlocked decoration UEcorr_Pt (955) in object of type xAOD::MuonAuxContainer_v5
2026-02-12 19:21:12,675 AthMpEvtLoopMgr.SharedEvtQueueConsumer               INFO Received from the queue: event num=266 chunk size=1
2026-02-12 19:21:12,675 AthMpEvtLoopMgr.SharedEvtQueueConsumer               INFO Seek to 266 succeeded
2026-02-12 19:21:13,872 copyAuxStoreThinned                               WARNING AthContainers/src/copyAuxStoreThinned.cxx:138: unlocked decoration UEcorr_Pt (955) in object of type xAOD::ElectronAuxContainer_v3
2026-02-12 19:21:13,875 copyAuxStoreThinned                               WARNING AthContainers/src/copyAuxStoreThinned.cxx:138: unlocked decoration UEcorr_Pt (955) in object of type xAOD::MuonAuxContainer_v5
2026-02-12 19:21:13,895 AthMpEvtLoopMgr.SharedEvtQueueConsumer               INFO Received from the queue: event num=270 chunk size=1
2026-02-12 19:21:13,895 AthMpEvtLoopMgr.SharedEvtQueueConsumer               INFO Seek to 270 succeeded
2026-02-12 19:21:15,383 copyAuxStoreThinned                               WARNING AthContainers/src/copyAuxStoreThinned.cxx:138: unlocked decoration UEcorr_Pt (955) in object of type xAOD::ElectronAuxContainer_v3
2026-02-12 19:21:15,387 copyAuxStoreThinned                               WARNING AthContainers/src/copyAuxStoreThinned.cxx:138: unlocked decoration UEcorr_Pt (955) in object of type xAOD::MuonAuxContainer_v5
2026-02-12 19:21:15,407 AthMpEvtLoopMgr.SharedEvtQueueConsumer               INFO Received from the queue: event num=274 chunk size=1
2026-02-12 19:21:15,408 AthMpEvtLoopMgr.SharedEvtQueueConsumer               INFO Seek to 274 succeeded
2026-02-12 19:21:16,577 copyAuxStoreThinned                               WARNING AthContainers/src/copyAuxStoreThinned.cxx:138: unlocked decoration UEcorr_Pt (955) in object of type xAOD::ElectronAuxContainer_v3
2026-02-12 19:21:16,581 copyAuxStoreThinned                               WARNING AthContainers/src/copyAuxStoreThinned.cxx:138: unlocked decoration UEcorr_Pt (955) in object of type xAOD::MuonAuxContainer_v5
2026-02-12 19:21:16,599 AthMpEvtLoopMgr.SharedEvtQueueConsumer               INFO Received from the queue: event num=278 chunk size=1
2026-02-12 19:21:16,599 AthMpEvtLoopMgr.SharedEvtQueueConsumer               INFO Seek to 278 succeeded
2026-02-12 19:21:17,900 copyAuxStoreThinned                               WARNING AthContainers/src/copyAuxStoreThinned.cxx:138: unlocked decoration UEcorr_Pt (955) in object of type xAOD::ElectronAuxContainer_v3
2026-02-12 19:21:17,910 copyAuxStoreThinned                               WARNING AthContainers/src/copyAuxStoreThinned.cxx:138: unlocked decoration UEcorr_Pt (955) in object of type xAOD::MuonAuxContainer_v5
2026-02-12 19:21:17,930 AthMpEvtLoopMgr.SharedEvtQueueConsumer               INFO Received from the queue: event num=282 chunk size=1
2026-02-12 19:21:17,930 AthMpEvtLoopMgr.SharedEvtQueueConsumer               INFO Seek to 282 succeeded
2026-02-12 19:21:19,317 copyAuxStoreThinned                               WARNING AthContainers/src/copyAuxStoreThinned.cxx:138: unlocked decoration UEcorr_Pt (955) in object of type xAOD::ElectronAuxContainer_v3
2026-02-12 19:21:19,321 copyAuxStoreThinned                               WARNING AthContainers/src/copyAuxStoreThinned.cxx:138: unlocked decoration UEcorr_Pt (955) in object of type xAOD::MuonAuxContainer_v5
2026-02-12 19:21:19,341 AthMpEvtLoopMgr.SharedEvtQueueConsumer               INFO Received from the queue: event num=285 chunk size=1
2026-02-12 19:21:19,341 AthMpEvtLoopMgr.SharedEvtQueueConsumer               INFO Seek to 285 succeeded
2026-02-12 19:21:20,353 copyAuxStoreThinned                               WARNING AthContainers/src/copyAuxStoreThinned.cxx:138: unlocked decoration UEcorr_Pt (955) in object of type xAOD::ElectronAuxContainer_v3
2026-02-12 19:21:20,357 copyAuxStoreThinned                               WARNING AthContainers/src/copyAuxStoreThinned.cxx:138: unlocked decoration UEcorr_Pt (955) in object of type xAOD::MuonAuxContainer_v5
2026-02-12 19:21:20,375 AthMpEvtLoopMgr.SharedEvtQueueConsumer               INFO Received from the queue: event num=288 chunk size=1
2026-02-12 19:21:20,375 AthMpEvtLoopMgr.SharedEvtQueueConsumer               INFO Seek to 288 succeeded
2026-02-12 19:21:21,322 copyAuxStoreThinned                               WARNING AthContainers/src/copyAuxStoreThinned.cxx:138: unlocked decoration UEcorr_Pt (955) in object of type xAOD::ElectronAuxContainer_v3
2026-02-12 19:21:21,326 copyAuxStoreThinned                               WARNING AthContainers/src/copyAuxStoreThinned.cxx:138: unlocked decoration UEcorr_Pt (955) in object of type xAOD::MuonAuxContainer_v5
2026-02-12 19:21:21,344 AthMpEvtLoopMgr.SharedEvtQueueConsumer               INFO Received from the queue: event num=291 chunk size=1
2026-02-12 19:21:21,344 AthMpEvtLoopMgr.SharedEvtQueueConsumer               INFO Seek to 291 succeeded
2026-02-12 19:21:22,301 copyAuxStoreThinned                               WARNING AthContainers/src/copyAuxStoreThinned.cxx:138: unlocked decoration UEcorr_Pt (955) in object of type xAOD::ElectronAuxContainer_v3
2026-02-12 19:21:22,304 copyAuxStoreThinned                               WARNING AthContainers/src/copyAuxStoreThinned.cxx:138: unlocked decoration UEcorr_Pt (955) in object of type xAOD::MuonAuxContainer_v5
2026-02-12 19:21:22,324 AthMpEvtLoopMgr.SharedEvtQueueConsumer               INFO Received from the queue: event num=294 chunk size=1
2026-02-12 19:21:22,324 AthMpEvtLoopMgr.SharedEvtQueueConsumer               INFO Seek to 294 succeeded
2026-02-12 19:21:24,116 copyAuxStoreThinned                               WARNING AthContainers/src/copyAuxStoreThinned.cxx:138: unlocked decoration UEcorr_Pt (955) in object of type xAOD::ElectronAuxContainer_v3
2026-02-12 19:21:24,120 copyAuxStoreThinned                               WARNING AthContainers/src/copyAuxStoreThinned.cxx:138: unlocked decoration UEcorr_Pt (955) in object of type xAOD::MuonAuxContainer_v5
2026-02-12 19:21:24,140 AthMpEvtLoopMgr.SharedEvtQueueConsumer               INFO Received from the queue: event num=300 chunk size=1
2026-02-12 19:21:24,140 AthMpEvtLoopMgr.SharedEvtQueueConsumer               INFO Seek to 300 succeeded
2026-02-12 19:21:25,892 copyAuxStoreThinned                               WARNING AthContainers/src/copyAuxStoreThinned.cxx:138: unlocked decoration UEcorr_Pt (955) in object of type xAOD::ElectronAuxContainer_v3
2026-02-12 19:21:25,896 copyAuxStoreThinned                               WARNING AthContainers/src/copyAuxStoreThinned.cxx:138: unlocked decoration UEcorr_Pt (955) in object of type xAOD::MuonAuxContainer_v5
2026-02-12 19:21:25,917 AthMpEvtLoopMgr.SharedEvtQueueConsumer               INFO Received from the queue: event num=305 chunk size=1
2026-02-12 19:21:25,917 AthMpEvtLoopMgr.SharedEvtQueueConsumer               INFO Seek to 305 succeeded
2026-02-12 19:21:26,772 copyAuxStoreThinned                               WARNING AthContainers/src/copyAuxStoreThinned.cxx:138: unlocked decoration UEcorr_Pt (955) in object of type xAOD::ElectronAuxContainer_v3
2026-02-12 19:21:26,775 copyAuxStoreThinned                               WARNING AthContainers/src/copyAuxStoreThinned.cxx:138: unlocked decoration UEcorr_Pt (955) in object of type xAOD::MuonAuxContainer_v5
2026-02-12 19:21:26,795 AthMpEvtLoopMgr.SharedEvtQueueConsumer               INFO Received from the queue: event num=308 chunk size=1
2026-02-12 19:21:26,795 AthMpEvtLoopMgr.SharedEvtQueueConsumer               INFO Seek to 308 succeeded
2026-02-12 19:21:28,680 copyAuxStoreThinned                               WARNING AthContainers/src/copyAuxStoreThinned.cxx:138: unlocked decoration UEcorr_Pt (955) in object of type xAOD::ElectronAuxContainer_v3
2026-02-12 19:21:28,683 copyAuxStoreThinned                               WARNING AthContainers/src/copyAuxStoreThinned.cxx:138: unlocked decoration UEcorr_Pt (955) in object of type xAOD::MuonAuxContainer_v5
2026-02-12 19:21:28,705 AthMpEvtLoopMgr.SharedEvtQueueConsumer               INFO Received from the queue: event num=315 chunk size=1
2026-02-12 19:21:28,705 AthMpEvtLoopMgr.SharedEvtQueueConsumer               INFO Seek to 315 succeeded
2026-02-12 19:21:29,988 copyAuxStoreThinned                               WARNING AthContainers/src/copyAuxStoreThinned.cxx:138: unlocked decoration UEcorr_Pt (955) in object of type xAOD::ElectronAuxContainer_v3
2026-02-12 19:21:29,992 copyAuxStoreThinned                               WARNING AthContainers/src/copyAuxStoreThinned.cxx:138: unlocked decoration UEcorr_Pt (955) in object of type xAOD::MuonAuxContainer_v5
2026-02-12 19:21:30,009 AthMpEvtLoopMgr.SharedEvtQueueConsumer               INFO Received from the queue: event num=319 chunk size=1
2026-02-12 19:21:30,010 AthMpEvtLoopMgr.SharedEvtQueueConsumer               INFO Seek to 319 succeeded
2026-02-12 19:21:31,036 copyAuxStoreThinned                               WARNING AthContainers/src/copyAuxStoreThinned.cxx:138: unlocked decoration UEcorr_Pt (955) in object of type xAOD::ElectronAuxContainer_v3
2026-02-12 19:21:31,039 copyAuxStoreThinned                               WARNING AthContainers/src/copyAuxStoreThinned.cxx:138: unlocked decoration UEcorr_Pt (955) in object of type xAOD::MuonAuxContainer_v5
2026-02-12 19:21:31,057 AthMpEvtLoopMgr.SharedEvtQueueConsumer               INFO Received from the queue: event num=323 chunk size=1
2026-02-12 19:21:31,058 AthMpEvtLoopMgr.SharedEvtQueueConsumer               INFO Seek to 323 succeeded
2026-02-12 19:21:32,481 copyAuxStoreThinned                               WARNING AthContainers/src/copyAuxStoreThinned.cxx:138: unlocked decoration UEcorr_Pt (955) in object of type xAOD::ElectronAuxContainer_v3
2026-02-12 19:21:32,485 copyAuxStoreThinned                               WARNING AthContainers/src/copyAuxStoreThinned.cxx:138: unlocked decoration UEcorr_Pt (955) in object of type xAOD::MuonAuxContainer_v5
2026-02-12 19:21:32,503 AthMpEvtLoopMgr.SharedEvtQueueConsumer               INFO Received from the queue: event num=327 chunk size=1
2026-02-12 19:21:32,504 AthMpEvtLoopMgr.SharedEvtQueueConsumer               INFO Seek to 327 succeeded
2026-02-12 19:21:33,685 copyAuxStoreThinned                               WARNING AthContainers/src/copyAuxStoreThinned.cxx:138: unlocked decoration UEcorr_Pt (955) in object of type xAOD::ElectronAuxContainer_v3
2026-02-12 19:21:33,688 copyAuxStoreThinned                               WARNING AthContainers/src/copyAuxStoreThinned.cxx:138: unlocked decoration UEcorr_Pt (955) in object of type xAOD::MuonAuxContainer_v5
2026-02-12 19:21:33,708 AthMpEvtLoopMgr.SharedEvtQueueConsumer               INFO Received from the queue: event num=331 chunk size=1
2026-02-12 19:21:33,708 AthMpEvtLoopMgr.SharedEvtQueueConsumer               INFO Seek to 331 succeeded
2026-02-12 19:21:35,237 copyAuxStoreThinned                               WARNING AthContainers/src/copyAuxStoreThinned.cxx:138: unlocked decoration UEcorr_Pt (955) in object of type xAOD::ElectronAuxContainer_v3
2026-02-12 19:21:35,241 copyAuxStoreThinned                               WARNING AthContainers/src/copyAuxStoreThinned.cxx:138: unlocked decoration UEcorr_Pt (955) in object of type xAOD::MuonAuxContainer_v5
2026-02-12 19:21:35,262 AthMpEvtLoopMgr.SharedEvtQueueConsumer               INFO Received from the queue: event num=335 chunk size=1
2026-02-12 19:21:35,262 AthMpEvtLoopMgr.SharedEvtQueueConsumer               INFO Seek to 335 succeeded
2026-02-12 19:21:36,268 copyAuxStoreThinned                               WARNING AthContainers/src/copyAuxStoreThinned.cxx:138: unlocked decoration UEcorr_Pt (955) in object of type xAOD::ElectronAuxContainer_v3
2026-02-12 19:21:36,271 copyAuxStoreThinned                               WARNING AthContainers/src/copyAuxStoreThinned.cxx:138: unlocked decoration UEcorr_Pt (955) in object of type xAOD::MuonAuxContainer_v5
2026-02-12 19:21:36,289 AthMpEvtLoopMgr.SharedEvtQueueConsumer               INFO Received from the queue: event num=338 chunk size=1
2026-02-12 19:21:36,289 AthMpEvtLoopMgr.SharedEvtQueueConsumer               INFO Seek to 338 succeeded
WARNING from FastJet: ClusterSequenceAreaBase::get_median_rho_and_sigma(...): the estimated empty area is suspiciously large and negative and may lead to an over-estimation of rho. This may be due to (i) a rare statistical fluctuation or (ii) too small a range used to estimate the background properties.
2026-02-12 19:21:38,271 copyAuxStoreThinned                               WARNING AthContainers/src/copyAuxStoreThinned.cxx:138: unlocked decoration UEcorr_Pt (955) in object of type xAOD::ElectronAuxContainer_v3
2026-02-12 19:21:38,275 copyAuxStoreThinned                               WARNING AthContainers/src/copyAuxStoreThinned.cxx:138: unlocked decoration UEcorr_Pt (955) in object of type xAOD::MuonAuxContainer_v5
2026-02-12 19:21:38,296 AthMpEvtLoopMgr.SharedEvtQueueConsumer               INFO Received from the queue: event num=344 chunk size=1
2026-02-12 19:21:38,296 AthMpEvtLoopMgr.SharedEvtQueueConsumer               INFO Seek to 344 succeeded
2026-02-12 19:21:38,415 PerfMonMTSvc                                         INFO Event [   84] CPU Time: 00h01m54s, Wall Time: 00h04m04s, Vmem: 6.12 GB, Rss: 4.83 GB, Pss: 2.80 GB, Swap: 0.00 KB
2026-02-12 19:21:39,693 copyAuxStoreThinned                               WARNING AthContainers/src/copyAuxStoreThinned.cxx:138: unlocked decoration UEcorr_Pt (955) in object of type xAOD::ElectronAuxContainer_v3
2026-02-12 19:21:39,697 copyAuxStoreThinned                               WARNING AthContainers/src/copyAuxStoreThinned.cxx:138: unlocked decoration UEcorr_Pt (955) in object of type xAOD::MuonAuxContainer_v5
2026-02-12 19:21:39,716 AthMpEvtLoopMgr.SharedEvtQueueConsumer               INFO Received from the queue: event num=348 chunk size=1
2026-02-12 19:21:39,716 AthMpEvtLoopMgr.SharedEvtQueueConsumer               INFO Seek to 348 succeeded
2026-02-12 19:21:40,747 copyAuxStoreThinned                               WARNING AthContainers/src/copyAuxStoreThinned.cxx:138: unlocked decoration UEcorr_Pt (955) in object of type xAOD::ElectronAuxContainer_v3
2026-02-12 19:21:40,751 copyAuxStoreThinned                               WARNING AthContainers/src/copyAuxStoreThinned.cxx:138: unlocked decoration UEcorr_Pt (955) in object of type xAOD::MuonAuxContainer_v5
2026-02-12 19:21:40,769 AthMpEvtLoopMgr.SharedEvtQueueConsumer               INFO Received from the queue: event num=352 chunk size=1
2026-02-12 19:21:40,769 AthMpEvtLoopMgr.SharedEvtQueueConsumer               INFO Seek to 352 succeeded
2026-02-12 19:21:42,105 copyAuxStoreThinned                               WARNING AthContainers/src/copyAuxStoreThinned.cxx:138: unlocked decoration UEcorr_Pt (955) in object of type xAOD::ElectronAuxContainer_v3
2026-02-12 19:21:42,109 copyAuxStoreThinned                               WARNING AthContainers/src/copyAuxStoreThinned.cxx:138: unlocked decoration UEcorr_Pt (955) in object of type xAOD::MuonAuxContainer_v5
2026-02-12 19:21:42,129 AthMpEvtLoopMgr.SharedEvtQueueConsumer               INFO Received from the queue: event num=356 chunk size=1
2026-02-12 19:21:42,129 AthMpEvtLoopMgr.SharedEvtQueueConsumer               INFO Seek to 356 succeeded
2026-02-12 19:21:43,588 copyAuxStoreThinned                               WARNING AthContainers/src/copyAuxStoreThinned.cxx:138: unlocked decoration UEcorr_Pt (955) in object of type xAOD::ElectronAuxContainer_v3
2026-02-12 19:21:43,592 copyAuxStoreThinned                               WARNING AthContainers/src/copyAuxStoreThinned.cxx:138: unlocked decoration UEcorr_Pt (955) in object of type xAOD::MuonAuxContainer_v5
2026-02-12 19:21:43,611 AthMpEvtLoopMgr.SharedEvtQueueConsumer               INFO Received from the queue: event num=360 chunk size=1
2026-02-12 19:21:43,611 AthMpEvtLoopMgr.SharedEvtQueueConsumer               INFO Seek to 360 succeeded
2026-02-12 19:21:45,179 copyAuxStoreThinned                               WARNING AthContainers/src/copyAuxStoreThinned.cxx:138: unlocked decoration UEcorr_Pt (955) in object of type xAOD::ElectronAuxContainer_v3
2026-02-12 19:21:45,183 copyAuxStoreThinned                               WARNING AthContainers/src/copyAuxStoreThinned.cxx:138: unlocked decoration UEcorr_Pt (955) in object of type xAOD::MuonAuxContainer_v5
2026-02-12 19:21:45,202 AthMpEvtLoopMgr.SharedEvtQueueConsumer               INFO Received from the queue: event num=364 chunk size=1
2026-02-12 19:21:45,203 AthMpEvtLoopMgr.SharedEvtQueueConsumer               INFO Seek to 364 succeeded
2026-02-12 19:21:46,627 copyAuxStoreThinned                               WARNING AthContainers/src/copyAuxStoreThinned.cxx:138: unlocked decoration UEcorr_Pt (955) in object of type xAOD::ElectronAuxContainer_v3
2026-02-12 19:21:46,631 copyAuxStoreThinned                               WARNING AthContainers/src/copyAuxStoreThinned.cxx:138: unlocked decoration UEcorr_Pt (955) in object of type xAOD::MuonAuxContainer_v5
2026-02-12 19:21:46,651 AthMpEvtLoopMgr.SharedEvtQueueConsumer               INFO Received from the queue: event num=369 chunk size=1
2026-02-12 19:21:46,651 AthMpEvtLoopMgr.SharedEvtQueueConsumer               INFO Seek to 369 succeeded
2026-02-12 19:21:47,862 copyAuxStoreThinned                               WARNING AthContainers/src/copyAuxStoreThinned.cxx:138: unlocked decoration UEcorr_Pt (955) in object of type xAOD::ElectronAuxContainer_v3
2026-02-12 19:21:47,866 copyAuxStoreThinned                               WARNING AthContainers/src/copyAuxStoreThinned.cxx:138: unlocked decoration UEcorr_Pt (955) in object of type xAOD::MuonAuxContainer_v5
2026-02-12 19:21:47,885 AthMpEvtLoopMgr.SharedEvtQueueConsumer               INFO Received from the queue: event num=372 chunk size=1
2026-02-12 19:21:47,885 AthMpEvtLoopMgr.SharedEvtQueueConsumer               INFO Seek to 372 succeeded
2026-02-12 19:21:48,879 copyAuxStoreThinned                               WARNING AthContainers/src/copyAuxStoreThinned.cxx:138: unlocked decoration UEcorr_Pt (955) in object of type xAOD::ElectronAuxContainer_v3
2026-02-12 19:21:48,883 copyAuxStoreThinned                               WARNING AthContainers/src/copyAuxStoreThinned.cxx:138: unlocked decoration UEcorr_Pt (955) in object of type xAOD::MuonAuxContainer_v5
2026-02-12 19:21:48,901 AthMpEvtLoopMgr.SharedEvtQueueConsumer               INFO Received from the queue: event num=376 chunk size=1
2026-02-12 19:21:48,901 AthMpEvtLoopMgr.SharedEvtQueueConsumer               INFO Seek to 376 succeeded
2026-02-12 19:21:50,951 copyAuxStoreThinned                               WARNING AthContainers/src/copyAuxStoreThinned.cxx:138: unlocked decoration UEcorr_Pt (955) in object of type xAOD::ElectronAuxContainer_v3
2026-02-12 19:21:50,955 copyAuxStoreThinned                               WARNING AthContainers/src/copyAuxStoreThinned.cxx:138: unlocked decoration UEcorr_Pt (955) in object of type xAOD::MuonAuxContainer_v5
2026-02-12 19:21:50,977 AthMpEvtLoopMgr.SharedEvtQueueConsumer               INFO Received from the queue: event num=382 chunk size=1
2026-02-12 19:21:50,977 AthMpEvtLoopMgr.SharedEvtQueueConsumer               INFO Seek to 382 succeeded
2026-02-12 19:21:52,299 copyAuxStoreThinned                               WARNING AthContainers/src/copyAuxStoreThinned.cxx:138: unlocked decoration UEcorr_Pt (955) in object of type xAOD::ElectronAuxContainer_v3
2026-02-12 19:21:52,303 copyAuxStoreThinned                               WARNING AthContainers/src/copyAuxStoreThinned.cxx:138: unlocked decoration UEcorr_Pt (955) in object of type xAOD::MuonAuxContainer_v5
2026-02-12 19:21:52,321 AthMpEvtLoopMgr.SharedEvtQueueConsumer               INFO Received from the queue: event num=385 chunk size=1
2026-02-12 19:21:52,321 AthMpEvtLoopMgr.SharedEvtQueueConsumer               INFO Seek to 385 succeeded
2026-02-12 19:21:53,603 copyAuxStoreThinned                               WARNING AthContainers/src/copyAuxStoreThinned.cxx:138: unlocked decoration UEcorr_Pt (955) in object of type xAOD::ElectronAuxContainer_v3
2026-02-12 19:21:53,606 copyAuxStoreThinned                               WARNING AthContainers/src/copyAuxStoreThinned.cxx:138: unlocked decoration UEcorr_Pt (955) in object of type xAOD::MuonAuxContainer_v5
2026-02-12 19:21:53,626 AthMpEvtLoopMgr.SharedEvtQueueConsumer               INFO Received from the queue: event num=389 chunk size=1
2026-02-12 19:21:53,627 AthMpEvtLoopMgr.SharedEvtQueueConsumer               INFO Seek to 389 succeeded
2026-02-12 19:21:55,758 copyAuxStoreThinned                               WARNING AthContainers/src/copyAuxStoreThinned.cxx:138: unlocked decoration UEcorr_Pt (955) in object of type xAOD::ElectronAuxContainer_v3
2026-02-12 19:21:55,763 copyAuxStoreThinned                               WARNING AthContainers/src/copyAuxStoreThinned.cxx:138: unlocked decoration UEcorr_Pt (955) in object of type xAOD::MuonAuxContainer_v5
2026-02-12 19:21:55,784 AthMpEvtLoopMgr.SharedEvtQueueConsumer               INFO Received from the queue: event num=395 chunk size=1
2026-02-12 19:21:55,784 AthMpEvtLoopMgr.SharedEvtQueueConsumer               INFO Seek to 395 succeeded
2026-02-12 19:21:57,351 copyAuxStoreThinned                               WARNING AthContainers/src/copyAuxStoreThinned.cxx:138: unlocked decoration UEcorr_Pt (955) in object of type xAOD::ElectronAuxContainer_v3
2026-02-12 19:21:57,355 copyAuxStoreThinned                               WARNING AthContainers/src/copyAuxStoreThinned.cxx:138: unlocked decoration UEcorr_Pt (955) in object of type xAOD::MuonAuxContainer_v5
2026-02-12 19:21:57,374 AthMpEvtLoopMgr.SharedEvtQueueConsumer               INFO Received from the queue: event num=399 chunk size=1
2026-02-12 19:21:57,375 AthMpEvtLoopMgr.SharedEvtQueueConsumer               INFO Seek to 399 succeeded
2026-02-12 19:21:58,775 copyAuxStoreThinned                               WARNING AthContainers/src/copyAuxStoreThinned.cxx:138: unlocked decoration UEcorr_Pt (955) in object of type xAOD::ElectronAuxContainer_v3
2026-02-12 19:21:58,779 copyAuxStoreThinned                               WARNING AthContainers/src/copyAuxStoreThinned.cxx:138: unlocked decoration UEcorr_Pt (955) in object of type xAOD::MuonAuxContainer_v5
2026-02-12 19:21:58,798 AthMpEvtLoopMgr.SharedEvtQueueConsumer               INFO Received from the queue: event num=404 chunk size=1
2026-02-12 19:21:58,798 AthMpEvtLoopMgr.SharedEvtQueueConsumer               INFO Seek to 404 succeeded
2026-02-12 19:22:00,629 copyAuxStoreThinned                               WARNING AthContainers/src/copyAuxStoreThinned.cxx:138: unlocked decoration UEcorr_Pt (955) in object of type xAOD::ElectronAuxContainer_v3
2026-02-12 19:22:00,632 copyAuxStoreThinned                               WARNING AthContainers/src/copyAuxStoreThinned.cxx:138: unlocked decoration UEcorr_Pt (955) in object of type xAOD::MuonAuxContainer_v5
2026-02-12 19:22:00,650 AthMpEvtLoopMgr.SharedEvtQueueConsumer               INFO Received from the queue: event num=408 chunk size=1
2026-02-12 19:22:00,650 AthMpEvtLoopMgr.SharedEvtQueueConsumer               INFO Seek to 408 succeeded
2026-02-12 19:22:02,249 copyAuxStoreThinned                               WARNING AthContainers/src/copyAuxStoreThinned.cxx:138: unlocked decoration UEcorr_Pt (955) in object of type xAOD::ElectronAuxContainer_v3
2026-02-12 19:22:02,253 copyAuxStoreThinned                               WARNING AthContainers/src/copyAuxStoreThinned.cxx:138: unlocked decoration UEcorr_Pt (955) in object of type xAOD::MuonAuxContainer_v5
2026-02-12 19:22:02,272 AthMpEvtLoopMgr.SharedEvtQueueConsumer               INFO Received from the queue: event num=413 chunk size=1
2026-02-12 19:22:02,272 AthMpEvtLoopMgr.SharedEvtQueueConsumer               INFO Seek to 413 succeeded
2026-02-12 19:22:03,485 copyAuxStoreThinned                               WARNING AthContainers/src/copyAuxStoreThinned.cxx:138: unlocked decoration UEcorr_Pt (955) in object of type xAOD::ElectronAuxContainer_v3
2026-02-12 19:22:03,489 copyAuxStoreThinned                               WARNING AthContainers/src/copyAuxStoreThinned.cxx:138: unlocked decoration UEcorr_Pt (955) in object of type xAOD::MuonAuxContainer_v5
2026-02-12 19:22:03,508 AthMpEvtLoopMgr.SharedEvtQueueConsumer               INFO Received from the queue: event num=417 chunk size=1
2026-02-12 19:22:03,508 AthMpEvtLoopMgr.SharedEvtQueueConsumer               INFO Seek to 417 succeeded
2026-02-12 19:22:03,509 AthenaEventLoopMgr                                   INFO   ===>>>  start processing event #334732414, run #450000 100 events processed so far  <<<===
2026-02-12 19:22:05,292 copyAuxStoreThinned                               WARNING AthContainers/src/copyAuxStoreThinned.cxx:138: unlocked decoration UEcorr_Pt (955) in object of type xAOD::ElectronAuxContainer_v3
2026-02-12 19:22:05,296 copyAuxStoreThinned                               WARNING AthContainers/src/copyAuxStoreThinned.cxx:138: unlocked decoration UEcorr_Pt (955) in object of type xAOD::MuonAuxContainer_v5
2026-02-12 19:22:05,312 AthenaEventLoopMgr                                   INFO   ===>>>  done processing event #334732414, run #450000 101 events processed so far  <<<===
2026-02-12 19:22:05,327 AthMpEvtLoopMgr.SharedEvtQueueConsumer               INFO Received from the queue: event num=422 chunk size=1
2026-02-12 19:22:05,327 AthMpEvtLoopMgr.SharedEvtQueueConsumer               INFO Seek to 422 succeeded
2026-02-12 19:22:07,210 copyAuxStoreThinned                               WARNING AthContainers/src/copyAuxStoreThinned.cxx:138: unlocked decoration UEcorr_Pt (955) in object of type xAOD::ElectronAuxContainer_v3
2026-02-12 19:22:07,214 copyAuxStoreThinned                               WARNING AthContainers/src/copyAuxStoreThinned.cxx:138: unlocked decoration UEcorr_Pt (955) in object of type xAOD::MuonAuxContainer_v5
2026-02-12 19:22:07,235 AthMpEvtLoopMgr.SharedEvtQueueConsumer               INFO Received from the queue: event num=427 chunk size=1
2026-02-12 19:22:07,235 AthMpEvtLoopMgr.SharedEvtQueueConsumer               INFO Seek to 427 succeeded
2026-02-12 19:22:08,611 copyAuxStoreThinned                               WARNING AthContainers/src/copyAuxStoreThinned.cxx:138: unlocked decoration UEcorr_Pt (955) in object of type xAOD::ElectronAuxContainer_v3
2026-02-12 19:22:08,614 copyAuxStoreThinned                               WARNING AthContainers/src/copyAuxStoreThinned.cxx:138: unlocked decoration UEcorr_Pt (955) in object of type xAOD::MuonAuxContainer_v5
2026-02-12 19:22:08,633 AthMpEvtLoopMgr.SharedEvtQueueConsumer               INFO Received from the queue: event num=431 chunk size=1
2026-02-12 19:22:08,633 AthMpEvtLoopMgr.SharedEvtQueueConsumer               INFO Seek to 431 succeeded
2026-02-12 19:22:08,750 PerfMonMTSvc                                         INFO Event [  104] CPU Time: 00h02m25s, Wall Time: 00h04m34s, Vmem: 6.12 GB, Rss: 4.83 GB, Pss: 2.80 GB, Swap: 0.00 KB
2026-02-12 19:22:10,505 copyAuxStoreThinned                               WARNING AthContainers/src/copyAuxStoreThinned.cxx:138: unlocked decoration UEcorr_Pt (955) in object of type xAOD::ElectronAuxContainer_v3
2026-02-12 19:22:10,509 copyAuxStoreThinned                               WARNING AthContainers/src/copyAuxStoreThinned.cxx:138: unlocked decoration UEcorr_Pt (955) in object of type xAOD::MuonAuxContainer_v5
2026-02-12 19:22:10,530 AthMpEvtLoopMgr.SharedEvtQueueConsumer               INFO Received from the queue: event num=436 chunk size=1
2026-02-12 19:22:10,530 AthMpEvtLoopMgr.SharedEvtQueueConsumer               INFO Seek to 436 succeeded
2026-02-12 19:22:11,756 copyAuxStoreThinned                               WARNING AthContainers/src/copyAuxStoreThinned.cxx:138: unlocked decoration UEcorr_Pt (955) in object of type xAOD::ElectronAuxContainer_v3
2026-02-12 19:22:11,760 copyAuxStoreThinned                               WARNING AthContainers/src/copyAuxStoreThinned.cxx:138: unlocked decoration UEcorr_Pt (955) in object of type xAOD::MuonAuxContainer_v5
2026-02-12 19:22:11,778 AthMpEvtLoopMgr.SharedEvtQueueConsumer               INFO Received from the queue: event num=440 chunk size=1
2026-02-12 19:22:11,778 AthMpEvtLoopMgr.SharedEvtQueueConsumer               INFO Seek to 440 succeeded
2026-02-12 19:22:13,120 copyAuxStoreThinned                               WARNING AthContainers/src/copyAuxStoreThinned.cxx:138: unlocked decoration UEcorr_Pt (955) in object of type xAOD::ElectronAuxContainer_v3
2026-02-12 19:22:13,124 copyAuxStoreThinned                               WARNING AthContainers/src/copyAuxStoreThinned.cxx:138: unlocked decoration UEcorr_Pt (955) in object of type xAOD::MuonAuxContainer_v5
2026-02-12 19:22:13,142 AthMpEvtLoopMgr.SharedEvtQueueConsumer               INFO Received from the queue: event num=444 chunk size=1
2026-02-12 19:22:13,142 AthMpEvtLoopMgr.SharedEvtQueueConsumer               INFO Seek to 444 succeeded
2026-02-12 19:22:14,155 copyAuxStoreThinned                               WARNING AthContainers/src/copyAuxStoreThinned.cxx:138: unlocked decoration UEcorr_Pt (955) in object of type xAOD::ElectronAuxContainer_v3
2026-02-12 19:22:14,175 AthMpEvtLoopMgr.SharedEvtQueueConsumer               INFO Received from the queue: event num=448 chunk size=1
2026-02-12 19:22:14,175 AthMpEvtLoopMgr.SharedEvtQueueConsumer               INFO Seek to 448 succeeded
2026-02-12 19:22:15,473 copyAuxStoreThinned                               WARNING AthContainers/src/copyAuxStoreThinned.cxx:138: unlocked decoration UEcorr_Pt (955) in object of type xAOD::ElectronAuxContainer_v3
2026-02-12 19:22:15,477 copyAuxStoreThinned                               WARNING AthContainers/src/copyAuxStoreThinned.cxx:138: unlocked decoration UEcorr_Pt (955) in object of type xAOD::MuonAuxContainer_v5
2026-02-12 19:22:15,495 AthMpEvtLoopMgr.SharedEvtQueueConsumer               INFO Received from the queue: event num=452 chunk size=1
2026-02-12 19:22:15,496 AthMpEvtLoopMgr.SharedEvtQueueConsumer               INFO Seek to 452 succeeded
2026-02-12 19:22:16,505 copyAuxStoreThinned                               WARNING AthContainers/src/copyAuxStoreThinned.cxx:138: unlocked decoration UEcorr_Pt (955) in object of type xAOD::ElectronAuxContainer_v3
2026-02-12 19:22:16,509 copyAuxStoreThinned                               WARNING AthContainers/src/copyAuxStoreThinned.cxx:138: unlocked decoration UEcorr_Pt (955) in object of type xAOD::MuonAuxContainer_v5
2026-02-12 19:22:16,527 AthMpEvtLoopMgr.SharedEvtQueueConsumer               INFO Received from the queue: event num=455 chunk size=1
2026-02-12 19:22:16,527 AthMpEvtLoopMgr.SharedEvtQueueConsumer               INFO Seek to 455 succeeded
2026-02-12 19:22:21,079 copyAuxStoreThinned                               WARNING AthContainers/src/copyAuxStoreThinned.cxx:138: unlocked decoration UEcorr_Pt (955) in object of type xAOD::ElectronAuxContainer_v3
2026-02-12 19:22:21,084 copyAuxStoreThinned                               WARNING AthContainers/src/copyAuxStoreThinned.cxx:138: unlocked decoration UEcorr_Pt (955) in object of type xAOD::MuonAuxContainer_v5
2026-02-12 19:22:21,109 AthMpEvtLoopMgr.SharedEvtQueueConsumer               INFO Received from the queue: event num=465 chunk size=1
2026-02-12 19:22:21,109 AthMpEvtLoopMgr.SharedEvtQueueConsumer               INFO Seek to 465 succeeded
2026-02-12 19:22:21,892 copyAuxStoreThinned                               WARNING AthContainers/src/copyAuxStoreThinned.cxx:138: unlocked decoration UEcorr_Pt (955) in object of type xAOD::ElectronAuxContainer_v3
2026-02-12 19:22:21,896 copyAuxStoreThinned                               WARNING AthContainers/src/copyAuxStoreThinned.cxx:138: unlocked decoration UEcorr_Pt (955) in object of type xAOD::MuonAuxContainer_v5
2026-02-12 19:22:21,916 AthMpEvtLoopMgr.SharedEvtQueueConsumer               INFO Received from the queue: event num=468 chunk size=1
2026-02-12 19:22:21,916 AthMpEvtLoopMgr.SharedEvtQueueConsumer               INFO Seek to 468 succeeded
2026-02-12 19:22:23,395 copyAuxStoreThinned                               WARNING AthContainers/src/copyAuxStoreThinned.cxx:138: unlocked decoration UEcorr_Pt (955) in object of type xAOD::ElectronAuxContainer_v3
2026-02-12 19:22:23,399 copyAuxStoreThinned                               WARNING AthContainers/src/copyAuxStoreThinned.cxx:138: unlocked decoration UEcorr_Pt (955) in object of type xAOD::MuonAuxContainer_v5
2026-02-12 19:22:23,420 AthMpEvtLoopMgr.SharedEvtQueueConsumer               INFO Received from the queue: event num=473 chunk size=1
2026-02-12 19:22:23,420 AthMpEvtLoopMgr.SharedEvtQueueConsumer               INFO Seek to 473 succeeded
2026-02-12 19:22:24,427 copyAuxStoreThinned                               WARNING AthContainers/src/copyAuxStoreThinned.cxx:138: unlocked decoration UEcorr_Pt (955) in object of type xAOD::ElectronAuxContainer_v3
2026-02-12 19:22:24,430 copyAuxStoreThinned                               WARNING AthContainers/src/copyAuxStoreThinned.cxx:138: unlocked decoration UEcorr_Pt (955) in object of type xAOD::MuonAuxContainer_v5
2026-02-12 19:22:24,449 AthMpEvtLoopMgr.SharedEvtQueueConsumer               INFO Received from the queue: event num=476 chunk size=1
2026-02-12 19:22:24,449 AthMpEvtLoopMgr.SharedEvtQueueConsumer               INFO Seek to 476 succeeded
2026-02-12 19:22:25,940 copyAuxStoreThinned                               WARNING AthContainers/src/copyAuxStoreThinned.cxx:138: unlocked decoration UEcorr_Pt (955) in object of type xAOD::ElectronAuxContainer_v3
2026-02-12 19:22:25,943 copyAuxStoreThinned                               WARNING AthContainers/src/copyAuxStoreThinned.cxx:138: unlocked decoration UEcorr_Pt (955) in object of type xAOD::MuonAuxContainer_v5
2026-02-12 19:22:25,964 AthMpEvtLoopMgr.SharedEvtQueueConsumer               INFO Received from the queue: event num=481 chunk size=1
2026-02-12 19:22:25,964 AthMpEvtLoopMgr.SharedEvtQueueConsumer               INFO Seek to 481 succeeded
2026-02-12 19:22:27,199 copyAuxStoreThinned                               WARNING AthContainers/src/copyAuxStoreThinned.cxx:138: unlocked decoration UEcorr_Pt (955) in object of type xAOD::ElectronAuxContainer_v3
2026-02-12 19:22:27,202 copyAuxStoreThinned                               WARNING AthContainers/src/copyAuxStoreThinned.cxx:138: unlocked decoration UEcorr_Pt (955) in object of type xAOD::MuonAuxContainer_v5
2026-02-12 19:22:27,221 AthMpEvtLoopMgr.SharedEvtQueueConsumer               INFO Received from the queue: event num=484 chunk size=1
2026-02-12 19:22:27,221 AthMpEvtLoopMgr.SharedEvtQueueConsumer               INFO Seek to 484 succeeded
2026-02-12 19:22:28,520 copyAuxStoreThinned                               WARNING AthContainers/src/copyAuxStoreThinned.cxx:138: unlocked decoration UEcorr_Pt (955) in object of type xAOD::ElectronAuxContainer_v3
2026-02-12 19:22:28,524 copyAuxStoreThinned                               WARNING AthContainers/src/copyAuxStoreThinned.cxx:138: unlocked decoration UEcorr_Pt (955) in object of type xAOD::MuonAuxContainer_v5
2026-02-12 19:22:28,543 AthMpEvtLoopMgr.SharedEvtQueueConsumer               INFO Received from the queue: event num=488 chunk size=1
2026-02-12 19:22:28,543 AthMpEvtLoopMgr.SharedEvtQueueConsumer               INFO Seek to 488 succeeded
2026-02-12 19:22:29,425 copyAuxStoreThinned                               WARNING AthContainers/src/copyAuxStoreThinned.cxx:138: unlocked decoration UEcorr_Pt (955) in object of type xAOD::ElectronAuxContainer_v3
2026-02-12 19:22:29,428 copyAuxStoreThinned                               WARNING AthContainers/src/copyAuxStoreThinned.cxx:138: unlocked decoration UEcorr_Pt (955) in object of type xAOD::MuonAuxContainer_v5
2026-02-12 19:22:29,445 AthMpEvtLoopMgr.SharedEvtQueueConsumer               INFO Received from the queue: event num=492 chunk size=1
2026-02-12 19:22:29,445 AthMpEvtLoopMgr.SharedEvtQueueConsumer               INFO Seek to 492 succeeded
2026-02-12 19:22:30,997 copyAuxStoreThinned                               WARNING AthContainers/src/copyAuxStoreThinned.cxx:138: unlocked decoration UEcorr_Pt (955) in object of type xAOD::ElectronAuxContainer_v3
2026-02-12 19:22:31,002 copyAuxStoreThinned                               WARNING AthContainers/src/copyAuxStoreThinned.cxx:138: unlocked decoration UEcorr_Pt (955) in object of type xAOD::MuonAuxContainer_v5
2026-02-12 19:22:31,022 AthMpEvtLoopMgr.SharedEvtQueueConsumer               INFO Received from the queue: event num=496 chunk size=1
2026-02-12 19:22:31,022 AthMpEvtLoopMgr.SharedEvtQueueConsumer               INFO Seek to 496 succeeded
2026-02-12 19:22:32,254 copyAuxStoreThinned                               WARNING AthContainers/src/copyAuxStoreThinned.cxx:138: unlocked decoration UEcorr_Pt (955) in object of type xAOD::ElectronAuxContainer_v3
2026-02-12 19:22:32,278 AthMpEvtLoopMgr.SharedEvtQueueConsumer               INFO Received from the queue: event num=500 chunk size=1
2026-02-12 19:22:32,278 AthMpEvtLoopMgr.SharedEvtQueueConsumer               INFO Seek to 500 succeeded
2026-02-12 19:22:33,169 copyAuxStoreThinned                               WARNING AthContainers/src/copyAuxStoreThinned.cxx:138: unlocked decoration UEcorr_Pt (955) in object of type xAOD::ElectronAuxContainer_v3
2026-02-12 19:22:33,173 copyAuxStoreThinned                               WARNING AthContainers/src/copyAuxStoreThinned.cxx:138: unlocked decoration UEcorr_Pt (955) in object of type xAOD::MuonAuxContainer_v5
2026-02-12 19:22:33,192 AthMpEvtLoopMgr.SharedEvtQueueConsumer               INFO Received from the queue: event num=502 chunk size=1
2026-02-12 19:22:33,192 AthMpEvtLoopMgr.SharedEvtQueueConsumer               INFO Seek to 502 succeeded
2026-02-12 19:22:34,801 copyAuxStoreThinned                               WARNING AthContainers/src/copyAuxStoreThinned.cxx:138: unlocked decoration UEcorr_Pt (955) in object of type xAOD::ElectronAuxContainer_v3
2026-02-12 19:22:34,805 copyAuxStoreThinned                               WARNING AthContainers/src/copyAuxStoreThinned.cxx:138: unlocked decoration UEcorr_Pt (955) in object of type xAOD::MuonAuxContainer_v5
2026-02-12 19:22:34,826 AthMpEvtLoopMgr.SharedEvtQueueConsumer               INFO Received from the queue: event num=506 chunk size=1
2026-02-12 19:22:34,827 AthMpEvtLoopMgr.SharedEvtQueueConsumer               INFO Seek to 506 succeeded
2026-02-12 19:22:36,332 copyAuxStoreThinned                               WARNING AthContainers/src/copyAuxStoreThinned.cxx:138: unlocked decoration UEcorr_Pt (955) in object of type xAOD::ElectronAuxContainer_v3
2026-02-12 19:22:36,335 copyAuxStoreThinned                               WARNING AthContainers/src/copyAuxStoreThinned.cxx:138: unlocked decoration UEcorr_Pt (955) in object of type xAOD::MuonAuxContainer_v5
2026-02-12 19:22:36,354 AthMpEvtLoopMgr.SharedEvtQueueConsumer               INFO Received from the queue: event num=510 chunk size=1
2026-02-12 19:22:36,354 AthMpEvtLoopMgr.SharedEvtQueueConsumer               INFO Seek to 510 succeeded
2026-02-12 19:22:37,597 copyAuxStoreThinned                               WARNING AthContainers/src/copyAuxStoreThinned.cxx:138: unlocked decoration UEcorr_Pt (955) in object of type xAOD::ElectronAuxContainer_v3
2026-02-12 19:22:37,618 AthMpEvtLoopMgr.SharedEvtQueueConsumer               INFO Received from the queue: event num=514 chunk size=1
2026-02-12 19:22:37,618 AthMpEvtLoopMgr.SharedEvtQueueConsumer               INFO Seek to 514 succeeded
2026-02-12 19:22:39,296 copyAuxStoreThinned                               WARNING AthContainers/src/copyAuxStoreThinned.cxx:138: unlocked decoration UEcorr_Pt (955) in object of type xAOD::ElectronAuxContainer_v3
2026-02-12 19:22:39,301 copyAuxStoreThinned                               WARNING AthContainers/src/copyAuxStoreThinned.cxx:138: unlocked decoration UEcorr_Pt (955) in object of type xAOD::MuonAuxContainer_v5
2026-02-12 19:22:39,324 AthMpEvtLoopMgr.SharedEvtQueueConsumer               INFO Received from the queue: event num=518 chunk size=1
2026-02-12 19:22:39,324 AthMpEvtLoopMgr.SharedEvtQueueConsumer               INFO Seek to 518 succeeded
2026-02-12 19:22:39,445 PerfMonMTSvc                                         INFO Event [  125] CPU Time: 00h02m55s, Wall Time: 00h05m05s, Vmem: 6.13 GB, Rss: 4.84 GB, Pss: 2.81 GB, Swap: 0.00 KB
2026-02-12 19:22:41,027 copyAuxStoreThinned                               WARNING AthContainers/src/copyAuxStoreThinned.cxx:138: unlocked decoration UEcorr_Pt (955) in object of type xAOD::ElectronAuxContainer_v3
2026-02-12 19:22:41,054 AthMpEvtLoopMgr.SharedEvtQueueConsumer               INFO Received from the queue: event num=522 chunk size=1
2026-02-12 19:22:41,054 AthMpEvtLoopMgr.SharedEvtQueueConsumer               INFO Seek to 522 succeeded
2026-02-12 19:22:42,331 copyAuxStoreThinned                               WARNING AthContainers/src/copyAuxStoreThinned.cxx:138: unlocked decoration UEcorr_Pt (955) in object of type xAOD::ElectronAuxContainer_v3
2026-02-12 19:22:42,354 AthMpEvtLoopMgr.SharedEvtQueueConsumer               INFO Received from the queue: event num=526 chunk size=1
2026-02-12 19:22:42,354 AthMpEvtLoopMgr.SharedEvtQueueConsumer               INFO Seek to 526 succeeded
2026-02-12 19:22:44,393 copyAuxStoreThinned                               WARNING AthContainers/src/copyAuxStoreThinned.cxx:138: unlocked decoration UEcorr_Pt (955) in object of type xAOD::ElectronAuxContainer_v3
2026-02-12 19:22:44,397 copyAuxStoreThinned                               WARNING AthContainers/src/copyAuxStoreThinned.cxx:138: unlocked decoration UEcorr_Pt (955) in object of type xAOD::MuonAuxContainer_v5
2026-02-12 19:22:44,420 AthMpEvtLoopMgr.SharedEvtQueueConsumer               INFO Received from the queue: event num=532 chunk size=1
2026-02-12 19:22:44,421 AthMpEvtLoopMgr.SharedEvtQueueConsumer               INFO Seek to 532 succeeded
2026-02-12 19:22:46,354 copyAuxStoreThinned                               WARNING AthContainers/src/copyAuxStoreThinned.cxx:138: unlocked decoration UEcorr_Pt (955) in object of type xAOD::ElectronAuxContainer_v3
2026-02-12 19:22:46,358 copyAuxStoreThinned                               WARNING AthContainers/src/copyAuxStoreThinned.cxx:138: unlocked decoration UEcorr_Pt (955) in object of type xAOD::MuonAuxContainer_v5
2026-02-12 19:22:46,378 AthMpEvtLoopMgr.SharedEvtQueueConsumer               INFO Received from the queue: event num=537 chunk size=1
2026-02-12 19:22:46,378 AthMpEvtLoopMgr.SharedEvtQueueConsumer               INFO Seek to 537 succeeded
2026-02-12 19:22:48,111 copyAuxStoreThinned                               WARNING AthContainers/src/copyAuxStoreThinned.cxx:138: unlocked decoration UEcorr_Pt (955) in object of type xAOD::ElectronAuxContainer_v3
2026-02-12 19:22:48,115 copyAuxStoreThinned                               WARNING AthContainers/src/copyAuxStoreThinned.cxx:138: unlocked decoration UEcorr_Pt (955) in object of type xAOD::MuonAuxContainer_v5
2026-02-12 19:22:48,135 AthMpEvtLoopMgr.SharedEvtQueueConsumer               INFO Received from the queue: event num=542 chunk size=1
2026-02-12 19:22:48,135 AthMpEvtLoopMgr.SharedEvtQueueConsumer               INFO Seek to 542 succeeded
2026-02-12 19:22:49,071 copyAuxStoreThinned                               WARNING AthContainers/src/copyAuxStoreThinned.cxx:138: unlocked decoration UEcorr_Pt (955) in object of type xAOD::ElectronAuxContainer_v3
2026-02-12 19:22:49,075 copyAuxStoreThinned                               WARNING AthContainers/src/copyAuxStoreThinned.cxx:138: unlocked decoration UEcorr_Pt (955) in object of type xAOD::MuonAuxContainer_v5
2026-02-12 19:22:49,094 AthMpEvtLoopMgr.SharedEvtQueueConsumer               INFO Received from the queue: event num=544 chunk size=1
2026-02-12 19:22:49,095 AthMpEvtLoopMgr.SharedEvtQueueConsumer               INFO Seek to 544 succeeded
2026-02-12 19:22:50,008 copyAuxStoreThinned                               WARNING AthContainers/src/copyAuxStoreThinned.cxx:138: unlocked decoration UEcorr_Pt (955) in object of type xAOD::ElectronAuxContainer_v3
2026-02-12 19:22:50,028 AthMpEvtLoopMgr.SharedEvtQueueConsumer               INFO Received from the queue: event num=548 chunk size=1
2026-02-12 19:22:50,028 AthMpEvtLoopMgr.SharedEvtQueueConsumer               INFO Seek to 548 succeeded
2026-02-12 19:22:51,190 copyAuxStoreThinned                               WARNING AthContainers/src/copyAuxStoreThinned.cxx:138: unlocked decoration UEcorr_Pt (955) in object of type xAOD::ElectronAuxContainer_v3
2026-02-12 19:22:51,193 copyAuxStoreThinned                               WARNING AthContainers/src/copyAuxStoreThinned.cxx:138: unlocked decoration UEcorr_Pt (955) in object of type xAOD::MuonAuxContainer_v5
2026-02-12 19:22:51,212 AthMpEvtLoopMgr.SharedEvtQueueConsumer               INFO Received from the queue: event num=550 chunk size=1
2026-02-12 19:22:51,213 AthMpEvtLoopMgr.SharedEvtQueueConsumer               INFO Seek to 550 succeeded
WARNING from FastJet: ClusterSequenceAreaBase::get_median_rho_and_sigma(...): the estimated empty area is suspiciously large and negative and may lead to an over-estimation of rho. This may be due to (i) a rare statistical fluctuation or (ii) too small a range used to estimate the background properties.
2026-02-12 19:22:52,542 copyAuxStoreThinned                               WARNING AthContainers/src/copyAuxStoreThinned.cxx:138: unlocked decoration UEcorr_Pt (955) in object of type xAOD::ElectronAuxContainer_v3
2026-02-12 19:22:52,545 copyAuxStoreThinned                               WARNING AthContainers/src/copyAuxStoreThinned.cxx:138: unlocked decoration UEcorr_Pt (955) in object of type xAOD::MuonAuxContainer_v5
2026-02-12 19:22:52,565 AthMpEvtLoopMgr.SharedEvtQueueConsumer               INFO Received from the queue: event num=556 chunk size=1
2026-02-12 19:22:52,565 AthMpEvtLoopMgr.SharedEvtQueueConsumer               INFO Seek to 556 succeeded
2026-02-12 19:22:54,006 copyAuxStoreThinned                               WARNING AthContainers/src/copyAuxStoreThinned.cxx:138: unlocked decoration UEcorr_Pt (955) in object of type xAOD::ElectronAuxContainer_v3
2026-02-12 19:22:54,010 copyAuxStoreThinned                               WARNING AthContainers/src/copyAuxStoreThinned.cxx:138: unlocked decoration UEcorr_Pt (955) in object of type xAOD::MuonAuxContainer_v5
2026-02-12 19:22:54,030 AthMpEvtLoopMgr.SharedEvtQueueConsumer               INFO Received from the queue: event num=559 chunk size=1
2026-02-12 19:22:54,031 AthMpEvtLoopMgr.SharedEvtQueueConsumer               INFO Seek to 559 succeeded
2026-02-12 19:22:56,142 copyAuxStoreThinned                               WARNING AthContainers/src/copyAuxStoreThinned.cxx:138: unlocked decoration UEcorr_Pt (955) in object of type xAOD::ElectronAuxContainer_v3
2026-02-12 19:22:56,146 copyAuxStoreThinned                               WARNING AthContainers/src/copyAuxStoreThinned.cxx:138: unlocked decoration UEcorr_Pt (955) in object of type xAOD::MuonAuxContainer_v5
2026-02-12 19:22:56,168 AthMpEvtLoopMgr.SharedEvtQueueConsumer               INFO Received from the queue: event num=564 chunk size=1
2026-02-12 19:22:56,169 AthMpEvtLoopMgr.SharedEvtQueueConsumer               INFO Seek to 564 succeeded
2026-02-12 19:22:57,298 copyAuxStoreThinned                               WARNING AthContainers/src/copyAuxStoreThinned.cxx:138: unlocked decoration UEcorr_Pt (955) in object of type xAOD::ElectronAuxContainer_v3
2026-02-12 19:22:57,302 copyAuxStoreThinned                               WARNING AthContainers/src/copyAuxStoreThinned.cxx:138: unlocked decoration UEcorr_Pt (955) in object of type xAOD::MuonAuxContainer_v5
2026-02-12 19:22:57,320 AthMpEvtLoopMgr.SharedEvtQueueConsumer               INFO Received from the queue: event num=567 chunk size=1
2026-02-12 19:22:57,321 AthMpEvtLoopMgr.SharedEvtQueueConsumer               INFO Seek to 567 succeeded
2026-02-12 19:22:58,588 copyAuxStoreThinned                               WARNING AthContainers/src/copyAuxStoreThinned.cxx:138: unlocked decoration UEcorr_Pt (955) in object of type xAOD::ElectronAuxContainer_v3
2026-02-12 19:22:58,591 copyAuxStoreThinned                               WARNING AthContainers/src/copyAuxStoreThinned.cxx:138: unlocked decoration UEcorr_Pt (955) in object of type xAOD::MuonAuxContainer_v5
2026-02-12 19:22:58,609 AthMpEvtLoopMgr.SharedEvtQueueConsumer               INFO Received from the queue: event num=571 chunk size=1
2026-02-12 19:22:58,610 AthMpEvtLoopMgr.SharedEvtQueueConsumer               INFO Seek to 571 succeeded
2026-02-12 19:23:00,134 copyAuxStoreThinned                               WARNING AthContainers/src/copyAuxStoreThinned.cxx:138: unlocked decoration UEcorr_Pt (955) in object of type xAOD::ElectronAuxContainer_v3
2026-02-12 19:23:00,138 copyAuxStoreThinned                               WARNING AthContainers/src/copyAuxStoreThinned.cxx:138: unlocked decoration UEcorr_Pt (955) in object of type xAOD::MuonAuxContainer_v5
2026-02-12 19:23:00,156 AthMpEvtLoopMgr.SharedEvtQueueConsumer               INFO Received from the queue: event num=575 chunk size=1
2026-02-12 19:23:00,156 AthMpEvtLoopMgr.SharedEvtQueueConsumer               INFO Seek to 575 succeeded
2026-02-12 19:23:01,303 copyAuxStoreThinned                               WARNING AthContainers/src/copyAuxStoreThinned.cxx:138: unlocked decoration UEcorr_Pt (955) in object of type xAOD::ElectronAuxContainer_v3
2026-02-12 19:23:01,306 copyAuxStoreThinned                               WARNING AthContainers/src/copyAuxStoreThinned.cxx:138: unlocked decoration UEcorr_Pt (955) in object of type xAOD::MuonAuxContainer_v5
2026-02-12 19:23:01,325 AthMpEvtLoopMgr.SharedEvtQueueConsumer               INFO Received from the queue: event num=579 chunk size=1
2026-02-12 19:23:01,325 AthMpEvtLoopMgr.SharedEvtQueueConsumer               INFO Seek to 579 succeeded
2026-02-12 19:23:02,798 copyAuxStoreThinned                               WARNING AthContainers/src/copyAuxStoreThinned.cxx:138: unlocked decoration UEcorr_Pt (955) in object of type xAOD::ElectronAuxContainer_v3
2026-02-12 19:23:02,802 copyAuxStoreThinned                               WARNING AthContainers/src/copyAuxStoreThinned.cxx:138: unlocked decoration UEcorr_Pt (955) in object of type xAOD::MuonAuxContainer_v5
2026-02-12 19:23:02,822 AthMpEvtLoopMgr.SharedEvtQueueConsumer               INFO Received from the queue: event num=583 chunk size=1
2026-02-12 19:23:02,822 AthMpEvtLoopMgr.SharedEvtQueueConsumer               INFO Seek to 583 succeeded
2026-02-12 19:23:04,630 copyAuxStoreThinned                               WARNING AthContainers/src/copyAuxStoreThinned.cxx:138: unlocked decoration UEcorr_Pt (955) in object of type xAOD::ElectronAuxContainer_v3
2026-02-12 19:23:04,652 AthMpEvtLoopMgr.SharedEvtQueueConsumer               INFO Received from the queue: event num=587 chunk size=1
2026-02-12 19:23:04,653 AthMpEvtLoopMgr.SharedEvtQueueConsumer               INFO Seek to 587 succeeded
2026-02-12 19:23:05,974 copyAuxStoreThinned                               WARNING AthContainers/src/copyAuxStoreThinned.cxx:138: unlocked decoration UEcorr_Pt (955) in object of type xAOD::ElectronAuxContainer_v3
2026-02-12 19:23:05,977 copyAuxStoreThinned                               WARNING AthContainers/src/copyAuxStoreThinned.cxx:138: unlocked decoration UEcorr_Pt (955) in object of type xAOD::MuonAuxContainer_v5
2026-02-12 19:23:05,998 AthMpEvtLoopMgr.SharedEvtQueueConsumer               INFO Received from the queue: event num=591 chunk size=1
2026-02-12 19:23:05,998 AthMpEvtLoopMgr.SharedEvtQueueConsumer               INFO Seek to 591 succeeded
2026-02-12 19:23:07,532 copyAuxStoreThinned                               WARNING AthContainers/src/copyAuxStoreThinned.cxx:138: unlocked decoration UEcorr_Pt (955) in object of type xAOD::ElectronAuxContainer_v3
2026-02-12 19:23:07,537 copyAuxStoreThinned                               WARNING AthContainers/src/copyAuxStoreThinned.cxx:138: unlocked decoration UEcorr_Pt (955) in object of type xAOD::MuonAuxContainer_v5
2026-02-12 19:23:07,558 AthMpEvtLoopMgr.SharedEvtQueueConsumer               INFO Received from the queue: event num=596 chunk size=1
2026-02-12 19:23:07,559 AthMpEvtLoopMgr.SharedEvtQueueConsumer               INFO Seek to 596 succeeded
2026-02-12 19:23:08,935 copyAuxStoreThinned                               WARNING AthContainers/src/copyAuxStoreThinned.cxx:138: unlocked decoration UEcorr_Pt (955) in object of type xAOD::ElectronAuxContainer_v3
2026-02-12 19:23:08,939 copyAuxStoreThinned                               WARNING AthContainers/src/copyAuxStoreThinned.cxx:138: unlocked decoration UEcorr_Pt (955) in object of type xAOD::MuonAuxContainer_v5
2026-02-12 19:23:08,958 AthMpEvtLoopMgr.SharedEvtQueueConsumer               INFO Received from the queue: event num=600 chunk size=1
2026-02-12 19:23:08,958 AthMpEvtLoopMgr.SharedEvtQueueConsumer               INFO Seek to 600 succeeded
2026-02-12 19:23:10,058 copyAuxStoreThinned                               WARNING AthContainers/src/copyAuxStoreThinned.cxx:138: unlocked decoration UEcorr_Pt (955) in object of type xAOD::ElectronAuxContainer_v3
2026-02-12 19:23:10,061 copyAuxStoreThinned                               WARNING AthContainers/src/copyAuxStoreThinned.cxx:138: unlocked decoration UEcorr_Pt (955) in object of type xAOD::MuonAuxContainer_v5
2026-02-12 19:23:10,078 AthMpEvtLoopMgr.SharedEvtQueueConsumer               INFO Received from the queue: event num=604 chunk size=1
2026-02-12 19:23:10,079 AthMpEvtLoopMgr.SharedEvtQueueConsumer               INFO Seek to 604 succeeded
2026-02-12 19:23:10,195 PerfMonMTSvc                                         INFO Event [  146] CPU Time: 00h03m26s, Wall Time: 00h05m36s, Vmem: 6.13 GB, Rss: 4.84 GB, Pss: 2.81 GB, Swap: 0.00 KB
2026-02-12 19:23:11,684 copyAuxStoreThinned                               WARNING AthContainers/src/copyAuxStoreThinned.cxx:138: unlocked decoration UEcorr_Pt (955) in object of type xAOD::ElectronAuxContainer_v3
2026-02-12 19:23:11,687 copyAuxStoreThinned                               WARNING AthContainers/src/copyAuxStoreThinned.cxx:138: unlocked decoration UEcorr_Pt (955) in object of type xAOD::MuonAuxContainer_v5
2026-02-12 19:23:11,706 AthMpEvtLoopMgr.SharedEvtQueueConsumer               INFO Received from the queue: event num=608 chunk size=1
2026-02-12 19:23:11,706 AthMpEvtLoopMgr.SharedEvtQueueConsumer               INFO Seek to 608 succeeded
2026-02-12 19:23:13,128 copyAuxStoreThinned                               WARNING AthContainers/src/copyAuxStoreThinned.cxx:138: unlocked decoration UEcorr_Pt (955) in object of type xAOD::ElectronAuxContainer_v3
2026-02-12 19:23:13,132 copyAuxStoreThinned                               WARNING AthContainers/src/copyAuxStoreThinned.cxx:138: unlocked decoration UEcorr_Pt (955) in object of type xAOD::MuonAuxContainer_v5
2026-02-12 19:23:13,153 AthMpEvtLoopMgr.SharedEvtQueueConsumer               INFO Received from the queue: event num=611 chunk size=1
2026-02-12 19:23:13,153 AthMpEvtLoopMgr.SharedEvtQueueConsumer               INFO Seek to 611 succeeded
2026-02-12 19:23:15,073 copyAuxStoreThinned                               WARNING AthContainers/src/copyAuxStoreThinned.cxx:138: unlocked decoration UEcorr_Pt (955) in object of type xAOD::ElectronAuxContainer_v3
2026-02-12 19:23:15,077 copyAuxStoreThinned                               WARNING AthContainers/src/copyAuxStoreThinned.cxx:138: unlocked decoration UEcorr_Pt (955) in object of type xAOD::MuonAuxContainer_v5
2026-02-12 19:23:15,098 AthMpEvtLoopMgr.SharedEvtQueueConsumer               INFO Received from the queue: event num=615 chunk size=1
2026-02-12 19:23:15,098 AthMpEvtLoopMgr.SharedEvtQueueConsumer               INFO Seek to 615 succeeded
2026-02-12 19:23:16,376 copyAuxStoreThinned                               WARNING AthContainers/src/copyAuxStoreThinned.cxx:138: unlocked decoration UEcorr_Pt (955) in object of type xAOD::ElectronAuxContainer_v3
2026-02-12 19:23:16,380 copyAuxStoreThinned                               WARNING AthContainers/src/copyAuxStoreThinned.cxx:138: unlocked decoration UEcorr_Pt (955) in object of type xAOD::MuonAuxContainer_v5
2026-02-12 19:23:16,398 AthMpEvtLoopMgr.SharedEvtQueueConsumer               INFO Received from the queue: event num=618 chunk size=1
2026-02-12 19:23:16,399 AthMpEvtLoopMgr.SharedEvtQueueConsumer               INFO Seek to 618 succeeded
2026-02-12 19:23:17,574 copyAuxStoreThinned                               WARNING AthContainers/src/copyAuxStoreThinned.cxx:138: unlocked decoration UEcorr_Pt (955) in object of type xAOD::ElectronAuxContainer_v3
2026-02-12 19:23:17,596 AthMpEvtLoopMgr.SharedEvtQueueConsumer               INFO Received from the queue: event num=622 chunk size=1
2026-02-12 19:23:17,596 AthMpEvtLoopMgr.SharedEvtQueueConsumer               INFO Seek to 622 succeeded
2026-02-12 19:23:19,259 copyAuxStoreThinned                               WARNING AthContainers/src/copyAuxStoreThinned.cxx:138: unlocked decoration UEcorr_Pt (955) in object of type xAOD::ElectronAuxContainer_v3
2026-02-12 19:23:19,263 copyAuxStoreThinned                               WARNING AthContainers/src/copyAuxStoreThinned.cxx:138: unlocked decoration UEcorr_Pt (955) in object of type xAOD::MuonAuxContainer_v5
2026-02-12 19:23:19,283 AthMpEvtLoopMgr.SharedEvtQueueConsumer               INFO Received from the queue: event num=626 chunk size=1
2026-02-12 19:23:19,283 AthMpEvtLoopMgr.SharedEvtQueueConsumer               INFO Seek to 626 succeeded
2026-02-12 19:23:20,446 copyAuxStoreThinned                               WARNING AthContainers/src/copyAuxStoreThinned.cxx:138: unlocked decoration UEcorr_Pt (955) in object of type xAOD::ElectronAuxContainer_v3
2026-02-12 19:23:20,450 copyAuxStoreThinned                               WARNING AthContainers/src/copyAuxStoreThinned.cxx:138: unlocked decoration UEcorr_Pt (955) in object of type xAOD::MuonAuxContainer_v5
2026-02-12 19:23:20,468 AthMpEvtLoopMgr.SharedEvtQueueConsumer               INFO Received from the queue: event num=629 chunk size=1
2026-02-12 19:23:20,469 AthMpEvtLoopMgr.SharedEvtQueueConsumer               INFO Seek to 629 succeeded
2026-02-12 19:23:21,958 copyAuxStoreThinned                               WARNING AthContainers/src/copyAuxStoreThinned.cxx:138: unlocked decoration UEcorr_Pt (955) in object of type xAOD::ElectronAuxContainer_v3
2026-02-12 19:23:21,962 copyAuxStoreThinned                               WARNING AthContainers/src/copyAuxStoreThinned.cxx:138: unlocked decoration UEcorr_Pt (955) in object of type xAOD::MuonAuxContainer_v5
2026-02-12 19:23:21,981 AthMpEvtLoopMgr.SharedEvtQueueConsumer               INFO Received from the queue: event num=633 chunk size=1
2026-02-12 19:23:21,982 AthMpEvtLoopMgr.SharedEvtQueueConsumer               INFO Seek to 633 succeeded
2026-02-12 19:23:23,058 copyAuxStoreThinned                               WARNING AthContainers/src/copyAuxStoreThinned.cxx:138: unlocked decoration UEcorr_Pt (955) in object of type xAOD::ElectronAuxContainer_v3
2026-02-12 19:23:23,061 copyAuxStoreThinned                               WARNING AthContainers/src/copyAuxStoreThinned.cxx:138: unlocked decoration UEcorr_Pt (955) in object of type xAOD::MuonAuxContainer_v5
2026-02-12 19:23:23,079 AthMpEvtLoopMgr.SharedEvtQueueConsumer               INFO Received from the queue: event num=637 chunk size=1
2026-02-12 19:23:23,079 AthMpEvtLoopMgr.SharedEvtQueueConsumer               INFO Seek to 637 succeeded
2026-02-12 19:23:24,259 copyAuxStoreThinned                               WARNING AthContainers/src/copyAuxStoreThinned.cxx:138: unlocked decoration UEcorr_Pt (955) in object of type xAOD::ElectronAuxContainer_v3
2026-02-12 19:23:24,262 copyAuxStoreThinned                               WARNING AthContainers/src/copyAuxStoreThinned.cxx:138: unlocked decoration UEcorr_Pt (955) in object of type xAOD::MuonAuxContainer_v5
2026-02-12 19:23:24,280 AthMpEvtLoopMgr.SharedEvtQueueConsumer               INFO Received from the queue: event num=639 chunk size=1
2026-02-12 19:23:24,280 AthMpEvtLoopMgr.SharedEvtQueueConsumer               INFO Seek to 639 succeeded
2026-02-12 19:23:25,367 copyAuxStoreThinned                               WARNING AthContainers/src/copyAuxStoreThinned.cxx:138: unlocked decoration UEcorr_Pt (955) in object of type xAOD::ElectronAuxContainer_v3
2026-02-12 19:23:25,371 copyAuxStoreThinned                               WARNING AthContainers/src/copyAuxStoreThinned.cxx:138: unlocked decoration UEcorr_Pt (955) in object of type xAOD::MuonAuxContainer_v5
2026-02-12 19:23:25,391 AthMpEvtLoopMgr.SharedEvtQueueConsumer               INFO Received from the queue: event num=642 chunk size=1
2026-02-12 19:23:25,392 AthMpEvtLoopMgr.SharedEvtQueueConsumer               INFO Seek to 642 succeeded
2026-02-12 19:23:26,978 copyAuxStoreThinned                               WARNING AthContainers/src/copyAuxStoreThinned.cxx:138: unlocked decoration UEcorr_Pt (955) in object of type xAOD::ElectronAuxContainer_v3
2026-02-12 19:23:27,003 AthMpEvtLoopMgr.SharedEvtQueueConsumer               INFO Received from the queue: event num=647 chunk size=1
2026-02-12 19:23:27,004 AthMpEvtLoopMgr.SharedEvtQueueConsumer               INFO Seek to 647 succeeded
2026-02-12 19:23:28,323 copyAuxStoreThinned                               WARNING AthContainers/src/copyAuxStoreThinned.cxx:138: unlocked decoration UEcorr_Pt (955) in object of type xAOD::ElectronAuxContainer_v3
2026-02-12 19:23:28,326 copyAuxStoreThinned                               WARNING AthContainers/src/copyAuxStoreThinned.cxx:138: unlocked decoration UEcorr_Pt (955) in object of type xAOD::MuonAuxContainer_v5
2026-02-12 19:23:28,347 AthMpEvtLoopMgr.SharedEvtQueueConsumer               INFO Received from the queue: event num=650 chunk size=1
2026-02-12 19:23:28,347 AthMpEvtLoopMgr.SharedEvtQueueConsumer               INFO Seek to 650 succeeded
2026-02-12 19:23:29,994 copyAuxStoreThinned                               WARNING AthContainers/src/copyAuxStoreThinned.cxx:138: unlocked decoration UEcorr_Pt (955) in object of type xAOD::ElectronAuxContainer_v3
2026-02-12 19:23:30,004 copyAuxStoreThinned                               WARNING AthContainers/src/copyAuxStoreThinned.cxx:138: unlocked decoration UEcorr_Pt (955) in object of type xAOD::MuonAuxContainer_v5
2026-02-12 19:23:30,026 AthMpEvtLoopMgr.SharedEvtQueueConsumer               INFO Received from the queue: event num=656 chunk size=1
2026-02-12 19:23:30,027 AthMpEvtLoopMgr.SharedEvtQueueConsumer               INFO Seek to 656 succeeded
2026-02-12 19:23:31,335 copyAuxStoreThinned                               WARNING AthContainers/src/copyAuxStoreThinned.cxx:138: unlocked decoration UEcorr_Pt (955) in object of type xAOD::ElectronAuxContainer_v3
2026-02-12 19:23:31,339 copyAuxStoreThinned                               WARNING AthContainers/src/copyAuxStoreThinned.cxx:138: unlocked decoration UEcorr_Pt (955) in object of type xAOD::MuonAuxContainer_v5
2026-02-12 19:23:31,358 AthMpEvtLoopMgr.SharedEvtQueueConsumer               INFO Received from the queue: event num=658 chunk size=1
2026-02-12 19:23:31,359 AthMpEvtLoopMgr.SharedEvtQueueConsumer               INFO Seek to 658 succeeded
2026-02-12 19:23:32,831 copyAuxStoreThinned                               WARNING AthContainers/src/copyAuxStoreThinned.cxx:138: unlocked decoration UEcorr_Pt (955) in object of type xAOD::ElectronAuxContainer_v3
2026-02-12 19:23:32,835 copyAuxStoreThinned                               WARNING AthContainers/src/copyAuxStoreThinned.cxx:138: unlocked decoration UEcorr_Pt (955) in object of type xAOD::MuonAuxContainer_v5
2026-02-12 19:23:32,853 AthMpEvtLoopMgr.SharedEvtQueueConsumer               INFO Received from the queue: event num=663 chunk size=1
2026-02-12 19:23:32,853 AthMpEvtLoopMgr.SharedEvtQueueConsumer               INFO Seek to 663 succeeded
2026-02-12 19:23:34,088 copyAuxStoreThinned                               WARNING AthContainers/src/copyAuxStoreThinned.cxx:138: unlocked decoration UEcorr_Pt (955) in object of type xAOD::ElectronAuxContainer_v3
2026-02-12 19:23:34,092 copyAuxStoreThinned                               WARNING AthContainers/src/copyAuxStoreThinned.cxx:138: unlocked decoration UEcorr_Pt (955) in object of type xAOD::MuonAuxContainer_v5
2026-02-12 19:23:34,110 AthMpEvtLoopMgr.SharedEvtQueueConsumer               INFO Received from the queue: event num=665 chunk size=1
2026-02-12 19:23:34,111 AthMpEvtLoopMgr.SharedEvtQueueConsumer               INFO Seek to 665 succeeded
2026-02-12 19:23:35,842 copyAuxStoreThinned                               WARNING AthContainers/src/copyAuxStoreThinned.cxx:138: unlocked decoration UEcorr_Pt (955) in object of type xAOD::ElectronAuxContainer_v3
2026-02-12 19:23:35,846 copyAuxStoreThinned                               WARNING AthContainers/src/copyAuxStoreThinned.cxx:138: unlocked decoration UEcorr_Pt (955) in object of type xAOD::MuonAuxContainer_v5
2026-02-12 19:23:35,865 AthMpEvtLoopMgr.SharedEvtQueueConsumer               INFO Received from the queue: event num=670 chunk size=1
2026-02-12 19:23:35,865 AthMpEvtLoopMgr.SharedEvtQueueConsumer               INFO Seek to 670 succeeded
2026-02-12 19:23:37,192 copyAuxStoreThinned                               WARNING AthContainers/src/copyAuxStoreThinned.cxx:138: unlocked decoration UEcorr_Pt (955) in object of type xAOD::ElectronAuxContainer_v3
2026-02-12 19:23:37,196 copyAuxStoreThinned                               WARNING AthContainers/src/copyAuxStoreThinned.cxx:138: unlocked decoration UEcorr_Pt (955) in object of type xAOD::MuonAuxContainer_v5
2026-02-12 19:23:37,216 AthMpEvtLoopMgr.SharedEvtQueueConsumer               INFO Received from the queue: event num=674 chunk size=1
2026-02-12 19:23:37,216 AthMpEvtLoopMgr.SharedEvtQueueConsumer               INFO Seek to 674 succeeded
2026-02-12 19:23:38,545 copyAuxStoreThinned                               WARNING AthContainers/src/copyAuxStoreThinned.cxx:138: unlocked decoration UEcorr_Pt (955) in object of type xAOD::ElectronAuxContainer_v3
2026-02-12 19:23:38,549 copyAuxStoreThinned                               WARNING AthContainers/src/copyAuxStoreThinned.cxx:138: unlocked decoration UEcorr_Pt (955) in object of type xAOD::MuonAuxContainer_v5
2026-02-12 19:23:38,569 AthMpEvtLoopMgr.SharedEvtQueueConsumer               INFO Received from the queue: event num=678 chunk size=1
2026-02-12 19:23:38,569 AthMpEvtLoopMgr.SharedEvtQueueConsumer               INFO Seek to 678 succeeded
2026-02-12 19:23:39,504 copyAuxStoreThinned                               WARNING AthContainers/src/copyAuxStoreThinned.cxx:138: unlocked decoration UEcorr_Pt (955) in object of type xAOD::ElectronAuxContainer_v3
2026-02-12 19:23:39,507 copyAuxStoreThinned                               WARNING AthContainers/src/copyAuxStoreThinned.cxx:138: unlocked decoration UEcorr_Pt (955) in object of type xAOD::MuonAuxContainer_v5
2026-02-12 19:23:39,525 AthMpEvtLoopMgr.SharedEvtQueueConsumer               INFO Received from the queue: event num=682 chunk size=1
2026-02-12 19:23:39,525 AthMpEvtLoopMgr.SharedEvtQueueConsumer               INFO Seek to 682 succeeded
2026-02-12 19:23:40,630 copyAuxStoreThinned                               WARNING AthContainers/src/copyAuxStoreThinned.cxx:138: unlocked decoration UEcorr_Pt (955) in object of type xAOD::ElectronAuxContainer_v3
2026-02-12 19:23:40,634 copyAuxStoreThinned                               WARNING AthContainers/src/copyAuxStoreThinned.cxx:138: unlocked decoration UEcorr_Pt (955) in object of type xAOD::MuonAuxContainer_v5
2026-02-12 19:23:40,653 AthMpEvtLoopMgr.SharedEvtQueueConsumer               INFO Received from the queue: event num=683 chunk size=1
2026-02-12 19:23:40,653 AthMpEvtLoopMgr.SharedEvtQueueConsumer               INFO Seek to 683 succeeded
2026-02-12 19:23:40,771 PerfMonMTSvc                                         INFO Event [  168] CPU Time: 00h03m56s, Wall Time: 00h06m06s, Vmem: 6.25 GB, Rss: 4.95 GB, Pss: 2.92 GB, Swap: 0.00 KB
2026-02-12 19:23:41,870 copyAuxStoreThinned                               WARNING AthContainers/src/copyAuxStoreThinned.cxx:138: unlocked decoration UEcorr_Pt (955) in object of type xAOD::ElectronAuxContainer_v3
2026-02-12 19:23:41,874 copyAuxStoreThinned                               WARNING AthContainers/src/copyAuxStoreThinned.cxx:138: unlocked decoration UEcorr_Pt (955) in object of type xAOD::MuonAuxContainer_v5
2026-02-12 19:23:41,894 AthMpEvtLoopMgr.SharedEvtQueueConsumer               INFO Received from the queue: event num=688 chunk size=1
2026-02-12 19:23:41,894 AthMpEvtLoopMgr.SharedEvtQueueConsumer               INFO Seek to 688 succeeded
2026-02-12 19:23:43,567 copyAuxStoreThinned                               WARNING AthContainers/src/copyAuxStoreThinned.cxx:138: unlocked decoration UEcorr_Pt (955) in object of type xAOD::ElectronAuxContainer_v3
2026-02-12 19:23:43,571 copyAuxStoreThinned                               WARNING AthContainers/src/copyAuxStoreThinned.cxx:138: unlocked decoration UEcorr_Pt (955) in object of type xAOD::MuonAuxContainer_v5
2026-02-12 19:23:43,593 AthMpEvtLoopMgr.SharedEvtQueueConsumer               INFO Received from the queue: event num=693 chunk size=1
2026-02-12 19:23:43,593 AthMpEvtLoopMgr.SharedEvtQueueConsumer               INFO Seek to 693 succeeded
2026-02-12 19:23:44,973 copyAuxStoreThinned                               WARNING AthContainers/src/copyAuxStoreThinned.cxx:138: unlocked decoration UEcorr_Pt (955) in object of type xAOD::ElectronAuxContainer_v3
2026-02-12 19:23:44,976 copyAuxStoreThinned                               WARNING AthContainers/src/copyAuxStoreThinned.cxx:138: unlocked decoration UEcorr_Pt (955) in object of type xAOD::MuonAuxContainer_v5
2026-02-12 19:23:44,997 AthMpEvtLoopMgr.SharedEvtQueueConsumer               INFO Received from the queue: event num=697 chunk size=1
2026-02-12 19:23:44,998 AthMpEvtLoopMgr.SharedEvtQueueConsumer               INFO Seek to 697 succeeded
2026-02-12 19:23:46,180 copyAuxStoreThinned                               WARNING AthContainers/src/copyAuxStoreThinned.cxx:138: unlocked decoration UEcorr_Pt (955) in object of type xAOD::ElectronAuxContainer_v3
2026-02-12 19:23:46,185 copyAuxStoreThinned                               WARNING AthContainers/src/copyAuxStoreThinned.cxx:138: unlocked decoration UEcorr_Pt (955) in object of type xAOD::MuonAuxContainer_v5
2026-02-12 19:23:46,204 AthMpEvtLoopMgr.SharedEvtQueueConsumer               INFO Received from the queue: event num=701 chunk size=1
2026-02-12 19:23:46,204 AthMpEvtLoopMgr.SharedEvtQueueConsumer               INFO Seek to 701 succeeded
2026-02-12 19:23:47,441 copyAuxStoreThinned                               WARNING AthContainers/src/copyAuxStoreThinned.cxx:138: unlocked decoration UEcorr_Pt (955) in object of type xAOD::ElectronAuxContainer_v3
2026-02-12 19:23:47,445 copyAuxStoreThinned                               WARNING AthContainers/src/copyAuxStoreThinned.cxx:138: unlocked decoration UEcorr_Pt (955) in object of type xAOD::MuonAuxContainer_v5
2026-02-12 19:23:47,463 AthMpEvtLoopMgr.SharedEvtQueueConsumer               INFO Received from the queue: event num=704 chunk size=1
2026-02-12 19:23:47,463 AthMpEvtLoopMgr.SharedEvtQueueConsumer               INFO Seek to 704 succeeded
2026-02-12 19:23:48,802 copyAuxStoreThinned                               WARNING AthContainers/src/copyAuxStoreThinned.cxx:138: unlocked decoration UEcorr_Pt (955) in object of type xAOD::ElectronAuxContainer_v3
2026-02-12 19:23:48,806 copyAuxStoreThinned                               WARNING AthContainers/src/copyAuxStoreThinned.cxx:138: unlocked decoration UEcorr_Pt (955) in object of type xAOD::MuonAuxContainer_v5
2026-02-12 19:23:48,825 AthMpEvtLoopMgr.SharedEvtQueueConsumer               INFO Received from the queue: event num=708 chunk size=1
2026-02-12 19:23:48,826 AthMpEvtLoopMgr.SharedEvtQueueConsumer               INFO Seek to 708 succeeded
2026-02-12 19:23:50,238 copyAuxStoreThinned                               WARNING AthContainers/src/copyAuxStoreThinned.cxx:138: unlocked decoration UEcorr_Pt (955) in object of type xAOD::ElectronAuxContainer_v3
2026-02-12 19:23:50,242 copyAuxStoreThinned                               WARNING AthContainers/src/copyAuxStoreThinned.cxx:138: unlocked decoration UEcorr_Pt (955) in object of type xAOD::MuonAuxContainer_v5
2026-02-12 19:23:50,261 AthMpEvtLoopMgr.SharedEvtQueueConsumer               INFO Received from the queue: event num=711 chunk size=1
2026-02-12 19:23:50,261 AthMpEvtLoopMgr.SharedEvtQueueConsumer               INFO Seek to 711 succeeded
2026-02-12 19:23:51,945 copyAuxStoreThinned                               WARNING AthContainers/src/copyAuxStoreThinned.cxx:138: unlocked decoration UEcorr_Pt (955) in object of type xAOD::ElectronAuxContainer_v3
2026-02-12 19:23:51,949 copyAuxStoreThinned                               WARNING AthContainers/src/copyAuxStoreThinned.cxx:138: unlocked decoration UEcorr_Pt (955) in object of type xAOD::MuonAuxContainer_v5
2026-02-12 19:23:51,970 AthMpEvtLoopMgr.SharedEvtQueueConsumer               INFO Received from the queue: event num=715 chunk size=1
2026-02-12 19:23:51,971 AthMpEvtLoopMgr.SharedEvtQueueConsumer               INFO Seek to 715 succeeded
2026-02-12 19:23:53,431 copyAuxStoreThinned                               WARNING AthContainers/src/copyAuxStoreThinned.cxx:138: unlocked decoration UEcorr_Pt (955) in object of type xAOD::ElectronAuxContainer_v3
2026-02-12 19:23:53,454 AthMpEvtLoopMgr.SharedEvtQueueConsumer               INFO Received from the queue: event num=720 chunk size=1
2026-02-12 19:23:53,455 AthMpEvtLoopMgr.SharedEvtQueueConsumer               INFO Seek to 720 succeeded
2026-02-12 19:23:54,959 copyAuxStoreThinned                               WARNING AthContainers/src/copyAuxStoreThinned.cxx:138: unlocked decoration UEcorr_Pt (955) in object of type xAOD::ElectronAuxContainer_v3
2026-02-12 19:23:54,963 copyAuxStoreThinned                               WARNING AthContainers/src/copyAuxStoreThinned.cxx:138: unlocked decoration UEcorr_Pt (955) in object of type xAOD::MuonAuxContainer_v5
2026-02-12 19:23:54,981 AthMpEvtLoopMgr.SharedEvtQueueConsumer               INFO Received from the queue: event num=724 chunk size=1
2026-02-12 19:23:54,982 AthMpEvtLoopMgr.SharedEvtQueueConsumer               INFO Seek to 724 succeeded
2026-02-12 19:23:56,100 copyAuxStoreThinned                               WARNING AthContainers/src/copyAuxStoreThinned.cxx:138: unlocked decoration UEcorr_Pt (955) in object of type xAOD::ElectronAuxContainer_v3
2026-02-12 19:23:56,104 copyAuxStoreThinned                               WARNING AthContainers/src/copyAuxStoreThinned.cxx:138: unlocked decoration UEcorr_Pt (955) in object of type xAOD::MuonAuxContainer_v5
2026-02-12 19:23:56,123 AthMpEvtLoopMgr.SharedEvtQueueConsumer               INFO Received from the queue: event num=727 chunk size=1
2026-02-12 19:23:56,123 AthMpEvtLoopMgr.SharedEvtQueueConsumer               INFO Seek to 727 succeeded
2026-02-12 19:23:57,643 copyAuxStoreThinned                               WARNING AthContainers/src/copyAuxStoreThinned.cxx:138: unlocked decoration UEcorr_Pt (955) in object of type xAOD::ElectronAuxContainer_v3
2026-02-12 19:23:57,646 copyAuxStoreThinned                               WARNING AthContainers/src/copyAuxStoreThinned.cxx:138: unlocked decoration UEcorr_Pt (955) in object of type xAOD::MuonAuxContainer_v5
2026-02-12 19:23:57,667 AthMpEvtLoopMgr.SharedEvtQueueConsumer               INFO Received from the queue: event num=731 chunk size=1
2026-02-12 19:23:57,667 AthMpEvtLoopMgr.SharedEvtQueueConsumer               INFO Seek to 731 succeeded
2026-02-12 19:23:59,020 copyAuxStoreThinned                               WARNING AthContainers/src/copyAuxStoreThinned.cxx:138: unlocked decoration UEcorr_Pt (955) in object of type xAOD::ElectronAuxContainer_v3
2026-02-12 19:23:59,024 copyAuxStoreThinned                               WARNING AthContainers/src/copyAuxStoreThinned.cxx:138: unlocked decoration UEcorr_Pt (955) in object of type xAOD::MuonAuxContainer_v5
2026-02-12 19:23:59,044 AthMpEvtLoopMgr.SharedEvtQueueConsumer               INFO Received from the queue: event num=734 chunk size=1
2026-02-12 19:23:59,044 AthMpEvtLoopMgr.SharedEvtQueueConsumer               INFO Seek to 734 succeeded
2026-02-12 19:24:00,806 copyAuxStoreThinned                               WARNING AthContainers/src/copyAuxStoreThinned.cxx:138: unlocked decoration UEcorr_Pt (955) in object of type xAOD::ElectronAuxContainer_v3
2026-02-12 19:24:00,809 copyAuxStoreThinned                               WARNING AthContainers/src/copyAuxStoreThinned.cxx:138: unlocked decoration UEcorr_Pt (955) in object of type xAOD::MuonAuxContainer_v5
2026-02-12 19:24:00,831 AthMpEvtLoopMgr.SharedEvtQueueConsumer               INFO Received from the queue: event num=739 chunk size=1
2026-02-12 19:24:00,831 AthMpEvtLoopMgr.SharedEvtQueueConsumer               INFO Seek to 739 succeeded
2026-02-12 19:24:02,087 copyAuxStoreThinned                               WARNING AthContainers/src/copyAuxStoreThinned.cxx:138: unlocked decoration UEcorr_Pt (955) in object of type xAOD::ElectronAuxContainer_v3
2026-02-12 19:24:02,091 copyAuxStoreThinned                               WARNING AthContainers/src/copyAuxStoreThinned.cxx:138: unlocked decoration UEcorr_Pt (955) in object of type xAOD::MuonAuxContainer_v5
2026-02-12 19:24:02,112 AthMpEvtLoopMgr.SharedEvtQueueConsumer               INFO Received from the queue: event num=741 chunk size=1
2026-02-12 19:24:02,112 AthMpEvtLoopMgr.SharedEvtQueueConsumer               INFO Seek to 741 succeeded
2026-02-12 19:24:03,712 copyAuxStoreThinned                               WARNING AthContainers/src/copyAuxStoreThinned.cxx:138: unlocked decoration UEcorr_Pt (955) in object of type xAOD::ElectronAuxContainer_v3
2026-02-12 19:24:03,715 copyAuxStoreThinned                               WARNING AthContainers/src/copyAuxStoreThinned.cxx:138: unlocked decoration UEcorr_Pt (955) in object of type xAOD::MuonAuxContainer_v5
2026-02-12 19:24:03,735 AthMpEvtLoopMgr.SharedEvtQueueConsumer               INFO Received from the queue: event num=745 chunk size=1
2026-02-12 19:24:03,735 AthMpEvtLoopMgr.SharedEvtQueueConsumer               INFO Seek to 745 succeeded
2026-02-12 19:24:05,538 copyAuxStoreThinned                               WARNING AthContainers/src/copyAuxStoreThinned.cxx:138: unlocked decoration UEcorr_Pt (955) in object of type xAOD::ElectronAuxContainer_v3
2026-02-12 19:24:05,543 copyAuxStoreThinned                               WARNING AthContainers/src/copyAuxStoreThinned.cxx:138: unlocked decoration UEcorr_Pt (955) in object of type xAOD::MuonAuxContainer_v5
2026-02-12 19:24:05,564 AthMpEvtLoopMgr.SharedEvtQueueConsumer               INFO Received from the queue: event num=749 chunk size=1
2026-02-12 19:24:05,565 AthMpEvtLoopMgr.SharedEvtQueueConsumer               INFO Seek to 749 succeeded
2026-02-12 19:24:06,799 copyAuxStoreThinned                               WARNING AthContainers/src/copyAuxStoreThinned.cxx:138: unlocked decoration UEcorr_Pt (955) in object of type xAOD::ElectronAuxContainer_v3
2026-02-12 19:24:06,803 copyAuxStoreThinned                               WARNING AthContainers/src/copyAuxStoreThinned.cxx:138: unlocked decoration UEcorr_Pt (955) in object of type xAOD::MuonAuxContainer_v5
2026-02-12 19:24:06,822 AthMpEvtLoopMgr.SharedEvtQueueConsumer               INFO Received from the queue: event num=753 chunk size=1
2026-02-12 19:24:06,822 AthMpEvtLoopMgr.SharedEvtQueueConsumer               INFO Seek to 753 succeeded
2026-02-12 19:24:08,545 copyAuxStoreThinned                               WARNING AthContainers/src/copyAuxStoreThinned.cxx:138: unlocked decoration UEcorr_Pt (955) in object of type xAOD::ElectronAuxContainer_v3
2026-02-12 19:24:08,549 copyAuxStoreThinned                               WARNING AthContainers/src/copyAuxStoreThinned.cxx:138: unlocked decoration UEcorr_Pt (955) in object of type xAOD::MuonAuxContainer_v5
2026-02-12 19:24:08,569 AthMpEvtLoopMgr.SharedEvtQueueConsumer               INFO Received from the queue: event num=757 chunk size=1
2026-02-12 19:24:08,569 AthMpEvtLoopMgr.SharedEvtQueueConsumer               INFO Seek to 757 succeeded
2026-02-12 19:24:09,690 copyAuxStoreThinned                               WARNING AthContainers/src/copyAuxStoreThinned.cxx:138: unlocked decoration UEcorr_Pt (955) in object of type xAOD::ElectronAuxContainer_v3
2026-02-12 19:24:09,694 copyAuxStoreThinned                               WARNING AthContainers/src/copyAuxStoreThinned.cxx:138: unlocked decoration UEcorr_Pt (955) in object of type xAOD::MuonAuxContainer_v5
2026-02-12 19:24:09,713 AthMpEvtLoopMgr.SharedEvtQueueConsumer               INFO Received from the queue: event num=761 chunk size=1
2026-02-12 19:24:09,713 AthMpEvtLoopMgr.SharedEvtQueueConsumer               INFO Seek to 761 succeeded
2026-02-12 19:24:10,850 copyAuxStoreThinned                               WARNING AthContainers/src/copyAuxStoreThinned.cxx:138: unlocked decoration UEcorr_Pt (955) in object of type xAOD::ElectronAuxContainer_v3
2026-02-12 19:24:10,853 copyAuxStoreThinned                               WARNING AthContainers/src/copyAuxStoreThinned.cxx:138: unlocked decoration UEcorr_Pt (955) in object of type xAOD::MuonAuxContainer_v5
2026-02-12 19:24:10,870 AthMpEvtLoopMgr.SharedEvtQueueConsumer               INFO Received from the queue: event num=765 chunk size=1
2026-02-12 19:24:10,871 AthMpEvtLoopMgr.SharedEvtQueueConsumer               INFO Seek to 765 succeeded
2026-02-12 19:24:10,987 PerfMonMTSvc                                         INFO Event [  189] CPU Time: 00h04m26s, Wall Time: 00h06m37s, Vmem: 6.25 GB, Rss: 4.95 GB, Pss: 2.92 GB, Swap: 0.00 KB
2026-02-12 19:24:12,183 copyAuxStoreThinned                               WARNING AthContainers/src/copyAuxStoreThinned.cxx:138: unlocked decoration UEcorr_Pt (955) in object of type xAOD::ElectronAuxContainer_v3
2026-02-12 19:24:12,187 copyAuxStoreThinned                               WARNING AthContainers/src/copyAuxStoreThinned.cxx:138: unlocked decoration UEcorr_Pt (955) in object of type xAOD::MuonAuxContainer_v5
2026-02-12 19:24:12,205 AthMpEvtLoopMgr.SharedEvtQueueConsumer               INFO Received from the queue: event num=768 chunk size=1
2026-02-12 19:24:12,205 AthMpEvtLoopMgr.SharedEvtQueueConsumer               INFO Seek to 768 succeeded
2026-02-12 19:24:13,763 copyAuxStoreThinned                               WARNING AthContainers/src/copyAuxStoreThinned.cxx:138: unlocked decoration UEcorr_Pt (955) in object of type xAOD::ElectronAuxContainer_v3
2026-02-12 19:24:13,766 copyAuxStoreThinned                               WARNING AthContainers/src/copyAuxStoreThinned.cxx:138: unlocked decoration UEcorr_Pt (955) in object of type xAOD::MuonAuxContainer_v5
2026-02-12 19:24:13,786 AthMpEvtLoopMgr.SharedEvtQueueConsumer               INFO Received from the queue: event num=772 chunk size=1
2026-02-12 19:24:13,786 AthMpEvtLoopMgr.SharedEvtQueueConsumer               INFO Seek to 772 succeeded
2026-02-12 19:24:15,390 copyAuxStoreThinned                               WARNING AthContainers/src/copyAuxStoreThinned.cxx:138: unlocked decoration UEcorr_Pt (955) in object of type xAOD::ElectronAuxContainer_v3
2026-02-12 19:24:15,394 copyAuxStoreThinned                               WARNING AthContainers/src/copyAuxStoreThinned.cxx:138: unlocked decoration UEcorr_Pt (955) in object of type xAOD::MuonAuxContainer_v5
2026-02-12 19:24:15,415 AthMpEvtLoopMgr.SharedEvtQueueConsumer               INFO Received from the queue: event num=776 chunk size=1
2026-02-12 19:24:15,415 AthMpEvtLoopMgr.SharedEvtQueueConsumer               INFO Seek to 776 succeeded
2026-02-12 19:24:16,864 copyAuxStoreThinned                               WARNING AthContainers/src/copyAuxStoreThinned.cxx:138: unlocked decoration UEcorr_Pt (955) in object of type xAOD::ElectronAuxContainer_v3
2026-02-12 19:24:16,868 copyAuxStoreThinned                               WARNING AthContainers/src/copyAuxStoreThinned.cxx:138: unlocked decoration UEcorr_Pt (955) in object of type xAOD::MuonAuxContainer_v5
2026-02-12 19:24:16,888 AthMpEvtLoopMgr.SharedEvtQueueConsumer               INFO Received from the queue: event num=779 chunk size=1
2026-02-12 19:24:16,888 AthMpEvtLoopMgr.SharedEvtQueueConsumer               INFO Seek to 779 succeeded
2026-02-12 19:24:19,062 copyAuxStoreThinned                               WARNING AthContainers/src/copyAuxStoreThinned.cxx:138: unlocked decoration UEcorr_Pt (955) in object of type xAOD::ElectronAuxContainer_v3
2026-02-12 19:24:19,066 copyAuxStoreThinned                               WARNING AthContainers/src/copyAuxStoreThinned.cxx:138: unlocked decoration UEcorr_Pt (955) in object of type xAOD::MuonAuxContainer_v5
2026-02-12 19:24:19,089 AthMpEvtLoopMgr.SharedEvtQueueConsumer               INFO Received from the queue: event num=785 chunk size=1
2026-02-12 19:24:19,089 AthMpEvtLoopMgr.SharedEvtQueueConsumer               INFO Seek to 785 succeeded
2026-02-12 19:24:20,133 copyAuxStoreThinned                               WARNING AthContainers/src/copyAuxStoreThinned.cxx:138: unlocked decoration UEcorr_Pt (955) in object of type xAOD::ElectronAuxContainer_v3
2026-02-12 19:24:20,137 copyAuxStoreThinned                               WARNING AthContainers/src/copyAuxStoreThinned.cxx:138: unlocked decoration UEcorr_Pt (955) in object of type xAOD::MuonAuxContainer_v5
2026-02-12 19:24:20,154 AthMpEvtLoopMgr.SharedEvtQueueConsumer               INFO Received from the queue: event num=788 chunk size=1
2026-02-12 19:24:20,155 AthMpEvtLoopMgr.SharedEvtQueueConsumer               INFO Seek to 788 succeeded
2026-02-12 19:24:22,079 copyAuxStoreThinned                               WARNING AthContainers/src/copyAuxStoreThinned.cxx:138: unlocked decoration UEcorr_Pt (955) in object of type xAOD::ElectronAuxContainer_v3
2026-02-12 19:24:22,083 copyAuxStoreThinned                               WARNING AthContainers/src/copyAuxStoreThinned.cxx:138: unlocked decoration UEcorr_Pt (955) in object of type xAOD::MuonAuxContainer_v5
2026-02-12 19:24:22,104 AthMpEvtLoopMgr.SharedEvtQueueConsumer               INFO Received from the queue: event num=792 chunk size=1
2026-02-12 19:24:22,104 AthMpEvtLoopMgr.SharedEvtQueueConsumer               INFO Seek to 792 succeeded
2026-02-12 19:24:23,151 copyAuxStoreThinned                               WARNING AthContainers/src/copyAuxStoreThinned.cxx:138: unlocked decoration UEcorr_Pt (955) in object of type xAOD::ElectronAuxContainer_v3
2026-02-12 19:24:23,154 copyAuxStoreThinned                               WARNING AthContainers/src/copyAuxStoreThinned.cxx:138: unlocked decoration UEcorr_Pt (955) in object of type xAOD::MuonAuxContainer_v5
2026-02-12 19:24:23,173 AthMpEvtLoopMgr.SharedEvtQueueConsumer               INFO Received from the queue: event num=795 chunk size=1
2026-02-12 19:24:23,173 AthMpEvtLoopMgr.SharedEvtQueueConsumer               INFO Seek to 795 succeeded
2026-02-12 19:24:24,585 copyAuxStoreThinned                               WARNING AthContainers/src/copyAuxStoreThinned.cxx:138: unlocked decoration UEcorr_Pt (955) in object of type xAOD::ElectronAuxContainer_v3
2026-02-12 19:24:24,589 copyAuxStoreThinned                               WARNING AthContainers/src/copyAuxStoreThinned.cxx:138: unlocked decoration UEcorr_Pt (955) in object of type xAOD::MuonAuxContainer_v5
2026-02-12 19:24:24,608 AthMpEvtLoopMgr.SharedEvtQueueConsumer               INFO Received from the queue: event num=800 chunk size=1
2026-02-12 19:24:24,608 AthMpEvtLoopMgr.SharedEvtQueueConsumer               INFO Seek to 800 succeeded
2026-02-12 19:24:26,149 copyAuxStoreThinned                               WARNING AthContainers/src/copyAuxStoreThinned.cxx:138: unlocked decoration UEcorr_Pt (955) in object of type xAOD::ElectronAuxContainer_v3
2026-02-12 19:24:26,170 AthMpEvtLoopMgr.SharedEvtQueueConsumer               INFO Received from the queue: event num=805 chunk size=1
2026-02-12 19:24:26,171 AthMpEvtLoopMgr.SharedEvtQueueConsumer               INFO Seek to 805 succeeded
2026-02-12 19:24:28,270 copyAuxStoreThinned                               WARNING AthContainers/src/copyAuxStoreThinned.cxx:138: unlocked decoration UEcorr_Pt (955) in object of type xAOD::ElectronAuxContainer_v3
2026-02-12 19:24:28,274 copyAuxStoreThinned                               WARNING AthContainers/src/copyAuxStoreThinned.cxx:138: unlocked decoration UEcorr_Pt (955) in object of type xAOD::MuonAuxContainer_v5
2026-02-12 19:24:28,294 AthMpEvtLoopMgr.SharedEvtQueueConsumer               INFO Received from the queue: event num=809 chunk size=1
2026-02-12 19:24:28,294 AthMpEvtLoopMgr.SharedEvtQueueConsumer               INFO Seek to 809 succeeded
2026-02-12 19:24:29,655 copyAuxStoreThinned                               WARNING AthContainers/src/copyAuxStoreThinned.cxx:138: unlocked decoration UEcorr_Pt (955) in object of type xAOD::ElectronAuxContainer_v3
2026-02-12 19:24:29,659 copyAuxStoreThinned                               WARNING AthContainers/src/copyAuxStoreThinned.cxx:138: unlocked decoration UEcorr_Pt (955) in object of type xAOD::MuonAuxContainer_v5
2026-02-12 19:24:29,679 AthMpEvtLoopMgr.SharedEvtQueueConsumer               INFO Received from the queue: event num=811 chunk size=1
2026-02-12 19:24:29,680 AthMpEvtLoopMgr.SharedEvtQueueConsumer               INFO Seek to 811 succeeded
2026-02-12 19:24:29,681 AthenaEventLoopMgr                                   INFO   ===>>>  start processing event #334736377, run #450000 200 events processed so far  <<<===
2026-02-12 19:24:30,884 copyAuxStoreThinned                               WARNING AthContainers/src/copyAuxStoreThinned.cxx:138: unlocked decoration UEcorr_Pt (955) in object of type xAOD::ElectronAuxContainer_v3
2026-02-12 19:24:30,903 AthenaEventLoopMgr                                   INFO   ===>>>  done processing event #334736377, run #450000 201 events processed so far  <<<===
2026-02-12 19:24:31,235 AthMpEvtLoopMgr.SharedEvtQueueConsumer               INFO Received from the queue: event num=815 chunk size=1
2026-02-12 19:24:31,235 AthMpEvtLoopMgr.SharedEvtQueueConsumer               INFO Seek to 815 succeeded
2026-02-12 19:24:32,538 copyAuxStoreThinned                               WARNING AthContainers/src/copyAuxStoreThinned.cxx:138: unlocked decoration UEcorr_Pt (955) in object of type xAOD::ElectronAuxContainer_v3
2026-02-12 19:24:32,542 copyAuxStoreThinned                               WARNING AthContainers/src/copyAuxStoreThinned.cxx:138: unlocked decoration UEcorr_Pt (955) in object of type xAOD::MuonAuxContainer_v5
2026-02-12 19:24:32,560 AthMpEvtLoopMgr.SharedEvtQueueConsumer               INFO Received from the queue: event num=819 chunk size=1
2026-02-12 19:24:32,561 AthMpEvtLoopMgr.SharedEvtQueueConsumer               INFO Seek to 819 succeeded
2026-02-12 19:24:33,883 copyAuxStoreThinned                               WARNING AthContainers/src/copyAuxStoreThinned.cxx:138: unlocked decoration UEcorr_Pt (955) in object of type xAOD::ElectronAuxContainer_v3
2026-02-12 19:24:33,886 copyAuxStoreThinned                               WARNING AthContainers/src/copyAuxStoreThinned.cxx:138: unlocked decoration UEcorr_Pt (955) in object of type xAOD::MuonAuxContainer_v5
2026-02-12 19:24:33,906 AthMpEvtLoopMgr.SharedEvtQueueConsumer               INFO Received from the queue: event num=822 chunk size=1
2026-02-12 19:24:33,906 AthMpEvtLoopMgr.SharedEvtQueueConsumer               INFO Seek to 822 succeeded
2026-02-12 19:24:35,697 copyAuxStoreThinned                               WARNING AthContainers/src/copyAuxStoreThinned.cxx:138: unlocked decoration UEcorr_Pt (955) in object of type xAOD::ElectronAuxContainer_v3
2026-02-12 19:24:35,701 copyAuxStoreThinned                               WARNING AthContainers/src/copyAuxStoreThinned.cxx:138: unlocked decoration UEcorr_Pt (955) in object of type xAOD::MuonAuxContainer_v5
2026-02-12 19:24:35,721 AthMpEvtLoopMgr.SharedEvtQueueConsumer               INFO Received from the queue: event num=827 chunk size=1
2026-02-12 19:24:35,722 AthMpEvtLoopMgr.SharedEvtQueueConsumer               INFO Seek to 827 succeeded
2026-02-12 19:24:36,930 copyAuxStoreThinned                               WARNING AthContainers/src/copyAuxStoreThinned.cxx:138: unlocked decoration UEcorr_Pt (955) in object of type xAOD::ElectronAuxContainer_v3
2026-02-12 19:24:36,933 copyAuxStoreThinned                               WARNING AthContainers/src/copyAuxStoreThinned.cxx:138: unlocked decoration UEcorr_Pt (955) in object of type xAOD::MuonAuxContainer_v5
2026-02-12 19:24:36,954 AthMpEvtLoopMgr.SharedEvtQueueConsumer               INFO Received from the queue: event num=829 chunk size=1
2026-02-12 19:24:36,955 AthMpEvtLoopMgr.SharedEvtQueueConsumer               INFO Seek to 829 succeeded
2026-02-12 19:24:38,396 copyAuxStoreThinned                               WARNING AthContainers/src/copyAuxStoreThinned.cxx:138: unlocked decoration UEcorr_Pt (955) in object of type xAOD::ElectronAuxContainer_v3
2026-02-12 19:24:38,399 copyAuxStoreThinned                               WARNING AthContainers/src/copyAuxStoreThinned.cxx:138: unlocked decoration UEcorr_Pt (955) in object of type xAOD::MuonAuxContainer_v5
2026-02-12 19:24:38,419 AthMpEvtLoopMgr.SharedEvtQueueConsumer               INFO Received from the queue: event num=834 chunk size=1
2026-02-12 19:24:38,420 AthMpEvtLoopMgr.SharedEvtQueueConsumer               INFO Seek to 834 succeeded
2026-02-12 19:24:39,552 copyAuxStoreThinned                               WARNING AthContainers/src/copyAuxStoreThinned.cxx:138: unlocked decoration UEcorr_Pt (955) in object of type xAOD::ElectronAuxContainer_v3
2026-02-12 19:24:39,556 copyAuxStoreThinned                               WARNING AthContainers/src/copyAuxStoreThinned.cxx:138: unlocked decoration UEcorr_Pt (955) in object of type xAOD::MuonAuxContainer_v5
2026-02-12 19:24:39,574 AthMpEvtLoopMgr.SharedEvtQueueConsumer               INFO Received from the queue: event num=837 chunk size=1
2026-02-12 19:24:39,574 AthMpEvtLoopMgr.SharedEvtQueueConsumer               INFO Seek to 837 succeeded
2026-02-12 19:24:41,082 copyAuxStoreThinned                               WARNING AthContainers/src/copyAuxStoreThinned.cxx:138: unlocked decoration UEcorr_Pt (955) in object of type xAOD::ElectronAuxContainer_v3
2026-02-12 19:24:41,086 copyAuxStoreThinned                               WARNING AthContainers/src/copyAuxStoreThinned.cxx:138: unlocked decoration UEcorr_Pt (955) in object of type xAOD::MuonAuxContainer_v5
2026-02-12 19:24:41,106 AthMpEvtLoopMgr.SharedEvtQueueConsumer               INFO Received from the queue: event num=842 chunk size=1
2026-02-12 19:24:41,106 AthMpEvtLoopMgr.SharedEvtQueueConsumer               INFO Seek to 842 succeeded
2026-02-12 19:24:42,619 copyAuxStoreThinned                               WARNING AthContainers/src/copyAuxStoreThinned.cxx:138: unlocked decoration UEcorr_Pt (955) in object of type xAOD::ElectronAuxContainer_v3
2026-02-12 19:24:42,624 copyAuxStoreThinned                               WARNING AthContainers/src/copyAuxStoreThinned.cxx:138: unlocked decoration UEcorr_Pt (955) in object of type xAOD::MuonAuxContainer_v5
2026-02-12 19:24:42,643 AthMpEvtLoopMgr.SharedEvtQueueConsumer               INFO Received from the queue: event num=846 chunk size=1
2026-02-12 19:24:42,643 AthMpEvtLoopMgr.SharedEvtQueueConsumer               INFO Seek to 846 succeeded
2026-02-12 19:24:44,353 copyAuxStoreThinned                               WARNING AthContainers/src/copyAuxStoreThinned.cxx:138: unlocked decoration UEcorr_Pt (955) in object of type xAOD::ElectronAuxContainer_v3
2026-02-12 19:24:44,360 copyAuxStoreThinned                               WARNING AthContainers/src/copyAuxStoreThinned.cxx:138: unlocked decoration UEcorr_Pt (955) in object of type xAOD::MuonAuxContainer_v5
2026-02-12 19:24:44,381 AthMpEvtLoopMgr.SharedEvtQueueConsumer               INFO Received from the queue: event num=849 chunk size=1
2026-02-12 19:24:44,381 AthMpEvtLoopMgr.SharedEvtQueueConsumer               INFO Seek to 849 succeeded
2026-02-12 19:24:45,521 copyAuxStoreThinned                               WARNING AthContainers/src/copyAuxStoreThinned.cxx:138: unlocked decoration UEcorr_Pt (955) in object of type xAOD::ElectronAuxContainer_v3
2026-02-12 19:24:45,524 copyAuxStoreThinned                               WARNING AthContainers/src/copyAuxStoreThinned.cxx:138: unlocked decoration UEcorr_Pt (955) in object of type xAOD::MuonAuxContainer_v5
2026-02-12 19:24:45,543 AthMpEvtLoopMgr.SharedEvtQueueConsumer               INFO Received from the queue: event num=853 chunk size=1
2026-02-12 19:24:45,543 AthMpEvtLoopMgr.SharedEvtQueueConsumer               INFO Seek to 853 succeeded
2026-02-12 19:24:47,083 copyAuxStoreThinned                               WARNING AthContainers/src/copyAuxStoreThinned.cxx:138: unlocked decoration UEcorr_Pt (955) in object of type xAOD::ElectronAuxContainer_v3
2026-02-12 19:24:47,105 AthMpEvtLoopMgr.SharedEvtQueueConsumer               INFO Received from the queue: event num=857 chunk size=1
2026-02-12 19:24:47,106 AthMpEvtLoopMgr.SharedEvtQueueConsumer               INFO Seek to 857 succeeded
2026-02-12 19:24:48,521 copyAuxStoreThinned                               WARNING AthContainers/src/copyAuxStoreThinned.cxx:138: unlocked decoration UEcorr_Pt (955) in object of type xAOD::ElectronAuxContainer_v3
2026-02-12 19:24:48,525 copyAuxStoreThinned                               WARNING AthContainers/src/copyAuxStoreThinned.cxx:138: unlocked decoration UEcorr_Pt (955) in object of type xAOD::MuonAuxContainer_v5
2026-02-12 19:24:48,545 AthMpEvtLoopMgr.SharedEvtQueueConsumer               INFO Received from the queue: event num=861 chunk size=1
2026-02-12 19:24:48,545 AthMpEvtLoopMgr.SharedEvtQueueConsumer               INFO Seek to 861 succeeded
2026-02-12 19:24:49,719 copyAuxStoreThinned                               WARNING AthContainers/src/copyAuxStoreThinned.cxx:138: unlocked decoration UEcorr_Pt (955) in object of type xAOD::ElectronAuxContainer_v3
2026-02-12 19:24:49,723 copyAuxStoreThinned                               WARNING AthContainers/src/copyAuxStoreThinned.cxx:138: unlocked decoration UEcorr_Pt (955) in object of type xAOD::MuonAuxContainer_v5
2026-02-12 19:24:49,743 AthMpEvtLoopMgr.SharedEvtQueueConsumer               INFO Received from the queue: event num=863 chunk size=1
2026-02-12 19:24:49,744 AthMpEvtLoopMgr.SharedEvtQueueConsumer               INFO Seek to 863 succeeded
2026-02-12 19:24:51,124 copyAuxStoreThinned                               WARNING AthContainers/src/copyAuxStoreThinned.cxx:138: unlocked decoration UEcorr_Pt (955) in object of type xAOD::ElectronAuxContainer_v3
2026-02-12 19:24:51,146 AthMpEvtLoopMgr.SharedEvtQueueConsumer               INFO Received from the queue: event num=868 chunk size=1
2026-02-12 19:24:51,147 AthMpEvtLoopMgr.SharedEvtQueueConsumer               INFO Seek to 868 succeeded
2026-02-12 19:24:52,266 copyAuxStoreThinned                               WARNING AthContainers/src/copyAuxStoreThinned.cxx:138: unlocked decoration UEcorr_Pt (955) in object of type xAOD::ElectronAuxContainer_v3
2026-02-12 19:24:52,269 copyAuxStoreThinned                               WARNING AthContainers/src/copyAuxStoreThinned.cxx:138: unlocked decoration UEcorr_Pt (955) in object of type xAOD::MuonAuxContainer_v5
2026-02-12 19:24:52,289 AthMpEvtLoopMgr.SharedEvtQueueConsumer               INFO Received from the queue: event num=872 chunk size=1
2026-02-12 19:24:52,290 AthMpEvtLoopMgr.SharedEvtQueueConsumer               INFO Seek to 872 succeeded
2026-02-12 19:24:53,858 copyAuxStoreThinned                               WARNING AthContainers/src/copyAuxStoreThinned.cxx:138: unlocked decoration UEcorr_Pt (955) in object of type xAOD::ElectronAuxContainer_v3
2026-02-12 19:24:53,880 AthMpEvtLoopMgr.SharedEvtQueueConsumer               INFO Received from the queue: event num=876 chunk size=1
2026-02-12 19:24:53,881 AthMpEvtLoopMgr.SharedEvtQueueConsumer               INFO Seek to 876 succeeded
2026-02-12 19:24:55,902 copyAuxStoreThinned                               WARNING AthContainers/src/copyAuxStoreThinned.cxx:138: unlocked decoration UEcorr_Pt (955) in object of type xAOD::ElectronAuxContainer_v3
2026-02-12 19:24:55,905 copyAuxStoreThinned                               WARNING AthContainers/src/copyAuxStoreThinned.cxx:138: unlocked decoration UEcorr_Pt (955) in object of type xAOD::MuonAuxContainer_v5
2026-02-12 19:24:55,927 AthMpEvtLoopMgr.SharedEvtQueueConsumer               INFO Received from the queue: event num=882 chunk size=1
2026-02-12 19:24:55,927 AthMpEvtLoopMgr.SharedEvtQueueConsumer               INFO Seek to 882 succeeded
2026-02-12 19:24:57,238 copyAuxStoreThinned                               WARNING AthContainers/src/copyAuxStoreThinned.cxx:138: unlocked decoration UEcorr_Pt (955) in object of type xAOD::ElectronAuxContainer_v3
2026-02-12 19:24:57,242 copyAuxStoreThinned                               WARNING AthContainers/src/copyAuxStoreThinned.cxx:138: unlocked decoration UEcorr_Pt (955) in object of type xAOD::MuonAuxContainer_v5
2026-02-12 19:24:57,261 AthMpEvtLoopMgr.SharedEvtQueueConsumer               INFO Received from the queue: event num=885 chunk size=1
2026-02-12 19:24:57,261 AthMpEvtLoopMgr.SharedEvtQueueConsumer               INFO Seek to 885 succeeded
2026-02-12 19:24:58,287 copyAuxStoreThinned                               WARNING AthContainers/src/copyAuxStoreThinned.cxx:138: unlocked decoration UEcorr_Pt (955) in object of type xAOD::ElectronAuxContainer_v3
2026-02-12 19:24:58,290 copyAuxStoreThinned                               WARNING AthContainers/src/copyAuxStoreThinned.cxx:138: unlocked decoration UEcorr_Pt (955) in object of type xAOD::MuonAuxContainer_v5
2026-02-12 19:24:58,308 AthMpEvtLoopMgr.SharedEvtQueueConsumer               INFO Received from the queue: event num=888 chunk size=1
2026-02-12 19:24:58,308 AthMpEvtLoopMgr.SharedEvtQueueConsumer               INFO Seek to 888 succeeded
2026-02-12 19:24:59,347 copyAuxStoreThinned                               WARNING AthContainers/src/copyAuxStoreThinned.cxx:138: unlocked decoration UEcorr_Pt (955) in object of type xAOD::ElectronAuxContainer_v3
2026-02-12 19:24:59,351 copyAuxStoreThinned                               WARNING AthContainers/src/copyAuxStoreThinned.cxx:138: unlocked decoration UEcorr_Pt (955) in object of type xAOD::MuonAuxContainer_v5
2026-02-12 19:24:59,370 AthMpEvtLoopMgr.SharedEvtQueueConsumer               INFO Received from the queue: event num=891 chunk size=1
2026-02-12 19:24:59,370 AthMpEvtLoopMgr.SharedEvtQueueConsumer               INFO Seek to 891 succeeded
2026-02-12 19:25:00,617 copyAuxStoreThinned                               WARNING AthContainers/src/copyAuxStoreThinned.cxx:138: unlocked decoration UEcorr_Pt (955) in object of type xAOD::ElectronAuxContainer_v3
2026-02-12 19:25:00,621 copyAuxStoreThinned                               WARNING AthContainers/src/copyAuxStoreThinned.cxx:138: unlocked decoration UEcorr_Pt (955) in object of type xAOD::MuonAuxContainer_v5
2026-02-12 19:25:00,641 AthMpEvtLoopMgr.SharedEvtQueueConsumer               INFO Received from the queue: event num=895 chunk size=1
2026-02-12 19:25:00,641 AthMpEvtLoopMgr.SharedEvtQueueConsumer               INFO Seek to 895 succeeded
2026-02-12 19:25:01,805 copyAuxStoreThinned                               WARNING AthContainers/src/copyAuxStoreThinned.cxx:138: unlocked decoration UEcorr_Pt (955) in object of type xAOD::ElectronAuxContainer_v3
2026-02-12 19:25:01,809 copyAuxStoreThinned                               WARNING AthContainers/src/copyAuxStoreThinned.cxx:138: unlocked decoration UEcorr_Pt (955) in object of type xAOD::MuonAuxContainer_v5
2026-02-12 19:25:01,829 AthMpEvtLoopMgr.SharedEvtQueueConsumer               INFO Received from the queue: event num=899 chunk size=1
2026-02-12 19:25:01,829 AthMpEvtLoopMgr.SharedEvtQueueConsumer               INFO Seek to 899 succeeded
2026-02-12 19:25:02,818 copyAuxStoreThinned                               WARNING AthContainers/src/copyAuxStoreThinned.cxx:138: unlocked decoration UEcorr_Pt (955) in object of type xAOD::ElectronAuxContainer_v3
2026-02-12 19:25:02,822 copyAuxStoreThinned                               WARNING AthContainers/src/copyAuxStoreThinned.cxx:138: unlocked decoration UEcorr_Pt (955) in object of type xAOD::MuonAuxContainer_v5
2026-02-12 19:25:02,841 AthMpEvtLoopMgr.SharedEvtQueueConsumer               INFO Received from the queue: event num=902 chunk size=1
2026-02-12 19:25:02,841 AthMpEvtLoopMgr.SharedEvtQueueConsumer               INFO Seek to 902 succeeded
2026-02-12 19:25:04,246 copyAuxStoreThinned                               WARNING AthContainers/src/copyAuxStoreThinned.cxx:138: unlocked decoration UEcorr_Pt (955) in object of type xAOD::ElectronAuxContainer_v3
2026-02-12 19:25:04,250 copyAuxStoreThinned                               WARNING AthContainers/src/copyAuxStoreThinned.cxx:138: unlocked decoration UEcorr_Pt (955) in object of type xAOD::MuonAuxContainer_v5
2026-02-12 19:25:04,269 AthMpEvtLoopMgr.SharedEvtQueueConsumer               INFO Received from the queue: event num=905 chunk size=1
2026-02-12 19:25:04,269 AthMpEvtLoopMgr.SharedEvtQueueConsumer               INFO Seek to 905 succeeded
2026-02-12 19:25:05,554 copyAuxStoreThinned                               WARNING AthContainers/src/copyAuxStoreThinned.cxx:138: unlocked decoration UEcorr_Pt (955) in object of type xAOD::ElectronAuxContainer_v3
2026-02-12 19:25:05,558 copyAuxStoreThinned                               WARNING AthContainers/src/copyAuxStoreThinned.cxx:138: unlocked decoration UEcorr_Pt (955) in object of type xAOD::MuonAuxContainer_v5
2026-02-12 19:25:05,577 AthMpEvtLoopMgr.SharedEvtQueueConsumer               INFO Received from the queue: event num=909 chunk size=1
2026-02-12 19:25:05,578 AthMpEvtLoopMgr.SharedEvtQueueConsumer               INFO Seek to 909 succeeded
2026-02-12 19:25:07,122 copyAuxStoreThinned                               WARNING AthContainers/src/copyAuxStoreThinned.cxx:138: unlocked decoration UEcorr_Pt (955) in object of type xAOD::ElectronAuxContainer_v3
2026-02-12 19:25:07,143 AthMpEvtLoopMgr.SharedEvtQueueConsumer               INFO Received from the queue: event num=914 chunk size=1
2026-02-12 19:25:07,144 AthMpEvtLoopMgr.SharedEvtQueueConsumer               INFO Seek to 914 succeeded
2026-02-12 19:25:08,616 copyAuxStoreThinned                               WARNING AthContainers/src/copyAuxStoreThinned.cxx:138: unlocked decoration UEcorr_Pt (955) in object of type xAOD::ElectronAuxContainer_v3
2026-02-12 19:25:08,620 copyAuxStoreThinned                               WARNING AthContainers/src/copyAuxStoreThinned.cxx:138: unlocked decoration UEcorr_Pt (955) in object of type xAOD::MuonAuxContainer_v5
2026-02-12 19:25:08,640 AthMpEvtLoopMgr.SharedEvtQueueConsumer               INFO Received from the queue: event num=917 chunk size=1
2026-02-12 19:25:08,640 AthMpEvtLoopMgr.SharedEvtQueueConsumer               INFO Seek to 917 succeeded
2026-02-12 19:25:09,882 copyAuxStoreThinned                               WARNING AthContainers/src/copyAuxStoreThinned.cxx:138: unlocked decoration UEcorr_Pt (955) in object of type xAOD::ElectronAuxContainer_v3
2026-02-12 19:25:09,886 copyAuxStoreThinned                               WARNING AthContainers/src/copyAuxStoreThinned.cxx:138: unlocked decoration UEcorr_Pt (955) in object of type xAOD::MuonAuxContainer_v5
2026-02-12 19:25:09,905 AthMpEvtLoopMgr.SharedEvtQueueConsumer               INFO Received from the queue: event num=920 chunk size=1
2026-02-12 19:25:09,905 AthMpEvtLoopMgr.SharedEvtQueueConsumer               INFO Seek to 920 succeeded
2026-02-12 19:25:11,781 copyAuxStoreThinned                               WARNING AthContainers/src/copyAuxStoreThinned.cxx:138: unlocked decoration UEcorr_Pt (955) in object of type xAOD::ElectronAuxContainer_v3
2026-02-12 19:25:11,784 copyAuxStoreThinned                               WARNING AthContainers/src/copyAuxStoreThinned.cxx:138: unlocked decoration UEcorr_Pt (955) in object of type xAOD::MuonAuxContainer_v5
2026-02-12 19:25:11,803 AthMpEvtLoopMgr.SharedEvtQueueConsumer               INFO Received from the queue: event num=926 chunk size=1
2026-02-12 19:25:11,803 AthMpEvtLoopMgr.SharedEvtQueueConsumer               INFO Seek to 926 succeeded
2026-02-12 19:25:13,035 copyAuxStoreThinned                               WARNING AthContainers/src/copyAuxStoreThinned.cxx:138: unlocked decoration UEcorr_Pt (955) in object of type xAOD::ElectronAuxContainer_v3
2026-02-12 19:25:13,039 copyAuxStoreThinned                               WARNING AthContainers/src/copyAuxStoreThinned.cxx:138: unlocked decoration UEcorr_Pt (955) in object of type xAOD::MuonAuxContainer_v5
2026-02-12 19:25:13,058 AthMpEvtLoopMgr.SharedEvtQueueConsumer               INFO Received from the queue: event num=928 chunk size=1
2026-02-12 19:25:13,058 AthMpEvtLoopMgr.SharedEvtQueueConsumer               INFO Seek to 928 succeeded
2026-02-12 19:25:14,355 copyAuxStoreThinned                               WARNING AthContainers/src/copyAuxStoreThinned.cxx:138: unlocked decoration UEcorr_Pt (955) in object of type xAOD::ElectronAuxContainer_v3
2026-02-12 19:25:14,359 copyAuxStoreThinned                               WARNING AthContainers/src/copyAuxStoreThinned.cxx:138: unlocked decoration UEcorr_Pt (955) in object of type xAOD::MuonAuxContainer_v5
2026-02-12 19:25:14,378 AthMpEvtLoopMgr.SharedEvtQueueConsumer               INFO Received from the queue: event num=932 chunk size=1
2026-02-12 19:25:14,378 AthMpEvtLoopMgr.SharedEvtQueueConsumer               INFO Seek to 932 succeeded
2026-02-12 19:25:15,413 copyAuxStoreThinned                               WARNING AthContainers/src/copyAuxStoreThinned.cxx:138: unlocked decoration UEcorr_Pt (955) in object of type xAOD::ElectronAuxContainer_v3
2026-02-12 19:25:15,417 copyAuxStoreThinned                               WARNING AthContainers/src/copyAuxStoreThinned.cxx:138: unlocked decoration UEcorr_Pt (955) in object of type xAOD::MuonAuxContainer_v5
2026-02-12 19:25:15,436 AthMpEvtLoopMgr.SharedEvtQueueConsumer               INFO Received from the queue: event num=934 chunk size=1
2026-02-12 19:25:15,436 AthMpEvtLoopMgr.SharedEvtQueueConsumer               INFO Seek to 934 succeeded
2026-02-12 19:25:16,595 copyAuxStoreThinned                               WARNING AthContainers/src/copyAuxStoreThinned.cxx:138: unlocked decoration UEcorr_Pt (955) in object of type xAOD::ElectronAuxContainer_v3
2026-02-12 19:25:16,598 copyAuxStoreThinned                               WARNING AthContainers/src/copyAuxStoreThinned.cxx:138: unlocked decoration UEcorr_Pt (955) in object of type xAOD::MuonAuxContainer_v5
2026-02-12 19:25:16,616 AthMpEvtLoopMgr.SharedEvtQueueConsumer               INFO Received from the queue: event num=938 chunk size=1
2026-02-12 19:25:16,617 AthMpEvtLoopMgr.SharedEvtQueueConsumer               INFO Seek to 938 succeeded
2026-02-12 19:25:18,542 copyAuxStoreThinned                               WARNING AthContainers/src/copyAuxStoreThinned.cxx:138: unlocked decoration UEcorr_Pt (955) in object of type xAOD::ElectronAuxContainer_v3
2026-02-12 19:25:18,546 copyAuxStoreThinned                               WARNING AthContainers/src/copyAuxStoreThinned.cxx:138: unlocked decoration UEcorr_Pt (955) in object of type xAOD::MuonAuxContainer_v5
2026-02-12 19:25:18,567 AthMpEvtLoopMgr.SharedEvtQueueConsumer               INFO Received from the queue: event num=943 chunk size=1
2026-02-12 19:25:18,567 AthMpEvtLoopMgr.SharedEvtQueueConsumer               INFO Seek to 943 succeeded
2026-02-12 19:25:19,983 copyAuxStoreThinned                               WARNING AthContainers/src/copyAuxStoreThinned.cxx:138: unlocked decoration UEcorr_Pt (955) in object of type xAOD::ElectronAuxContainer_v3
2026-02-12 19:25:19,987 copyAuxStoreThinned                               WARNING AthContainers/src/copyAuxStoreThinned.cxx:138: unlocked decoration UEcorr_Pt (955) in object of type xAOD::MuonAuxContainer_v5
2026-02-12 19:25:20,006 AthMpEvtLoopMgr.SharedEvtQueueConsumer               INFO Received from the queue: event num=947 chunk size=1
2026-02-12 19:25:20,007 AthMpEvtLoopMgr.SharedEvtQueueConsumer               INFO Seek to 947 succeeded
2026-02-12 19:25:21,008 copyAuxStoreThinned                               WARNING AthContainers/src/copyAuxStoreThinned.cxx:138: unlocked decoration UEcorr_Pt (955) in object of type xAOD::ElectronAuxContainer_v3
2026-02-12 19:25:21,012 copyAuxStoreThinned                               WARNING AthContainers/src/copyAuxStoreThinned.cxx:138: unlocked decoration UEcorr_Pt (955) in object of type xAOD::MuonAuxContainer_v5
2026-02-12 19:25:21,032 AthMpEvtLoopMgr.SharedEvtQueueConsumer               INFO Received from the queue: event num=950 chunk size=1
2026-02-12 19:25:21,032 AthMpEvtLoopMgr.SharedEvtQueueConsumer               INFO Seek to 950 succeeded
2026-02-12 19:25:22,146 copyAuxStoreThinned                               WARNING AthContainers/src/copyAuxStoreThinned.cxx:138: unlocked decoration UEcorr_Pt (955) in object of type xAOD::ElectronAuxContainer_v3
2026-02-12 19:25:22,150 copyAuxStoreThinned                               WARNING AthContainers/src/copyAuxStoreThinned.cxx:138: unlocked decoration UEcorr_Pt (955) in object of type xAOD::MuonAuxContainer_v5
2026-02-12 19:25:22,171 AthMpEvtLoopMgr.SharedEvtQueueConsumer               INFO Received from the queue: event num=954 chunk size=1
2026-02-12 19:25:22,171 AthMpEvtLoopMgr.SharedEvtQueueConsumer               INFO Seek to 954 succeeded
2026-02-12 19:25:23,003 copyAuxStoreThinned                               WARNING AthContainers/src/copyAuxStoreThinned.cxx:138: unlocked decoration UEcorr_Pt (955) in object of type xAOD::ElectronAuxContainer_v3
2026-02-12 19:25:23,006 copyAuxStoreThinned                               WARNING AthContainers/src/copyAuxStoreThinned.cxx:138: unlocked decoration UEcorr_Pt (955) in object of type xAOD::MuonAuxContainer_v5
2026-02-12 19:25:23,023 AthMpEvtLoopMgr.SharedEvtQueueConsumer               INFO Received from the queue: event num=957 chunk size=1
2026-02-12 19:25:23,023 AthMpEvtLoopMgr.SharedEvtQueueConsumer               INFO Seek to 957 succeeded
2026-02-12 19:25:24,795 copyAuxStoreThinned                               WARNING AthContainers/src/copyAuxStoreThinned.cxx:138: unlocked decoration UEcorr_Pt (955) in object of type xAOD::ElectronAuxContainer_v3
2026-02-12 19:25:24,799 copyAuxStoreThinned                               WARNING AthContainers/src/copyAuxStoreThinned.cxx:138: unlocked decoration UEcorr_Pt (955) in object of type xAOD::MuonAuxContainer_v5
2026-02-12 19:25:24,818 AthMpEvtLoopMgr.SharedEvtQueueConsumer               INFO Received from the queue: event num=961 chunk size=1
2026-02-12 19:25:24,818 AthMpEvtLoopMgr.SharedEvtQueueConsumer               INFO Seek to 961 succeeded
2026-02-12 19:25:26,338 copyAuxStoreThinned                               WARNING AthContainers/src/copyAuxStoreThinned.cxx:138: unlocked decoration UEcorr_Pt (955) in object of type xAOD::ElectronAuxContainer_v3
2026-02-12 19:25:26,360 AthMpEvtLoopMgr.SharedEvtQueueConsumer               INFO Received from the queue: event num=965 chunk size=1
2026-02-12 19:25:26,360 AthMpEvtLoopMgr.SharedEvtQueueConsumer               INFO Seek to 965 succeeded
2026-02-12 19:25:27,695 copyAuxStoreThinned                               WARNING AthContainers/src/copyAuxStoreThinned.cxx:138: unlocked decoration UEcorr_Pt (955) in object of type xAOD::ElectronAuxContainer_v3
2026-02-12 19:25:27,698 copyAuxStoreThinned                               WARNING AthContainers/src/copyAuxStoreThinned.cxx:138: unlocked decoration UEcorr_Pt (955) in object of type xAOD::MuonAuxContainer_v5
2026-02-12 19:25:27,717 AthMpEvtLoopMgr.SharedEvtQueueConsumer               INFO Received from the queue: event num=969 chunk size=1
2026-02-12 19:25:27,718 AthMpEvtLoopMgr.SharedEvtQueueConsumer               INFO Seek to 969 succeeded
2026-02-12 19:25:29,111 copyAuxStoreThinned                               WARNING AthContainers/src/copyAuxStoreThinned.cxx:138: unlocked decoration UEcorr_Pt (955) in object of type xAOD::ElectronAuxContainer_v3
2026-02-12 19:25:29,115 copyAuxStoreThinned                               WARNING AthContainers/src/copyAuxStoreThinned.cxx:138: unlocked decoration UEcorr_Pt (955) in object of type xAOD::MuonAuxContainer_v5
2026-02-12 19:25:29,134 AthMpEvtLoopMgr.SharedEvtQueueConsumer               INFO Received from the queue: event num=973 chunk size=1
2026-02-12 19:25:29,134 AthMpEvtLoopMgr.SharedEvtQueueConsumer               INFO Seek to 973 succeeded
2026-02-12 19:25:30,030 copyAuxStoreThinned                               WARNING AthContainers/src/copyAuxStoreThinned.cxx:138: unlocked decoration UEcorr_Pt (955) in object of type xAOD::ElectronAuxContainer_v3
2026-02-12 19:25:30,033 copyAuxStoreThinned                               WARNING AthContainers/src/copyAuxStoreThinned.cxx:138: unlocked decoration UEcorr_Pt (955) in object of type xAOD::MuonAuxContainer_v5
2026-02-12 19:25:30,052 AthMpEvtLoopMgr.SharedEvtQueueConsumer               INFO Received from the queue: event num=976 chunk size=1
2026-02-12 19:25:30,053 AthMpEvtLoopMgr.SharedEvtQueueConsumer               INFO Seek to 976 succeeded
2026-02-12 19:25:31,392 copyAuxStoreThinned                               WARNING AthContainers/src/copyAuxStoreThinned.cxx:138: unlocked decoration UEcorr_Pt (955) in object of type xAOD::ElectronAuxContainer_v3
2026-02-12 19:25:31,395 copyAuxStoreThinned                               WARNING AthContainers/src/copyAuxStoreThinned.cxx:138: unlocked decoration UEcorr_Pt (955) in object of type xAOD::MuonAuxContainer_v5
2026-02-12 19:25:31,415 AthMpEvtLoopMgr.SharedEvtQueueConsumer               INFO Received from the queue: event num=980 chunk size=1
2026-02-12 19:25:31,415 AthMpEvtLoopMgr.SharedEvtQueueConsumer               INFO Seek to 980 succeeded
2026-02-12 19:25:32,274 copyAuxStoreThinned                               WARNING AthContainers/src/copyAuxStoreThinned.cxx:138: unlocked decoration UEcorr_Pt (955) in object of type xAOD::ElectronAuxContainer_v3
2026-02-12 19:25:32,278 copyAuxStoreThinned                               WARNING AthContainers/src/copyAuxStoreThinned.cxx:138: unlocked decoration UEcorr_Pt (955) in object of type xAOD::MuonAuxContainer_v5
2026-02-12 19:25:32,295 AthMpEvtLoopMgr.SharedEvtQueueConsumer               INFO Received from the queue: event num=983 chunk size=1
AthMpEvtLoopMgr... WARNING INFO message limit (500) reached for AthMpEvtLoopMgr.SharedEvtQueueConsumer. Suppressing further output.
2026-02-12 19:25:34,196 copyAuxStoreThinned                               WARNING AthContainers/src/copyAuxStoreThinned.cxx:138: unlocked decoration UEcorr_Pt (955) in object of type xAOD::ElectronAuxContainer_v3
2026-02-12 19:25:34,199 copyAuxStoreThinned                               WARNING AthContainers/src/copyAuxStoreThinned.cxx:138: unlocked decoration UEcorr_Pt (955) in object of type xAOD::MuonAuxContainer_v5
2026-02-12 19:25:35,579 copyAuxStoreThinned                               WARNING AthContainers/src/copyAuxStoreThinned.cxx:138: unlocked decoration UEcorr_Pt (955) in object of type xAOD::ElectronAuxContainer_v3
2026-02-12 19:25:35,583 copyAuxStoreThinned                               WARNING AthContainers/src/copyAuxStoreThinned.cxx:138: unlocked decoration UEcorr_Pt (955) in object of type xAOD::MuonAuxContainer_v5
2026-02-12 19:25:37,353 copyAuxStoreThinned                               WARNING AthContainers/src/copyAuxStoreThinned.cxx:138: unlocked decoration UEcorr_Pt (955) in object of type xAOD::ElectronAuxContainer_v3
2026-02-12 19:25:37,363 copyAuxStoreThinned                               WARNING AthContainers/src/copyAuxStoreThinned.cxx:138: unlocked decoration UEcorr_Pt (955) in object of type xAOD::MuonAuxContainer_v5
WARNING from FastJet: ClusterSequenceAreaBase::get_median_rho_and_sigma(...): the estimated empty area is suspiciously large and negative and may lead to an over-estimation of rho. This may be due to (i) a rare statistical fluctuation or (ii) too small a range used to estimate the background properties.
2026-02-12 19:25:39,048 copyAuxStoreThinned                               WARNING AthContainers/src/copyAuxStoreThinned.cxx:138: unlocked decoration UEcorr_Pt (955) in object of type xAOD::ElectronAuxContainer_v3
2026-02-12 19:25:39,052 copyAuxStoreThinned                               WARNING AthContainers/src/copyAuxStoreThinned.cxx:138: unlocked decoration UEcorr_Pt (955) in object of type xAOD::MuonAuxContainer_v5
2026-02-12 19:25:40,692 copyAuxStoreThinned                               WARNING AthContainers/src/copyAuxStoreThinned.cxx:138: unlocked decoration UEcorr_Pt (955) in object of type xAOD::ElectronAuxContainer_v3
2026-02-12 19:25:40,696 copyAuxStoreThinned                               WARNING AthContainers/src/copyAuxStoreThinned.cxx:138: unlocked decoration UEcorr_Pt (955) in object of type xAOD::MuonAuxContainer_v5
2026-02-12 19:25:43,683 ToolSvc.BookkeeperTool                               INFO Successfully copied CutBookkeepers to the output MetaDataStore
2026-02-12 19:25:43,740 /eos/home-b/bkamgama/draft/Run_sleep_10000/...root   INFO Database being retired...
2026-02-12 19:25:44,192 /eos/home-b/bkamgama/draft/Run_sleep_10000/...root   INFO ->  Deaccess DbDatabase   READ      [ROOT_All] AA21FB28-2672-434E-9813-0D7BE842151D
2026-02-12 19:25:44,193 AthenaPoolSharedIOCnvSvc.OutputStreamingTool         INFO in stop()
2026-02-12 19:25:44,193 AthenaPoolSharedIOCnvSvc.OutputStreamingTool         INFO Client stop() inform Server: 2
2026-02-12 19:25:44,221 ApplicationMgr                                       INFO Application Manager Stopped successfully
2026-02-12 19:25:44,352 CondInputLoader                                      INFO Finalizing CondInputLoader...
2026-02-12 19:25:44,352 MCTruthClassificationKernel                          INFO ============================================================================
2026-02-12 19:25:44,353 MCTruthClassificationKernel                          INFO  The following CP tools were called by MCTruthClassificationKernel for the whole train:
2026-02-12 19:25:44,353 MCTruthClassificationKernel                          INFO ToolSvc.DFCommonTruthClassificationTool
2026-02-12 19:25:44,353 MCTruthClassificationKernel                          INFO ============================================================================
2026-02-12 19:25:44,353 PhysCommonTruthCharmKernel                           INFO ============================================================================
2026-02-12 19:25:44,353 PhysCommonTruthCharmKernel                           INFO  The following CP tools were called by PhysCommonTruthCharmKernel for the whole train:
2026-02-12 19:25:44,353 PhysCommonTruthCharmKernel                           INFO ToolSvc.PhysCommonTruthCharmTool
2026-02-12 19:25:44,353 PhysCommonTruthCharmKernel                           INFO ============================================================================
2026-02-12 19:25:44,353 MCTruthCommonHFAndDecaysKernel                       INFO ============================================================================
2026-02-12 19:25:44,353 MCTruthCommonHFAndDecaysKernel                       INFO  The following CP tools were called by MCTruthCommonHFAndDecaysKernel for the whole train:
2026-02-12 19:25:44,353 MCTruthCommonHFAndDecaysKernel                       INFO ToolSvc.DFCommonHFAndDecaysTool
2026-02-12 19:25:44,353 MCTruthCommonHFAndDecaysKernel                       INFO ============================================================================
2026-02-12 19:25:44,353 DFCommonTruthMetaDataWriterKernel                    INFO ============================================================================
2026-02-12 19:25:44,354 DFCommonTruthMetaDataWriterKernel                    INFO  The following CP tools were called by DFCommonTruthMetaDataWriterKernel for the whole train:
2026-02-12 19:25:44,354 DFCommonTruthMetaDataWriterKernel                    INFO ToolSvc.DFCommonTruthMetaDataWriter
2026-02-12 19:25:44,354 DFCommonTruthMetaDataWriterKernel                    INFO ============================================================================
2026-02-12 19:25:44,354 MCTruthCommonPreJetKernelNo1                         INFO ============================================================================
2026-02-12 19:25:44,354 MCTruthCommonPreJetKernelNo1                         INFO  The following CP tools were called by MCTruthCommonPreJetKernelNo1 for the whole train:
2026-02-12 19:25:44,354 MCTruthCommonPreJetKernelNo1                         INFO ToolSvc.DFCommonTruthMuonTool
2026-02-12 19:25:44,354 MCTruthCommonPreJetKernelNo1                         INFO ============================================================================
2026-02-12 19:25:44,354 MCTruthCommonPreJetKernelNo2                         INFO ============================================================================
2026-02-12 19:25:44,354 MCTruthCommonPreJetKernelNo2                         INFO  The following CP tools were called by MCTruthCommonPreJetKernelNo2 for the whole train:
2026-02-12 19:25:44,354 MCTruthCommonPreJetKernelNo2                         INFO ToolSvc.DFCommonTruthElectronTool
2026-02-12 19:25:44,354 MCTruthCommonPreJetKernelNo2                         INFO ============================================================================
2026-02-12 19:25:44,354 MCTruthCommonPreJetKernelNo3                         INFO ============================================================================
2026-02-12 19:25:44,354 MCTruthCommonPreJetKernelNo3                         INFO  The following CP tools were called by MCTruthCommonPreJetKernelNo3 for the whole train:
2026-02-12 19:25:44,354 MCTruthCommonPreJetKernelNo3                         INFO ToolSvc.DFCommonTruthPhotonToolSim
2026-02-12 19:25:44,354 MCTruthCommonPreJetKernelNo3                         INFO ============================================================================
2026-02-12 19:25:44,354 MCTruthCommonPreJetKernelNo4                         INFO ============================================================================
2026-02-12 19:25:44,354 MCTruthCommonPreJetKernelNo4                         INFO  The following CP tools were called by MCTruthCommonPreJetKernelNo4 for the whole train:
2026-02-12 19:25:44,354 MCTruthCommonPreJetKernelNo4                         INFO ToolSvc.DFCommonTruthNeutrinoTool
2026-02-12 19:25:44,354 MCTruthCommonPreJetKernelNo4                         INFO ============================================================================
2026-02-12 19:25:44,354 MCTruthCommonPreJetKernelNo5                         INFO ============================================================================
2026-02-12 19:25:44,354 MCTruthCommonPreJetKernelNo5                         INFO  The following CP tools were called by MCTruthCommonPreJetKernelNo5 for the whole train:
2026-02-12 19:25:44,355 MCTruthCommonPreJetKernelNo5                         INFO ToolSvc.DFCommonTruthBottomTool
2026-02-12 19:25:44,355 MCTruthCommonPreJetKernelNo5                         INFO ============================================================================
2026-02-12 19:25:44,355 MCTruthCommonPreJetKernelNo6                         INFO ============================================================================
2026-02-12 19:25:44,355 MCTruthCommonPreJetKernelNo6                         INFO  The following CP tools were called by MCTruthCommonPreJetKernelNo6 for the whole train:
2026-02-12 19:25:44,355 MCTruthCommonPreJetKernelNo6                         INFO ToolSvc.DFCommonTruthTopTool
2026-02-12 19:25:44,355 MCTruthCommonPreJetKernelNo6                         INFO ============================================================================
2026-02-12 19:25:44,355 MCTruthCommonPreJetKernelNo7                         INFO ============================================================================
2026-02-12 19:25:44,355 MCTruthCommonPreJetKernelNo7                         INFO  The following CP tools were called by MCTruthCommonPreJetKernelNo7 for the whole train:
2026-02-12 19:25:44,355 MCTruthCommonPreJetKernelNo7                         INFO ToolSvc.DFCommonTruthBosonTool
2026-02-12 19:25:44,355 MCTruthCommonPreJetKernelNo7                         INFO ============================================================================
2026-02-12 19:25:44,355 MCTruthCommonPreJetKernelNo8                         INFO ============================================================================
2026-02-12 19:25:44,355 MCTruthCommonPreJetKernelNo8                         INFO  The following CP tools were called by MCTruthCommonPreJetKernelNo8 for the whole train:
2026-02-12 19:25:44,355 MCTruthCommonPreJetKernelNo8                         INFO ToolSvc.DFCommonTruthBSMTool
2026-02-12 19:25:44,355 MCTruthCommonPreJetKernelNo8                         INFO ============================================================================
2026-02-12 19:25:44,355 MCTruthCommonPreJetKernelNo9                         INFO ============================================================================
2026-02-12 19:25:44,355 MCTruthCommonPreJetKernelNo9                         INFO  The following CP tools were called by MCTruthCommonPreJetKernelNo9 for the whole train:
2026-02-12 19:25:44,355 MCTruthCommonPreJetKernelNo9                         INFO ToolSvc.DFCommonTruthElectronIsolationTool1
2026-02-12 19:25:44,355 MCTruthCommonPreJetKernelNo9                         INFO ============================================================================
2026-02-12 19:25:44,356 MCTruthCommonPreJetKernelNo10                        INFO ============================================================================
2026-02-12 19:25:44,356 MCTruthCommonPreJetKernelNo10                        INFO  The following CP tools were called by MCTruthCommonPreJetKernelNo10 for the whole train:
2026-02-12 19:25:44,356 MCTruthCommonPreJetKernelNo10                        INFO ToolSvc.DFCommonTruthElectronIsolationTool2
2026-02-12 19:25:44,356 MCTruthCommonPreJetKernelNo10                        INFO ============================================================================
2026-02-12 19:25:44,356 MCTruthCommonPreJetKernelNo11                        INFO ============================================================================
2026-02-12 19:25:44,356 MCTruthCommonPreJetKernelNo11                        INFO  The following CP tools were called by MCTruthCommonPreJetKernelNo11 for the whole train:
2026-02-12 19:25:44,356 MCTruthCommonPreJetKernelNo11                        INFO ToolSvc.DFCommonTruthMuonIsolationTool1
2026-02-12 19:25:44,356 MCTruthCommonPreJetKernelNo11                        INFO ============================================================================
2026-02-12 19:25:44,356 MCTruthCommonPreJetKernelNo12                        INFO ============================================================================
2026-02-12 19:25:44,356 MCTruthCommonPreJetKernelNo12                        INFO  The following CP tools were called by MCTruthCommonPreJetKernelNo12 for the whole train:
2026-02-12 19:25:44,356 MCTruthCommonPreJetKernelNo12                        INFO ToolSvc.DFCommonTruthMuonIsolationTool2
2026-02-12 19:25:44,356 MCTruthCommonPreJetKernelNo12                        INFO ============================================================================
2026-02-12 19:25:44,356 MCTruthCommonPreJetKernelNo13                        INFO ============================================================================
2026-02-12 19:25:44,356 MCTruthCommonPreJetKernelNo13                        INFO  The following CP tools were called by MCTruthCommonPreJetKernelNo13 for the whole train:
2026-02-12 19:25:44,356 MCTruthCommonPreJetKernelNo13                        INFO ToolSvc.DFCommonTruthPhotonIsolationTool1
2026-02-12 19:25:44,356 MCTruthCommonPreJetKernelNo13                        INFO ============================================================================
2026-02-12 19:25:44,356 MCTruthCommonPreJetKernelNo14                        INFO ============================================================================
2026-02-12 19:25:44,356 MCTruthCommonPreJetKernelNo14                        INFO  The following CP tools were called by MCTruthCommonPreJetKernelNo14 for the whole train:
2026-02-12 19:25:44,356 MCTruthCommonPreJetKernelNo14                        INFO ToolSvc.DFCommonTruthPhotonIsolationTool2
2026-02-12 19:25:44,356 MCTruthCommonPreJetKernelNo14                        INFO ============================================================================
2026-02-12 19:25:44,357 MCTruthCommonPreJetKernelNo15                        INFO ============================================================================
2026-02-12 19:25:44,357 MCTruthCommonPreJetKernelNo15                        INFO  The following CP tools were called by MCTruthCommonPreJetKernelNo15 for the whole train:
2026-02-12 19:25:44,357 MCTruthCommonPreJetKernelNo15                        INFO ToolSvc.DFCommonTruthPhotonIsolationTool3
2026-02-12 19:25:44,357 MCTruthCommonPreJetKernelNo15                        INFO ============================================================================
2026-02-12 19:25:44,357 MCTruthCommonPreJetKernelNo16                        INFO ============================================================================
2026-02-12 19:25:44,357 MCTruthCommonPreJetKernelNo16                        INFO  The following CP tools were called by MCTruthCommonPreJetKernelNo16 for the whole train:
2026-02-12 19:25:44,357 MCTruthCommonPreJetKernelNo16                        INFO ToolSvc.DFCommonTruthForwardProtonTool
2026-02-12 19:25:44,357 MCTruthCommonPreJetKernelNo16                        INFO ============================================================================
2026-02-12 19:25:44,357 MCTruthCommonPreJetKernelNo17                        INFO ============================================================================
2026-02-12 19:25:44,357 MCTruthCommonPreJetKernelNo17                        INFO  The following CP tools were called by MCTruthCommonPreJetKernelNo17 for the whole train:
2026-02-12 19:25:44,357 MCTruthCommonPreJetKernelNo17                        INFO ToolSvc.DFCommonTruthElectronDressingTool
2026-02-12 19:25:44,357 MCTruthCommonPreJetKernelNo17                        INFO ============================================================================
2026-02-12 19:25:44,357 MCTruthCommonPreJetKernelNo18                        INFO ============================================================================
2026-02-12 19:25:44,357 MCTruthCommonPreJetKernelNo18                        INFO  The following CP tools were called by MCTruthCommonPreJetKernelNo18 for the whole train:
2026-02-12 19:25:44,357 MCTruthCommonPreJetKernelNo18                        INFO ToolSvc.DFCommonTruthMuonDressingTool
2026-02-12 19:25:44,357 MCTruthCommonPreJetKernelNo18                        INFO ============================================================================
2026-02-12 19:25:44,358 TauTruthCommonKernel2                                INFO ============================================================================
2026-02-12 19:25:44,359 TauTruthCommonKernel2                                INFO  The following CP tools were called by TauTruthCommonKernel2 for the whole train:
2026-02-12 19:25:44,359 TauTruthCommonKernel2                                INFO ToolSvc.DFCommonTauJetsTruthMatchingWrapper
2026-02-12 19:25:44,359 TauTruthCommonKernel2                                INFO ============================================================================
2026-02-12 19:25:44,359 MCTruthCommonPostJetKernelNo1                        INFO ============================================================================
2026-02-12 19:25:44,359 MCTruthCommonPostJetKernelNo1                        INFO  The following CP tools were called by MCTruthCommonPostJetKernelNo1 for the whole train:
2026-02-12 19:25:44,359 MCTruthCommonPostJetKernelNo1                        INFO ToolSvc.DFCommonTruthTauDressingTool
2026-02-12 19:25:44,359 MCTruthCommonPostJetKernelNo1                        INFO ============================================================================
2026-02-12 19:25:44,359 MCTruthCommonPostJetKernelNo2                        INFO ============================================================================
2026-02-12 19:25:44,359 MCTruthCommonPostJetKernelNo2                        INFO  The following CP tools were called by MCTruthCommonPostJetKernelNo2 for the whole train:
2026-02-12 19:25:44,359 MCTruthCommonPostJetKernelNo2                        INFO ToolSvc.DFCommonTruthGenFilt
2026-02-12 19:25:44,359 MCTruthCommonPostJetKernelNo2                        INFO ============================================================================
2026-02-12 19:25:44,359 MCTruthCommonPostJetKernelNo3                        INFO ============================================================================
2026-02-12 19:25:44,359 MCTruthCommonPostJetKernelNo3                        INFO  The following CP tools were called by MCTruthCommonPostJetKernelNo3 for the whole train:
2026-02-12 19:25:44,359 MCTruthCommonPostJetKernelNo3                        INFO ToolSvc.DFCommonTruthDressedWZQGLabelTool
2026-02-12 19:25:44,359 MCTruthCommonPostJetKernelNo3                        INFO ============================================================================
2026-02-12 19:25:44,359 MCTruthNavigationDecoratorKernel                     INFO ============================================================================
2026-02-12 19:25:44,359 MCTruthNavigationDecoratorKernel                     INFO  The following CP tools were called by MCTruthNavigationDecoratorKernel for the whole train:
2026-02-12 19:25:44,359 MCTruthNavigationDecoratorKernel                     INFO ToolSvc.DFCommonTruthNavigationDecorator
2026-02-12 19:25:44,359 MCTruthNavigationDecoratorKernel                     INFO ============================================================================
2026-02-12 19:25:44,360 MCTruthCommonBosonsAndDecaysKernel                   INFO ============================================================================
2026-02-12 19:25:44,360 MCTruthCommonBosonsAndDecaysKernel                   INFO  The following CP tools were called by MCTruthCommonBosonsAndDecaysKernel for the whole train:
2026-02-12 19:25:44,360 MCTruthCommonBosonsAndDecaysKernel                   INFO ToolSvc.DFCommonBosonsAndDecaysTool
2026-02-12 19:25:44,360 MCTruthCommonBosonsAndDecaysKernel                   INFO ============================================================================
2026-02-12 19:25:44,360 MCTruthCommonBSMAndDecaysKernel                      INFO ============================================================================
2026-02-12 19:25:44,360 MCTruthCommonBSMAndDecaysKernel                      INFO  The following CP tools were called by MCTruthCommonBSMAndDecaysKernel for the whole train:
2026-02-12 19:25:44,360 MCTruthCommonBSMAndDecaysKernel                      INFO ToolSvc.DFCommonBSMAndDecaysTool
2026-02-12 19:25:44,360 MCTruthCommonBSMAndDecaysKernel                      INFO ============================================================================
2026-02-12 19:25:44,360 MCTruthCommonBornLeptonsKernel                       INFO ============================================================================
2026-02-12 19:25:44,360 MCTruthCommonBornLeptonsKernel                       INFO  The following CP tools were called by MCTruthCommonBornLeptonsKernel for the whole train:
2026-02-12 19:25:44,360 MCTruthCommonBornLeptonsKernel                       INFO ToolSvc.DFCommonBornLeptonCollTool
2026-02-12 19:25:44,360 MCTruthCommonBornLeptonsKernel                       INFO ============================================================================
2026-02-12 19:25:44,360 MiniCollectionTruthLinkKernelNo1                     INFO ============================================================================
2026-02-12 19:25:44,360 MiniCollectionTruthLinkKernelNo1                     INFO  The following CP tools were called by MiniCollectionTruthLinkKernelNo1 for the whole train:
2026-02-12 19:25:44,360 MiniCollectionTruthLinkKernelNo1                     INFO ToolSvc.ElMiniCollectionTruthLinkTool
2026-02-12 19:25:44,360 MiniCollectionTruthLinkKernelNo1                     INFO ============================================================================
2026-02-12 19:25:44,360 MiniCollectionTruthLinkKernelNo2                     INFO ============================================================================
2026-02-12 19:25:44,360 MiniCollectionTruthLinkKernelNo2                     INFO  The following CP tools were called by MiniCollectionTruthLinkKernelNo2 for the whole train:
2026-02-12 19:25:44,360 MiniCollectionTruthLinkKernelNo2                     INFO ToolSvc.PhMiniCollectionTruthLinkTool
2026-02-12 19:25:44,360 MiniCollectionTruthLinkKernelNo2                     INFO ============================================================================
2026-02-12 19:25:44,360 MiniCollectionTruthLinkKernelNo3                     INFO ============================================================================
2026-02-12 19:25:44,361 MiniCollectionTruthLinkKernelNo3                     INFO  The following CP tools were called by MiniCollectionTruthLinkKernelNo3 for the whole train:
2026-02-12 19:25:44,361 MiniCollectionTruthLinkKernelNo3                     INFO ToolSvc.MuMiniCollectionTruthLinkTool
2026-02-12 19:25:44,361 MiniCollectionTruthLinkKernelNo3                     INFO ============================================================================
2026-02-12 19:25:44,361 MCTruthCommonTruthPVCollKernel                       INFO ============================================================================
2026-02-12 19:25:44,361 MCTruthCommonTruthPVCollKernel                       INFO  The following CP tools were called by MCTruthCommonTruthPVCollKernel for the whole train:
2026-02-12 19:25:44,361 MCTruthCommonTruthPVCollKernel                       INFO ToolSvc.DFCommonTruthPVCollTool
2026-02-12 19:25:44,361 MCTruthCommonTruthPVCollKernel                       INFO ============================================================================
2026-02-12 19:25:44,361 DFCommonHSDecorator                                  INFO ============================================================================
2026-02-12 19:25:44,361 DFCommonHSDecorator                                  INFO  The following CP tools were called by DFCommonHSDecorator for the whole train:
2026-02-12 19:25:44,361 DFCommonHSDecorator                                  INFO ToolSvc.HardScatterDecorTool
2026-02-12 19:25:44,361 DFCommonHSDecorator                                  INFO ============================================================================
2026-02-12 19:25:44,361 InDetCommonKernelDFCommonTrackSelection              INFO ============================================================================
2026-02-12 19:25:44,361 InDetCommonKernelDFCommonTrackSelection              INFO  The following CP tools were called by InDetCommonKernelDFCommonTrackSelection for the whole train:
2026-02-12 19:25:44,361 InDetCommonKernelDFCommonTrackSelection              INFO ToolSvc.DFCommonTrackSelection
2026-02-12 19:25:44,361 InDetCommonKernelDFCommonTrackSelection              INFO ============================================================================
2026-02-12 19:25:44,361 InDetCommonKernelDFCommonZ0AtPV                      INFO ============================================================================
2026-02-12 19:25:44,361 InDetCommonKernelDFCommonZ0AtPV                      INFO  The following CP tools were called by InDetCommonKernelDFCommonZ0AtPV for the whole train:
2026-02-12 19:25:44,361 InDetCommonKernelDFCommonZ0AtPV                      INFO ToolSvc.DFCommonZ0AtPV
2026-02-12 19:25:44,361 InDetCommonKernelDFCommonZ0AtPV                      INFO ============================================================================
2026-02-12 19:25:44,361 InDetCommonKernelDFCommonUsedInFitDecorator          INFO ============================================================================
2026-02-12 19:25:44,362 InDetCommonKernelDFCommonUsedInFitDecorator          INFO  The following CP tools were called by InDetCommonKernelDFCommonUsedInFitDecorator for the whole train:
2026-02-12 19:25:44,362 InDetCommonKernelDFCommonUsedInFitDecorator          INFO ToolSvc.DFCommonUsedInFitDecorator
2026-02-12 19:25:44,362 InDetCommonKernelDFCommonUsedInFitDecorator          INFO ============================================================================
2026-02-12 19:25:44,362 DFCommonMuonsKernel                                  INFO ============================================================================
2026-02-12 19:25:44,362 DFCommonMuonsKernel                                  INFO  The following CP tools were called by DFCommonMuonsKernel for the whole train:
2026-02-12 19:25:44,362 DFCommonMuonsKernel                                  INFO ToolSvc.DFCommonMuonToolWrapperIDCuts
2026-02-12 19:25:44,362 DFCommonMuonsKernel                                  INFO ToolSvc.DFCommonMuonToolWrapperPreselection
2026-02-12 19:25:44,362 DFCommonMuonsKernel                                  INFO ============================================================================
2026-02-12 19:25:44,362 IsolationBuilderNonpro...All_MaxWeightLooseCone500   INFO Finalizing IsolationBuilderNonprompt_All_MaxWeightLooseCone500...
2026-02-12 19:25:44,362 IsolationBuilderNonprompt_All_MaxWeight500           INFO Finalizing IsolationBuilderNonprompt_All_MaxWeight500...
2026-02-12 19:25:44,362 IsolationBuilderNonpro...ll_MaxWeightLooseCone1000   INFO Finalizing IsolationBuilderNonprompt_All_MaxWeightLooseCone1000...
2026-02-12 19:25:44,362 IsolationBuilderNonprompt_All_MaxWeight1000          INFO Finalizing IsolationBuilderNonprompt_All_MaxWeight1000...
2026-02-12 19:25:44,362 EGammaCommonKernel                                   INFO ============================================================================
2026-02-12 19:25:44,362 EGammaCommonKernel                                   INFO  The following CP tools were called by EGammaCommonKernel for the whole train:
2026-02-12 19:25:44,362 EGammaCommonKernel                                   INFO ToolSvc.DFCommonPhotonsDirection
2026-02-12 19:25:44,362 EGammaCommonKernel                                   INFO ToolSvc.ElectronPassLHVeryLoose
2026-02-12 19:25:44,363 EGammaCommonKernel                                   INFO ToolSvc.ElectronPassLHLoose
2026-02-12 19:25:44,363 EGammaCommonKernel                                   INFO ToolSvc.ElectronPassLHLooseBL
2026-02-12 19:25:44,363 EGammaCommonKernel                                   INFO ToolSvc.ElectronPassLHMedium
2026-02-12 19:25:44,363 EGammaCommonKernel                                   INFO ToolSvc.ElectronPassLHTight
2026-02-12 19:25:44,363 EGammaCommonKernel                                   INFO ToolSvc.ElectronPassDNNLoose
2026-02-12 19:25:44,363 EGammaCommonKernel                                   INFO ToolSvc.ElectronPassDNNMedium
2026-02-12 19:25:44,363 EGammaCommonKernel                                   INFO ToolSvc.ElectronPassDNNTight
2026-02-12 19:25:44,363 EGammaCommonKernel                                   INFO ToolSvc.ElectronPassDNNVeryLooseNoCF97
2026-02-12 19:25:44,363 EGammaCommonKernel                                   INFO ToolSvc.ElectronPassDNNLooseNoCF
2026-02-12 19:25:44,363 EGammaCommonKernel                                   INFO ToolSvc.ElectronPassDNNMediumNoCF
2026-02-12 19:25:44,363 EGammaCommonKernel                                   INFO ToolSvc.ElectronPassDNNTightNoCF
2026-02-12 19:25:44,363 EGammaCommonKernel                                   INFO ToolSvc.PhotonPassIsEMLoose
2026-02-12 19:25:44,363 EGammaCommonKernel                                   INFO ToolSvc.PhotonPassIsEMMedium
2026-02-12 19:25:44,363 EGammaCommonKernel                                   INFO ToolSvc.PhotonPassIsEMTight
2026-02-12 19:25:44,363 EGammaCommonKernel                                   INFO ToolSvc.PhotonPassCleaning
2026-02-12 19:25:44,363 EGammaCommonKernel                                   INFO ToolSvc.ElectronAdditionnalAmbiguity
2026-02-12 19:25:44,363 EGammaCommonKernel                                   INFO ToolSvc.ElectronPassECIDS
2026-02-12 19:25:44,363 EGammaCommonKernel                                   INFO ToolSvc.ForwardElectronPassLHLoose
2026-02-12 19:25:44,363 EGammaCommonKernel                                   INFO ToolSvc.ForwardElectronPassLHMedium
2026-02-12 19:25:44,363 EGammaCommonKernel                                   INFO ToolSvc.ForwardElectronPassLHTight
2026-02-12 19:25:44,363 EGammaCommonKernel                                   INFO ToolSvc.DerivationFramework::EGammaClusterCoreCellRecovery
2026-02-12 19:25:44,363 EGammaCommonKernel                                   INFO ToolSvc.BkgElectronClassificationTool
2026-02-12 19:25:44,363 EGammaCommonKernel                                   INFO ToolSvc.TruthEgetIsolationTool
2026-02-12 19:25:44,363 EGammaCommonKernel                                   INFO ToolSvc.TruthEgptIsolationTool
2026-02-12 19:25:44,364 EGammaCommonKernel                                   INFO ============================================================================
2026-02-12 19:25:44,364 PFlowIsolationBuilder                                INFO Finalizing PFlowIsolationBuilder...
2026-02-12 19:25:44,365 BadBatmanAugmentation                                INFO ============================================================================
2026-02-12 19:25:44,365 BadBatmanAugmentation                                INFO  The following CP tools were called by BadBatmanAugmentation for the whole train:
2026-02-12 19:25:44,365 BadBatmanAugmentation                                INFO ToolSvc.BadBatmanAugmentationTool
2026-02-12 19:25:44,365 BadBatmanAugmentation                                INFO ============================================================================
2026-02-12 19:25:44,365 DistanceInTrainAugmentation                          INFO ============================================================================
2026-02-12 19:25:44,365 DistanceInTrainAugmentation                          INFO  The following CP tools were called by DistanceInTrainAugmentation for the whole train:
2026-02-12 19:25:44,365 DistanceInTrainAugmentation                          INFO ToolSvc.DistanceInTrainAugmentationTool
2026-02-12 19:25:44,365 DistanceInTrainAugmentation                          INFO ============================================================================
2026-02-12 19:25:44,365 TauJets_TauIDDecorKernel                             INFO ============================================================================
2026-02-12 19:25:44,365 TauJets_TauIDDecorKernel                             INFO  The following CP tools were called by TauJets_TauIDDecorKernel for the whole train:
2026-02-12 19:25:44,365 TauJets_TauIDDecorKernel                             INFO ToolSvc.TauJets_TauIDDecoratorWrapper
2026-02-12 19:25:44,365 TauJets_TauIDDecorKernel                             INFO ============================================================================
2026-02-12 19:25:44,365 TauRNNLooseAugmentationKernel                        INFO ============================================================================
2026-02-12 19:25:44,366 TauRNNLooseAugmentationKernel                        INFO  The following CP tools were called by TauRNNLooseAugmentationKernel for the whole train:
2026-02-12 19:25:44,366 TauRNNLooseAugmentationKernel                        INFO ToolSvc.TauRNNLooseWrapper
2026-02-12 19:25:44,366 TauRNNLooseAugmentationKernel                        INFO ============================================================================
2026-02-12 19:25:44,366 DFCommonMuonsKernel2                                 INFO ============================================================================
2026-02-12 19:25:44,366 DFCommonMuonsKernel2                                 INFO  The following CP tools were called by DFCommonMuonsKernel2 for the whole train:
2026-02-12 19:25:44,366 DFCommonMuonsKernel2                                 INFO ToolSvc.MuonJetDrTool
2026-02-12 19:25:44,366 DFCommonMuonsKernel2                                 INFO ============================================================================
2026-02-12 19:25:44,366 DiTauLowPtBuilder                                    INFO Finalizing DiTauLowPtBuilder...
2026-02-12 19:25:44,366 TauJets_MuonRM_TauIDDecorKernel                      INFO ============================================================================
2026-02-12 19:25:44,366 TauJets_MuonRM_TauIDDecorKernel                      INFO  The following CP tools were called by TauJets_MuonRM_TauIDDecorKernel for the whole train:
2026-02-12 19:25:44,366 TauJets_MuonRM_TauIDDecorKernel                      INFO ToolSvc.TauJets_MuonRM_TauIDDecoratorWrapper
2026-02-12 19:25:44,367 TauJets_MuonRM_TauIDDecorKernel                      INFO ============================================================================
2026-02-12 19:25:44,367 DiTauIDDecorKernel                                   INFO ============================================================================
2026-02-12 19:25:44,367 DiTauIDDecorKernel                                   INFO  The following CP tools were called by DiTauIDDecorKernel for the whole train:
2026-02-12 19:25:44,367 DiTauIDDecorKernel                                   INFO ToolSvc.DiTauIDDecoratorWrapper
2026-02-12 19:25:44,367 DiTauIDDecorKernel                                   INFO ============================================================================
2026-02-12 19:25:44,367 DiTauJets_DiTauIDDecorKernel                         INFO ============================================================================
2026-02-12 19:25:44,367 DiTauJets_DiTauIDDecorKernel                         INFO  The following CP tools were called by DiTauJets_DiTauIDDecorKernel for the whole train:
2026-02-12 19:25:44,367 DiTauJets_DiTauIDDecorKernel                         INFO ToolSvc.DiTauJets_DiTauChargeDecorator
2026-02-12 19:25:44,367 DiTauJets_DiTauIDDecorKernel                         INFO ============================================================================
2026-02-12 19:25:44,367 DiTauJetsLowPt_DiTauIDDecorKernel                    INFO ============================================================================
2026-02-12 19:25:44,367 DiTauJetsLowPt_DiTauIDDecorKernel                    INFO  The following CP tools were called by DiTauJetsLowPt_DiTauIDDecorKernel for the whole train:
2026-02-12 19:25:44,367 DiTauJetsLowPt_DiTauIDDecorKernel                    INFO ToolSvc.DiTauJetsLowPt_DiTauChargeDecorator
2026-02-12 19:25:44,367 DiTauJetsLowPt_DiTauIDDecorKernel                    INFO ============================================================================
2026-02-12 19:25:44,368 PHYSKernel                                           INFO ============================================================================
2026-02-12 19:25:44,368 PHYSKernel                                           INFO || SUMMARY OF THE DERIVATION FRAMEWORK KERNEL WITH NAME PHYSKernel || 
2026-02-12 19:25:44,368 PHYSKernel                                           INFO ============================================================================
2026-02-12 19:25:44,368 PHYSKernel                                           INFO ============================================================================
2026-02-12 19:25:44,368 PHYSKernel                                           INFO Events analyzed: 251
2026-02-12 19:25:44,368 PHYSKernel                                           INFO Events accepted: 251
2026-02-12 19:25:44,368 PHYSKernel                                           INFO ============================================================================
2026-02-12 19:25:44,368 FourLeptonVertexAlg                                  INFO Proccessed in total 251 events. Lepton multiplicities observed:
2026-02-12 19:25:44,369 FourLeptonVertexAlg                                  INFO     ---- Events with 0 leptons: 148 (elec/muon) 165/222 (58.9641%)
2026-02-12 19:25:44,369 FourLeptonVertexAlg                                  INFO     ---- Events with 1 leptons: 75 (elec/muon) 69/27 (29.8805%)
2026-02-12 19:25:44,369 FourLeptonVertexAlg                                  INFO     ---- Events with 2 leptons: 25 (elec/muon) 17/1 (9.96016%)
2026-02-12 19:25:44,369 FourLeptonVertexAlg                                  INFO     ---- Events with 3 leptons: 2 (elec/muon) 0/1 (0.796813%)
2026-02-12 19:25:44,369 FourLeptonVertexAlg                                  INFO     ---- Events with 4 leptons: 1 (elec/muon) 0/0 (0.398406%)
2026-02-12 19:25:44,369 FourLeptonVertexAlg                                  INFO     ---- Events with 5 leptons: 0 (elec/muon) 0/0 (0%)
2026-02-12 19:25:44,369 FourLeptonVertexAlg                                  INFO     ---- Events with 6 leptons: 0 (elec/muon) 0/0 (0%)
2026-02-12 19:25:44,369 FourLeptonVertexAlg                                  INFO     ---- Events with 7 leptons: 0 (elec/muon) 0/0 (0%)
2026-02-12 19:25:44,369 FourLeptonVertexAlg                                  INFO ---> Attempted fits 0 out of which 0 (0%) succeeded.
2026-02-12 19:25:44,369 HFClassificationCommonKernel                         INFO ============================================================================
2026-02-12 19:25:44,369 HFClassificationCommonKernel                         INFO  The following CP tools were called by HFClassificationCommonKernel for the whole train:
2026-02-12 19:25:44,369 HFClassificationCommonKernel                         INFO ToolSvc.DFCommonClassifyAndCalculateHFAugmentation
2026-02-12 19:25:44,369 HFClassificationCommonKernel                         INFO ============================================================================
2026-02-12 19:25:44,369 MCTruthCommonTausAndDecaysKernel                     INFO ============================================================================
2026-02-12 19:25:44,369 MCTruthCommonTausAndDecaysKernel                     INFO  The following CP tools were called by MCTruthCommonTausAndDecaysKernel for the whole train:
2026-02-12 19:25:44,369 MCTruthCommonTausAndDecaysKernel                     INFO ToolSvc.DFCommonTausAndDecaysTool
2026-02-12 19:25:44,369 MCTruthCommonTausAndDecaysKernel                     INFO ============================================================================
2026-02-12 19:25:44,369 AllExecutedEventsCounterAlg                          INFO accepted 251 out of 251 events for filter AllExecutedEvents (Number of processed events before any cut)
2026-02-12 19:25:44,370 DecisionSvc                                          INFO Finalized successfully.
2026-02-12 19:25:44,370 Athena::DelayedConditionsCleanerSvc                  INFO Conditions container statistics
2026-02-12 19:25:44,370 Athena::DelayedConditionsCleanerSvc                  INFO   Work q: Max size: 32  (1 queries) 
2026-02-12 19:25:44,370 Athena::DelayedConditionsCleanerSvc                  INFO           Avg size: 32.00 / Avg removed: 32.00
2026-02-12 19:25:44,370 Athena::DelayedConditionsCleanerSvc                  INFO   ConditionStore+/Digitization/Parameters nInserts      1 maxSize   1
2026-02-12 19:25:44,370 Athena::DelayedConditionsCleanerSvc                  INFO     nClean 1 avgRemoved 0.00 0/1/2+ 1/0/0
2026-02-12 19:25:44,370 Athena::DelayedConditionsCleanerSvc                  INFO   ConditionStore+/EXT/DCS/MAGNETS/SENSORDATA nInserts      1 maxSize   1
2026-02-12 19:25:44,370 Athena::DelayedConditionsCleanerSvc                  INFO     nClean 1 avgRemoved 0.00 0/1/2+ 1/0/0
2026-02-12 19:25:44,370 Athena::DelayedConditionsCleanerSvc                  INFO   ConditionStore+/GLOBAL/BField/Maps nInserts      1 maxSize   1
2026-02-12 19:25:44,370 Athena::DelayedConditionsCleanerSvc                  INFO     nClean 1 avgRemoved 0.00 0/1/2+ 1/0/0
2026-02-12 19:25:44,371 Athena::DelayedConditionsCleanerSvc                  INFO   ConditionStore+/GLOBAL/TrackingGeo/LayerMaterialV2 nInserts      1 maxSize   1
2026-02-12 19:25:44,371 Athena::DelayedConditionsCleanerSvc                  INFO     nClean 1 avgRemoved 0.00 0/1/2+ 1/0/0
2026-02-12 19:25:44,371 Athena::DelayedConditionsCleanerSvc                  INFO   ConditionStore+/Indet/Align nInserts      1 maxSize   1
2026-02-12 19:25:44,371 Athena::DelayedConditionsCleanerSvc                  INFO     nClean 1 avgRemoved 0.00 0/1/2+ 1/0/0
2026-02-12 19:25:44,371 Athena::DelayedConditionsCleanerSvc                  INFO   ConditionStore+/Indet/Beampos nInserts      1 maxSize   1
2026-02-12 19:25:44,371 Athena::DelayedConditionsCleanerSvc                  INFO     nClean 1 avgRemoved 0.00 0/1/2+ 1/0/0
2026-02-12 19:25:44,371 Athena::DelayedConditionsCleanerSvc                  INFO   ConditionStore+/Indet/IBLDist nInserts      1 maxSize   1
2026-02-12 19:25:44,371 Athena::DelayedConditionsCleanerSvc                  INFO     nClean 1 avgRemoved 0.00 0/1/2+ 1/0/0
2026-02-12 19:25:44,371 Athena::DelayedConditionsCleanerSvc                  INFO   ConditionStore+/LAR/Align nInserts      1 maxSize   1
2026-02-12 19:25:44,371 Athena::DelayedConditionsCleanerSvc                  INFO     nClean 1 avgRemoved 0.00 0/1/2+ 1/0/0
2026-02-12 19:25:44,371 Athena::DelayedConditionsCleanerSvc                  INFO   ConditionStore+/MDT/MM/PASSIVATION nInserts      1 maxSize   1
2026-02-12 19:25:44,371 Athena::DelayedConditionsCleanerSvc                  INFO     nClean 1 avgRemoved 0.00 0/1/2+ 1/0/0
2026-02-12 19:25:44,371 Athena::DelayedConditionsCleanerSvc                  INFO   ConditionStore+/TRT/Align nInserts      1 maxSize   1
2026-02-12 19:25:44,371 Athena::DelayedConditionsCleanerSvc                  INFO     nClean 1 avgRemoved 0.00 0/1/2+ 1/0/0
2026-02-12 19:25:44,371 Athena::DelayedConditionsCleanerSvc                  INFO   ConditionStore+/TRT/Calib/DX nInserts      1 maxSize   1
2026-02-12 19:25:44,371 Athena::DelayedConditionsCleanerSvc                  INFO     nClean 1 avgRemoved 0.00 0/1/2+ 1/0/0
2026-02-12 19:25:44,371 Athena::DelayedConditionsCleanerSvc                  INFO   ConditionStore+AtlasTrackingGeometry nInserts      1 maxSize   1
2026-02-12 19:25:44,371 Athena::DelayedConditionsCleanerSvc                  INFO     nClean 1 avgRemoved 0.00 0/1/2+ 1/0/0
2026-02-12 19:25:44,371 Athena::DelayedConditionsCleanerSvc                  INFO   ConditionStore+BeamSpotData nInserts      1 maxSize   1
2026-02-12 19:25:44,371 Athena::DelayedConditionsCleanerSvc                  INFO     nClean 1 avgRemoved 0.00 0/1/2+ 1/0/0
2026-02-12 19:25:44,371 Athena::DelayedConditionsCleanerSvc                  INFO   ConditionStore+BunchCrossingData nInserts      1 maxSize   1
2026-02-12 19:25:44,371 Athena::DelayedConditionsCleanerSvc                  INFO     nClean 1 avgRemoved 0.00 0/1/2+ 1/0/0
2026-02-12 19:25:44,371 Athena::DelayedConditionsCleanerSvc                  INFO   ConditionStore+CaloDetDescrManager nInserts      1 maxSize   1
2026-02-12 19:25:44,372 Athena::DelayedConditionsCleanerSvc                  INFO     nClean 1 avgRemoved 0.00 0/1/2+ 1/0/0
2026-02-12 19:25:44,372 Athena::DelayedConditionsCleanerSvc                  INFO   ConditionStore+CaloSuperCellDetDescrManager nInserts      1 maxSize   1
2026-02-12 19:25:44,372 Athena::DelayedConditionsCleanerSvc                  INFO     nClean 1 avgRemoved 0.00 0/1/2+ 1/0/0
2026-02-12 19:25:44,372 Athena::DelayedConditionsCleanerSvc                  INFO   ConditionStore+LArAlignmentStore nInserts      1 maxSize   1
2026-02-12 19:25:44,372 Athena::DelayedConditionsCleanerSvc                  INFO     nClean 1 avgRemoved 0.00 0/1/2+ 1/0/0
2026-02-12 19:25:44,372 Athena::DelayedConditionsCleanerSvc                  INFO   ConditionStore+LArCellPositionShift nInserts      1 maxSize   1
2026-02-12 19:25:44,372 Athena::DelayedConditionsCleanerSvc                  INFO     nClean 1 avgRemoved 0.00 0/1/2+ 1/0/0
2026-02-12 19:25:44,372 Athena::DelayedConditionsCleanerSvc                  INFO   ConditionStore+MuonDetectorManager nInserts      1 maxSize   1
2026-02-12 19:25:44,372 Athena::DelayedConditionsCleanerSvc                  INFO     nClean 1 avgRemoved 0.00 0/1/2+ 1/0/0
2026-02-12 19:25:44,372 Athena::DelayedConditionsCleanerSvc                  INFO   ConditionStore+NswPassivationDbData nInserts      1 maxSize   1
2026-02-12 19:25:44,372 Athena::DelayedConditionsCleanerSvc                  INFO     nClean 1 avgRemoved 0.00 0/1/2+ 1/0/0
2026-02-12 19:25:44,372 Athena::DelayedConditionsCleanerSvc                  INFO   ConditionStore+PixelAlignmentStore nInserts      1 maxSize   1
2026-02-12 19:25:44,372 Athena::DelayedConditionsCleanerSvc                  INFO     nClean 1 avgRemoved 0.00 0/1/2+ 1/0/0
2026-02-12 19:25:44,372 Athena::DelayedConditionsCleanerSvc                  INFO   ConditionStore+PixelDetectorElementCollection nInserts      1 maxSize   1
2026-02-12 19:25:44,372 Athena::DelayedConditionsCleanerSvc                  INFO     nClean 1 avgRemoved 0.00 0/1/2+ 1/0/0
2026-02-12 19:25:44,372 Athena::DelayedConditionsCleanerSvc                  INFO   ConditionStore+SCTAlignmentStore nInserts      1 maxSize   1
2026-02-12 19:25:44,372 Athena::DelayedConditionsCleanerSvc                  INFO     nClean 1 avgRemoved 0.00 0/1/2+ 1/0/0
2026-02-12 19:25:44,372 Athena::DelayedConditionsCleanerSvc                  INFO   ConditionStore+SCT_DetectorElementCollection nInserts      1 maxSize   1
2026-02-12 19:25:44,372 Athena::DelayedConditionsCleanerSvc                  INFO     nClean 1 avgRemoved 0.00 0/1/2+ 1/0/0
2026-02-12 19:25:44,372 Athena::DelayedConditionsCleanerSvc                  INFO   ConditionStore+TRT_DetElementContainer nInserts      1 maxSize   1
2026-02-12 19:25:44,372 Athena::DelayedConditionsCleanerSvc                  INFO     nClean 1 avgRemoved 0.00 0/1/2+ 1/0/0
2026-02-12 19:25:44,372 Athena::DelayedConditionsCleanerSvc                  INFO   ConditionStore+fieldCondObj nInserts      1 maxSize   1
2026-02-12 19:25:44,372 Athena::DelayedConditionsCleanerSvc                  INFO     nClean 1 avgRemoved 0.00 0/1/2+ 1/0/0
2026-02-12 19:25:44,372 Athena::DelayedConditionsCleanerSvc                  INFO   ConditionStore+fieldMapCondObj nInserts      1 maxSize   1
2026-02-12 19:25:44,373 Athena::DelayedConditionsCleanerSvc                  INFO     nClean 1 avgRemoved 0.00 0/1/2+ 1/0/0
2026-02-12 19:25:44,373 AthDictLoaderSvc                                     INFO in finalize...
2026-02-12 19:25:44,969 Domain[ROOT_All]                                     INFO >   Deaccess DbDomain     READ      [ROOT_All]
2026-02-12 19:25:44,969 AthenaPoolSharedIOCnvSvc                             INFO PerfStats ----------------------------------------
2026-02-12 19:25:44,970 AthenaPoolSharedIOCnvSvc                             INFO PerfStats Timing Measurements for AthenaPoolCnvSvc
2026-02-12 19:25:44,970 AthenaPoolSharedIOCnvSvc                             INFO PerfStats ----------------------------------------
2026-02-12 19:25:44,970 AthenaPoolSharedIOCnvSvc                             INFO PerfStats | cObjR_ALL       |           18852 ms |
2026-02-12 19:25:44,970 AthenaPoolSharedIOCnvSvc                             INFO PerfStats | fRep_ALL        |            7250 ms |
2026-02-12 19:25:44,970 AthenaPoolSharedIOCnvSvc                             INFO PerfStats | cObj_ALL        |           20687 ms |
2026-02-12 19:25:44,970 AthenaPoolSharedIOCnvSvc                             INFO PerfStats | cRep_ALL        |              66 ms |
2026-02-12 19:25:44,970 AthenaPoolSharedIOCnvSvc                             INFO PerfStats ----------------------------------------
2026-02-12 19:25:44,971 Domain[ROOT_All]                                     INFO >   Deaccess DbDomain     READ      [ROOT_All]
2026-02-12 19:25:44,977 IOVDbFolder                                          INFO Folder /Digitization/Parameters (AttrList) db-read 0/1 objs/chan/bytes 1/0/0 ((     0.00 ))s
2026-02-12 19:25:44,977 IOVDbFolder                                          INFO Folder /EXT/DCS/MAGNETS/SENSORDATA (AttrListColl) db-read 1/1 objs/chan/bytes 4/4/20 ((     0.03 ))s
2026-02-12 19:25:44,977 IOVDbFolder                                          INFO Folder /GLOBAL/BField/Maps (AttrListColl) db-read 1/1 objs/chan/bytes 3/3/202 ((     0.02 ))s
2026-02-12 19:25:44,978 IOVDbFolder                                          INFO Folder /GLOBAL/TrackingGeo/LayerMaterialV2 (PoolRef) db-read 1/1 objs/chan/bytes 1/1/231 ((     0.01 ))s
2026-02-12 19:25:44,978 IOVDbFolder                                          INFO Folder /Indet/Align (PoolRefColl) db-read 1/1 objs/chan/bytes 43/43/7009 ((     0.03 ))s
2026-02-12 19:25:44,978 IOVDbFolder                                          INFO Folder /Indet/Beampos (AttrList) db-read 1/1 objs/chan/bytes 6/1/456 ((     0.02 ))s
2026-02-12 19:25:44,978 IOVDbFolder                                          INFO Folder /Indet/IBLDist (AttrListColl) db-read 1/1 objs/chan/bytes 14/14/280 ((     0.01 ))s
2026-02-12 19:25:44,978 IOVDbFolder                                          INFO Folder /LAR/Align (PoolRef) db-read 1/1 objs/chan/bytes 1/1/170 ((     0.04 ))s
2026-02-12 19:25:44,978 IOVDbFolder                                          INFO Folder /MDT/MM/PASSIVATION (AttrListColl) db-read 1/1 objs/chan/bytes 1/1/680679 ((     0.04 ))s
2026-02-12 19:25:44,978 IOVDbFolder                                          INFO Folder /TRT/Align (PoolRefColl) db-read 1/1 objs/chan/bytes 32/32/5120 ((     0.03 ))s
2026-02-12 19:25:44,978 IOVDbFolder                                          INFO Folder /TRT/Calib/DX (PoolRef) db-read 1/1 objs/chan/bytes 1/1/183 ((     0.03 ))s
2026-02-12 19:25:44,978 IOVDbFolder                                          INFO Folder /TagInfo (AttrListColl) db-read 0/1 objs/chan/bytes 1/0/0 ((     0.00 ))s
2026-02-12 19:25:44,978 IOVDbFolder                                          INFO Folder /LAR/LArCellPositionShift (PoolRef) db-read 1/1 objs/chan/bytes 1/1/195 ((     0.01 ))s
2026-02-12 19:25:44,978 IOVDbSvc                                             INFO Total payload read from IOVDb: 694545 bytes in ((      0.26 ))s
2026-02-12 19:25:44,978 IOVDbSvc                                             INFO Connection sqlite://;schema=mycool.db;dbname=OFLP200 : nConnect: 0 nFolders: 0 ReadTime: ((     0.00 ))s
2026-02-12 19:25:44,978 IOVDbSvc                                             INFO Connection COOLOFL_LAR/OFLP200 : nConnect: 2 nFolders: 2 ReadTime: ((     0.05 ))s
2026-02-12 19:25:44,978 IOVDbSvc                                             INFO Connection COOLOFL_GLOBAL/OFLP200 : nConnect: 2 nFolders: 2 ReadTime: ((     0.03 ))s
2026-02-12 19:25:44,978 IOVDbSvc                                             INFO Connection COOLOFL_DCS/OFLP200 : nConnect: 2 nFolders: 1 ReadTime: ((     0.03 ))s
2026-02-12 19:25:44,979 IOVDbSvc                                             INFO Connection COOLOFL_INDET/OFLP200 : nConnect: 2 nFolders: 3 ReadTime: ((     0.06 ))s
2026-02-12 19:25:44,979 IOVDbSvc                                             INFO Connection COOLOFL_MDT/OFLP200 : nConnect: 2 nFolders: 1 ReadTime: ((     0.04 ))s
2026-02-12 19:25:44,979 IOVDbSvc                                             INFO Connection COOLOFL_TRT/OFLP200 : nConnect: 2 nFolders: 2 ReadTime: ((     0.06 ))s
2026-02-12 19:25:44,979 ToolSvc                                              INFO Removing all tools created by ToolSvc
2026-02-12 19:25:44,980 TruthCategoriesDecorator.HiggsTruthCategoryTool      INFO  ====================================================== 
2026-02-12 19:25:44,980 TruthCategoriesDecorator.HiggsTruthCategoryTool      INFO  ---- FinalizingTruthCategoriesDecorator.HiggsTruthCategoryTool...
2026-02-12 19:25:44,980 TruthCategoriesDecorator.HiggsTruthCategoryTool      INFO  ====================================================== 
2026-02-12 19:25:44,980 TruthCategoriesDecorator.HiggsTruthCategoryTool      INFO  ====================================================== 
2026-02-12 19:25:44,980 TruthCategoriesDecorator.xAODToHepMCTool             INFO ==============================================================
2026-02-12 19:25:44,980 TruthCategoriesDecorator.xAODToHepMCTool             INFO ==========    xAOD -> HepMC Tool :: Run Summary     ==========
2026-02-12 19:25:44,980 TruthCategoriesDecorator.xAODToHepMCTool             INFO ==============================================================
2026-02-12 19:25:44,981 TruthCategoriesDecorator.xAODToHepMCTool             INFO No missing production vertices
2026-02-12 19:25:44,981 TruthCategoriesDecorator.xAODToHepMCTool             INFO No events with undefined beams.
2026-02-12 19:25:44,981 TruthCategoriesDecorator.xAODToHepMCTool             INFO ==============================================================
2026-02-12 19:25:44,981 TruthCategoriesDecorator.xAODToHepMCTool             INFO ===================    End Run Summary     ===================
2026-02-12 19:25:44,981 TruthCategoriesDecorator.xAODToHepMCTool             INFO ==============================================================
2026-02-12 19:25:44,981 ToolSvc.PHYSDiTauLowPtTPThinningTool                 INFO Processed 154957 tracks, 2705 were retained 
2026-02-12 19:25:44,981 ToolSvc.PHYSDiTauLowPtThinningTool                   INFO Processed 426 objects, 199 were retained 
2026-02-12 19:25:44,981 ToolSvc.PHYSDiTauTPThinningTool                      INFO Processed 154957 tracks, 585 were retained 
2026-02-12 19:25:44,981 ToolSvc.PHYSDiTauThinningTool                        INFO Processed 34 objects, 29 were retained 
2026-02-12 19:25:44,981 ToolSvc.PHYSTauJets_MuonRMThinningTool               INFO Processed 98 taus, 60 were kept
2026-02-12 19:25:44,981 ToolSvc.PHYSTauJetThinningTool                       INFO Processed 2473 taus, 1259 were kept
2026-02-12 19:25:44,981 ToolSvc.PHYSMuonTPThinningTool                       INFO Processed 154957 tracks, 558 were retained 
2026-02-12 19:25:44,982 ToolSvc.PHYSTrackParticleThinningTool                INFO Processed 154957 tracks, 1516 were retained 
2026-02-12 19:25:44,982 ToolSvc.TrigDecisionTool                             INFO Finalized
2026-02-12 19:25:44,982 JetTagVertexDecoratorAlgAntiKt10UFO...JFVarFactory   INFO  Finalization of JetFitterVariablesFactory successful
2026-02-12 19:25:44,982 JetTagVertexDecoratorAlgAntiKt10...Analysis::SVTag   INFO #BTAG# Number of jets used for calibration for reference ALL : #b= 0 #light= 0 #charm= 0
2026-02-12 19:25:44,982 InDetVKalVxInJetTool                                 INFO Time User   : Tot= 2.33  [s] Ave/Min/Max=0.000442(+- 0.00205)/       0/    0.01  [s] #=5276
2026-02-12 19:25:44,982 InDetVKalVxInJetTool                                 INFO Time User   : Tot= 2.33  [s] Ave/Min/Max=0.000442(+- 0.00205)/       0/    0.01  [s] #=5276
2026-02-12 19:25:44,983 JetTagVertexDecoratorAlgAntiKt4EMPF...JFVarFactory   INFO  Finalization of JetFitterVariablesFactory successful
2026-02-12 19:25:44,983 JetTagVertexDecoratorAlgAntiKt4E...Analysis::SVTag   INFO #BTAG# Number of jets used for calibration for reference ALL : #b= 0 #light= 0 #charm= 0
2026-02-12 19:25:44,983 InDetVKalVxInJetTool                                 INFO Time User   : Tot= 2.33  [s] Ave/Min/Max=0.000442(+- 0.00205)/       0/    0.01  [s] #=5276
2026-02-12 19:25:44,983 InDetVKalVxInJetTool                                 INFO Time User   : Tot= 2.33  [s] Ave/Min/Max=0.000442(+- 0.00205)/       0/    0.01  [s] #=5276
2026-02-12 19:25:44,989 ToolSvc.DFCommonTruthForwardProtonTool               INFO Processed 417394 truth particles, 0 were retained 
2026-02-12 19:25:44,989 ToolSvc.DFCommonTruthBSMTool                         INFO Processed 417394 truth particles, 0 were retained 
2026-02-12 19:25:44,989 ToolSvc.DFCommonTruthBosonTool                       INFO Processed 417394 truth particles, 880 were retained 
2026-02-12 19:25:44,989 ToolSvc.DFCommonTruthTopTool                         INFO Processed 417394 truth particles, 1005 were retained 
2026-02-12 19:25:44,989 ToolSvc.DFCommonTruthBottomTool                      INFO Processed 417394 truth particles, 1101 were retained 
2026-02-12 19:25:44,990 ToolSvc.DFCommonTruthNeutrinoTool                    INFO Processed 417394 truth particles, 364 were retained 
2026-02-12 19:25:44,990 ToolSvc.DFCommonTruthPhotonToolSim                   INFO Processed 417394 truth particles, 1473 were retained 
2026-02-12 19:25:44,990 ToolSvc.DFCommonTruthElectronTool                    INFO Processed 417394 truth particles, 958 were retained 
2026-02-12 19:25:44,990 ToolSvc.DFCommonTruthMuonTool                        INFO Processed 417394 truth particles, 174 were retained 
2026-02-12 19:25:44,990 ToolSvc.PhysCommonTruthCharmTool                     INFO Processed 417394 truth particles, 1121 were retained 
2026-02-12 19:25:44,990 ToolSvc.DFCommonTruthClassificationTool              INFO Processed and decorated 417394 truth particles
2026-02-12 19:25:44,990 AthenaPoolSharedIOCnvSvc.OutputStreamingTool         INFO in finalize()
2026-02-12 19:25:45,001 InDet_TrkInJetType                                   INFO Time User   : Tot= 1.49  [s] Ave/Min/Max=6.18e-05(+-0.000784)/       0/    0.01  [s] #=24103
2026-02-12 19:25:45,002 InDet_TrkInJetType                                   INFO Time User   : Tot= 1.49  [s] Ave/Min/Max=6.18e-05(+-0.000784)/       0/    0.01  [s] #=24103
2026-02-12 19:25:45,002 InDet_TrkInJetType                                   INFO Time User   : Tot= 1.49  [s] Ave/Min/Max=6.18e-05(+-0.000784)/       0/    0.01  [s] #=24103
2026-02-12 19:25:45,002 InDet_TrkInJetType                                   INFO Time User   : Tot= 1.49  [s] Ave/Min/Max=6.18e-05(+-0.000784)/       0/    0.01  [s] #=24103
2026-02-12 19:25:45,003 ToolSvc.DiTauIDDeco...DiTauRec_OnnxScoreCalculator   INFO Finalizing DiTauOnnxDiscriminantTool
2026-02-12 19:25:45,017 AtlasTrackingGeometryCond...MuonStationTypeBuilder   INFO  finalize() successful
2026-02-12 19:25:45,019 METAssociat...MET_AssociationTool_AntiKt4EMPFlowHR   INFO Finalizing METAssociation_AntiKt4EMPFlowHR.MET_AssociationTool_AntiKt4EMPFlowHR...
2026-02-12 19:25:45,019 METAssociatio...MET_AssociationTool_AntiKt4EMPFlow   INFO Finalizing METAssociation_AntiKt4EMPFlow.MET_AssociationTool_AntiKt4EMPFlow...
2026-02-12 19:25:45,019 METAssociation...MET_AssociationTool_AntiKt4EMTopo   INFO Finalizing METAssociation_AntiKt4EMTopo.MET_AssociationTool_AntiKt4EMTopo...
2026-02-12 19:25:45,019 METRecoAlg_Truth.MET_RegionTool_Truth                INFO Finalizing METRecoAlg_Truth.MET_RegionTool_Truth...
2026-02-12 19:25:45,019 METRecoAlg_Truth.MET_RecoTool_Truth                  INFO Finalizing METRecoAlg_Truth.MET_RecoTool_Truth...
2026-02-12 19:25:45,020 METRecoAlg_Truth.MET_R...MET_IntMuonsRegions_Truth   INFO Finalizing METRecoAlg_Truth.MET_RegionTool_Truth.MET_IntMuonsRegions_Truth...
2026-02-12 19:25:45,020 METRecoAlg_Truth.MET_Reg...MET_IntOutRegions_Truth   INFO Finalizing METRecoAlg_Truth.MET_RegionTool_Truth.MET_IntOutRegions_Truth...
2026-02-12 19:25:45,020 METRecoAlg_Truth.MET_Region...MET_IntRegions_Truth   INFO Finalizing METRecoAlg_Truth.MET_RegionTool_Truth.MET_IntRegions_Truth...
2026-02-12 19:25:45,020 METRecoAlg_Truth.MET_Reg...MET_NonIntRegions_Truth   INFO Finalizing METRecoAlg_Truth.MET_RegionTool_Truth.MET_NonIntRegions_Truth...

The MCnet usage guidelines apply to Rivet: see http://www.montecarlonet.org/GUIDELINES
Please acknowledge Rivet in results made using it, and cite https://arxiv.org/abs/2404.15984 and https://arxiv.org/abs/2312.15070
2026-02-12 19:25:45,111 PerfMonMTSvc                                         INFO Finalizing PerfMonMTSvc
2026-02-12 19:25:45,111 IdDictDetDescrCnv                                    INFO in finalize
2026-02-12 19:25:45,114 *****Chrono*****                                     INFO ****************************************************************************************************
2026-02-12 19:25:45,114 *****Chrono*****                                     INFO  The Final CPU consumption ( Chrono ) Table (ordered)
2026-02-12 19:25:45,114 *****Chrono*****                                     INFO ****************************************************************************************************
2026-02-12 19:25:45,114 DiTauJets_DiTauIDDecorKernel                         INFO Time User   : Tot=    0 [us] Ave/Min/Max=       0(+-       0)/       0/       0 [us] #=251
2026-02-12 19:25:45,115 DFCommonTruthMetaDataWriterKernel                    INFO Time User   : Tot=    0 [us] Ave/Min/Max=       0(+-       0)/       0/       0 [us] #=251
2026-02-12 19:25:45,115 MCTruthCommonPostJetKernelNo3                        INFO Time User   : Tot=    0 [us] Ave/Min/Max=       0(+-       0)/       0/       0 [us] #=251
2026-02-12 19:25:45,115 MCTruthCommonPreJetKernelNo11                        INFO Time User   : Tot=    0 [us] Ave/Min/Max=       0(+-       0)/       0/       0 [us] #=251
2026-02-12 19:25:45,115 DiTauJetsLowPt_DiTauIDDecorKernel                    INFO Time User   : Tot=    0 [us] Ave/Min/Max=       0(+-       0)/       0/       0 [us] #=251
2026-02-12 19:25:45,115 DFCommonMuonsKernel2                                 INFO Time User   : Tot=    0 [us] Ave/Min/Max=       0(+-       0)/       0/       0 [us] #=251
2026-02-12 19:25:45,115 MCTruthCommonPreJetKernelNo9                         INFO Time User   : Tot=    0 [us] Ave/Min/Max=       0(+-       0)/       0/       0 [us] #=251
2026-02-12 19:25:45,115 MCTruthCommonPreJetKernelNo18                        INFO Time User   : Tot=    0 [us] Ave/Min/Max=       0(+-       0)/       0/       0 [us] #=251
2026-02-12 19:25:45,115 MCTruthCommonBornLeptonsKernel                       INFO Time User   : Tot=    0 [us] Ave/Min/Max=       0(+-       0)/       0/       0 [us] #=251
2026-02-12 19:25:45,115 DistanceInTrainAugmentation                          INFO Time User   : Tot=    0 [us] Ave/Min/Max=       0(+-       0)/       0/       0 [us] #=251
2026-02-12 19:25:45,115 MCTruthCommonPreJetKernelNo10                        INFO Time User   : Tot=    0 [us] Ave/Min/Max=       0(+-       0)/       0/       0 [us] #=251
2026-02-12 19:25:45,115 MCTruthCommonPreJetKernelNo15                        INFO Time User   : Tot=    0 [us] Ave/Min/Max=       0(+-       0)/       0/       0 [us] #=251
2026-02-12 19:25:45,115 MCTruthCommonPostJetKernelNo1                        INFO Time User   : Tot=    0 [us] Ave/Min/Max=       0(+-       0)/       0/       0 [us] #=251
2026-02-12 19:25:45,115 MCTruthCommonPreJetKernelNo17                        INFO Time User   : Tot=    0 [us] Ave/Min/Max=       0(+-       0)/       0/       0 [us] #=251
2026-02-12 19:25:45,115 MCTruthCommonPreJetKernelNo7                         INFO Time User   : Tot=    0 [us] Ave/Min/Max=       0(+-       0)/       0/       0 [us] #=251
2026-02-12 19:25:45,115 InDetCommonKernelDFCommonZ0AtPV                      INFO Time User   : Tot=   10 [ms] Ave/Min/Max=  0.0398(+-    0.63)/       0/      10 [ms] #=251
2026-02-12 19:25:45,115 MCTruthCommonPreJetKernelNo12                        INFO Time User   : Tot=   10 [ms] Ave/Min/Max=  0.0398(+-    0.63)/       0/      10 [ms] #=251
2026-02-12 19:25:45,115 MCTruthCommonTruthPVCollKernel                       INFO Time User   : Tot=   10 [ms] Ave/Min/Max=  0.0398(+-    0.63)/       0/      10 [ms] #=251
2026-02-12 19:25:45,116 BadBatmanAugmentation                                INFO Time User   : Tot=   10 [ms] Ave/Min/Max=  0.0398(+-    0.63)/       0/      10 [ms] #=251
2026-02-12 19:25:45,116 MCTruthCommonPreJetKernelNo1                         INFO Time User   : Tot=   10 [ms] Ave/Min/Max=  0.0398(+-    0.63)/       0/      10 [ms] #=251
2026-02-12 19:25:45,116 AthenaMP_seek                                        INFO Time User   : Tot=   10 [ms] Ave/Min/Max=  0.0398(+-    0.63)/       0/      10 [ms] #=251
2026-02-12 19:25:45,116 TauRNNLooseAugmentationKernel                        INFO Time User   : Tot=   10 [ms] Ave/Min/Max=  0.0398(+-    0.63)/       0/      10 [ms] #=251
2026-02-12 19:25:45,116 MiniCollectionTruthLinkKernelNo2                     INFO Time User   : Tot=   10 [ms] Ave/Min/Max=  0.0398(+-    0.63)/       0/      10 [ms] #=251
2026-02-12 19:25:45,116 MCTruthCommonPreJetKernelNo14                        INFO Time User   : Tot=   20 [ms] Ave/Min/Max=  0.0797(+-   0.889)/       0/      10 [ms] #=251
2026-02-12 19:25:45,116 MCTruthCommonPreJetKernelNo13                        INFO Time User   : Tot=   20 [ms] Ave/Min/Max=  0.0797(+-   0.889)/       0/      10 [ms] #=251
2026-02-12 19:25:45,116 MCTruthCommonPreJetKernelNo16                        INFO Time User   : Tot=   20 [ms] Ave/Min/Max=  0.0797(+-   0.889)/       0/      10 [ms] #=251
2026-02-12 19:25:45,116 MCTruthCommonBosonsAndDecaysKernel                   INFO Time User   : Tot=   20 [ms] Ave/Min/Max=  0.0797(+-   0.889)/       0/      10 [ms] #=251
2026-02-12 19:25:45,116 MCTruthCommonTausAndDecaysKernel                     INFO Time User   : Tot=   20 [ms] Ave/Min/Max=  0.0797(+-   0.889)/       0/      10 [ms] #=251
2026-02-12 19:25:45,116 MCTruthCommonPreJetKernelNo2                         INFO Time User   : Tot=   30 [ms] Ave/Min/Max=    0.12(+-    1.09)/       0/      10 [ms] #=251
2026-02-12 19:25:45,116 MCTruthCommonPreJetKernelNo6                         INFO Time User   : Tot=   30 [ms] Ave/Min/Max=    0.12(+-    1.09)/       0/      10 [ms] #=251
2026-02-12 19:25:45,116 MCTruthCommonBSMAndDecaysKernel                      INFO Time User   : Tot=   30 [ms] Ave/Min/Max=    0.12(+-    1.09)/       0/      10 [ms] #=251
2026-02-12 19:25:45,116 MCTruthCommonPreJetKernelNo5                         INFO Time User   : Tot=   40 [ms] Ave/Min/Max=   0.159(+-    1.25)/       0/      10 [ms] #=251
2026-02-12 19:25:45,116 DFCommonMuonsKernel                                  INFO Time User   : Tot=   50 [ms] Ave/Min/Max=   0.199(+-     1.4)/       0/      10 [ms] #=251
2026-02-12 19:25:45,116 MiniCollectionTruthLinkKernelNo3                     INFO Time User   : Tot=   50 [ms] Ave/Min/Max=   0.199(+-    1.66)/       0/      20 [ms] #=251
2026-02-12 19:25:45,116 MCTruthCommonPreJetKernelNo4                         INFO Time User   : Tot=   60 [ms] Ave/Min/Max=   0.239(+-    1.53)/       0/      10 [ms] #=251
2026-02-12 19:25:45,116 MCTruthCommonPreJetKernelNo3                         INFO Time User   : Tot=   60 [ms] Ave/Min/Max=   0.239(+-    1.53)/       0/      10 [ms] #=251
2026-02-12 19:25:45,116 MCTruthCommonPostJetKernelNo2                        INFO Time User   : Tot=   70 [ms] Ave/Min/Max=   0.279(+-    1.65)/       0/      10 [ms] #=251
2026-02-12 19:25:45,116 PhysCommonTruthCharmKernel                           INFO Time User   : Tot=   80 [ms] Ave/Min/Max=   0.319(+-    1.76)/       0/      10 [ms] #=251
2026-02-12 19:25:45,117 MCTruthCommonPreJetKernelNo8                         INFO Time User   : Tot=  110 [ms] Ave/Min/Max=   0.438(+-    2.05)/       0/      10 [ms] #=251
2026-02-12 19:25:45,117 DFCommonHSDecorator                                  INFO Time User   : Tot=  110 [ms] Ave/Min/Max=   0.438(+-    3.49)/       0/      50 [ms] #=251
2026-02-12 19:25:45,117 DiTauIDDecorKernel                                   INFO Time User   : Tot=  130 [ms] Ave/Min/Max=   0.518(+-    2.22)/       0/      10 [ms] #=251
2026-02-12 19:25:45,117 MCTruthCommonHFAndDecaysKernel                       INFO Time User   : Tot=  180 [ms] Ave/Min/Max=   0.717(+-    2.58)/       0/      10 [ms] #=251
2026-02-12 19:25:45,117 MCTruthNavigationDecoratorKernel                     INFO Time User   : Tot=  180 [ms] Ave/Min/Max=   0.717(+-    2.58)/       0/      10 [ms] #=251
2026-02-12 19:25:45,117 PHYSKernel                                           INFO Time User   : Tot=  180 [ms] Ave/Min/Max=   0.717(+-    2.58)/       0/      10 [ms] #=251
2026-02-12 19:25:45,117 InDetCommonKernelDFCommonUsedInFitDecorator          INFO Time User   : Tot=  280 [ms] Ave/Min/Max=    1.12(+-    3.15)/       0/      10 [ms] #=251
2026-02-12 19:25:45,117 TauJets_MuonRM_TauIDDecorKernel                      INFO Time User   : Tot=  380 [ms] Ave/Min/Max=    1.51(+-    3.69)/       0/      20 [ms] #=251
2026-02-12 19:25:45,117 InDetCommonKernelDFCommonTrackSelection              INFO Time User   : Tot=  330 [ms] Ave/Min/Max=    1.31(+-    5.15)/       0/      50 [ms] #=251
2026-02-12 19:25:45,117 MiniCollectionTruthLinkKernelNo1                     INFO Time User   : Tot= 0.73  [s] Ave/Min/Max= 0.00291(+-  0.0428)/       0/    0.68  [s] #=251
2026-02-12 19:25:45,117 HFClassificationCommonKernel                         INFO Time User   : Tot= 1.18  [s] Ave/Min/Max=  0.0047(+- 0.00507)/       0/    0.02  [s] #=251
2026-02-12 19:25:45,117 InDet_TrkInJetType                                   INFO Time User   : Tot= 1.49  [s] Ave/Min/Max=6.18e-05(+-0.000784)/       0/    0.01  [s] #=24103
2026-02-12 19:25:45,117 MCTruthClassificationKernel                          INFO Time User   : Tot= 1.75  [s] Ave/Min/Max= 0.00697(+- 0.00689)/       0/    0.04  [s] #=251
2026-02-12 19:25:45,117 InDetVKalVxInJetTool                                 INFO Time User   : Tot= 2.33  [s] Ave/Min/Max=0.000442(+- 0.00205)/       0/    0.01  [s] #=5276
2026-02-12 19:25:45,117 EGammaCommonKernel                                   INFO Time User   : Tot= 4.64  [s] Ave/Min/Max=  0.0185(+-  0.0108)/       0/    0.09  [s] #=251
2026-02-12 19:25:45,117 TauJets_TauIDDecorKernel                             INFO Time User   : Tot=  5.9  [s] Ave/Min/Max=  0.0235(+-    0.01)/       0/    0.07  [s] #=251
2026-02-12 19:25:45,117 TauTruthCommonKernel2                                INFO Time User   : Tot= 5.71  [s] Ave/Min/Max=  0.0227(+-   0.354)/       0/    5.62  [s] #=251
2026-02-12 19:25:45,117 ChronoStatSvc                                        INFO Time User   : Tot=  337  [s]  #=  1
2026-02-12 19:25:45,117 AthenaMP_nextEvent                                   INFO Time User   : Tot=  352  [s] Ave/Min/Max=     1.4(+-   0.641)/    0.64/    9.45  [s] #=251
2026-02-12 19:25:45,117 *****Chrono*****                                     INFO ****************************************************************************************************
2026-02-12 19:25:45,117 ChronoStatSvc.finalize()                             INFO  Service finalized successfully 
2026-02-12 19:25:45,118 FPEAuditor                                           INFO FPE summary for this job
2026-02-12 19:25:45,118 FPEAuditor                                           INFO  FPE OVERFLOWs  : 0
2026-02-12 19:25:45,118 FPEAuditor                                           INFO  FPE INVALIDs   : 0
2026-02-12 19:25:45,118 FPEAuditor                                           INFO  FPE DIVBYZEROs : 0
2026-02-12 19:25:45,232 PerfMonMTSvc                                         INFO =======================================================================================
2026-02-12 19:25:45,233 PerfMonMTSvc                                         INFO                                  PerfMonMTSvc Report                                   
2026-02-12 19:25:45,233 PerfMonMTSvc                                         INFO =======================================================================================
2026-02-12 19:25:45,233 PerfMonMTSvc                                         INFO *** Full set of information can also be found in: perfmonmt_Derivation.json
2026-02-12 19:25:45,233 PerfMonMTSvc                                         INFO *** In order to make plots using the results run the following commands:
2026-02-12 19:25:45,233 PerfMonMTSvc                                         INFO *** $ perfmonmt-plotter.py -i perfmonmt_Derivation.json
2026-02-12 19:25:45,233 PerfMonMTSvc                                         INFO *** In order to print tables using the results run the following commands:
2026-02-12 19:25:45,233 PerfMonMTSvc                                         INFO *** $ perfmonmt-printer.py -i perfmonmt_Derivation.json
2026-02-12 19:25:45,233 PerfMonMTSvc                                         INFO =======================================================================================
2026-02-12 19:25:45,233 PerfMonMTSvc                                         INFO =======================================================================================
2026-02-12 19:25:45,234 PerfMonMTSvc                                         INFO                              Component Level Monitoring                                
2026-02-12 19:25:45,234 PerfMonMTSvc                                         INFO =======================================================================================
2026-02-12 19:25:45,234 PerfMonMTSvc                                         INFO Step       Count           CPU Time [ms]             Vmem [kB]                                Malloc [kB]                                             Component                                                                  
2026-02-12 19:25:45,234 PerfMonMTSvc                                         INFO ---------------------------------------------------------------------------------------
2026-02-12 19:25:45,254 PerfMonMTSvc                                         INFO Initialize 1               3086.48                   128152                                   33760                                                   EGammaCommonKernel                                                         
2026-02-12 19:25:45,254 PerfMonMTSvc                                         INFO Initialize 1               627.92                    36620                                    13247                                                   MuonRemovalTauAODReRecoAlg                                                 
2026-02-12 19:25:45,254 PerfMonMTSvc                                         INFO Initialize 1               501.59                    34356                                    74752                                                   AntiKt10UFOCSSKSoftDropBeta100Zcut10Jets                                   
2026-02-12 19:25:45,254 PerfMonMTSvc                                         INFO Initialize 1               465.63                    11996                                    7584                                                    DFCommonMuonsKernel                                                        
2026-02-12 19:25:45,255 PerfMonMTSvc                                         INFO Initialize 1               446.61                    9448                                     7460                                                    ToolSvc.DFCommonMuonToolWrapperIDCuts                                      
2026-02-12 19:25:45,255 PerfMonMTSvc                                         INFO Initialize 1               440.03                    8856                                     7378                                                    ToolSvc.DFCommonMuonsSelector                                              
2026-02-12 19:25:45,255 PerfMonMTSvc                                         INFO Initialize 1               434.12                    27648                                    73350                                                   jetrecalg_AntiKt10UFOCSSKSoftDropBeta100Zcut10Jets                         
2026-02-12 19:25:45,255 PerfMonMTSvc                                         INFO Initialize 1               418.82                    46276                                    67585                                                   AntiKt4EMPFlowJets                                                         
2026-02-12 19:25:45,255 PerfMonMTSvc                                         INFO Initialize 1               415.71                    46276                                    67283                                                   jetrecalg_AntiKt4EMPFlowJets                                               
2026-02-12 19:25:45,255 PerfMonMTSvc                                         INFO Initialize 1               415.34                    46276                                    67247                                                   jetrecalg_AntiKt4EMPFlowJets.emscalemom_AntiKt4EMPFlow                     
2026-02-12 19:25:45,255 PerfMonMTSvc                                         INFO Initialize 1               414.97                    46276                                    67209                                                   jetrecalg_AntiKt4EMPFlowJets.jetens                                        
2026-02-12 19:25:45,255 PerfMonMTSvc                                         INFO Initialize 1               411.72                    46276                                    66960                                                   jetrecalg_AntiKt4EMPFlowJets.width                                         
2026-02-12 19:25:45,255 PerfMonMTSvc                                         INFO Initialize 1               411.51                    46276                                    66951                                                   jetrecalg_AntiKt4EMPFlowJets.caloqual                                      
2026-02-12 19:25:45,255 PerfMonMTSvc                                         INFO Initialize 1               410.84                    46276                                    66919                                                   jetrecalg_AntiKt4EMPFlowJets.trkmoms                                       
2026-02-12 19:25:45,255 PerfMonMTSvc                                         INFO Initialize 1               409.80                    46276                                    66847                                                   jetrecalg_AntiKt4EMPFlowJets.trksummoms                                    
2026-02-12 19:25:45,255 PerfMonMTSvc                                         INFO Initialize 1               409.35                    46276                                    66785                                                   jetrecalg_AntiKt4EMPFlowJets.jvf                                           
2026-02-12 19:25:45,255 PerfMonMTSvc                                         INFO Initialize 1               408.87                    46276                                    66724                                                   jetrecalg_AntiKt4EMPFlowJets.jvt                                           
2026-02-12 19:25:45,255 PerfMonMTSvc                                         INFO Initialize 1               406.85                    46276                                    66586                                                   jetrecalg_AntiKt4EMPFlowJets.larhvcorr                                     
2026-02-12 19:25:45,256 PerfMonMTSvc                                         INFO Initialize 1               406.68                    46276                                    66576                                                   jetrecalg_AntiKt4EMPFlowJets.iso                                           
2026-02-12 19:25:45,256 PerfMonMTSvc                                         INFO Initialize 1               406.45                    46276                                    66561                                                   jetrecalg_AntiKt4EMPFlowJets.jetPtAssociation                              
2026-02-12 19:25:45,256 PerfMonMTSvc                                         INFO Initialize 1               406.25                    46276                                    66542                                                   jetrecalg_AntiKt4EMPFlowJets.qgtagging                                     
2026-02-12 19:25:45,256 PerfMonMTSvc                                         INFO Initialize 1               405.23                    46276                                    66462                                                   jetrecalg_AntiKt4EMPFlowJets.nnjvt                                         
2026-02-12 19:25:45,256 PerfMonMTSvc                                         INFO Initialize 1               403.24                    46276                                    66424                                                   jetrecalg_AntiKt4EMPFlowJets.fJVT                                          
2026-02-12 19:25:45,256 PerfMonMTSvc                                         INFO Initialize 1               375.59                    27112                                    1972                                                    TrigNavSlimmingMTAlg_DAOD                                                  
2026-02-12 19:25:45,256 PerfMonMTSvc                                         INFO Initialize 1               368.94                    79640                                    3659                                                    ToolSvc.ElectronPassDNNLoose                                               
2026-02-12 19:25:45,256 PerfMonMTSvc                                         INFO Initialize 1               349.31                    78848                                    3449                                                    ToolSvc.ElectronPassDNNLoose.ElectronDNNSelectorLoose                      
2026-02-12 19:25:45,256 PerfMonMTSvc                                         INFO Initialize 1               345.95                    24132                                    1675                                                    ToolSvc.TrigDecisionTool.Navigation                                        
2026-02-12 19:25:45,256 PerfMonMTSvc                                         INFO Initialize 1               337.37                    8192                                     39912                                                   jetrecalg_AntiKt10UFOCSSKSoftDropBeta100Zcut10Jets.width                   
2026-02-12 19:25:45,256 PerfMonMTSvc                                         INFO Initialize 1               337.09                    8192                                     39895                                                   jetrecalg_AntiKt10UFOCSSKSoftDropBeta100Zcut10Jets.nsubjettiness           
2026-02-12 19:25:45,256 PerfMonMTSvc                                         INFO Initialize 1               335.97                    8192                                     39849                                                   jetrecalg_AntiKt10UFOCSSKSoftDropBeta100Zcut10Jets.ktsplitter              
2026-02-12 19:25:45,256 PerfMonMTSvc                                         INFO Initialize 1               335.48                    8192                                     39827                                                   jetrecalg_AntiKt10UFOCSSKSoftDropBeta100Zcut10Jets.ecorr                   
2026-02-12 19:25:45,256 PerfMonMTSvc                                         INFO Initialize 1               334.81                    8192                                     39796                                                   jetrecalg_AntiKt10UFOCSSKSoftDropBeta100Zcut10Jets.qw                      
2026-02-12 19:25:45,256 PerfMonMTSvc                                         INFO Initialize 1               334.31                    8192                                     39766                                                   jetrecalg_AntiKt10UFOCSSKSoftDropBeta100Zcut10Jets.comshapes               
2026-02-12 19:25:45,256 PerfMonMTSvc                                         INFO Initialize 1               333.44                    8192                                     39724                                                   jetrecalg_AntiKt10UFOCSSKSoftDropBeta100Zcut10Jets.ecorrgeneral            
2026-02-12 19:25:45,256 PerfMonMTSvc                                         INFO Initialize 1               332.41                    8192                                     39658                                                   jetrecalg_AntiKt10UFOCSSKSoftDropBeta100Zcut10Jets.truthlabeler_R10TruthLabel_R21Precision
2026-02-12 19:25:45,256 PerfMonMTSvc                                         INFO Initialize 1               331.52                    8192                                     39613                                                   jetrecalg_AntiKt10UFOCSSKSoftDropBeta100Zcut10Jets.truthlabeler_R10TruthLabel_R21Precision_2022v1
2026-02-12 19:25:45,256 PerfMonMTSvc                                         INFO Initialize 1               330.83                    2048                                     1383                                                    ToolSvc.ElectronPassDNNLooseNoCF                                           
2026-02-12 19:25:45,256 PerfMonMTSvc                                         INFO Initialize 1               330.73                    8192                                     39565                                                   jetrecalg_AntiKt10UFOCSSKSoftDropBeta100Zcut10Jets.truthlabeler_R10TruthLabel_R22v1
2026-02-12 19:25:45,257 PerfMonMTSvc                                         INFO Initialize 1               329.95                    8192                                     39518                                                   jetrecalg_AntiKt10UFOCSSKSoftDropBeta100Zcut10Jets.truthlabeler_R10WZTruthLabel_R22v1
2026-02-12 19:25:45,257 PerfMonMTSvc                                         INFO Initialize 1               329.22                    8192                                     39492                                                   jetrecalg_AntiKt10UFOCSSKSoftDropBeta100Zcut10Jets.emscalemom_AntiKt10UFOCSSKSoftDropBeta100Zcut10
2026-02-12 19:25:45,257 PerfMonMTSvc                                         INFO Initialize 1               328.88                    8192                                     39454                                                   jetrecalg_AntiKt10UFOCSSKSoftDropBeta100Zcut10Jets.jetenslargeR            
2026-02-12 19:25:45,257 PerfMonMTSvc                                         INFO Initialize 1               327.55                    8192                                     39409                                                   jetrecalg_AntiKt10UFOCSSKSoftDropBeta100Zcut10Jets.constitFrac             
2026-02-12 19:25:45,257 PerfMonMTSvc                                         INFO Initialize 1               327.27                    8192                                     39395                                                   jetrecalg_AntiKt10UFOCSSKSoftDropBeta100Zcut10Jets.groomMRatio             
2026-02-12 19:25:45,257 PerfMonMTSvc                                         INFO Initialize 1               327.11                    8192                                     39385                                                   jetrecalg_AntiKt10UFOCSSKSoftDropBeta100Zcut10Jets.BoostedJetTaggerTool-Top
2026-02-12 19:25:45,257 PerfMonMTSvc                                         INFO Initialize 1               326.72                    8192                                     39300                                                   jetrecalg_AntiKt10UFOCSSKSoftDropBeta100Zcut10Jets.BoostedJetTaggerTool-Top.MLHelper
2026-02-12 19:25:45,257 PerfMonMTSvc                                         INFO Initialize 1               325.36                    2048                                     1255                                                    ToolSvc.ElectronPassDNNLooseNoCF.ElectronDNNSelectorLooseNoCF              
2026-02-12 19:25:45,257 PerfMonMTSvc                                         INFO Initialize 1               318.07                    51200                                    52481                                                   FtagNN_AntiKt4EMPFlowJets_InDetTrackParticles_BTagging_20231205_GN2v01_antikt4empflow_STANDARD_Jet
2026-02-12 19:25:45,257 PerfMonMTSvc                                         INFO Initialize 1               317.15                    51200                                    52440                                                   FtagNN_AntiKt4EMPFlowJets_InDetTrackParticles_BTagging_20231205_GN2v01_antikt4empflow_STANDARD_Jet.multifold
2026-02-12 19:25:45,257 PerfMonMTSvc                                         INFO Initialize 1               312.41                    5120                                     1384                                                    ToolSvc.ElectronPassDNNMedium                                              
2026-02-12 19:25:45,257 PerfMonMTSvc                                         INFO Initialize 1               311.51                    1024                                     1384                                                    ToolSvc.ElectronPassDNNVeryLooseNoCF97                                     
2026-02-12 19:25:45,257 PerfMonMTSvc                                         INFO =======================================================================================
2026-02-12 19:25:45,257 PerfMonMTSvc                                         INFO FirstEvent 1               5953.40                   274520                                   327170                                                  TauTruthCommonKernel2                                                      
2026-02-12 19:25:45,257 PerfMonMTSvc                                         INFO FirstEvent 2               3010.21                   235716                                   228323                                                  CondInputLoader                                                            
2026-02-12 19:25:45,257 PerfMonMTSvc                                         INFO FirstEvent 2               1460.22                   143360                                   140696                                                  AtlasTrackingGeometryCondAlg                                               
2026-02-12 19:25:45,257 PerfMonMTSvc                                         INFO FirstEvent 2               1219.04                   262144                                   166070                                                  AtlasFieldMapCondAlg                                                       
2026-02-12 19:25:45,257 PerfMonMTSvc                                         INFO FirstEvent 1               693.71                    14528                                    21928                                                   MiniCollectionTruthLinkKernelNo1                                           
2026-02-12 19:25:45,257 PerfMonMTSvc                                         INFO FirstEvent 1               401.81                    12352                                    12004                                                   IsolationBuilderNonprompt_All_MaxWeight500                                 
2026-02-12 19:25:45,258 PerfMonMTSvc                                         INFO FirstEvent 2               390.39                    82944                                    178281                                                  MuonDetectorCondAlg                                                        
2026-02-12 19:25:45,258 PerfMonMTSvc                                         INFO FirstEvent 2               344.50                    116736                                   106955                                                  TRTAlignCondAlg                                                            
2026-02-12 19:25:45,258 PerfMonMTSvc                                         INFO FirstEvent 1               290.02                    2672                                     3720                                                    TrigBTagCopierAlg                                                          
2026-02-12 19:25:45,258 PerfMonMTSvc                                         INFO FirstEvent 1               224.29                    0                                        38795                                                   IncidentProcAlg1                                                           
2026-02-12 19:25:45,258 PerfMonMTSvc                                         INFO FirstEvent 1               166.88                    77680                                    13747                                                   StreamDAOD_PHYS                                                            
2026-02-12 19:25:45,258 PerfMonMTSvc                                         INFO FirstEvent 1               151.85                    16432                                    13389                                                   AntiKt4EMPFlowJets                                                         
2026-02-12 19:25:45,258 PerfMonMTSvc                                         INFO FirstEvent 1               128.61                    5168                                     1328                                                    jetrecalg_AntiKt4EMPFlowJets                                               
2026-02-12 19:25:45,258 PerfMonMTSvc                                         INFO FirstEvent 1               128.51                    19840                                    18991                                                   TrigNavSlimmingMTAlg_DAOD                                                  
2026-02-12 19:25:45,258 PerfMonMTSvc                                         INFO FirstEvent 2               125.73                    54720                                    58445                                                   CaloAlignCondAlg                                                           
2026-02-12 19:25:45,258 PerfMonMTSvc                                         INFO FirstEvent 1               113.77                    0                                        -0                                                      IncidentProcAlg3                                                           
2026-02-12 19:25:45,258 PerfMonMTSvc                                         INFO FirstEvent 2               102.32                    6144                                     6054                                                    SCT_AlignCondAlg                                                           
2026-02-12 19:25:45,258 PerfMonMTSvc                                         INFO FirstEvent 1               82.51                     5744                                     3678                                                    AntiKt10UFOCSSKSoftDropBeta100Zcut10Jets                                   
2026-02-12 19:25:45,258 PerfMonMTSvc                                         INFO FirstEvent 1               75.32                     17020                                    14808                                                   EGammaCommonKernel                                                         
2026-02-12 19:25:45,258 PerfMonMTSvc                                         INFO FirstEvent 1               68.76                     1024                                     123                                                     FtagNN_AntiKt4EMPFlowJets_InDetTrackParticles_BTagging_20250912_GN3EPCLV01_antikt4empflow_network_STANDARD_Jet
2026-02-12 19:25:45,258 PerfMonMTSvc                                         INFO FirstEvent 1               66.07                     0                                        123                                                     FtagNN_AntiKt4EMPFlowJets_InDetTrackParticles_BTagging_20250213_GN3PflowMuonsV00_antikt4empflow_network_STANDARD_Jet
2026-02-12 19:25:45,258 PerfMonMTSvc                                         INFO FirstEvent 1               57.17                     1024                                     3                                                       FtagNN_AntiKt4EMPFlowJets_InDetTrackParticles_BTagging_20250912_GN3EPCLV01_antikt4empflow_network_SIMPLE_FLIP_Jet
2026-02-12 19:25:45,258 PerfMonMTSvc                                         INFO FirstEvent 1               55.72                     53540                                    54724                                                   InDetCommonKernelDFCommonTrackSelection                                    
2026-02-12 19:25:45,258 PerfMonMTSvc                                         INFO FirstEvent 1               51.80                     0                                        3                                                       FtagNN_AntiKt4EMPFlowJets_InDetTrackParticles_BTagging_20250213_GN3PflowMuonsV00_antikt4empflow_network_SIMPLE_FLIP_Jet
2026-02-12 19:25:45,258 PerfMonMTSvc                                         INFO FirstEvent 1               50.18                     0                                        109                                                     FtagNN_AntiKt4EMPFlowJets_InDetTrackParticles_BTagging_20250213_GN3V00_antikt4empflow_network_STANDARD_Jet
2026-02-12 19:25:45,258 PerfMonMTSvc                                         INFO FirstEvent 1               48.76                     6836                                     4111                                                    DFCommonHSDecorator                                                        
2026-02-12 19:25:45,258 PerfMonMTSvc                                         INFO FirstEvent 1               46.28                     0                                        52239                                                   MCTruthClassificationKernel                                                
2026-02-12 19:25:45,259 PerfMonMTSvc                                         INFO FirstEvent 1               43.94                     32680                                    31557                                                   jetalg_ConstitModCorrectPFOCHS_EMPFlow                                     
2026-02-12 19:25:45,259 PerfMonMTSvc                                         INFO FirstEvent 1               42.48                     33240                                    32761                                                   AntiKt4EMTopoJets                                                          
2026-02-12 19:25:45,259 PerfMonMTSvc                                         INFO FirstEvent 1               41.73                     0                                        586                                                     AntiKtVR30Rmax4Rmin02TruthChargedJets                                      
2026-02-12 19:25:45,259 PerfMonMTSvc                                         INFO FirstEvent 1               41.14                     0                                        489                                                     jetrecalg_AntiKtVR30Rmax4Rmin02TruthChargedJets                            
2026-02-12 19:25:45,259 PerfMonMTSvc                                         INFO FirstEvent 1               38.76                     0                                        3                                                       FtagNN_AntiKt4EMPFlowJets_InDetTrackParticles_BTagging_20250213_GN3V00_antikt4empflow_network_SIMPLE_FLIP_Jet
2026-02-12 19:25:45,259 PerfMonMTSvc                                         INFO FirstEvent 1               35.96                     1192                                     187                                                     AntiKtVR30Rmax4Rmin02PV0TrackJets                                          
2026-02-12 19:25:45,259 PerfMonMTSvc                                         INFO FirstEvent 1               35.39                     1192                                     165                                                     jetrecalg_AntiKtVR30Rmax4Rmin02PV0TrackJets                                
2026-02-12 19:25:45,259 PerfMonMTSvc                                         INFO FirstEvent 2               35.21                     37172                                    56693                                                   AthReadAlg_AllCalo                                                         
2026-02-12 19:25:45,259 PerfMonMTSvc                                         INFO FirstEvent 1               34.91                     2272                                     6491                                                    TauJets_TauIDDecorKernel                                                   
2026-02-12 19:25:45,259 PerfMonMTSvc                                         INFO FirstEvent 1               32.06                     0                                        1529                                                    CaloExtensionBuilderAlg                                                    
2026-02-12 19:25:45,259 PerfMonMTSvc                                         INFO FirstEvent 1               30.55                     25768                                    25944                                                   PFlowIsolationBuilder                                                      
2026-02-12 19:25:45,259 PerfMonMTSvc                                         INFO FirstEvent 2               29.27                     5120                                     4942                                                    CaloSuperCellAlignCondAlg                                                  
2026-02-12 19:25:45,259 PerfMonMTSvc                                         INFO FirstEvent 1               26.29                     3200                                     511                                                     jetrecalg_AntiKt10UFOCSSKSoftDropBeta100Zcut10Jets                         
2026-02-12 19:25:45,259 PerfMonMTSvc                                         INFO FirstEvent 2               24.07                     0                                        1991                                                    PixelAlignCondAlg                                                          
2026-02-12 19:25:45,259 PerfMonMTSvc                                         INFO FirstEvent 1               21.29                     0                                        6973                                                    AntiKt4TruthJets                                                           
2026-02-12 19:25:45,259 PerfMonMTSvc                                         INFO FirstEvent 1               17.61                     2048                                     143                                                     DiTauLowPtBuilder                                                          
2026-02-12 19:25:45,259 PerfMonMTSvc                                         INFO FirstEvent 1               17.51                     4688                                     3403                                                    jetrecalg_AntiKt4EMTopoJets                                                
2026-02-12 19:25:45,259 PerfMonMTSvc                                         INFO FirstEvent 1               17.44                     0                                        114                                                     FtagNN_AntiKt4EMPFlowJets_InDetTrackParticles_BTagging_20231205_GN2v01_antikt4empflow_STANDARD_Jet
2026-02-12 19:25:45,259 PerfMonMTSvc                                         INFO FirstEvent 2               16.97                     0                                        148                                                     NswPassivationDbAlg                                                        
2026-02-12 19:25:45,259 PerfMonMTSvc                                         INFO FirstEvent 1               15.81                     10240                                    10644                                                   pflowselalg                                                                
2026-02-12 19:25:45,259 PerfMonMTSvc                                         INFO FirstEvent 1               14.32                     1272                                     42                                                      MiniCollectionTruthLinkKernelNo3                                           
2026-02-12 19:25:45,259 PerfMonMTSvc                                         INFO FirstEvent 2               14.21                     8192                                     7862                                                    SCT_DetectorElementCondAlg                                                 
2026-02-12 19:25:45,260 PerfMonMTSvc                                         INFO FirstEvent 1               12.35                     2544                                     463                                                     jetrecalg_AntiKt10TruthDressedWZJets                                       
2026-02-12 19:25:45,260 PerfMonMTSvc                                         INFO =======================================================================================
2026-02-12 19:25:45,260 PerfMonMTSvc                                         INFO Execute    250             67313.90                  75488                                    1650881                                                 AntiKt10UFOCSSKSoftDropBeta100Zcut10Jets                                   
2026-02-12 19:25:45,260 PerfMonMTSvc                                         INFO Execute    250             49502.10                  3808                                     874594                                                  AntiKt4EMPFlowJets                                                         
2026-02-12 19:25:45,260 PerfMonMTSvc                                         INFO Execute    250             49447.21                  0                                        988462                                                  CaloExtensionBuilderAlg                                                    
2026-02-12 19:25:45,260 PerfMonMTSvc                                         INFO Execute    250             47927.89                  3808                                     445533                                                  jetrecalg_AntiKt4EMPFlowJets                                               
2026-02-12 19:25:45,260 PerfMonMTSvc                                         INFO Execute    250             22345.84                  0                                        2597                                                    FtagNN_AntiKt4EMPFlowJets_InDetTrackParticles_BTagging_20250912_GN3EPCLV01_antikt4empflow_network_STANDARD_Jet
2026-02-12 19:25:45,260 PerfMonMTSvc                                         INFO Execute    250             22235.97                  4416                                     1934                                                    FtagNN_AntiKt4EMPFlowJets_InDetTrackParticles_BTagging_20250912_GN3EPCLV01_antikt4empflow_network_SIMPLE_FLIP_Jet
2026-02-12 19:25:45,260 PerfMonMTSvc                                         INFO Execute    250             21399.80                  0                                        2340                                                    FtagNN_AntiKt4EMPFlowJets_InDetTrackParticles_BTagging_20250213_GN3PflowMuonsV00_antikt4empflow_network_STANDARD_Jet
2026-02-12 19:25:45,260 PerfMonMTSvc                                         INFO Execute    250             21273.44                  0                                        1340                                                    FtagNN_AntiKt4EMPFlowJets_InDetTrackParticles_BTagging_20250213_GN3PflowMuonsV00_antikt4empflow_network_SIMPLE_FLIP_Jet
2026-02-12 19:25:45,260 PerfMonMTSvc                                         INFO Execute    250             15106.86                  0                                        2077                                                    FtagNN_AntiKt4EMPFlowJets_InDetTrackParticles_BTagging_20250213_GN3V00_antikt4empflow_network_STANDARD_Jet
2026-02-12 19:25:45,260 PerfMonMTSvc                                         INFO Execute    250             14996.21                  0                                        1720                                                    FtagNN_AntiKt4EMPFlowJets_InDetTrackParticles_BTagging_20250213_GN3V00_antikt4empflow_network_SIMPLE_FLIP_Jet
2026-02-12 19:25:45,260 PerfMonMTSvc                                         INFO Execute    250             10908.92                  0                                        189590                                                  AntiKtVR30Rmax4Rmin02TruthChargedJets                                      
2026-02-12 19:25:45,260 PerfMonMTSvc                                         INFO Execute    250             10696.38                  0                                        154409                                                  jetrecalg_AntiKtVR30Rmax4Rmin02TruthChargedJets                            
2026-02-12 19:25:45,260 PerfMonMTSvc                                         INFO Execute    250             9236.69                   75488                                    107225                                                  jetrecalg_AntiKt10UFOCSSKSoftDropBeta100Zcut10Jets                         
2026-02-12 19:25:45,260 PerfMonMTSvc                                         INFO Execute    250             9091.55                   2408                                     60560                                                   AntiKtVR30Rmax4Rmin02PV0TrackJets                                          
2026-02-12 19:25:45,260 PerfMonMTSvc                                         INFO Execute    250             8939.74                   2408                                     52192                                                   jetrecalg_AntiKtVR30Rmax4Rmin02PV0TrackJets                                
2026-02-12 19:25:45,260 PerfMonMTSvc                                         INFO Execute    250             8016.54                   1024                                     48163                                                   DiTauLowPtBuilder                                                          
2026-02-12 19:25:45,260 PerfMonMTSvc                                         INFO Execute    250             8012.89                   0                                        223533                                                  StreamDAOD_PHYS                                                            
2026-02-12 19:25:45,260 PerfMonMTSvc                                         INFO Execute    250             5798.56                   0                                        39271                                                   TauJets_TauIDDecorKernel                                                   
2026-02-12 19:25:45,260 PerfMonMTSvc                                         INFO Execute    250             5591.94                   5496                                     745548                                                  AntiKt4EMTopoJets                                                          
2026-02-12 19:25:45,261 PerfMonMTSvc                                         INFO Execute    250             4772.41                   5496                                     473137                                                  jetrecalg_AntiKt4EMTopoJets                                                
2026-02-12 19:25:45,261 PerfMonMTSvc                                         INFO Execute    250             4622.50                   0                                        130018                                                  EGammaCommonKernel                                                         
2026-02-12 19:25:45,261 PerfMonMTSvc                                         INFO Execute    250             3794.31                   0                                        1879                                                    Electrons_decoratePLIT                                                     
2026-02-12 19:25:45,261 PerfMonMTSvc                                         INFO Execute    250             3637.45                   0                                        2408                                                    FtagNN_AntiKt4EMPFlowJets_InDetTrackParticles_BTagging_20231205_GN2v01_antikt4empflow_STANDARD_Jet
2026-02-12 19:25:45,261 PerfMonMTSvc                                         INFO Execute    250             3487.21                   0                                        1191                                                    FtagNN_AntiKt4EMPFlowJets_InDetTrackParticles_BTagging_20231205_GN2v01_antikt4empflow_SIMPLE_FLIP_Jet
2026-02-12 19:25:45,261 PerfMonMTSvc                                         INFO Execute    250             3204.63                   7552                                     230027                                                  AntiKt4TruthJets                                                           
2026-02-12 19:25:45,261 PerfMonMTSvc                                         INFO Execute    250             3115.40                   0                                        149588                                                  jetrecalg_AntiKt10TruthDressedWZJets                                       
2026-02-12 19:25:45,261 PerfMonMTSvc                                         INFO Execute    250             2797.68                   0                                        190247                                                  AntiKt4TruthDressedWZJets                                                  
2026-02-12 19:25:45,261 PerfMonMTSvc                                         INFO Execute    250             2764.85                   0                                        190129                                                  AntiKt4TruthWZJets                                                         
2026-02-12 19:25:45,261 PerfMonMTSvc                                         INFO Execute    250             2683.45                   0                                        1422                                                    FtagNN_AntiKt10UFOCSSKSoftDropBeta100Zcut10Jets_InDetTrackParticles_JetCalibTools_CalibArea-00-04-83_CalibrationFactors_bbJESJMS_calibFactors_R22_MC20MC23_CSSKUFO_bJR10v01_20250212_STANDARD_Jet
2026-02-12 19:25:45,261 PerfMonMTSvc                                         INFO Execute    250             2606.83                   7552                                     154445                                                  jetrecalg_AntiKt4TruthJets                                                 
2026-02-12 19:25:45,261 PerfMonMTSvc                                         INFO Execute    250             2552.21                   0                                        154828                                                  jetrecalg_AntiKt4TruthWZJets                                               
2026-02-12 19:25:45,261 PerfMonMTSvc                                         INFO Execute    250             2550.50                   0                                        1605                                                    FtagNN_AntiKt10UFOCSSKSoftDropBeta100Zcut10Jets_InDetTrackParticles_BTagging_20250912_GN3XPV01_antikt10ufo_network_STANDARD_Jet
2026-02-12 19:25:45,261 PerfMonMTSvc                                         INFO Execute    250             2547.61                   0                                        154891                                                  jetrecalg_AntiKt4TruthDressedWZJets                                        
2026-02-12 19:25:45,261 PerfMonMTSvc                                         INFO Execute    250             2538.90                   0                                        1515                                                    FtagNN_AntiKt10UFOCSSKSoftDropBeta100Zcut10Jets_InDetTrackParticles_BTagging_20250310_GN2XTauV00_antikt10ufo_network_STANDARD_Jet
2026-02-12 19:25:45,261 PerfMonMTSvc                                         INFO Execute    250             2497.02                   0                                        761                                                     FtagNN_AntiKt10UFOCSSKSoftDropBeta100Zcut10Jets_InDetTrackParticles_BTagging_20240925_GN2Xv02_antikt10ufo_network_STANDARD_Jet
2026-02-12 19:25:45,261 PerfMonMTSvc                                         INFO Execute    250             2365.34                   0                                        15207                                                   TrackParticleClusterAssociationAlgUFO                                      
2026-02-12 19:25:45,261 PerfMonMTSvc                                         INFO Execute    250             2266.17                   0                                        75877                                                   METAssociation_AntiKt4EMPFlowHR                                            
2026-02-12 19:25:45,261 PerfMonMTSvc                                         INFO Execute    250             1815.56                   0                                        147535                                                  MCTruthClassificationKernel                                                
2026-02-12 19:25:45,261 PerfMonMTSvc                                         INFO Execute    250             1623.10                   0                                        138866                                                  AntiKt10TruthSoftDropBeta100Zcut10Jets                                     
2026-02-12 19:25:45,261 PerfMonMTSvc                                         INFO Execute    250             1435.98                   0                                        681                                                     FtagNN_AntiKt10UFOCSSKSoftDropBeta100Zcut10Jets_InDetTrackParticles_JetCalibTools_CalibArea-00-04-83_CalibrationFactors_bbJESJMS_calibFactors_R22_MC20_CSSKUFO_bJR10v00Ext_20250212_STANDARD_Jet
2026-02-12 19:25:45,262 PerfMonMTSvc                                         INFO Execute    250             1303.00                   0                                        228                                                     IncidentProcAlg1                                                           
2026-02-12 19:25:45,262 PerfMonMTSvc                                         INFO Execute    250             1159.05                   0                                        255096                                                  AntiKt10LCTopoJets                                                         
2026-02-12 19:25:45,262 PerfMonMTSvc                                         INFO Execute    250             1110.30                   0                                        47202                                                   jetrecalg_AntiKt10TruthDressedWZSoftDropBeta100Zcut10Jets                  
2026-02-12 19:25:45,262 PerfMonMTSvc                                         INFO Execute    250             1098.28                   2872                                     38260                                                   antikt4empflow_sv1_secvtxfinding                                           
2026-02-12 19:25:45,262 PerfMonMTSvc                                         INFO Execute    250             1082.05                   0                                        46674                                                   jetrecalg_AntiKt10TruthSoftDropBeta100Zcut10Jets                           
2026-02-12 19:25:45,262 PerfMonMTSvc                                         INFO Execute    250             1081.86                   0                                        16724                                                   HFClassificationCommonKernel                                               
2026-02-12 19:25:45,262 PerfMonMTSvc                                         INFO Execute    250             1068.13                   0                                        63245                                                   METAssociation_AntiKt4EMTopo                                               
2026-02-12 19:25:45,262 PerfMonMTSvc                                         INFO Execute    250             1004.78                   0                                        157529                                                  jetrecalg_AntiKt10LCTopoJets                                               
2026-02-12 19:25:45,262 PerfMonMTSvc                                         INFO Execute    250             955.80                    0                                        259591                                                  pflowselalg                                                                
2026-02-12 19:25:45,262 PerfMonMTSvc                                         INFO Execute    250             839.46                    0                                        4154                                                    antikt4empflow_sv1flip_secvtxfinding                                       
2026-02-12 19:25:45,262 PerfMonMTSvc                                         INFO =======================================================================================
2026-02-12 19:25:45,262 PerfMonMTSvc                                         INFO Finalize   1               342.01                    0                                        -667818                                                 ConditionStore                                                             
2026-02-12 19:25:45,262 PerfMonMTSvc                                         INFO Finalize   1               189.41                    -64                                      -246792                                                 DetectorStore                                                              
2026-02-12 19:25:45,262 PerfMonMTSvc                                         INFO Finalize   1               122.94                    -65544                                   -307691                                                 ToolSvc                                                                    
2026-02-12 19:25:45,263 PerfMonMTSvc                                         INFO Finalize   1               63.18                     0                                        -64959                                                  RDBAccessSvc                                                               
2026-02-12 19:25:45,263 PerfMonMTSvc                                         INFO Finalize   1               15.94                     0                                        -16979                                                  StoreGateSvc                                                               
2026-02-12 19:25:45,263 PerfMonMTSvc                                         INFO Finalize   1               9.21                      0                                        -15605                                                  ToolSvc.DiTauIDDecoratorWrapper.DiTauRec_OnnxScoreCalculator               
2026-02-12 19:25:45,263 PerfMonMTSvc                                         INFO Finalize   1               6.32                      0                                        -51128                                                  Gaudi::MultiFileCatalog                                                    
2026-02-12 19:25:45,263 PerfMonMTSvc                                         INFO Finalize   1               3.79                      0                                        -13566                                                  MetaDataStore                                                              
2026-02-12 19:25:45,263 PerfMonMTSvc                                         INFO Finalize   1               2.63                      0                                        -3104                                                   DetDescrCnvSvc                                                             
2026-02-12 19:25:45,263 PerfMonMTSvc                                         INFO Finalize   1               0.61                      0                                        -20                                                     ChronoStatSvc                                                              
2026-02-12 19:25:45,263 PerfMonMTSvc                                         INFO Finalize   1               0.60                      0                                        6                                                       AntiKt4TruthJets                                                           
2026-02-12 19:25:45,263 PerfMonMTSvc                                         INFO Finalize   1               0.54                      0                                        -768                                                    IOVDbSvc                                                                   
2026-02-12 19:25:45,263 PerfMonMTSvc                                         INFO Finalize   1               0.44                      0                                        -5576                                                   InputMetaDataStore                                                         
2026-02-12 19:25:45,263 PerfMonMTSvc                                         INFO Finalize   1               0.39                      0                                        0                                                       Athena::DelayedConditionsCleanerSvc                                        
2026-02-12 19:25:45,263 PerfMonMTSvc                                         INFO Finalize   1               0.35                      0                                        3                                                       AntiKt10UFOCSSKSoftDropBeta100Zcut10Jets                                   
2026-02-12 19:25:45,263 PerfMonMTSvc                                         INFO Finalize   1               0.26                      0                                        2                                                       AntiKt4EMTopoJets                                                          
2026-02-12 19:25:45,263 PerfMonMTSvc                                         INFO Finalize   1               0.23                      0                                        -0                                                      EGammaCommonKernel                                                         
2026-02-12 19:25:45,263 PerfMonMTSvc                                         INFO Finalize   1               0.21                      0                                        2                                                       EventCleanSeq                                                              
2026-02-12 19:25:45,263 PerfMonMTSvc                                         INFO Finalize   1               0.18                      0                                        1                                                       AntiKt4EMPFlowJets                                                         
2026-02-12 19:25:45,263 PerfMonMTSvc                                         INFO Finalize   1               0.12                      0                                        -1                                                      AthenaPoolSharedIOCnvSvc                                                   
2026-02-12 19:25:45,263 PerfMonMTSvc                                         INFO Finalize   1               0.12                      0                                        1                                                       AntiKtVR30Rmax4Rmin02PV0TrackJets                                          
2026-02-12 19:25:45,263 PerfMonMTSvc                                         INFO Finalize   1               0.11                      0                                        -4                                                      ToolSvc.PHYSDiTauLowPtTPThinningTool                                       
2026-02-12 19:25:45,263 PerfMonMTSvc                                         INFO Finalize   1               0.10                      0                                        0                                                       FourLeptonVertexAlg                                                        
2026-02-12 19:25:45,263 PerfMonMTSvc                                         INFO Finalize   1               0.10                      0                                        1                                                       AntiKt4TruthWZJets                                                         
2026-02-12 19:25:45,263 PerfMonMTSvc                                         INFO Finalize   1               0.10                      0                                        1                                                       AntiKtVR30Rmax4Rmin02TruthChargedJets                                      
2026-02-12 19:25:45,264 PerfMonMTSvc                                         INFO Finalize   1               0.10                      0                                        1                                                       AntiKt4TruthDressedWZJets                                                  
2026-02-12 19:25:45,264 PerfMonMTSvc                                         INFO Finalize   1               0.10                      0                                        1                                                       AntiKt10LCTopoJets                                                         
2026-02-12 19:25:45,264 PerfMonMTSvc                                         INFO Finalize   1               0.10                      0                                        -11                                                     EventSelector                                                              
2026-02-12 19:25:45,264 PerfMonMTSvc                                         INFO Finalize   1               0.08                      0                                        1                                                       AntiKt10TruthSoftDropBeta100Zcut10Jets                                     
2026-02-12 19:25:45,264 PerfMonMTSvc                                         INFO Finalize   1               0.08                      0                                        -0                                                      TruthCategoriesDecorator.xAODToHepMCTool                                   
2026-02-12 19:25:45,264 PerfMonMTSvc                                         INFO Finalize   1               0.08                      0                                        -0                                                      ToolSvc.TrigDecisionTool                                                   
2026-02-12 19:25:45,264 PerfMonMTSvc                                         INFO Finalize   1               0.08                      0                                        -0                                                      PHYSKernel                                                                 
2026-02-12 19:25:45,264 PerfMonMTSvc                                         INFO Finalize   1               0.07                      0                                        -0                                                      antikt10ufocssksoftdropbeta100zcut10_sv1flip_secvtxfinding.IDVKalVxInJetFlip
2026-02-12 19:25:45,264 PerfMonMTSvc                                         INFO Finalize   1               0.07                      0                                        -0                                                      InDetUsedInFitDecorator_0Alg                                               
2026-02-12 19:25:45,264 PerfMonMTSvc                                         INFO Finalize   1               0.06                      0                                        0                                                       AllExecutedEventsCounterAlg                                                
2026-02-12 19:25:45,264 PerfMonMTSvc                                         INFO Finalize   1               0.06                      0                                        -0                                                      TruthCategoriesDecorator.HiggsTruthCategoryTool                            
2026-02-12 19:25:45,264 PerfMonMTSvc                                         INFO Finalize   1               0.05                      0                                        -0                                                      MCTruthClassificationKernel                                                
2026-02-12 19:25:45,264 PerfMonMTSvc                                         INFO Finalize   1               0.05                      0                                        -24                                                     ToolSvc.CaloSurfaceBuilder                                                 
2026-02-12 19:25:45,264 PerfMonMTSvc                                         INFO Finalize   1               0.05                      0                                        -0                                                      ToolSvc.PHYSTrackParticleThinningTool                                      
2026-02-12 19:25:45,264 PerfMonMTSvc                                         INFO Finalize   1               0.05                      0                                        -0                                                      CondInputLoader                                                            
2026-02-12 19:25:45,264 PerfMonMTSvc                                         INFO Finalize   1               0.05                      0                                        -0                                                      TauTruthCommonKernel2                                                      
2026-02-12 19:25:45,264 PerfMonMTSvc                                         INFO Finalize   1               0.04                      0                                        -0                                                      DFCommonMuonsKernel                                                        
2026-02-12 19:25:45,264 PerfMonMTSvc                                         INFO Finalize   1               0.04                      0                                        -0                                                      jetrecalg_AntiKt10UFOCSSKSoftDropBeta100Zcut10Jets                         
2026-02-12 19:25:45,264 PerfMonMTSvc                                         INFO Finalize   1               0.04                      0                                        -0                                                      TauJets_MuonRM_TauIDDecorKernel                                            
2026-02-12 19:25:45,264 PerfMonMTSvc                                         INFO Finalize   1               0.04                      0                                        -0                                                      HFClassificationCommonKernel                                               
2026-02-12 19:25:45,264 PerfMonMTSvc                                         INFO Finalize   1               0.04                      0                                        -0                                                      BadBatmanAugmentation                                                      
2026-02-12 19:25:45,264 PerfMonMTSvc                                         INFO Finalize   1               0.04                      0                                        -0                                                      DiTauIDDecorKernel                                                         
2026-02-12 19:25:45,265 PerfMonMTSvc                                         INFO Finalize   1               0.04                      0                                        -0                                                      TauRNNLooseAugmentationKernel                                              
2026-02-12 19:25:45,265 PerfMonMTSvc                                         INFO Finalize   1               0.04                      0                                        -0                                                      MCTruthCommonPostJetKernelNo1                                              
2026-02-12 19:25:45,265 PerfMonMTSvc                                         INFO Finalize   1               0.04                      0                                        -4                                                      ToolSvc.PHYSDiTauLowPtThinningTool                                         
2026-02-12 19:25:45,265 PerfMonMTSvc                                         INFO =======================================================================================
2026-02-12 19:25:45,265 PerfMonMTSvc                                         INFO preLoadProxy 1               25.10                     0                                        40                                                      loadCachesOverhead:COOLOFL_INDET/OFLP200                                   
2026-02-12 19:25:45,265 PerfMonMTSvc                                         INFO preLoadProxy 1               19.87                     1024                                     3                                                       loadCachesOverhead:COOLOFL_LAR/OFLP200                                     
2026-02-12 19:25:45,265 PerfMonMTSvc                                         INFO preLoadProxy 1               16.37                     0                                        13                                                      loadCachesOverhead:COOLOFL_TRT/OFLP200                                     
2026-02-12 19:25:45,265 PerfMonMTSvc                                         INFO preLoadProxy 1               15.53                     1024                                     1156                                                    FldrCache:/LAR/Align                                                       
2026-02-12 19:25:45,265 PerfMonMTSvc                                         INFO preLoadProxy 1               14.72                     0                                        3                                                       loadCachesOverhead:COOLOFL_GLOBAL/OFLP200                                  
2026-02-12 19:25:45,265 PerfMonMTSvc                                         INFO preLoadProxy 1               14.33                     0                                        2                                                       loadCachesOverhead:COOLOFL_DCS/OFLP200                                     
2026-02-12 19:25:45,265 PerfMonMTSvc                                         INFO preLoadProxy 1               13.75                     0                                        898                                                     FldrCache:/EXT/DCS/MAGNETS/SENSORDATA                                      
2026-02-12 19:25:45,265 PerfMonMTSvc                                         INFO preLoadProxy 1               13.18                     0                                        542                                                     FldrCache:/Indet/Align                                                     
2026-02-12 19:25:45,265 PerfMonMTSvc                                         INFO preLoadProxy 1               12.87                     3072                                     673                                                     loadCachesOverhead:COOLOFL_MDT/OFLP200                                     
2026-02-12 19:25:45,265 PerfMonMTSvc                                         INFO preLoadProxy 1               12.15                     3072                                     1431                                                    FldrCache:/MDT/MM/PASSIVATION                                              
2026-02-12 19:25:45,265 PerfMonMTSvc                                         INFO preLoadProxy 1               11.68                     0                                        753                                                     FldrCache:/TRT/Align                                                       
2026-02-12 19:25:45,265 PerfMonMTSvc                                         INFO preLoadProxy 1               10.30                     0                                        821                                                     FldrCache:/GLOBAL/BField/Maps                                              
2026-02-12 19:25:45,265 PerfMonMTSvc                                         INFO preLoadProxy 1               7.21                      0                                        21                                                      FldrCache:/Indet/Beampos                                                   
2026-02-12 19:25:45,265 PerfMonMTSvc                                         INFO preLoadProxy 1               4.24                      0                                        18                                                      FldrCache:/Indet/IBLDist                                                   
2026-02-12 19:25:45,265 PerfMonMTSvc                                         INFO preLoadProxy 1               4.06                      0                                        9                                                       FldrCache:/TRT/Calib/DX                                                    
2026-02-12 19:25:45,265 PerfMonMTSvc                                         INFO preLoadProxy 1               3.89                      0                                        3                                                       FldrCache:/GLOBAL/TrackingGeo/LayerMaterialV2                              
2026-02-12 19:25:45,265 PerfMonMTSvc                                         INFO preLoadProxy 1               3.63                      0                                        8                                                       FldrCache:/LAR/LArCellPositionShift                                        
2026-02-12 19:25:45,266 PerfMonMTSvc                                         INFO preLoadProxy 1               0.72                      0                                        14                                                      UpdateAddr::/TagInfo                                                       
2026-02-12 19:25:45,266 PerfMonMTSvc                                         INFO preLoadProxy 1               0.40                      0                                        13                                                      FldrSetup:/TagInfo                                                         
2026-02-12 19:25:45,266 PerfMonMTSvc                                         INFO preLoadProxy 1               0.16                      0                                        12                                                      FldrSetup:/Indet/Align                                                     
2026-02-12 19:25:45,266 PerfMonMTSvc                                         INFO preLoadProxy 1               0.10                      0                                        22                                                      FldrSetup:/Digitization/Parameters                                         
2026-02-12 19:25:45,266 PerfMonMTSvc                                         INFO preLoadProxy 1               0.08                      0                                        0                                                       FldrSetup:/GLOBAL/TrackingGeo/LayerMaterialV2                              
2026-02-12 19:25:45,266 PerfMonMTSvc                                         INFO preLoadProxy 1               0.08                      0                                        0                                                       FldrSetup:LArCellPositionShift                                             
2026-02-12 19:25:45,266 PerfMonMTSvc                                         INFO preLoadProxy 1               0.08                      0                                        10                                                      FldrSetup:/Indet/IBLDist                                                   
2026-02-12 19:25:45,266 PerfMonMTSvc                                         INFO preLoadProxy 1               0.07                      0                                        9                                                       FldrSetup:/TRT/Align                                                       
2026-02-12 19:25:45,266 PerfMonMTSvc                                         INFO preLoadProxy 1               0.07                      0                                        2                                                       FldrSetup:/EXT/DCS/MAGNETS/SENSORDATA                                      
2026-02-12 19:25:45,266 PerfMonMTSvc                                         INFO preLoadProxy 1               0.05                      0                                        3                                                       FldrSetup:/GLOBAL/BField/Maps                                              
2026-02-12 19:25:45,266 PerfMonMTSvc                                         INFO preLoadProxy 1               0.05                      0                                        0                                                       FldrSetup:/TRT/Calib/DX                                                    
2026-02-12 19:25:45,266 PerfMonMTSvc                                         INFO preLoadProxy 1               0.04                      0                                        -0                                                      AthenaAttributeList[/Digitization/Parameters]                              
2026-02-12 19:25:45,266 PerfMonMTSvc                                         INFO preLoadProxy 1               0.04                      0                                        1                                                       FldrSetup:/MDT/MM/PASSIVATION                                              
2026-02-12 19:25:45,266 PerfMonMTSvc                                         INFO preLoadProxy 1               0.02                      0                                        2                                                       FldrSetup:/Indet/Beampos                                                   
2026-02-12 19:25:45,266 PerfMonMTSvc                                         INFO preLoadProxy 1               0.02                      0                                        -0                                                      UpdateAddr::AthenaMPEventQueue_1499410_ad110f49-fdb6-4fc2-b1d6-803dedaecabe
2026-02-12 19:25:45,266 PerfMonMTSvc                                         INFO preLoadProxy 1               0.02                      0                                        -0                                                      UpdateAddr::PRESAMPLER_B_POS                                               
2026-02-12 19:25:45,266 PerfMonMTSvc                                         INFO preLoadProxy 1               0.01                      0                                        0                                                       FldrSetup:/LAR/Align                                                       
2026-02-12 19:25:45,266 PerfMonMTSvc                                         INFO preLoadProxy 1               0.01                      0                                        -0                                                      CondAttrListCollection[/TagInfo]                                           
2026-02-12 19:25:45,266 PerfMonMTSvc                                         INFO preLoadProxy 1               0.01                      0                                        -0                                                      Trk::LayerMaterialMap[/GLOBAL/TrackingGeo/LayerMaterialV2]                 
2026-02-12 19:25:45,266 PerfMonMTSvc                                         INFO preLoadProxy 1               0.01                      0                                        -0                                                      AthenaAttributeList[/Indet/Beampos]                                        
2026-02-12 19:25:45,266 PerfMonMTSvc                                         INFO preLoadProxy 1               0.01                      0                                        -0                                                      CondAttrListCollection[/EXT/DCS/MAGNETS/SENSORDATA]                        
2026-02-12 19:25:45,266 PerfMonMTSvc                                         INFO preLoadProxy 1               0.01                      0                                        -0                                                      TRTCond::StrawDxContainer[/TRT/Calib/DX]                                   
2026-02-12 19:25:45,267 PerfMonMTSvc                                         INFO preLoadProxy 1               0.01                      0                                        -0                                                      UpdateAddr::PRESAMPLER_B_NEG                                               
2026-02-12 19:25:45,267 PerfMonMTSvc                                         INFO preLoadProxy 1               0.01                      0                                        -0                                                      UpdateAddr::HEC_POS                                                        
2026-02-12 19:25:45,267 PerfMonMTSvc                                         INFO preLoadProxy 1               0.01                      0                                        -0                                                      CaloRec::CaloCellPositionShift[LArCellPositionShift]                       
2026-02-12 19:25:45,267 PerfMonMTSvc                                         INFO preLoadProxy 1               0.01                      0                                        -0                                                      DetCondKeyTrans[/LAR/Align]                                                
2026-02-12 19:25:45,267 PerfMonMTSvc                                         INFO preLoadProxy 1               0.01                      0                                        -0                                                      UpdateAddr::PRESAMPLER_EC_NEG                                              
2026-02-12 19:25:45,267 PerfMonMTSvc                                         INFO preLoadProxy 1               0.01                      0                                        -0                                                      UpdateAddr::PRESAMPLER_EC_POS                                              
2026-02-12 19:25:45,267 PerfMonMTSvc                                         INFO preLoadProxy 1               0.01                      0                                        -0                                                      UpdateAddr::HEC_NEG                                                        
2026-02-12 19:25:45,267 PerfMonMTSvc                                         INFO preLoadProxy 1               0.01                      0                                        -0                                                      CondAttrListCollection[/MDT/MM/PASSIVATION]                                
2026-02-12 19:25:45,267 PerfMonMTSvc                                         INFO preLoadProxy 1               0.01                      0                                        -0                                                      CondAttrListCollection[/GLOBAL/BField/Maps]                                
2026-02-12 19:25:45,267 PerfMonMTSvc                                         INFO preLoadProxy 1               0.01                      0                                        -0                                                      CondAttrListCollection[/Indet/IBLDist]                                     
2026-02-12 19:25:45,267 PerfMonMTSvc                                         INFO preLoadProxy 1               0.01                      0                                        -0                                                      AlignableTransformContainer[/Indet/Align]                                  
2026-02-12 19:25:45,267 PerfMonMTSvc                                         INFO =======================================================================================
2026-02-12 19:25:45,267 PerfMonMTSvc                                         INFO                                 Event Level Monitoring                                 
2026-02-12 19:25:45,267 PerfMonMTSvc                                         INFO         (Only the first 10 and the last measurements are explicitly printed)
2026-02-12 19:25:45,267 PerfMonMTSvc                                         INFO =======================================================================================
2026-02-12 19:25:45,267 PerfMonMTSvc                                         INFO Event            CPU [s]      Wall [s]     Vmem [kB]    Rss [kB]     Pss [kB]     Swap [kB]   
2026-02-12 19:25:45,267 PerfMonMTSvc                                         INFO ---------------------------------------------------------------------------------------
2026-02-12 19:25:45,267 PerfMonMTSvc                                         INFO 1                        1.96       123.19      5556732      3876116      1763520            0
2026-02-12 19:25:45,267 PerfMonMTSvc                                         INFO 15                      24.63       153.92      6244576      4891060      2760347            0
2026-02-12 19:25:45,268 PerfMonMTSvc                                         INFO 41                      54.77       184.19      6268008      4917428      2785816            0
2026-02-12 19:25:45,268 PerfMonMTSvc                                         INFO 62                      84.88       214.40      6273400      4920296      2789428            0
2026-02-12 19:25:45,268 PerfMonMTSvc                                         INFO 84                     114.91       244.46      6416024      5063668      2932848            0
2026-02-12 19:25:45,268 PerfMonMTSvc                                         INFO 104                    145.11       274.79      6416024      5067256      2936462            0
2026-02-12 19:25:45,268 PerfMonMTSvc                                         INFO 125                    175.66       305.49      6422568      5074196      2943724            0
2026-02-12 19:25:45,268 PerfMonMTSvc                                         INFO 146                    206.31       336.24      6422568      5074496      2944027            0
2026-02-12 19:25:45,268 PerfMonMTSvc                                         INFO 168                    236.86       366.81      6554848      5189596      3059130            0
2026-02-12 19:25:45,268 PerfMonMTSvc                                         INFO 189                    266.97       397.03      6554848      5187368      3056902            0
2026-02-12 19:25:45,268 PerfMonMTSvc                                         INFO ...====================================================================================
2026-02-12 19:25:45,268 PerfMonMTSvc                                         INFO 231                    327.32       457.96      6554848      5188628      3058161            0
2026-02-12 19:25:45,268 PerfMonMTSvc                                         INFO =======================================================================================
2026-02-12 19:25:45,268 PerfMonMTSvc                                         INFO                                 Snapshots Summary                                      
2026-02-12 19:25:45,268 PerfMonMTSvc                                         INFO =======================================================================================
2026-02-12 19:25:45,268 PerfMonMTSvc                                         INFO Step          dCPU [s]     dWall [s]    <CPU>   dVmem [kB]  dRss [kB]   dPss [kB]   dSwap [kB] 
2026-02-12 19:25:45,268 PerfMonMTSvc                                         INFO ---------------------------------------------------------------------------------------
2026-02-12 19:25:45,268 PerfMonMTSvc                                         INFO Configure     12.74        19.03        0.67    1414636     1112212     813390      0          
2026-02-12 19:25:45,268 PerfMonMTSvc                                         INFO Initialize    12.68        81.66        0.16    1906852     1414392     1399552     0          
2026-02-12 19:25:45,268 PerfMonMTSvc                                         INFO FirstEvent    11.10        38.17        0.29    6171800     4813816     2689290     0          
2026-02-12 19:25:45,268 PerfMonMTSvc                                         INFO Execute       345.06       348.39       0.99    515744      509044      520010      0          
2026-02-12 19:25:45,268 PerfMonMTSvc                                         INFO Finalize      0.86         0.89         0.96    -65608      24212       754127      0          
2026-02-12 19:25:45,268 PerfMonMTSvc                                         INFO ***************************************************************************************
2026-02-12 19:25:45,268 PerfMonMTSvc                                         INFO Number of events processed:         251
2026-02-12 19:25:45,268 PerfMonMTSvc                                         INFO CPU usage per event [ms]:           1419
2026-02-12 19:25:45,269 PerfMonMTSvc                                         INFO Events per second:                  0.649
2026-02-12 19:25:45,269 PerfMonMTSvc                                         INFO CPU utilization efficiency [%]:     78
2026-02-12 19:25:45,269 PerfMonMTSvc                                         INFO ***************************************************************************************
2026-02-12 19:25:45,269 PerfMonMTSvc                                         INFO Max Vmem:                           6.25 GB
2026-02-12 19:25:45,269 PerfMonMTSvc                                         INFO Max Rss:                            4.95 GB
2026-02-12 19:25:45,269 PerfMonMTSvc                                         INFO Max Pss:                            2.92 GB
2026-02-12 19:25:45,269 PerfMonMTSvc                                         INFO Max Swap:                           0.00 KB
2026-02-12 19:25:45,269 PerfMonMTSvc                                         INFO ***************************************************************************************
2026-02-12 19:25:45,269 PerfMonMTSvc                                         INFO Leak estimate per event Vmem:       1.59 MB
2026-02-12 19:25:45,269 PerfMonMTSvc                                         INFO Leak estimate per event Pss:        1.50 MB
2026-02-12 19:25:45,269 PerfMonMTSvc                                         INFO   >> Estimated using the last 10 measurements from the Event Level Monitoring
2026-02-12 19:25:45,269 PerfMonMTSvc                                         INFO   >> Events prior to the first 25 are omitted...
2026-02-12 19:25:45,269 PerfMonMTSvc                                         INFO =======================================================================================
2026-02-12 19:25:45,269 PerfMonMTSvc                                         INFO                                   System Information                                   
2026-02-12 19:25:45,269 PerfMonMTSvc                                         INFO =======================================================================================
2026-02-12 19:25:45,270 PerfMonMTSvc                                         INFO CPU Model:                          Intel(R) Xeon(R) Gold 6326 CPU @ 2.90GHz 24576 KB
2026-02-12 19:25:45,270 PerfMonMTSvc                                         INFO Number of Available Cores:          32
2026-02-12 19:25:45,271 PerfMonMTSvc                                         INFO Total Memory:                       251.00 GB
2026-02-12 19:25:45,271 PerfMonMTSvc                                         INFO =======================================================================================
2026-02-12 19:25:45,271 PerfMonMTSvc                                         INFO                                Environment Information                                 
2026-02-12 19:25:45,271 PerfMonMTSvc                                         INFO =======================================================================================
2026-02-12 19:25:45,271 PerfMonMTSvc                                         INFO Malloc Library:                     libtcmalloc_minimal.so
2026-02-12 19:25:45,271 PerfMonMTSvc                                         INFO Math Library:                       libimf.so
2026-02-12 19:25:45,271 PerfMonMTSvc                                         INFO =======================================================================================
2026-02-12 19:25:45,449 ApplicationMgr                                       INFO Application Manager Finalized successfully
