2026-02-12 18:29:47,386 AthMpEvtLoopMgr.SharedEvtQueueConsumer               INFO Logs redirected in the AthenaMP event worker PID=1488787
2026-02-12 18:29:47,387 AthMpEvtLoopMgr.SharedEvtQueueConsumer               INFO Io registry updated in the AthenaMP event worker PID=1488787
2026-02-12 18:29:47,396 AthMpEvtLoopMgr.SharedEvtQueueConsumer               INFO File descriptors re-opened in the AthenaMP event worker PID=1488787
2026-02-12 18:29:47,396 PoolSvc                                              INFO I/O reinitialization...
2026-02-12 18:29:47,397 PoolSvc                                              INFO Setting up APR FileCatalog and Streams
2026-02-12 18:29:47,409 PoolSvc                                              INFO Resolved path (via ATLAS_POOLCOND_PATH) is /cvmfs/atlas-condb.cern.ch/repo/conditions/poolcond/PoolFileCatalog.xml
2026-02-12 18:29:47,421 PoolSvc                                              INFO Unable find catalog apcfile:poolcond/PoolCat_oflcond.xml in $ATLAS_POOLCOND_PATH and $DATAPATH
2026-02-12 18:29:47,421 PoolSvc                                              INFO POOL WriteCatalog is xmlcatalog_file:PoolFileCatalog.xml
2026-02-12 18:29:47,648 DbSession                                            INFO     Open     DbSession
2026-02-12 18:29:47,649 Domain[ROOT_All]                                     INFO >   Access   DbDomain     READ      [ROOT_All]
2026-02-12 18:29:47,649 DbSession                                            INFO     Open     DbSession
2026-02-12 18:29:47,649 Domain[ROOT_All]                                     INFO >   Access   DbDomain     READ      [ROOT_All]
2026-02-12 18:29:47,649 MetaDataSvc                                          INFO I/O reinitialization...
2026-02-12 18:29:47,650 MetaDataSvc                                          INFO Attached MetaDataTool: ToolSvc.IOVDbMetaDataTool
2026-02-12 18:29:47,650 MetaDataSvc                                          INFO Attached MetaDataTool: ToolSvc.BookkeeperTool
2026-02-12 18:29:47,650 MetaDataSvc                                          INFO Attached MetaDataTool: ToolSvc.StreamDAOD_PHYS_CopyEventStreamInfo
2026-02-12 18:29:47,650 MetaDataSvc                                          INFO Attached MetaDataTool: ToolSvc.TriggerMenuMetaDataTool
2026-02-12 18:29:47,650 MetaDataSvc                                          INFO Attached MetaDataTool: ToolSvc.TruthMetaDataTool
2026-02-12 18:29:47,650 MetaDataSvc                                          INFO Attached MetaDataTool: ToolSvc.xAODMaker::FileMetaDataTool
2026-02-12 18:29:47,650 MetaDataSvc                                          INFO Attached MetaDataTool: ToolSvc.xAODMaker::EventFormatMetaDataTool
2026-02-12 18:29:47,650 EventSelector                                        INFO I/O reinitialization...
2026-02-12 18:29:47,650 /eos/home-b/bkamgama/draft/Run_sleep_10000/...root   INFO ->  Access   DbDatabase   READ      [ROOT_All] DDA2F11F-D15D-C648-85F4-1887AA43EA0B
2026-02-12 18:29:47,662 RootDatabase                                         INFO /eos/home-b/bkamgama/draft/Run_sleep_10000/Compression_QT/DAOD_Compression_Analysis/workspaces/lzma_level1/ttree/data/lzma_ttree_level1.AOD.pool.root File version:1063901
2026-02-12 18:29:47,674 StreamDAOD_PHYS                                      INFO I/O reinitialization...
2026-02-12 18:29:47,675 /eos/home-b/bkamgama/draft/Run_sleep_10000/...root   INFO Database being retired...
2026-02-12 18:29:47,676 /eos/home-b/bkamgama/draft/Run_sleep_10000/...root   INFO ->  Deaccess DbDatabase   READ      [ROOT_All] DDA2F11F-D15D-C648-85F4-1887AA43EA0B
2026-02-12 18:29:47,676 Domain[ROOT_All]                                     INFO >   Deaccess DbDomain     READ      [ROOT_All]
2026-02-12 18:29:47,676 DbSession                                            INFO     Open     DbSession
2026-02-12 18:29:47,676 Domain[ROOT_All]                                     INFO >   Access   DbDomain     READ      [ROOT_All]
2026-02-12 18:29:47,676 /eos/home-b/bkamgama/draft/Run_sleep_10000/...root   INFO ->  Access   DbDatabase   READ      [ROOT_All] DDA2F11F-D15D-C648-85F4-1887AA43EA0B
2026-02-12 18:29:47,680 RootDatabase                                         INFO /eos/home-b/bkamgama/draft/Run_sleep_10000/Compression_QT/DAOD_Compression_Analysis/workspaces/lzma_level1/ttree/data/lzma_ttree_level1.AOD.pool.root File version:1063901
2026-02-12 18:29:47,691 AthMpEvtLoopMgr.SharedEvtQueueConsumer               INFO Exec function in the AthenaMP worker PID=1488787
2026-02-12 18:29:48,581 AthMpEvtLoopMgr.SharedEvtQueueConsumer               INFO Received from the queue: event num=300 chunk size=100
2026-02-12 18:29:48,581 AthMpEvtLoopMgr.SharedEvtQueueConsumer               INFO Seek to 300 succeeded
2026-02-12 18:29:49,563 ToolSvc.BookkeeperTool                               INFO Preparing local cache for source 'DDA2F11F-D15D-C648-85F4-1887AA43EA0B' with 194 variations
2026-02-12 18:29:49,565 ToolSvc.BookkeeperTool                               INFO No incomplete bookkeepers with name 'IncompleteCutBookkeepers' in this file
2026-02-12 18:29:49,565 ToolSvc.BookkeeperTool                               INFO No complete bookkeepers with name 'CutBookkeepers' in this file
2026-02-12 18:29:49,674 TBranchAuxDynReader                                  INFO RootAuxDynIO/src/TBranchAuxDynReader.cxx:326 (TBranchAuxDynReader::BranchInfo& TBranchAuxDynReader::getBranchInfo(const unsigned long&, const SG::AuxStoreInternal&)): attribute 'mcEventNumber' (id=1 typename=unsigned long) has different type than the branch: ULong64_t  Marking for schema evolution.
2026-02-12 18:29:49,682 AthenaEventLoopMgr                                   INFO   ===>>>  start processing event #334732292, run #450000 0 events processed so far  <<<===
2026-02-12 18:29:49,807 xAODConfigSvc                                        INFO TrigConfxAOD/src/xAODConfigSvc.cxx:940 (StatusCode TrigConf::xAODConfigSvc::prepareEventxAODTriggerMenuJson(const xAOD::TrigConfKeys*, const xAOD::BunchConfKey*, const EventContext&)): Loaded xAOD::TriggerMenuJson configuration:  SMK = 2130037424, L1PSK = 3785439411, HLTPSK = 266086103, BGSK = 707058941
2026-02-12 18:29:49,893 PerfMonMTSvc                                         INFO Event [    1] CPU Time: 00h00m01s, Wall Time: 00h00m54s, Vmem: 4.25 GB, Rss: 2.63 GB, Pss: 633.38 MB, Swap: 0.00 KB
2026-02-12 18:29:49,894 ToolSvc.TrigDecisionTool                             INFO Updating config in slot 0 with SMK: 2130037424 and L1PSK: 3785439411 and HLTPSK: 266086103 and BGSK: 707058941 getForceConfigUpdate()=1 HLT Chains: 2535
2026-02-12 18:29:49,933 ToolSvc.PhysCommonTruthCharmTool                  WARNING Found xAODTruthMetaDataContainer empty! Configuring to be NOT Sherpa.
2026-02-12 18:29:49,933 ToolSvc.PhysCommonTruthCharmTool                     INFO From metadata configured: Sherpa? 0
2026-02-12 18:29:50,128 ToolSvc.DFCommonBornLeptonCollTool                   INFO From metadata configured: Sherpa? 0
2026-02-12 18:29:50,306 ToolSvc.xAODTrackParticleCompressorTool              INFO Initialising
2026-02-12 18:29:50,307 ToolSvc.xAODTrackParticleCompressorTool              INFO   OffDiagCovMatrixBits = 23
2026-02-12 18:29:50,307 ToolSvc.xAODTrackParticleCompressorTool              INFO   DiagCovMatrixBits    = 23
2026-02-12 18:29:50,307 ToolSvc.xAODTrackParticleCompressorTool              INFO   UseOffDiagCompr = 0
2026-02-12 18:29:50,323 ToolSvc.DFCommonMuonsSelector                     WARNING MuonSelectionTool currently supports Loose, Medium, Tight, HighPt, and LowPtEfficiency WPs for Run3; all other WPs can only be used in ExpertDevelopMode mode
2026-02-12 18:29:50,403 xAODClusterCompressor                                INFO Compression of ClusterMoments to 16 bits enabled
2026-02-12 18:29:50,403 AthenaPoolConverter                                  INFO Retrieved compression tool
WARNING from FastJet: Recluster: the original cluster sequence is lacking explicit ghosts; area support will no longer be available after re-clustering
WARNING from FastJet: Recluster: the original cluster sequence is lacking explicit ghosts; area support will no longer be available after re-clustering
WARNING from FastJet: Recluster: the original cluster sequence is lacking explicit ghosts; area support will no longer be available after re-clustering
WARNING from FastJet: Recluster: the original cluster sequence is lacking explicit ghosts; area support will no longer be available after re-clustering
WARNING from FastJet: Recluster: the original cluster sequence is lacking explicit ghosts; area support will no longer be available after re-clustering (LAST SUCH WARNING)
2026-02-12 18:29:59,358 ClassIDSvc                                           INFO getRegistryEntries: read 2916 CLIDRegistry entries for module ALL
xAOD::AuxSelection WARNING Selected dynamic Aux atribute "DFCommonJets_eventClean_LooseBadLLP" not found in the registry
xAOD::AuxSelection WARNING Selected dynamic Aux atribute "HTXS_Higgs_decay_eta" not found in the registry
xAOD::AuxSelection WARNING Selected dynamic Aux atribute "HTXS_Higgs_decay_m" not found in the registry
xAOD::AuxSelection WARNING Selected dynamic Aux atribute "HTXS_Higgs_decay_phi" not found in the registry
xAOD::AuxSelection WARNING Selected dynamic Aux atribute "HTXS_Higgs_decay_pt" not found in the registry
xAOD::AuxSelection WARNING Selected dynamic Aux atribute "HTXS_Higgs_eta" not found in the registry
xAOD::AuxSelection WARNING Selected dynamic Aux atribute "HTXS_Higgs_m" not found in the registry
xAOD::AuxSelection WARNING Selected dynamic Aux atribute "HTXS_Higgs_phi" not found in the registry
xAOD::AuxSelection WARNING Selected dynamic Aux atribute "HTXS_Higgs_pt" not found in the registry
xAOD::AuxSelection WARNING Selected dynamic Aux atribute "HTXS_Njets_pTjet25" not found in the registry
xAOD::AuxSelection WARNING Selected dynamic Aux atribute "HTXS_Njets_pTjet30" not found in the registry
xAOD::AuxSelection WARNING Selected dynamic Aux atribute "HTXS_Stage0_Category" not found in the registry
xAOD::AuxSelection WARNING Selected dynamic Aux atribute "HTXS_Stage1_2_Category_pTjet25" not found in the registry
xAOD::AuxSelection WARNING Selected dynamic Aux atribute "HTXS_Stage1_2_Category_pTjet30" not found in the registry
xAOD::AuxSelection WARNING Selected dynamic Aux atribute "HTXS_Stage1_2_FineIndex_pTjet25" not found in the registry
xAOD::AuxSelection WARNING Selected dynamic Aux atribute "HTXS_Stage1_2_FineIndex_pTjet30" not found in the registry
xAOD::AuxSelection WARNING Selected dynamic Aux atribute "HTXS_Stage1_2_Fine_Category_pTjet25" not found in the registry
xAOD::AuxSelection WARNING Selected dynamic Aux atribute "HTXS_Stage1_2_Fine_Category_pTjet30" not found in the registry
xAOD::AuxSelection WARNING Selected dynamic Aux atribute "HTXS_Stage1_2_Fine_FineIndex_pTjet25" not found in the registry
xAOD::AuxSelection WARNING Selected dynamic Aux atribute "HTXS_Stage1_2_Fine_FineIndex_pTjet30" not found in the registry
xAOD::AuxSelection WARNING Selected dynamic Aux atribute "HTXS_Stage1_Category_pTjet25" not found in the registry
xAOD::AuxSelection WARNING Selected dynamic Aux atribute "HTXS_Stage1_Category_pTjet30" not found in the registry
xAOD::AuxSelection WARNING Selected dynamic Aux atribute "HTXS_Stage1_FineIndex_pTjet25" not found in the registry
xAOD::AuxSelection WARNING Selected dynamic Aux atribute "HTXS_Stage1_FineIndex_pTjet30" not found in the registry
xAOD::AuxSelection WARNING Selected dynamic Aux atribute "HTXS_V_decay_eta" not found in the registry
xAOD::AuxSelection WARNING Selected dynamic Aux atribute "HTXS_V_decay_m" not found in the registry
xAOD::AuxSelection WARNING Selected dynamic Aux atribute "HTXS_V_decay_phi" not found in the registry
xAOD::AuxSelection WARNING Selected dynamic Aux atribute "HTXS_V_decay_pt" not found in the registry
xAOD::AuxSelection WARNING Selected dynamic Aux atribute "HTXS_V_eta" not found in the registry
xAOD::AuxSelection WARNING Selected dynamic Aux atribute "HTXS_V_jets25_eta" not found in the registry
xAOD::AuxSelection WARNING Selected dynamic Aux atribute "HTXS_V_jets25_m" not found in the registry
xAOD::AuxSelection WARNING Selected dynamic Aux atribute "HTXS_V_jets25_phi" not found in the registry
xAOD::AuxSelection WARNING Selected dynamic Aux atribute "HTXS_V_jets25_pt" not found in the registry
xAOD::AuxSelection WARNING Selected dynamic Aux atribute "HTXS_V_jets30_eta" not found in the registry
xAOD::AuxSelection WARNING Selected dynamic Aux atribute "HTXS_V_jets30_m" not found in the registry
xAOD::AuxSelection WARNING Selected dynamic Aux atribute "HTXS_V_jets30_phi" not found in the registry
xAOD::AuxSelection WARNING Selected dynamic Aux atribute "HTXS_V_jets30_pt" not found in the registry
xAOD::AuxSelection WARNING Selected dynamic Aux atribute "HTXS_V_m" not found in the registry
xAOD::AuxSelection WARNING Selected dynamic Aux atribute "HTXS_V_phi" not found in the registry
xAOD::AuxSelection WARNING Selected dynamic Aux atribute "HTXS_V_pt" not found in the registry
xAOD::AuxSelection WARNING Selected dynamic Aux atribute "HTXS_errorCode" not found in the registry
xAOD::AuxSelection WARNING Selected dynamic Aux atribute "HTXS_isZ2vvDecay" not found in the registry
xAOD::AuxSelection WARNING Selected dynamic Aux atribute "truthClassification" not found in the registry
xAOD::AuxSelection WARNING Selected dynamic Aux atribute "DFCommonGoodMuon" not found in the registry
xAOD::AuxSelection WARNING Selected dynamic Aux atribute "DecayModeVector" not found in the registry
xAOD::AuxSelection WARNING Selected dynamic Aux atribute "IsHadronicTau" not found in the registry
xAOD::AuxSelection WARNING Selected dynamic Aux atribute "decay_vertex_x" not found in the registry
xAOD::AuxSelection WARNING Selected dynamic Aux atribute "decay_vertex_y" not found in the registry
xAOD::AuxSelection WARNING Selected dynamic Aux atribute "decay_vertex_z" not found in the registry
xAOD::AuxSelection WARNING Selected dynamic Aux atribute "eta_invis" not found in the registry
xAOD::AuxSelection WARNING Selected dynamic Aux atribute "eta_vis_neutral" not found in the registry
xAOD::AuxSelection WARNING Selected dynamic Aux atribute "m_invis" not found in the registry
xAOD::AuxSelection WARNING Selected dynamic Aux atribute "m_vis_neutral" not found in the registry
xAOD::AuxSelection WARNING Selected dynamic Aux atribute "numCharged" not found in the registry
xAOD::AuxSelection WARNING Selected dynamic Aux atribute "numChargedPion" not found in the registry
xAOD::AuxSelection WARNING Selected dynamic Aux atribute "numNeutral" not found in the registry
xAOD::AuxSelection WARNING Selected dynamic Aux atribute "numNeutralPion" not found in the registry
xAOD::AuxSelection WARNING Selected dynamic Aux atribute "phi_invis" not found in the registry
xAOD::AuxSelection WARNING Selected dynamic Aux atribute "phi_vis_neutral" not found in the registry
xAOD::AuxSelection WARNING Selected dynamic Aux atribute "prod_vertex_x" not found in the registry
xAOD::AuxSelection WARNING Selected dynamic Aux atribute "prod_vertex_y" not found in the registry
xAOD::AuxSelection WARNING Selected dynamic Aux atribute "prod_vertex_z" not found in the registry
xAOD::AuxSelection WARNING Selected dynamic Aux atribute "pt_invis" not found in the registry
xAOD::AuxSelection WARNING Selected dynamic Aux atribute "pt_vis_neutral" not found in the registry
xAOD::AuxSelection WARNING Selected dynamic Aux atribute "GN3XPV01_pqcd" not found in the registry
xAOD::AuxSelection WARNING Selected dynamic Aux atribute "bJR10v00_mass" not found in the registry
xAOD::AuxSelection WARNING Selected dynamic Aux atribute "bJR10v00_pt" not found in the registry
xAOD::AuxSelection WARNING Selected dynamic Aux atribute "PartonTruthLabelTruthLabelBarcode" not found in the registry
xAOD::AuxSelection WARNING Selected dynamic Aux atribute "PartonTruthLabelTruthLabelDR" not found in the registry
xAOD::AuxSelection WARNING Selected dynamic Aux atribute "PartonTruthLabelTruthLabelID" not found in the registry
xAOD::AuxSelection WARNING Selected dynamic Aux atribute "PartonTruthLabelTruthLabelLxy" not found in the registry
xAOD::AuxSelection WARNING Selected dynamic Aux atribute "PartonTruthLabelTruthLabelPdgId" not found in the registry
xAOD::AuxSelection WARNING Selected dynamic Aux atribute "PartonTruthLabelTruthLabelPt" not found in the registry
2026-02-12 18:29:59,767 TBranchAuxDynReader                                  INFO RootAuxDynIO/src/TBranchAuxDynReader.cxx:326 (TBranchAuxDynReader::BranchInfo& TBranchAuxDynReader::getBranchInfo(const unsigned long&, const SG::AuxStoreInternal&)): attribute 'pileUpMixtureIDLowBits' (id=2 typename=unsigned long) has different type than the branch: ULong64_t  Marking for schema evolution.
2026-02-12 18:29:59,768 TBranchAuxDynReader                                  INFO RootAuxDynIO/src/TBranchAuxDynReader.cxx:326 (TBranchAuxDynReader::BranchInfo& TBranchAuxDynReader::getBranchInfo(const unsigned long&, const SG::AuxStoreInternal&)): attribute 'pileUpMixtureIDHighBits' (id=3 typename=unsigned long) has different type than the branch: ULong64_t  Marking for schema evolution.
2026-02-12 18:29:59,800 copyAuxStoreThinned                               WARNING AthContainers/src/copyAuxStoreThinned.cxx:138: unlocked decoration UEcorr_Pt (955) in object of type xAOD::ElectronAuxContainer_v3
2026-02-12 18:29:59,873 copyAuxStoreThinned                               WARNING AthContainers/src/copyAuxStoreThinned.cxx:138: unlocked decoration UEcorr_Pt (955) in object of type xAOD::MuonAuxContainer_v5
2026-02-12 18:29:59,948 ClassIDSvc                                           INFO getRegistryEntries: read 302 CLIDRegistry entries for module ALL
2026-02-12 18:30:00,032 AthenaEventLoopMgr                                   INFO   ===>>>  done processing event #334732292, run #450000 1 events processed so far  <<<===
2026-02-12 18:30:00,051 PoolSvc                                           WARNING connect: Using default input Stream instead of id = 4294967295
2026-02-12 18:30:00,962 copyAuxStoreThinned                               WARNING AthContainers/src/copyAuxStoreThinned.cxx:138: unlocked decoration UEcorr_Pt (955) in object of type xAOD::ElectronAuxContainer_v3
2026-02-12 18:30:00,980 copyAuxStoreThinned                               WARNING AthContainers/src/copyAuxStoreThinned.cxx:138: unlocked decoration UEcorr_Pt (955) in object of type xAOD::MuonAuxContainer_v5
2026-02-12 18:30:02,042 copyAuxStoreThinned                               WARNING AthContainers/src/copyAuxStoreThinned.cxx:138: unlocked decoration UEcorr_Pt (955) in object of type xAOD::ElectronAuxContainer_v3
2026-02-12 18:30:02,046 copyAuxStoreThinned                               WARNING AthContainers/src/copyAuxStoreThinned.cxx:138: unlocked decoration UEcorr_Pt (955) in object of type xAOD::MuonAuxContainer_v5
2026-02-12 18:30:03,367 copyAuxStoreThinned                               WARNING AthContainers/src/copyAuxStoreThinned.cxx:138: unlocked decoration UEcorr_Pt (955) in object of type xAOD::ElectronAuxContainer_v3
2026-02-12 18:30:03,409 copyAuxStoreThinned                               WARNING AthContainers/src/copyAuxStoreThinned.cxx:138: unlocked decoration UEcorr_Pt (955) in object of type xAOD::MuonAuxContainer_v5
2026-02-12 18:30:05,007 copyAuxStoreThinned                               WARNING AthContainers/src/copyAuxStoreThinned.cxx:138: unlocked decoration UEcorr_Pt (955) in object of type xAOD::ElectronAuxContainer_v3
2026-02-12 18:30:05,010 copyAuxStoreThinned                               WARNING AthContainers/src/copyAuxStoreThinned.cxx:138: unlocked decoration UEcorr_Pt (955) in object of type xAOD::MuonAuxContainer_v5
2026-02-12 18:30:05,903 copyAuxStoreThinned                               WARNING AthContainers/src/copyAuxStoreThinned.cxx:138: unlocked decoration UEcorr_Pt (955) in object of type xAOD::ElectronAuxContainer_v3
2026-02-12 18:30:05,922 copyAuxStoreThinned                               WARNING AthContainers/src/copyAuxStoreThinned.cxx:138: unlocked decoration UEcorr_Pt (955) in object of type xAOD::MuonAuxContainer_v5
2026-02-12 18:30:07,159 copyAuxStoreThinned                               WARNING AthContainers/src/copyAuxStoreThinned.cxx:138: unlocked decoration UEcorr_Pt (955) in object of type xAOD::ElectronAuxContainer_v3
2026-02-12 18:30:08,373 copyAuxStoreThinned                               WARNING AthContainers/src/copyAuxStoreThinned.cxx:138: unlocked decoration UEcorr_Pt (955) in object of type xAOD::ElectronAuxContainer_v3
2026-02-12 18:30:08,378 copyAuxStoreThinned                               WARNING AthContainers/src/copyAuxStoreThinned.cxx:138: unlocked decoration UEcorr_Pt (955) in object of type xAOD::MuonAuxContainer_v5
2026-02-12 18:30:10,335 copyAuxStoreThinned                               WARNING AthContainers/src/copyAuxStoreThinned.cxx:138: unlocked decoration UEcorr_Pt (955) in object of type xAOD::ElectronAuxContainer_v3
2026-02-12 18:30:10,340 copyAuxStoreThinned                               WARNING AthContainers/src/copyAuxStoreThinned.cxx:138: unlocked decoration UEcorr_Pt (955) in object of type xAOD::MuonAuxContainer_v5
2026-02-12 18:30:11,248 copyAuxStoreThinned                               WARNING AthContainers/src/copyAuxStoreThinned.cxx:138: unlocked decoration UEcorr_Pt (955) in object of type xAOD::ElectronAuxContainer_v3
2026-02-12 18:30:11,252 copyAuxStoreThinned                               WARNING AthContainers/src/copyAuxStoreThinned.cxx:138: unlocked decoration UEcorr_Pt (955) in object of type xAOD::MuonAuxContainer_v5
2026-02-12 18:30:12,358 copyAuxStoreThinned                               WARNING AthContainers/src/copyAuxStoreThinned.cxx:138: unlocked decoration UEcorr_Pt (955) in object of type xAOD::ElectronAuxContainer_v3
2026-02-12 18:30:12,362 copyAuxStoreThinned                               WARNING AthContainers/src/copyAuxStoreThinned.cxx:138: unlocked decoration UEcorr_Pt (955) in object of type xAOD::MuonAuxContainer_v5
2026-02-12 18:30:13,363 copyAuxStoreThinned                               WARNING AthContainers/src/copyAuxStoreThinned.cxx:138: unlocked decoration UEcorr_Pt (955) in object of type xAOD::ElectronAuxContainer_v3
2026-02-12 18:30:13,366 copyAuxStoreThinned                               WARNING AthContainers/src/copyAuxStoreThinned.cxx:138: unlocked decoration UEcorr_Pt (955) in object of type xAOD::MuonAuxContainer_v5
2026-02-12 18:30:14,603 copyAuxStoreThinned                               WARNING AthContainers/src/copyAuxStoreThinned.cxx:138: unlocked decoration UEcorr_Pt (955) in object of type xAOD::ElectronAuxContainer_v3
2026-02-12 18:30:14,607 copyAuxStoreThinned                               WARNING AthContainers/src/copyAuxStoreThinned.cxx:138: unlocked decoration UEcorr_Pt (955) in object of type xAOD::MuonAuxContainer_v5
2026-02-12 18:30:15,768 copyAuxStoreThinned                               WARNING AthContainers/src/copyAuxStoreThinned.cxx:138: unlocked decoration UEcorr_Pt (955) in object of type xAOD::ElectronAuxContainer_v3
2026-02-12 18:30:15,772 copyAuxStoreThinned                               WARNING AthContainers/src/copyAuxStoreThinned.cxx:138: unlocked decoration UEcorr_Pt (955) in object of type xAOD::MuonAuxContainer_v5
2026-02-12 18:30:16,725 copyAuxStoreThinned                               WARNING AthContainers/src/copyAuxStoreThinned.cxx:138: unlocked decoration UEcorr_Pt (955) in object of type xAOD::ElectronAuxContainer_v3
2026-02-12 18:30:16,728 copyAuxStoreThinned                               WARNING AthContainers/src/copyAuxStoreThinned.cxx:138: unlocked decoration UEcorr_Pt (955) in object of type xAOD::MuonAuxContainer_v5
2026-02-12 18:30:18,048 copyAuxStoreThinned                               WARNING AthContainers/src/copyAuxStoreThinned.cxx:138: unlocked decoration UEcorr_Pt (955) in object of type xAOD::ElectronAuxContainer_v3
2026-02-12 18:30:18,051 copyAuxStoreThinned                               WARNING AthContainers/src/copyAuxStoreThinned.cxx:138: unlocked decoration UEcorr_Pt (955) in object of type xAOD::MuonAuxContainer_v5
2026-02-12 18:30:19,571 copyAuxStoreThinned                               WARNING AthContainers/src/copyAuxStoreThinned.cxx:138: unlocked decoration UEcorr_Pt (955) in object of type xAOD::ElectronAuxContainer_v3
2026-02-12 18:30:19,575 copyAuxStoreThinned                               WARNING AthContainers/src/copyAuxStoreThinned.cxx:138: unlocked decoration UEcorr_Pt (955) in object of type xAOD::MuonAuxContainer_v5
2026-02-12 18:30:20,691 copyAuxStoreThinned                               WARNING AthContainers/src/copyAuxStoreThinned.cxx:138: unlocked decoration UEcorr_Pt (955) in object of type xAOD::ElectronAuxContainer_v3
2026-02-12 18:30:20,694 copyAuxStoreThinned                               WARNING AthContainers/src/copyAuxStoreThinned.cxx:138: unlocked decoration UEcorr_Pt (955) in object of type xAOD::MuonAuxContainer_v5
2026-02-12 18:30:20,798 PerfMonMTSvc                                         INFO Event [   19] CPU Time: 00h00m30s, Wall Time: 00h01m25s, Vmem: 4.70 GB, Rss: 3.38 GB, Pss: 1.36 GB, Swap: 0.00 KB
2026-02-12 18:30:22,023 copyAuxStoreThinned                               WARNING AthContainers/src/copyAuxStoreThinned.cxx:138: unlocked decoration UEcorr_Pt (955) in object of type xAOD::ElectronAuxContainer_v3
2026-02-12 18:30:22,027 copyAuxStoreThinned                               WARNING AthContainers/src/copyAuxStoreThinned.cxx:138: unlocked decoration UEcorr_Pt (955) in object of type xAOD::MuonAuxContainer_v5
2026-02-12 18:30:23,099 copyAuxStoreThinned                               WARNING AthContainers/src/copyAuxStoreThinned.cxx:138: unlocked decoration UEcorr_Pt (955) in object of type xAOD::ElectronAuxContainer_v3
2026-02-12 18:30:23,102 copyAuxStoreThinned                               WARNING AthContainers/src/copyAuxStoreThinned.cxx:138: unlocked decoration UEcorr_Pt (955) in object of type xAOD::MuonAuxContainer_v5
2026-02-12 18:30:24,118 copyAuxStoreThinned                               WARNING AthContainers/src/copyAuxStoreThinned.cxx:138: unlocked decoration UEcorr_Pt (955) in object of type xAOD::ElectronAuxContainer_v3
2026-02-12 18:30:24,122 copyAuxStoreThinned                               WARNING AthContainers/src/copyAuxStoreThinned.cxx:138: unlocked decoration UEcorr_Pt (955) in object of type xAOD::MuonAuxContainer_v5
2026-02-12 18:30:25,241 copyAuxStoreThinned                               WARNING AthContainers/src/copyAuxStoreThinned.cxx:138: unlocked decoration UEcorr_Pt (955) in object of type xAOD::ElectronAuxContainer_v3
2026-02-12 18:30:25,245 copyAuxStoreThinned                               WARNING AthContainers/src/copyAuxStoreThinned.cxx:138: unlocked decoration UEcorr_Pt (955) in object of type xAOD::MuonAuxContainer_v5
2026-02-12 18:30:26,747 copyAuxStoreThinned                               WARNING AthContainers/src/copyAuxStoreThinned.cxx:138: unlocked decoration UEcorr_Pt (955) in object of type xAOD::ElectronAuxContainer_v3
2026-02-12 18:30:26,751 copyAuxStoreThinned                               WARNING AthContainers/src/copyAuxStoreThinned.cxx:138: unlocked decoration UEcorr_Pt (955) in object of type xAOD::MuonAuxContainer_v5
2026-02-12 18:30:28,173 copyAuxStoreThinned                               WARNING AthContainers/src/copyAuxStoreThinned.cxx:138: unlocked decoration UEcorr_Pt (955) in object of type xAOD::ElectronAuxContainer_v3
2026-02-12 18:30:28,177 copyAuxStoreThinned                               WARNING AthContainers/src/copyAuxStoreThinned.cxx:138: unlocked decoration UEcorr_Pt (955) in object of type xAOD::MuonAuxContainer_v5
2026-02-12 18:30:29,469 copyAuxStoreThinned                               WARNING AthContainers/src/copyAuxStoreThinned.cxx:138: unlocked decoration UEcorr_Pt (955) in object of type xAOD::ElectronAuxContainer_v3
WARNING from FastJet: ClusterSequenceAreaBase::get_median_rho_and_sigma(...): the estimated empty area is suspiciously large and negative and may lead to an over-estimation of rho. This may be due to (i) a rare statistical fluctuation or (ii) too small a range used to estimate the background properties.
2026-02-12 18:30:31,156 copyAuxStoreThinned                               WARNING AthContainers/src/copyAuxStoreThinned.cxx:138: unlocked decoration UEcorr_Pt (955) in object of type xAOD::ElectronAuxContainer_v3
2026-02-12 18:30:31,159 copyAuxStoreThinned                               WARNING AthContainers/src/copyAuxStoreThinned.cxx:138: unlocked decoration UEcorr_Pt (955) in object of type xAOD::MuonAuxContainer_v5
2026-02-12 18:30:32,453 copyAuxStoreThinned                               WARNING AthContainers/src/copyAuxStoreThinned.cxx:138: unlocked decoration UEcorr_Pt (955) in object of type xAOD::ElectronAuxContainer_v3
2026-02-12 18:30:32,457 copyAuxStoreThinned                               WARNING AthContainers/src/copyAuxStoreThinned.cxx:138: unlocked decoration UEcorr_Pt (955) in object of type xAOD::MuonAuxContainer_v5
2026-02-12 18:30:33,645 copyAuxStoreThinned                               WARNING AthContainers/src/copyAuxStoreThinned.cxx:138: unlocked decoration UEcorr_Pt (955) in object of type xAOD::ElectronAuxContainer_v3
2026-02-12 18:30:33,649 copyAuxStoreThinned                               WARNING AthContainers/src/copyAuxStoreThinned.cxx:138: unlocked decoration UEcorr_Pt (955) in object of type xAOD::MuonAuxContainer_v5
2026-02-12 18:30:35,053 copyAuxStoreThinned                               WARNING AthContainers/src/copyAuxStoreThinned.cxx:138: unlocked decoration UEcorr_Pt (955) in object of type xAOD::ElectronAuxContainer_v3
2026-02-12 18:30:35,058 copyAuxStoreThinned                               WARNING AthContainers/src/copyAuxStoreThinned.cxx:138: unlocked decoration UEcorr_Pt (955) in object of type xAOD::MuonAuxContainer_v5
2026-02-12 18:30:36,438 copyAuxStoreThinned                               WARNING AthContainers/src/copyAuxStoreThinned.cxx:138: unlocked decoration UEcorr_Pt (955) in object of type xAOD::ElectronAuxContainer_v3
2026-02-12 18:30:38,033 copyAuxStoreThinned                               WARNING AthContainers/src/copyAuxStoreThinned.cxx:138: unlocked decoration UEcorr_Pt (955) in object of type xAOD::ElectronAuxContainer_v3
2026-02-12 18:30:38,036 copyAuxStoreThinned                               WARNING AthContainers/src/copyAuxStoreThinned.cxx:138: unlocked decoration UEcorr_Pt (955) in object of type xAOD::MuonAuxContainer_v5
2026-02-12 18:30:39,590 copyAuxStoreThinned                               WARNING AthContainers/src/copyAuxStoreThinned.cxx:138: unlocked decoration UEcorr_Pt (955) in object of type xAOD::ElectronAuxContainer_v3
2026-02-12 18:30:39,594 copyAuxStoreThinned                               WARNING AthContainers/src/copyAuxStoreThinned.cxx:138: unlocked decoration UEcorr_Pt (955) in object of type xAOD::MuonAuxContainer_v5
2026-02-12 18:30:41,021 copyAuxStoreThinned                               WARNING AthContainers/src/copyAuxStoreThinned.cxx:138: unlocked decoration UEcorr_Pt (955) in object of type xAOD::ElectronAuxContainer_v3
2026-02-12 18:30:41,025 copyAuxStoreThinned                               WARNING AthContainers/src/copyAuxStoreThinned.cxx:138: unlocked decoration UEcorr_Pt (955) in object of type xAOD::MuonAuxContainer_v5
2026-02-12 18:30:42,287 copyAuxStoreThinned                               WARNING AthContainers/src/copyAuxStoreThinned.cxx:138: unlocked decoration UEcorr_Pt (955) in object of type xAOD::ElectronAuxContainer_v3
2026-02-12 18:30:42,290 copyAuxStoreThinned                               WARNING AthContainers/src/copyAuxStoreThinned.cxx:138: unlocked decoration UEcorr_Pt (955) in object of type xAOD::MuonAuxContainer_v5
2026-02-12 18:30:43,432 copyAuxStoreThinned                               WARNING AthContainers/src/copyAuxStoreThinned.cxx:138: unlocked decoration UEcorr_Pt (955) in object of type xAOD::ElectronAuxContainer_v3
2026-02-12 18:30:44,476 copyAuxStoreThinned                               WARNING AthContainers/src/copyAuxStoreThinned.cxx:138: unlocked decoration UEcorr_Pt (955) in object of type xAOD::ElectronAuxContainer_v3
2026-02-12 18:30:44,479 copyAuxStoreThinned                               WARNING AthContainers/src/copyAuxStoreThinned.cxx:138: unlocked decoration UEcorr_Pt (955) in object of type xAOD::MuonAuxContainer_v5
2026-02-12 18:30:46,019 copyAuxStoreThinned                               WARNING AthContainers/src/copyAuxStoreThinned.cxx:138: unlocked decoration UEcorr_Pt (955) in object of type xAOD::ElectronAuxContainer_v3
2026-02-12 18:30:46,023 copyAuxStoreThinned                               WARNING AthContainers/src/copyAuxStoreThinned.cxx:138: unlocked decoration UEcorr_Pt (955) in object of type xAOD::MuonAuxContainer_v5
2026-02-12 18:30:47,646 copyAuxStoreThinned                               WARNING AthContainers/src/copyAuxStoreThinned.cxx:138: unlocked decoration UEcorr_Pt (955) in object of type xAOD::ElectronAuxContainer_v3
2026-02-12 18:30:47,650 copyAuxStoreThinned                               WARNING AthContainers/src/copyAuxStoreThinned.cxx:138: unlocked decoration UEcorr_Pt (955) in object of type xAOD::MuonAuxContainer_v5
WARNING from FastJet: ClusterSequenceAreaBase::get_median_rho_and_sigma(...): the estimated empty area is suspiciously large and negative and may lead to an over-estimation of rho. This may be due to (i) a rare statistical fluctuation or (ii) too small a range used to estimate the background properties.
2026-02-12 18:30:49,681 copyAuxStoreThinned                               WARNING AthContainers/src/copyAuxStoreThinned.cxx:138: unlocked decoration UEcorr_Pt (955) in object of type xAOD::ElectronAuxContainer_v3
2026-02-12 18:30:49,689 copyAuxStoreThinned                               WARNING AthContainers/src/copyAuxStoreThinned.cxx:138: unlocked decoration UEcorr_Pt (955) in object of type xAOD::MuonAuxContainer_v5
2026-02-12 18:30:51,072 copyAuxStoreThinned                               WARNING AthContainers/src/copyAuxStoreThinned.cxx:138: unlocked decoration UEcorr_Pt (955) in object of type xAOD::ElectronAuxContainer_v3
2026-02-12 18:30:51,075 copyAuxStoreThinned                               WARNING AthContainers/src/copyAuxStoreThinned.cxx:138: unlocked decoration UEcorr_Pt (955) in object of type xAOD::MuonAuxContainer_v5
2026-02-12 18:30:51,183 PerfMonMTSvc                                         INFO Event [   41] CPU Time: 00h01m01s, Wall Time: 00h01m56s, Vmem: 4.70 GB, Rss: 3.39 GB, Pss: 1.36 GB, Swap: 0.00 KB
2026-02-12 18:30:52,389 copyAuxStoreThinned                               WARNING AthContainers/src/copyAuxStoreThinned.cxx:138: unlocked decoration UEcorr_Pt (955) in object of type xAOD::ElectronAuxContainer_v3
2026-02-12 18:30:52,392 copyAuxStoreThinned                               WARNING AthContainers/src/copyAuxStoreThinned.cxx:138: unlocked decoration UEcorr_Pt (955) in object of type xAOD::MuonAuxContainer_v5
2026-02-12 18:30:53,443 copyAuxStoreThinned                               WARNING AthContainers/src/copyAuxStoreThinned.cxx:138: unlocked decoration UEcorr_Pt (955) in object of type xAOD::ElectronAuxContainer_v3
2026-02-12 18:30:53,447 copyAuxStoreThinned                               WARNING AthContainers/src/copyAuxStoreThinned.cxx:138: unlocked decoration UEcorr_Pt (955) in object of type xAOD::MuonAuxContainer_v5
2026-02-12 18:30:54,989 copyAuxStoreThinned                               WARNING AthContainers/src/copyAuxStoreThinned.cxx:138: unlocked decoration UEcorr_Pt (955) in object of type xAOD::ElectronAuxContainer_v3
2026-02-12 18:30:54,993 copyAuxStoreThinned                               WARNING AthContainers/src/copyAuxStoreThinned.cxx:138: unlocked decoration UEcorr_Pt (955) in object of type xAOD::MuonAuxContainer_v5
2026-02-12 18:30:56,486 copyAuxStoreThinned                               WARNING AthContainers/src/copyAuxStoreThinned.cxx:138: unlocked decoration UEcorr_Pt (955) in object of type xAOD::ElectronAuxContainer_v3
2026-02-12 18:30:56,490 copyAuxStoreThinned                               WARNING AthContainers/src/copyAuxStoreThinned.cxx:138: unlocked decoration UEcorr_Pt (955) in object of type xAOD::MuonAuxContainer_v5
2026-02-12 18:30:57,809 copyAuxStoreThinned                               WARNING AthContainers/src/copyAuxStoreThinned.cxx:138: unlocked decoration UEcorr_Pt (955) in object of type xAOD::ElectronAuxContainer_v3
2026-02-12 18:30:57,813 copyAuxStoreThinned                               WARNING AthContainers/src/copyAuxStoreThinned.cxx:138: unlocked decoration UEcorr_Pt (955) in object of type xAOD::MuonAuxContainer_v5
2026-02-12 18:30:58,791 copyAuxStoreThinned                               WARNING AthContainers/src/copyAuxStoreThinned.cxx:138: unlocked decoration UEcorr_Pt (955) in object of type xAOD::ElectronAuxContainer_v3
2026-02-12 18:30:58,795 copyAuxStoreThinned                               WARNING AthContainers/src/copyAuxStoreThinned.cxx:138: unlocked decoration UEcorr_Pt (955) in object of type xAOD::MuonAuxContainer_v5
2026-02-12 18:31:00,095 copyAuxStoreThinned                               WARNING AthContainers/src/copyAuxStoreThinned.cxx:138: unlocked decoration UEcorr_Pt (955) in object of type xAOD::ElectronAuxContainer_v3
2026-02-12 18:31:00,099 copyAuxStoreThinned                               WARNING AthContainers/src/copyAuxStoreThinned.cxx:138: unlocked decoration UEcorr_Pt (955) in object of type xAOD::MuonAuxContainer_v5
2026-02-12 18:31:01,163 copyAuxStoreThinned                               WARNING AthContainers/src/copyAuxStoreThinned.cxx:138: unlocked decoration UEcorr_Pt (955) in object of type xAOD::ElectronAuxContainer_v3
2026-02-12 18:31:02,219 copyAuxStoreThinned                               WARNING AthContainers/src/copyAuxStoreThinned.cxx:138: unlocked decoration UEcorr_Pt (955) in object of type xAOD::ElectronAuxContainer_v3
2026-02-12 18:31:02,223 copyAuxStoreThinned                               WARNING AthContainers/src/copyAuxStoreThinned.cxx:138: unlocked decoration UEcorr_Pt (955) in object of type xAOD::MuonAuxContainer_v5
2026-02-12 18:31:03,585 copyAuxStoreThinned                               WARNING AthContainers/src/copyAuxStoreThinned.cxx:138: unlocked decoration UEcorr_Pt (955) in object of type xAOD::ElectronAuxContainer_v3
2026-02-12 18:31:03,588 copyAuxStoreThinned                               WARNING AthContainers/src/copyAuxStoreThinned.cxx:138: unlocked decoration UEcorr_Pt (955) in object of type xAOD::MuonAuxContainer_v5
2026-02-12 18:31:04,656 copyAuxStoreThinned                               WARNING AthContainers/src/copyAuxStoreThinned.cxx:138: unlocked decoration UEcorr_Pt (955) in object of type xAOD::ElectronAuxContainer_v3
2026-02-12 18:31:04,660 copyAuxStoreThinned                               WARNING AthContainers/src/copyAuxStoreThinned.cxx:138: unlocked decoration UEcorr_Pt (955) in object of type xAOD::MuonAuxContainer_v5
2026-02-12 18:31:05,785 copyAuxStoreThinned                               WARNING AthContainers/src/copyAuxStoreThinned.cxx:138: unlocked decoration UEcorr_Pt (955) in object of type xAOD::ElectronAuxContainer_v3
2026-02-12 18:31:05,788 copyAuxStoreThinned                               WARNING AthContainers/src/copyAuxStoreThinned.cxx:138: unlocked decoration UEcorr_Pt (955) in object of type xAOD::MuonAuxContainer_v5
2026-02-12 18:31:07,185 copyAuxStoreThinned                               WARNING AthContainers/src/copyAuxStoreThinned.cxx:138: unlocked decoration UEcorr_Pt (955) in object of type xAOD::ElectronAuxContainer_v3
2026-02-12 18:31:07,189 copyAuxStoreThinned                               WARNING AthContainers/src/copyAuxStoreThinned.cxx:138: unlocked decoration UEcorr_Pt (955) in object of type xAOD::MuonAuxContainer_v5
2026-02-12 18:31:08,488 copyAuxStoreThinned                               WARNING AthContainers/src/copyAuxStoreThinned.cxx:138: unlocked decoration UEcorr_Pt (955) in object of type xAOD::ElectronAuxContainer_v3
2026-02-12 18:31:08,491 copyAuxStoreThinned                               WARNING AthContainers/src/copyAuxStoreThinned.cxx:138: unlocked decoration UEcorr_Pt (955) in object of type xAOD::MuonAuxContainer_v5
2026-02-12 18:31:09,890 copyAuxStoreThinned                               WARNING AthContainers/src/copyAuxStoreThinned.cxx:138: unlocked decoration UEcorr_Pt (955) in object of type xAOD::ElectronAuxContainer_v3
2026-02-12 18:31:09,894 copyAuxStoreThinned                               WARNING AthContainers/src/copyAuxStoreThinned.cxx:138: unlocked decoration UEcorr_Pt (955) in object of type xAOD::MuonAuxContainer_v5
2026-02-12 18:31:11,159 copyAuxStoreThinned                               WARNING AthContainers/src/copyAuxStoreThinned.cxx:138: unlocked decoration UEcorr_Pt (955) in object of type xAOD::ElectronAuxContainer_v3
2026-02-12 18:31:11,163 copyAuxStoreThinned                               WARNING AthContainers/src/copyAuxStoreThinned.cxx:138: unlocked decoration UEcorr_Pt (955) in object of type xAOD::MuonAuxContainer_v5
2026-02-12 18:31:12,649 copyAuxStoreThinned                               WARNING AthContainers/src/copyAuxStoreThinned.cxx:138: unlocked decoration UEcorr_Pt (955) in object of type xAOD::ElectronAuxContainer_v3
2026-02-12 18:31:12,655 copyAuxStoreThinned                               WARNING AthContainers/src/copyAuxStoreThinned.cxx:138: unlocked decoration UEcorr_Pt (955) in object of type xAOD::MuonAuxContainer_v5
2026-02-12 18:31:14,124 copyAuxStoreThinned                               WARNING AthContainers/src/copyAuxStoreThinned.cxx:138: unlocked decoration UEcorr_Pt (955) in object of type xAOD::ElectronAuxContainer_v3
2026-02-12 18:31:14,128 copyAuxStoreThinned                               WARNING AthContainers/src/copyAuxStoreThinned.cxx:138: unlocked decoration UEcorr_Pt (955) in object of type xAOD::MuonAuxContainer_v5
2026-02-12 18:31:15,407 copyAuxStoreThinned                               WARNING AthContainers/src/copyAuxStoreThinned.cxx:138: unlocked decoration UEcorr_Pt (955) in object of type xAOD::ElectronAuxContainer_v3
2026-02-12 18:31:15,411 copyAuxStoreThinned                               WARNING AthContainers/src/copyAuxStoreThinned.cxx:138: unlocked decoration UEcorr_Pt (955) in object of type xAOD::MuonAuxContainer_v5
2026-02-12 18:31:16,923 copyAuxStoreThinned                               WARNING AthContainers/src/copyAuxStoreThinned.cxx:138: unlocked decoration UEcorr_Pt (955) in object of type xAOD::ElectronAuxContainer_v3
2026-02-12 18:31:16,927 copyAuxStoreThinned                               WARNING AthContainers/src/copyAuxStoreThinned.cxx:138: unlocked decoration UEcorr_Pt (955) in object of type xAOD::MuonAuxContainer_v5
2026-02-12 18:31:18,566 copyAuxStoreThinned                               WARNING AthContainers/src/copyAuxStoreThinned.cxx:138: unlocked decoration UEcorr_Pt (955) in object of type xAOD::ElectronAuxContainer_v3
2026-02-12 18:31:18,570 copyAuxStoreThinned                               WARNING AthContainers/src/copyAuxStoreThinned.cxx:138: unlocked decoration UEcorr_Pt (955) in object of type xAOD::MuonAuxContainer_v5
2026-02-12 18:31:20,055 copyAuxStoreThinned                               WARNING AthContainers/src/copyAuxStoreThinned.cxx:138: unlocked decoration UEcorr_Pt (955) in object of type xAOD::ElectronAuxContainer_v3
2026-02-12 18:31:20,058 copyAuxStoreThinned                               WARNING AthContainers/src/copyAuxStoreThinned.cxx:138: unlocked decoration UEcorr_Pt (955) in object of type xAOD::MuonAuxContainer_v5
2026-02-12 18:31:21,365 copyAuxStoreThinned                               WARNING AthContainers/src/copyAuxStoreThinned.cxx:138: unlocked decoration UEcorr_Pt (955) in object of type xAOD::ElectronAuxContainer_v3
2026-02-12 18:31:21,369 copyAuxStoreThinned                               WARNING AthContainers/src/copyAuxStoreThinned.cxx:138: unlocked decoration UEcorr_Pt (955) in object of type xAOD::MuonAuxContainer_v5
2026-02-12 18:31:21,477 PerfMonMTSvc                                         INFO Event [   64] CPU Time: 00h01m30s, Wall Time: 00h02m26s, Vmem: 4.72 GB, Rss: 3.40 GB, Pss: 1.37 GB, Swap: 0.00 KB
2026-02-12 18:31:22,678 copyAuxStoreThinned                               WARNING AthContainers/src/copyAuxStoreThinned.cxx:138: unlocked decoration UEcorr_Pt (955) in object of type xAOD::ElectronAuxContainer_v3
2026-02-12 18:31:22,682 copyAuxStoreThinned                               WARNING AthContainers/src/copyAuxStoreThinned.cxx:138: unlocked decoration UEcorr_Pt (955) in object of type xAOD::MuonAuxContainer_v5
2026-02-12 18:31:24,111 copyAuxStoreThinned                               WARNING AthContainers/src/copyAuxStoreThinned.cxx:138: unlocked decoration UEcorr_Pt (955) in object of type xAOD::ElectronAuxContainer_v3
2026-02-12 18:31:24,116 copyAuxStoreThinned                               WARNING AthContainers/src/copyAuxStoreThinned.cxx:138: unlocked decoration UEcorr_Pt (955) in object of type xAOD::MuonAuxContainer_v5
2026-02-12 18:31:25,413 copyAuxStoreThinned                               WARNING AthContainers/src/copyAuxStoreThinned.cxx:138: unlocked decoration UEcorr_Pt (955) in object of type xAOD::ElectronAuxContainer_v3
2026-02-12 18:31:25,417 copyAuxStoreThinned                               WARNING AthContainers/src/copyAuxStoreThinned.cxx:138: unlocked decoration UEcorr_Pt (955) in object of type xAOD::MuonAuxContainer_v5
2026-02-12 18:31:27,152 copyAuxStoreThinned                               WARNING AthContainers/src/copyAuxStoreThinned.cxx:138: unlocked decoration UEcorr_Pt (955) in object of type xAOD::ElectronAuxContainer_v3
2026-02-12 18:31:27,156 copyAuxStoreThinned                               WARNING AthContainers/src/copyAuxStoreThinned.cxx:138: unlocked decoration UEcorr_Pt (955) in object of type xAOD::MuonAuxContainer_v5
2026-02-12 18:31:28,208 copyAuxStoreThinned                               WARNING AthContainers/src/copyAuxStoreThinned.cxx:138: unlocked decoration UEcorr_Pt (955) in object of type xAOD::ElectronAuxContainer_v3
2026-02-12 18:31:30,176 copyAuxStoreThinned                               WARNING AthContainers/src/copyAuxStoreThinned.cxx:138: unlocked decoration UEcorr_Pt (955) in object of type xAOD::ElectronAuxContainer_v3
2026-02-12 18:31:30,180 copyAuxStoreThinned                               WARNING AthContainers/src/copyAuxStoreThinned.cxx:138: unlocked decoration UEcorr_Pt (955) in object of type xAOD::MuonAuxContainer_v5
2026-02-12 18:31:31,447 copyAuxStoreThinned                               WARNING AthContainers/src/copyAuxStoreThinned.cxx:138: unlocked decoration UEcorr_Pt (955) in object of type xAOD::ElectronAuxContainer_v3
2026-02-12 18:31:31,452 copyAuxStoreThinned                               WARNING AthContainers/src/copyAuxStoreThinned.cxx:138: unlocked decoration UEcorr_Pt (955) in object of type xAOD::MuonAuxContainer_v5
2026-02-12 18:31:32,857 copyAuxStoreThinned                               WARNING AthContainers/src/copyAuxStoreThinned.cxx:138: unlocked decoration UEcorr_Pt (955) in object of type xAOD::ElectronAuxContainer_v3
2026-02-12 18:31:32,860 copyAuxStoreThinned                               WARNING AthContainers/src/copyAuxStoreThinned.cxx:138: unlocked decoration UEcorr_Pt (955) in object of type xAOD::MuonAuxContainer_v5
2026-02-12 18:31:34,186 copyAuxStoreThinned                               WARNING AthContainers/src/copyAuxStoreThinned.cxx:138: unlocked decoration UEcorr_Pt (955) in object of type xAOD::ElectronAuxContainer_v3
2026-02-12 18:31:34,189 copyAuxStoreThinned                               WARNING AthContainers/src/copyAuxStoreThinned.cxx:138: unlocked decoration UEcorr_Pt (955) in object of type xAOD::MuonAuxContainer_v5
2026-02-12 18:31:35,263 copyAuxStoreThinned                               WARNING AthContainers/src/copyAuxStoreThinned.cxx:138: unlocked decoration UEcorr_Pt (955) in object of type xAOD::ElectronAuxContainer_v3
2026-02-12 18:31:35,267 copyAuxStoreThinned                               WARNING AthContainers/src/copyAuxStoreThinned.cxx:138: unlocked decoration UEcorr_Pt (955) in object of type xAOD::MuonAuxContainer_v5
2026-02-12 18:31:36,652 copyAuxStoreThinned                               WARNING AthContainers/src/copyAuxStoreThinned.cxx:138: unlocked decoration UEcorr_Pt (955) in object of type xAOD::ElectronAuxContainer_v3
2026-02-12 18:31:36,656 copyAuxStoreThinned                               WARNING AthContainers/src/copyAuxStoreThinned.cxx:138: unlocked decoration UEcorr_Pt (955) in object of type xAOD::MuonAuxContainer_v5
2026-02-12 18:31:37,729 copyAuxStoreThinned                               WARNING AthContainers/src/copyAuxStoreThinned.cxx:138: unlocked decoration UEcorr_Pt (955) in object of type xAOD::ElectronAuxContainer_v3
2026-02-12 18:31:37,732 copyAuxStoreThinned                               WARNING AthContainers/src/copyAuxStoreThinned.cxx:138: unlocked decoration UEcorr_Pt (955) in object of type xAOD::MuonAuxContainer_v5
2026-02-12 18:31:38,900 copyAuxStoreThinned                               WARNING AthContainers/src/copyAuxStoreThinned.cxx:138: unlocked decoration UEcorr_Pt (955) in object of type xAOD::ElectronAuxContainer_v3
2026-02-12 18:31:38,904 copyAuxStoreThinned                               WARNING AthContainers/src/copyAuxStoreThinned.cxx:138: unlocked decoration UEcorr_Pt (955) in object of type xAOD::MuonAuxContainer_v5
2026-02-12 18:31:41,022 copyAuxStoreThinned                               WARNING AthContainers/src/copyAuxStoreThinned.cxx:138: unlocked decoration UEcorr_Pt (955) in object of type xAOD::ElectronAuxContainer_v3
2026-02-12 18:31:41,049 copyAuxStoreThinned                               WARNING AthContainers/src/copyAuxStoreThinned.cxx:138: unlocked decoration UEcorr_Pt (955) in object of type xAOD::MuonAuxContainer_v5
2026-02-12 18:31:42,038 copyAuxStoreThinned                               WARNING AthContainers/src/copyAuxStoreThinned.cxx:138: unlocked decoration UEcorr_Pt (955) in object of type xAOD::ElectronAuxContainer_v3
2026-02-12 18:31:42,041 copyAuxStoreThinned                               WARNING AthContainers/src/copyAuxStoreThinned.cxx:138: unlocked decoration UEcorr_Pt (955) in object of type xAOD::MuonAuxContainer_v5
2026-02-12 18:31:43,220 copyAuxStoreThinned                               WARNING AthContainers/src/copyAuxStoreThinned.cxx:138: unlocked decoration UEcorr_Pt (955) in object of type xAOD::ElectronAuxContainer_v3
2026-02-12 18:31:43,223 copyAuxStoreThinned                               WARNING AthContainers/src/copyAuxStoreThinned.cxx:138: unlocked decoration UEcorr_Pt (955) in object of type xAOD::MuonAuxContainer_v5
2026-02-12 18:31:44,811 copyAuxStoreThinned                               WARNING AthContainers/src/copyAuxStoreThinned.cxx:138: unlocked decoration UEcorr_Pt (955) in object of type xAOD::ElectronAuxContainer_v3
2026-02-12 18:31:44,814 copyAuxStoreThinned                               WARNING AthContainers/src/copyAuxStoreThinned.cxx:138: unlocked decoration UEcorr_Pt (955) in object of type xAOD::MuonAuxContainer_v5
2026-02-12 18:31:46,009 copyAuxStoreThinned                               WARNING AthContainers/src/copyAuxStoreThinned.cxx:138: unlocked decoration UEcorr_Pt (955) in object of type xAOD::ElectronAuxContainer_v3
2026-02-12 18:31:46,013 copyAuxStoreThinned                               WARNING AthContainers/src/copyAuxStoreThinned.cxx:138: unlocked decoration UEcorr_Pt (955) in object of type xAOD::MuonAuxContainer_v5
2026-02-12 18:31:47,567 copyAuxStoreThinned                               WARNING AthContainers/src/copyAuxStoreThinned.cxx:138: unlocked decoration UEcorr_Pt (955) in object of type xAOD::ElectronAuxContainer_v3
2026-02-12 18:31:48,964 copyAuxStoreThinned                               WARNING AthContainers/src/copyAuxStoreThinned.cxx:138: unlocked decoration UEcorr_Pt (955) in object of type xAOD::ElectronAuxContainer_v3
2026-02-12 18:31:48,969 copyAuxStoreThinned                               WARNING AthContainers/src/copyAuxStoreThinned.cxx:138: unlocked decoration UEcorr_Pt (955) in object of type xAOD::MuonAuxContainer_v5
2026-02-12 18:31:50,173 copyAuxStoreThinned                               WARNING AthContainers/src/copyAuxStoreThinned.cxx:138: unlocked decoration UEcorr_Pt (955) in object of type xAOD::ElectronAuxContainer_v3
2026-02-12 18:31:50,184 copyAuxStoreThinned                               WARNING AthContainers/src/copyAuxStoreThinned.cxx:138: unlocked decoration UEcorr_Pt (955) in object of type xAOD::MuonAuxContainer_v5
2026-02-12 18:31:51,856 copyAuxStoreThinned                               WARNING AthContainers/src/copyAuxStoreThinned.cxx:138: unlocked decoration UEcorr_Pt (955) in object of type xAOD::ElectronAuxContainer_v3
2026-02-12 18:31:51,862 copyAuxStoreThinned                               WARNING AthContainers/src/copyAuxStoreThinned.cxx:138: unlocked decoration UEcorr_Pt (955) in object of type xAOD::MuonAuxContainer_v5
2026-02-12 18:31:51,968 PerfMonMTSvc                                         INFO Event [   86] CPU Time: 00h02m00s, Wall Time: 00h02m57s, Vmem: 4.72 GB, Rss: 3.40 GB, Pss: 1.37 GB, Swap: 0.00 KB
2026-02-12 18:31:53,278 copyAuxStoreThinned                               WARNING AthContainers/src/copyAuxStoreThinned.cxx:138: unlocked decoration UEcorr_Pt (955) in object of type xAOD::ElectronAuxContainer_v3
2026-02-12 18:31:53,281 copyAuxStoreThinned                               WARNING AthContainers/src/copyAuxStoreThinned.cxx:138: unlocked decoration UEcorr_Pt (955) in object of type xAOD::MuonAuxContainer_v5
2026-02-12 18:31:54,715 copyAuxStoreThinned                               WARNING AthContainers/src/copyAuxStoreThinned.cxx:138: unlocked decoration UEcorr_Pt (955) in object of type xAOD::ElectronAuxContainer_v3
2026-02-12 18:31:54,719 copyAuxStoreThinned                               WARNING AthContainers/src/copyAuxStoreThinned.cxx:138: unlocked decoration UEcorr_Pt (955) in object of type xAOD::MuonAuxContainer_v5
2026-02-12 18:31:55,924 copyAuxStoreThinned                               WARNING AthContainers/src/copyAuxStoreThinned.cxx:138: unlocked decoration UEcorr_Pt (955) in object of type xAOD::ElectronAuxContainer_v3
2026-02-12 18:31:55,927 copyAuxStoreThinned                               WARNING AthContainers/src/copyAuxStoreThinned.cxx:138: unlocked decoration UEcorr_Pt (955) in object of type xAOD::MuonAuxContainer_v5
2026-02-12 18:31:57,344 copyAuxStoreThinned                               WARNING AthContainers/src/copyAuxStoreThinned.cxx:138: unlocked decoration UEcorr_Pt (955) in object of type xAOD::ElectronAuxContainer_v3
2026-02-12 18:31:57,349 copyAuxStoreThinned                               WARNING AthContainers/src/copyAuxStoreThinned.cxx:138: unlocked decoration UEcorr_Pt (955) in object of type xAOD::MuonAuxContainer_v5
2026-02-12 18:31:59,468 copyAuxStoreThinned                               WARNING AthContainers/src/copyAuxStoreThinned.cxx:138: unlocked decoration UEcorr_Pt (955) in object of type xAOD::ElectronAuxContainer_v3
2026-02-12 18:31:59,472 copyAuxStoreThinned                               WARNING AthContainers/src/copyAuxStoreThinned.cxx:138: unlocked decoration UEcorr_Pt (955) in object of type xAOD::MuonAuxContainer_v5
2026-02-12 18:32:00,796 copyAuxStoreThinned                               WARNING AthContainers/src/copyAuxStoreThinned.cxx:138: unlocked decoration UEcorr_Pt (955) in object of type xAOD::ElectronAuxContainer_v3
2026-02-12 18:32:00,800 copyAuxStoreThinned                               WARNING AthContainers/src/copyAuxStoreThinned.cxx:138: unlocked decoration UEcorr_Pt (955) in object of type xAOD::MuonAuxContainer_v5
2026-02-12 18:32:02,378 copyAuxStoreThinned                               WARNING AthContainers/src/copyAuxStoreThinned.cxx:138: unlocked decoration UEcorr_Pt (955) in object of type xAOD::ElectronAuxContainer_v3
2026-02-12 18:32:02,382 copyAuxStoreThinned                               WARNING AthContainers/src/copyAuxStoreThinned.cxx:138: unlocked decoration UEcorr_Pt (955) in object of type xAOD::MuonAuxContainer_v5
2026-02-12 18:32:03,842 copyAuxStoreThinned                               WARNING AthContainers/src/copyAuxStoreThinned.cxx:138: unlocked decoration UEcorr_Pt (955) in object of type xAOD::ElectronAuxContainer_v3
2026-02-12 18:32:03,846 copyAuxStoreThinned                               WARNING AthContainers/src/copyAuxStoreThinned.cxx:138: unlocked decoration UEcorr_Pt (955) in object of type xAOD::MuonAuxContainer_v5
2026-02-12 18:32:04,734 copyAuxStoreThinned                               WARNING AthContainers/src/copyAuxStoreThinned.cxx:138: unlocked decoration UEcorr_Pt (955) in object of type xAOD::ElectronAuxContainer_v3
2026-02-12 18:32:04,739 copyAuxStoreThinned                               WARNING AthContainers/src/copyAuxStoreThinned.cxx:138: unlocked decoration UEcorr_Pt (955) in object of type xAOD::MuonAuxContainer_v5
2026-02-12 18:32:05,840 copyAuxStoreThinned                               WARNING AthContainers/src/copyAuxStoreThinned.cxx:138: unlocked decoration UEcorr_Pt (955) in object of type xAOD::ElectronAuxContainer_v3
2026-02-12 18:32:05,843 copyAuxStoreThinned                               WARNING AthContainers/src/copyAuxStoreThinned.cxx:138: unlocked decoration UEcorr_Pt (955) in object of type xAOD::MuonAuxContainer_v5
2026-02-12 18:32:07,444 copyAuxStoreThinned                               WARNING AthContainers/src/copyAuxStoreThinned.cxx:138: unlocked decoration UEcorr_Pt (955) in object of type xAOD::ElectronAuxContainer_v3
2026-02-12 18:32:07,448 copyAuxStoreThinned                               WARNING AthContainers/src/copyAuxStoreThinned.cxx:138: unlocked decoration UEcorr_Pt (955) in object of type xAOD::MuonAuxContainer_v5
2026-02-12 18:32:09,073 copyAuxStoreThinned                               WARNING AthContainers/src/copyAuxStoreThinned.cxx:138: unlocked decoration UEcorr_Pt (955) in object of type xAOD::ElectronAuxContainer_v3
2026-02-12 18:32:09,078 copyAuxStoreThinned                               WARNING AthContainers/src/copyAuxStoreThinned.cxx:138: unlocked decoration UEcorr_Pt (955) in object of type xAOD::MuonAuxContainer_v5
2026-02-12 18:32:10,271 copyAuxStoreThinned                               WARNING AthContainers/src/copyAuxStoreThinned.cxx:138: unlocked decoration UEcorr_Pt (955) in object of type xAOD::ElectronAuxContainer_v3
2026-02-12 18:32:10,275 copyAuxStoreThinned                               WARNING AthContainers/src/copyAuxStoreThinned.cxx:138: unlocked decoration UEcorr_Pt (955) in object of type xAOD::MuonAuxContainer_v5
2026-02-12 18:32:11,601 copyAuxStoreThinned                               WARNING AthContainers/src/copyAuxStoreThinned.cxx:138: unlocked decoration UEcorr_Pt (955) in object of type xAOD::ElectronAuxContainer_v3
2026-02-12 18:32:13,040 copyAuxStoreThinned                               WARNING AthContainers/src/copyAuxStoreThinned.cxx:138: unlocked decoration UEcorr_Pt (955) in object of type xAOD::ElectronAuxContainer_v3
2026-02-12 18:32:13,043 copyAuxStoreThinned                               WARNING AthContainers/src/copyAuxStoreThinned.cxx:138: unlocked decoration UEcorr_Pt (955) in object of type xAOD::MuonAuxContainer_v5
2026-02-12 18:32:13,062 AthMpEvtLoopMgr.SharedEvtQueueConsumer               INFO Received from the queue: event num=600 chunk size=100
2026-02-12 18:32:13,062 AthMpEvtLoopMgr.SharedEvtQueueConsumer               INFO Seek to 600 succeeded
2026-02-12 18:32:13,108 AthenaEventLoopMgr                                   INFO   ===>>>  start processing event #334736167, run #450000 100 events processed so far  <<<===
2026-02-12 18:32:14,859 copyAuxStoreThinned                               WARNING AthContainers/src/copyAuxStoreThinned.cxx:138: unlocked decoration UEcorr_Pt (955) in object of type xAOD::ElectronAuxContainer_v3
2026-02-12 18:32:14,909 copyAuxStoreThinned                               WARNING AthContainers/src/copyAuxStoreThinned.cxx:138: unlocked decoration UEcorr_Pt (955) in object of type xAOD::MuonAuxContainer_v5
2026-02-12 18:32:14,947 AthenaEventLoopMgr                                   INFO   ===>>>  done processing event #334736167, run #450000 101 events processed so far  <<<===
2026-02-12 18:32:15,958 copyAuxStoreThinned                               WARNING AthContainers/src/copyAuxStoreThinned.cxx:138: unlocked decoration UEcorr_Pt (955) in object of type xAOD::ElectronAuxContainer_v3
2026-02-12 18:32:15,962 copyAuxStoreThinned                               WARNING AthContainers/src/copyAuxStoreThinned.cxx:138: unlocked decoration UEcorr_Pt (955) in object of type xAOD::MuonAuxContainer_v5
2026-02-12 18:32:17,273 copyAuxStoreThinned                               WARNING AthContainers/src/copyAuxStoreThinned.cxx:138: unlocked decoration UEcorr_Pt (955) in object of type xAOD::ElectronAuxContainer_v3
2026-02-12 18:32:17,299 copyAuxStoreThinned                               WARNING AthContainers/src/copyAuxStoreThinned.cxx:138: unlocked decoration UEcorr_Pt (955) in object of type xAOD::MuonAuxContainer_v5
2026-02-12 18:32:18,985 copyAuxStoreThinned                               WARNING AthContainers/src/copyAuxStoreThinned.cxx:138: unlocked decoration UEcorr_Pt (955) in object of type xAOD::ElectronAuxContainer_v3
2026-02-12 18:32:18,989 copyAuxStoreThinned                               WARNING AthContainers/src/copyAuxStoreThinned.cxx:138: unlocked decoration UEcorr_Pt (955) in object of type xAOD::MuonAuxContainer_v5
2026-02-12 18:32:20,466 copyAuxStoreThinned                               WARNING AthContainers/src/copyAuxStoreThinned.cxx:138: unlocked decoration UEcorr_Pt (955) in object of type xAOD::ElectronAuxContainer_v3
2026-02-12 18:32:20,473 copyAuxStoreThinned                               WARNING AthContainers/src/copyAuxStoreThinned.cxx:138: unlocked decoration UEcorr_Pt (955) in object of type xAOD::MuonAuxContainer_v5
WARNING from FastJet: ClusterSequenceAreaBase::get_median_rho_and_sigma(...): the estimated empty area is suspiciously large and negative and may lead to an over-estimation of rho. This may be due to (i) a rare statistical fluctuation or (ii) too small a range used to estimate the background properties.
2026-02-12 18:32:24,505 copyAuxStoreThinned                               WARNING AthContainers/src/copyAuxStoreThinned.cxx:138: unlocked decoration UEcorr_Pt (955) in object of type xAOD::ElectronAuxContainer_v3
2026-02-12 18:32:24,509 copyAuxStoreThinned                               WARNING AthContainers/src/copyAuxStoreThinned.cxx:138: unlocked decoration UEcorr_Pt (955) in object of type xAOD::MuonAuxContainer_v5
2026-02-12 18:32:24,619 PerfMonMTSvc                                         INFO Event [  107] CPU Time: 00h02m32s, Wall Time: 00h03m29s, Vmem: 4.72 GB, Rss: 3.41 GB, Pss: 1.38 GB, Swap: 0.00 KB
2026-02-12 18:32:25,605 copyAuxStoreThinned                               WARNING AthContainers/src/copyAuxStoreThinned.cxx:138: unlocked decoration UEcorr_Pt (955) in object of type xAOD::ElectronAuxContainer_v3
2026-02-12 18:32:27,110 copyAuxStoreThinned                               WARNING AthContainers/src/copyAuxStoreThinned.cxx:138: unlocked decoration UEcorr_Pt (955) in object of type xAOD::ElectronAuxContainer_v3
2026-02-12 18:32:28,624 copyAuxStoreThinned                               WARNING AthContainers/src/copyAuxStoreThinned.cxx:138: unlocked decoration UEcorr_Pt (955) in object of type xAOD::ElectronAuxContainer_v3
2026-02-12 18:32:28,627 copyAuxStoreThinned                               WARNING AthContainers/src/copyAuxStoreThinned.cxx:138: unlocked decoration UEcorr_Pt (955) in object of type xAOD::MuonAuxContainer_v5
2026-02-12 18:32:30,151 copyAuxStoreThinned                               WARNING AthContainers/src/copyAuxStoreThinned.cxx:138: unlocked decoration UEcorr_Pt (955) in object of type xAOD::ElectronAuxContainer_v3
2026-02-12 18:32:30,154 copyAuxStoreThinned                               WARNING AthContainers/src/copyAuxStoreThinned.cxx:138: unlocked decoration UEcorr_Pt (955) in object of type xAOD::MuonAuxContainer_v5
2026-02-12 18:32:31,865 copyAuxStoreThinned                               WARNING AthContainers/src/copyAuxStoreThinned.cxx:138: unlocked decoration UEcorr_Pt (955) in object of type xAOD::ElectronAuxContainer_v3
2026-02-12 18:32:31,869 copyAuxStoreThinned                               WARNING AthContainers/src/copyAuxStoreThinned.cxx:138: unlocked decoration UEcorr_Pt (955) in object of type xAOD::MuonAuxContainer_v5
2026-02-12 18:32:33,780 copyAuxStoreThinned                               WARNING AthContainers/src/copyAuxStoreThinned.cxx:138: unlocked decoration UEcorr_Pt (955) in object of type xAOD::ElectronAuxContainer_v3
2026-02-12 18:32:33,784 copyAuxStoreThinned                               WARNING AthContainers/src/copyAuxStoreThinned.cxx:138: unlocked decoration UEcorr_Pt (955) in object of type xAOD::MuonAuxContainer_v5
2026-02-12 18:32:35,547 copyAuxStoreThinned                               WARNING AthContainers/src/copyAuxStoreThinned.cxx:138: unlocked decoration UEcorr_Pt (955) in object of type xAOD::ElectronAuxContainer_v3
2026-02-12 18:32:35,551 copyAuxStoreThinned                               WARNING AthContainers/src/copyAuxStoreThinned.cxx:138: unlocked decoration UEcorr_Pt (955) in object of type xAOD::MuonAuxContainer_v5
2026-02-12 18:32:37,267 copyAuxStoreThinned                               WARNING AthContainers/src/copyAuxStoreThinned.cxx:138: unlocked decoration UEcorr_Pt (955) in object of type xAOD::ElectronAuxContainer_v3
2026-02-12 18:32:37,271 copyAuxStoreThinned                               WARNING AthContainers/src/copyAuxStoreThinned.cxx:138: unlocked decoration UEcorr_Pt (955) in object of type xAOD::MuonAuxContainer_v5
2026-02-12 18:32:38,274 copyAuxStoreThinned                               WARNING AthContainers/src/copyAuxStoreThinned.cxx:138: unlocked decoration UEcorr_Pt (955) in object of type xAOD::ElectronAuxContainer_v3
2026-02-12 18:32:38,277 copyAuxStoreThinned                               WARNING AthContainers/src/copyAuxStoreThinned.cxx:138: unlocked decoration UEcorr_Pt (955) in object of type xAOD::MuonAuxContainer_v5
2026-02-12 18:32:39,562 copyAuxStoreThinned                               WARNING AthContainers/src/copyAuxStoreThinned.cxx:138: unlocked decoration UEcorr_Pt (955) in object of type xAOD::ElectronAuxContainer_v3
2026-02-12 18:32:39,565 copyAuxStoreThinned                               WARNING AthContainers/src/copyAuxStoreThinned.cxx:138: unlocked decoration UEcorr_Pt (955) in object of type xAOD::MuonAuxContainer_v5
2026-02-12 18:32:40,854 copyAuxStoreThinned                               WARNING AthContainers/src/copyAuxStoreThinned.cxx:138: unlocked decoration UEcorr_Pt (955) in object of type xAOD::ElectronAuxContainer_v3
2026-02-12 18:32:40,858 copyAuxStoreThinned                               WARNING AthContainers/src/copyAuxStoreThinned.cxx:138: unlocked decoration UEcorr_Pt (955) in object of type xAOD::MuonAuxContainer_v5
2026-02-12 18:32:41,890 copyAuxStoreThinned                               WARNING AthContainers/src/copyAuxStoreThinned.cxx:138: unlocked decoration UEcorr_Pt (955) in object of type xAOD::ElectronAuxContainer_v3
2026-02-12 18:32:41,894 copyAuxStoreThinned                               WARNING AthContainers/src/copyAuxStoreThinned.cxx:138: unlocked decoration UEcorr_Pt (955) in object of type xAOD::MuonAuxContainer_v5
2026-02-12 18:32:43,094 copyAuxStoreThinned                               WARNING AthContainers/src/copyAuxStoreThinned.cxx:138: unlocked decoration UEcorr_Pt (955) in object of type xAOD::ElectronAuxContainer_v3
2026-02-12 18:32:44,673 copyAuxStoreThinned                               WARNING AthContainers/src/copyAuxStoreThinned.cxx:138: unlocked decoration UEcorr_Pt (955) in object of type xAOD::ElectronAuxContainer_v3
2026-02-12 18:32:44,676 copyAuxStoreThinned                               WARNING AthContainers/src/copyAuxStoreThinned.cxx:138: unlocked decoration UEcorr_Pt (955) in object of type xAOD::MuonAuxContainer_v5
2026-02-12 18:32:45,491 MuonRemovalTauAODReRecoAlg.MuonRemoval            WARNING the clusters in the lepton cannot be converted to CaloCalTopoClusters, the ID is 
2026-02-12 18:32:46,154 copyAuxStoreThinned                               WARNING AthContainers/src/copyAuxStoreThinned.cxx:138: unlocked decoration UEcorr_Pt (955) in object of type xAOD::ElectronAuxContainer_v3
2026-02-12 18:32:46,158 copyAuxStoreThinned                               WARNING AthContainers/src/copyAuxStoreThinned.cxx:138: unlocked decoration UEcorr_Pt (955) in object of type xAOD::MuonAuxContainer_v5
2026-02-12 18:32:48,334 copyAuxStoreThinned                               WARNING AthContainers/src/copyAuxStoreThinned.cxx:138: unlocked decoration UEcorr_Pt (955) in object of type xAOD::ElectronAuxContainer_v3
2026-02-12 18:32:48,340 copyAuxStoreThinned                               WARNING AthContainers/src/copyAuxStoreThinned.cxx:138: unlocked decoration UEcorr_Pt (955) in object of type xAOD::MuonAuxContainer_v5
2026-02-12 18:32:50,010 copyAuxStoreThinned                               WARNING AthContainers/src/copyAuxStoreThinned.cxx:138: unlocked decoration UEcorr_Pt (955) in object of type xAOD::ElectronAuxContainer_v3
2026-02-12 18:32:50,014 copyAuxStoreThinned                               WARNING AthContainers/src/copyAuxStoreThinned.cxx:138: unlocked decoration UEcorr_Pt (955) in object of type xAOD::MuonAuxContainer_v5
2026-02-12 18:32:52,047 copyAuxStoreThinned                               WARNING AthContainers/src/copyAuxStoreThinned.cxx:138: unlocked decoration UEcorr_Pt (955) in object of type xAOD::ElectronAuxContainer_v3
2026-02-12 18:32:52,051 copyAuxStoreThinned                               WARNING AthContainers/src/copyAuxStoreThinned.cxx:138: unlocked decoration UEcorr_Pt (955) in object of type xAOD::MuonAuxContainer_v5
2026-02-12 18:32:53,562 copyAuxStoreThinned                               WARNING AthContainers/src/copyAuxStoreThinned.cxx:138: unlocked decoration UEcorr_Pt (955) in object of type xAOD::ElectronAuxContainer_v3
2026-02-12 18:32:55,733 copyAuxStoreThinned                               WARNING AthContainers/src/copyAuxStoreThinned.cxx:138: unlocked decoration UEcorr_Pt (955) in object of type xAOD::ElectronAuxContainer_v3
2026-02-12 18:32:55,737 copyAuxStoreThinned                               WARNING AthContainers/src/copyAuxStoreThinned.cxx:138: unlocked decoration UEcorr_Pt (955) in object of type xAOD::MuonAuxContainer_v5
2026-02-12 18:32:55,843 PerfMonMTSvc                                         INFO Event [  127] CPU Time: 00h03m03s, Wall Time: 00h04m00s, Vmem: 4.73 GB, Rss: 3.41 GB, Pss: 1.38 GB, Swap: 0.00 KB
2026-02-12 18:32:57,016 copyAuxStoreThinned                               WARNING AthContainers/src/copyAuxStoreThinned.cxx:138: unlocked decoration UEcorr_Pt (955) in object of type xAOD::ElectronAuxContainer_v3
2026-02-12 18:32:57,020 copyAuxStoreThinned                               WARNING AthContainers/src/copyAuxStoreThinned.cxx:138: unlocked decoration UEcorr_Pt (955) in object of type xAOD::MuonAuxContainer_v5
2026-02-12 18:32:58,946 copyAuxStoreThinned                               WARNING AthContainers/src/copyAuxStoreThinned.cxx:138: unlocked decoration UEcorr_Pt (955) in object of type xAOD::ElectronAuxContainer_v3
2026-02-12 18:32:58,950 copyAuxStoreThinned                               WARNING AthContainers/src/copyAuxStoreThinned.cxx:138: unlocked decoration UEcorr_Pt (955) in object of type xAOD::MuonAuxContainer_v5
2026-02-12 18:33:00,743 copyAuxStoreThinned                               WARNING AthContainers/src/copyAuxStoreThinned.cxx:138: unlocked decoration UEcorr_Pt (955) in object of type xAOD::ElectronAuxContainer_v3
2026-02-12 18:33:00,747 copyAuxStoreThinned                               WARNING AthContainers/src/copyAuxStoreThinned.cxx:138: unlocked decoration UEcorr_Pt (955) in object of type xAOD::MuonAuxContainer_v5
2026-02-12 18:33:02,283 copyAuxStoreThinned                               WARNING AthContainers/src/copyAuxStoreThinned.cxx:138: unlocked decoration UEcorr_Pt (955) in object of type xAOD::ElectronAuxContainer_v3
2026-02-12 18:33:02,290 copyAuxStoreThinned                               WARNING AthContainers/src/copyAuxStoreThinned.cxx:138: unlocked decoration UEcorr_Pt (955) in object of type xAOD::MuonAuxContainer_v5
2026-02-12 18:33:03,577 copyAuxStoreThinned                               WARNING AthContainers/src/copyAuxStoreThinned.cxx:138: unlocked decoration UEcorr_Pt (955) in object of type xAOD::ElectronAuxContainer_v3
2026-02-12 18:33:03,580 copyAuxStoreThinned                               WARNING AthContainers/src/copyAuxStoreThinned.cxx:138: unlocked decoration UEcorr_Pt (955) in object of type xAOD::MuonAuxContainer_v5
2026-02-12 18:33:04,650 copyAuxStoreThinned                               WARNING AthContainers/src/copyAuxStoreThinned.cxx:138: unlocked decoration UEcorr_Pt (955) in object of type xAOD::ElectronAuxContainer_v3
2026-02-12 18:33:04,654 copyAuxStoreThinned                               WARNING AthContainers/src/copyAuxStoreThinned.cxx:138: unlocked decoration UEcorr_Pt (955) in object of type xAOD::MuonAuxContainer_v5
2026-02-12 18:33:05,917 copyAuxStoreThinned                               WARNING AthContainers/src/copyAuxStoreThinned.cxx:138: unlocked decoration UEcorr_Pt (955) in object of type xAOD::ElectronAuxContainer_v3
2026-02-12 18:33:05,921 copyAuxStoreThinned                               WARNING AthContainers/src/copyAuxStoreThinned.cxx:138: unlocked decoration UEcorr_Pt (955) in object of type xAOD::MuonAuxContainer_v5
2026-02-12 18:33:07,045 copyAuxStoreThinned                               WARNING AthContainers/src/copyAuxStoreThinned.cxx:138: unlocked decoration UEcorr_Pt (955) in object of type xAOD::ElectronAuxContainer_v3
2026-02-12 18:33:07,048 copyAuxStoreThinned                               WARNING AthContainers/src/copyAuxStoreThinned.cxx:138: unlocked decoration UEcorr_Pt (955) in object of type xAOD::MuonAuxContainer_v5
2026-02-12 18:33:08,786 copyAuxStoreThinned                               WARNING AthContainers/src/copyAuxStoreThinned.cxx:138: unlocked decoration UEcorr_Pt (955) in object of type xAOD::ElectronAuxContainer_v3
2026-02-12 18:33:08,789 copyAuxStoreThinned                               WARNING AthContainers/src/copyAuxStoreThinned.cxx:138: unlocked decoration UEcorr_Pt (955) in object of type xAOD::MuonAuxContainer_v5
2026-02-12 18:33:10,431 copyAuxStoreThinned                               WARNING AthContainers/src/copyAuxStoreThinned.cxx:138: unlocked decoration UEcorr_Pt (955) in object of type xAOD::ElectronAuxContainer_v3
2026-02-12 18:33:10,435 copyAuxStoreThinned                               WARNING AthContainers/src/copyAuxStoreThinned.cxx:138: unlocked decoration UEcorr_Pt (955) in object of type xAOD::MuonAuxContainer_v5
2026-02-12 18:33:11,397 copyAuxStoreThinned                               WARNING AthContainers/src/copyAuxStoreThinned.cxx:138: unlocked decoration UEcorr_Pt (955) in object of type xAOD::ElectronAuxContainer_v3
2026-02-12 18:33:11,400 copyAuxStoreThinned                               WARNING AthContainers/src/copyAuxStoreThinned.cxx:138: unlocked decoration UEcorr_Pt (955) in object of type xAOD::MuonAuxContainer_v5
2026-02-12 18:33:12,604 copyAuxStoreThinned                               WARNING AthContainers/src/copyAuxStoreThinned.cxx:138: unlocked decoration UEcorr_Pt (955) in object of type xAOD::ElectronAuxContainer_v3
2026-02-12 18:33:12,608 copyAuxStoreThinned                               WARNING AthContainers/src/copyAuxStoreThinned.cxx:138: unlocked decoration UEcorr_Pt (955) in object of type xAOD::MuonAuxContainer_v5
2026-02-12 18:33:14,316 copyAuxStoreThinned                               WARNING AthContainers/src/copyAuxStoreThinned.cxx:138: unlocked decoration UEcorr_Pt (955) in object of type xAOD::ElectronAuxContainer_v3
2026-02-12 18:33:14,320 copyAuxStoreThinned                               WARNING AthContainers/src/copyAuxStoreThinned.cxx:138: unlocked decoration UEcorr_Pt (955) in object of type xAOD::MuonAuxContainer_v5
2026-02-12 18:33:15,508 copyAuxStoreThinned                               WARNING AthContainers/src/copyAuxStoreThinned.cxx:138: unlocked decoration UEcorr_Pt (955) in object of type xAOD::ElectronAuxContainer_v3
2026-02-12 18:33:15,512 copyAuxStoreThinned                               WARNING AthContainers/src/copyAuxStoreThinned.cxx:138: unlocked decoration UEcorr_Pt (955) in object of type xAOD::MuonAuxContainer_v5
2026-02-12 18:33:17,054 copyAuxStoreThinned                               WARNING AthContainers/src/copyAuxStoreThinned.cxx:138: unlocked decoration UEcorr_Pt (955) in object of type xAOD::ElectronAuxContainer_v3
2026-02-12 18:33:17,058 copyAuxStoreThinned                               WARNING AthContainers/src/copyAuxStoreThinned.cxx:138: unlocked decoration UEcorr_Pt (955) in object of type xAOD::MuonAuxContainer_v5
2026-02-12 18:33:18,614 copyAuxStoreThinned                               WARNING AthContainers/src/copyAuxStoreThinned.cxx:138: unlocked decoration UEcorr_Pt (955) in object of type xAOD::ElectronAuxContainer_v3
2026-02-12 18:33:18,618 copyAuxStoreThinned                               WARNING AthContainers/src/copyAuxStoreThinned.cxx:138: unlocked decoration UEcorr_Pt (955) in object of type xAOD::MuonAuxContainer_v5
2026-02-12 18:33:20,280 copyAuxStoreThinned                               WARNING AthContainers/src/copyAuxStoreThinned.cxx:138: unlocked decoration UEcorr_Pt (955) in object of type xAOD::ElectronAuxContainer_v3
2026-02-12 18:33:22,268 copyAuxStoreThinned                               WARNING AthContainers/src/copyAuxStoreThinned.cxx:138: unlocked decoration UEcorr_Pt (955) in object of type xAOD::ElectronAuxContainer_v3
2026-02-12 18:33:22,294 copyAuxStoreThinned                               WARNING AthContainers/src/copyAuxStoreThinned.cxx:138: unlocked decoration UEcorr_Pt (955) in object of type xAOD::MuonAuxContainer_v5
2026-02-12 18:33:24,052 copyAuxStoreThinned                               WARNING AthContainers/src/copyAuxStoreThinned.cxx:138: unlocked decoration UEcorr_Pt (955) in object of type xAOD::ElectronAuxContainer_v3
2026-02-12 18:33:24,056 copyAuxStoreThinned                               WARNING AthContainers/src/copyAuxStoreThinned.cxx:138: unlocked decoration UEcorr_Pt (955) in object of type xAOD::MuonAuxContainer_v5
2026-02-12 18:33:25,049 copyAuxStoreThinned                               WARNING AthContainers/src/copyAuxStoreThinned.cxx:138: unlocked decoration UEcorr_Pt (955) in object of type xAOD::ElectronAuxContainer_v3
2026-02-12 18:33:25,052 copyAuxStoreThinned                               WARNING AthContainers/src/copyAuxStoreThinned.cxx:138: unlocked decoration UEcorr_Pt (955) in object of type xAOD::MuonAuxContainer_v5
2026-02-12 18:33:26,456 copyAuxStoreThinned                               WARNING AthContainers/src/copyAuxStoreThinned.cxx:138: unlocked decoration UEcorr_Pt (955) in object of type xAOD::ElectronAuxContainer_v3
2026-02-12 18:33:26,460 copyAuxStoreThinned                               WARNING AthContainers/src/copyAuxStoreThinned.cxx:138: unlocked decoration UEcorr_Pt (955) in object of type xAOD::MuonAuxContainer_v5
2026-02-12 18:33:26,559 PerfMonMTSvc                                         INFO Event [  148] CPU Time: 00h03m33s, Wall Time: 00h04m31s, Vmem: 4.73 GB, Rss: 3.41 GB, Pss: 1.38 GB, Swap: 0.00 KB
2026-02-12 18:33:27,939 copyAuxStoreThinned                               WARNING AthContainers/src/copyAuxStoreThinned.cxx:138: unlocked decoration UEcorr_Pt (955) in object of type xAOD::ElectronAuxContainer_v3
2026-02-12 18:33:27,943 copyAuxStoreThinned                               WARNING AthContainers/src/copyAuxStoreThinned.cxx:138: unlocked decoration UEcorr_Pt (955) in object of type xAOD::MuonAuxContainer_v5
2026-02-12 18:33:29,232 copyAuxStoreThinned                               WARNING AthContainers/src/copyAuxStoreThinned.cxx:138: unlocked decoration UEcorr_Pt (955) in object of type xAOD::ElectronAuxContainer_v3
2026-02-12 18:33:29,236 copyAuxStoreThinned                               WARNING AthContainers/src/copyAuxStoreThinned.cxx:138: unlocked decoration UEcorr_Pt (955) in object of type xAOD::MuonAuxContainer_v5
2026-02-12 18:33:31,114 copyAuxStoreThinned                               WARNING AthContainers/src/copyAuxStoreThinned.cxx:138: unlocked decoration UEcorr_Pt (955) in object of type xAOD::ElectronAuxContainer_v3
2026-02-12 18:33:31,120 copyAuxStoreThinned                               WARNING AthContainers/src/copyAuxStoreThinned.cxx:138: unlocked decoration UEcorr_Pt (955) in object of type xAOD::MuonAuxContainer_v5
2026-02-12 18:33:32,541 copyAuxStoreThinned                               WARNING AthContainers/src/copyAuxStoreThinned.cxx:138: unlocked decoration UEcorr_Pt (955) in object of type xAOD::ElectronAuxContainer_v3
2026-02-12 18:33:32,544 copyAuxStoreThinned                               WARNING AthContainers/src/copyAuxStoreThinned.cxx:138: unlocked decoration UEcorr_Pt (955) in object of type xAOD::MuonAuxContainer_v5
2026-02-12 18:33:33,863 copyAuxStoreThinned                               WARNING AthContainers/src/copyAuxStoreThinned.cxx:138: unlocked decoration UEcorr_Pt (955) in object of type xAOD::ElectronAuxContainer_v3
2026-02-12 18:33:33,867 copyAuxStoreThinned                               WARNING AthContainers/src/copyAuxStoreThinned.cxx:138: unlocked decoration UEcorr_Pt (955) in object of type xAOD::MuonAuxContainer_v5
2026-02-12 18:33:34,852 copyAuxStoreThinned                               WARNING AthContainers/src/copyAuxStoreThinned.cxx:138: unlocked decoration UEcorr_Pt (955) in object of type xAOD::ElectronAuxContainer_v3
2026-02-12 18:33:34,856 copyAuxStoreThinned                               WARNING AthContainers/src/copyAuxStoreThinned.cxx:138: unlocked decoration UEcorr_Pt (955) in object of type xAOD::MuonAuxContainer_v5
2026-02-12 18:33:36,260 copyAuxStoreThinned                               WARNING AthContainers/src/copyAuxStoreThinned.cxx:138: unlocked decoration UEcorr_Pt (955) in object of type xAOD::ElectronAuxContainer_v3
2026-02-12 18:33:36,263 copyAuxStoreThinned                               WARNING AthContainers/src/copyAuxStoreThinned.cxx:138: unlocked decoration UEcorr_Pt (955) in object of type xAOD::MuonAuxContainer_v5
2026-02-12 18:33:37,939 copyAuxStoreThinned                               WARNING AthContainers/src/copyAuxStoreThinned.cxx:138: unlocked decoration UEcorr_Pt (955) in object of type xAOD::ElectronAuxContainer_v3
2026-02-12 18:33:37,942 copyAuxStoreThinned                               WARNING AthContainers/src/copyAuxStoreThinned.cxx:138: unlocked decoration UEcorr_Pt (955) in object of type xAOD::MuonAuxContainer_v5
2026-02-12 18:33:39,471 copyAuxStoreThinned                               WARNING AthContainers/src/copyAuxStoreThinned.cxx:138: unlocked decoration UEcorr_Pt (955) in object of type xAOD::ElectronAuxContainer_v3
2026-02-12 18:33:39,474 copyAuxStoreThinned                               WARNING AthContainers/src/copyAuxStoreThinned.cxx:138: unlocked decoration UEcorr_Pt (955) in object of type xAOD::MuonAuxContainer_v5
2026-02-12 18:33:40,863 copyAuxStoreThinned                               WARNING AthContainers/src/copyAuxStoreThinned.cxx:138: unlocked decoration UEcorr_Pt (955) in object of type xAOD::ElectronAuxContainer_v3
2026-02-12 18:33:40,867 copyAuxStoreThinned                               WARNING AthContainers/src/copyAuxStoreThinned.cxx:138: unlocked decoration UEcorr_Pt (955) in object of type xAOD::MuonAuxContainer_v5
2026-02-12 18:33:42,189 copyAuxStoreThinned                               WARNING AthContainers/src/copyAuxStoreThinned.cxx:138: unlocked decoration UEcorr_Pt (955) in object of type xAOD::ElectronAuxContainer_v3
2026-02-12 18:33:42,192 copyAuxStoreThinned                               WARNING AthContainers/src/copyAuxStoreThinned.cxx:138: unlocked decoration UEcorr_Pt (955) in object of type xAOD::MuonAuxContainer_v5
2026-02-12 18:33:43,677 copyAuxStoreThinned                               WARNING AthContainers/src/copyAuxStoreThinned.cxx:138: unlocked decoration UEcorr_Pt (955) in object of type xAOD::ElectronAuxContainer_v3
2026-02-12 18:33:43,681 copyAuxStoreThinned                               WARNING AthContainers/src/copyAuxStoreThinned.cxx:138: unlocked decoration UEcorr_Pt (955) in object of type xAOD::MuonAuxContainer_v5
2026-02-12 18:33:44,788 copyAuxStoreThinned                               WARNING AthContainers/src/copyAuxStoreThinned.cxx:138: unlocked decoration UEcorr_Pt (955) in object of type xAOD::ElectronAuxContainer_v3
2026-02-12 18:33:44,791 copyAuxStoreThinned                               WARNING AthContainers/src/copyAuxStoreThinned.cxx:138: unlocked decoration UEcorr_Pt (955) in object of type xAOD::MuonAuxContainer_v5
2026-02-12 18:33:48,380 copyAuxStoreThinned                               WARNING AthContainers/src/copyAuxStoreThinned.cxx:138: unlocked decoration UEcorr_Pt (955) in object of type xAOD::ElectronAuxContainer_v3
2026-02-12 18:33:48,385 copyAuxStoreThinned                               WARNING AthContainers/src/copyAuxStoreThinned.cxx:138: unlocked decoration UEcorr_Pt (955) in object of type xAOD::MuonAuxContainer_v5
2026-02-12 18:33:49,871 copyAuxStoreThinned                               WARNING AthContainers/src/copyAuxStoreThinned.cxx:138: unlocked decoration UEcorr_Pt (955) in object of type xAOD::ElectronAuxContainer_v3
2026-02-12 18:33:49,891 copyAuxStoreThinned                               WARNING AthContainers/src/copyAuxStoreThinned.cxx:138: unlocked decoration UEcorr_Pt (955) in object of type xAOD::MuonAuxContainer_v5
2026-02-12 18:33:51,514 copyAuxStoreThinned                               WARNING AthContainers/src/copyAuxStoreThinned.cxx:138: unlocked decoration UEcorr_Pt (955) in object of type xAOD::ElectronAuxContainer_v3
2026-02-12 18:33:52,768 copyAuxStoreThinned                               WARNING AthContainers/src/copyAuxStoreThinned.cxx:138: unlocked decoration UEcorr_Pt (955) in object of type xAOD::ElectronAuxContainer_v3
2026-02-12 18:33:52,772 copyAuxStoreThinned                               WARNING AthContainers/src/copyAuxStoreThinned.cxx:138: unlocked decoration UEcorr_Pt (955) in object of type xAOD::MuonAuxContainer_v5
2026-02-12 18:33:53,796 copyAuxStoreThinned                               WARNING AthContainers/src/copyAuxStoreThinned.cxx:138: unlocked decoration UEcorr_Pt (955) in object of type xAOD::ElectronAuxContainer_v3
2026-02-12 18:33:53,800 copyAuxStoreThinned                               WARNING AthContainers/src/copyAuxStoreThinned.cxx:138: unlocked decoration UEcorr_Pt (955) in object of type xAOD::MuonAuxContainer_v5
2026-02-12 18:33:55,541 copyAuxStoreThinned                               WARNING AthContainers/src/copyAuxStoreThinned.cxx:138: unlocked decoration UEcorr_Pt (955) in object of type xAOD::ElectronAuxContainer_v3
2026-02-12 18:33:55,560 copyAuxStoreThinned                               WARNING AthContainers/src/copyAuxStoreThinned.cxx:138: unlocked decoration UEcorr_Pt (955) in object of type xAOD::MuonAuxContainer_v5
2026-02-12 18:33:56,798 copyAuxStoreThinned                               WARNING AthContainers/src/copyAuxStoreThinned.cxx:138: unlocked decoration UEcorr_Pt (955) in object of type xAOD::ElectronAuxContainer_v3
2026-02-12 18:33:56,802 copyAuxStoreThinned                               WARNING AthContainers/src/copyAuxStoreThinned.cxx:138: unlocked decoration UEcorr_Pt (955) in object of type xAOD::MuonAuxContainer_v5
2026-02-12 18:33:56,905 PerfMonMTSvc                                         INFO Event [  168] CPU Time: 00h04m03s, Wall Time: 00h05m01s, Vmem: 4.73 GB, Rss: 3.41 GB, Pss: 1.38 GB, Swap: 0.00 KB
2026-02-12 18:33:57,908 copyAuxStoreThinned                               WARNING AthContainers/src/copyAuxStoreThinned.cxx:138: unlocked decoration UEcorr_Pt (955) in object of type xAOD::ElectronAuxContainer_v3
2026-02-12 18:33:57,911 copyAuxStoreThinned                               WARNING AthContainers/src/copyAuxStoreThinned.cxx:138: unlocked decoration UEcorr_Pt (955) in object of type xAOD::MuonAuxContainer_v5
2026-02-12 18:33:59,406 copyAuxStoreThinned                               WARNING AthContainers/src/copyAuxStoreThinned.cxx:138: unlocked decoration UEcorr_Pt (955) in object of type xAOD::ElectronAuxContainer_v3
2026-02-12 18:33:59,410 copyAuxStoreThinned                               WARNING AthContainers/src/copyAuxStoreThinned.cxx:138: unlocked decoration UEcorr_Pt (955) in object of type xAOD::MuonAuxContainer_v5
2026-02-12 18:34:00,910 copyAuxStoreThinned                               WARNING AthContainers/src/copyAuxStoreThinned.cxx:138: unlocked decoration UEcorr_Pt (955) in object of type xAOD::ElectronAuxContainer_v3
2026-02-12 18:34:00,914 copyAuxStoreThinned                               WARNING AthContainers/src/copyAuxStoreThinned.cxx:138: unlocked decoration UEcorr_Pt (955) in object of type xAOD::MuonAuxContainer_v5
2026-02-12 18:34:02,247 copyAuxStoreThinned                               WARNING AthContainers/src/copyAuxStoreThinned.cxx:138: unlocked decoration UEcorr_Pt (955) in object of type xAOD::ElectronAuxContainer_v3
2026-02-12 18:34:02,251 copyAuxStoreThinned                               WARNING AthContainers/src/copyAuxStoreThinned.cxx:138: unlocked decoration UEcorr_Pt (955) in object of type xAOD::MuonAuxContainer_v5
2026-02-12 18:34:03,754 copyAuxStoreThinned                               WARNING AthContainers/src/copyAuxStoreThinned.cxx:138: unlocked decoration UEcorr_Pt (955) in object of type xAOD::ElectronAuxContainer_v3
2026-02-12 18:34:03,758 copyAuxStoreThinned                               WARNING AthContainers/src/copyAuxStoreThinned.cxx:138: unlocked decoration UEcorr_Pt (955) in object of type xAOD::MuonAuxContainer_v5
2026-02-12 18:34:05,005 copyAuxStoreThinned                               WARNING AthContainers/src/copyAuxStoreThinned.cxx:138: unlocked decoration UEcorr_Pt (955) in object of type xAOD::ElectronAuxContainer_v3
2026-02-12 18:34:05,808 copyAuxStoreThinned                               WARNING AthContainers/src/copyAuxStoreThinned.cxx:138: unlocked decoration UEcorr_Pt (955) in object of type xAOD::ElectronAuxContainer_v3
2026-02-12 18:34:05,812 copyAuxStoreThinned                               WARNING AthContainers/src/copyAuxStoreThinned.cxx:138: unlocked decoration UEcorr_Pt (955) in object of type xAOD::MuonAuxContainer_v5
2026-02-12 18:34:07,184 copyAuxStoreThinned                               WARNING AthContainers/src/copyAuxStoreThinned.cxx:138: unlocked decoration UEcorr_Pt (955) in object of type xAOD::ElectronAuxContainer_v3
2026-02-12 18:34:07,188 copyAuxStoreThinned                               WARNING AthContainers/src/copyAuxStoreThinned.cxx:138: unlocked decoration UEcorr_Pt (955) in object of type xAOD::MuonAuxContainer_v5
2026-02-12 18:34:08,978 copyAuxStoreThinned                               WARNING AthContainers/src/copyAuxStoreThinned.cxx:138: unlocked decoration UEcorr_Pt (955) in object of type xAOD::ElectronAuxContainer_v3
2026-02-12 18:34:08,981 copyAuxStoreThinned                               WARNING AthContainers/src/copyAuxStoreThinned.cxx:138: unlocked decoration UEcorr_Pt (955) in object of type xAOD::MuonAuxContainer_v5
2026-02-12 18:34:10,763 copyAuxStoreThinned                               WARNING AthContainers/src/copyAuxStoreThinned.cxx:138: unlocked decoration UEcorr_Pt (955) in object of type xAOD::ElectronAuxContainer_v3
2026-02-12 18:34:10,767 copyAuxStoreThinned                               WARNING AthContainers/src/copyAuxStoreThinned.cxx:138: unlocked decoration UEcorr_Pt (955) in object of type xAOD::MuonAuxContainer_v5
2026-02-12 18:34:12,080 copyAuxStoreThinned                               WARNING AthContainers/src/copyAuxStoreThinned.cxx:138: unlocked decoration UEcorr_Pt (955) in object of type xAOD::ElectronAuxContainer_v3
2026-02-12 18:34:12,093 copyAuxStoreThinned                               WARNING AthContainers/src/copyAuxStoreThinned.cxx:138: unlocked decoration UEcorr_Pt (955) in object of type xAOD::MuonAuxContainer_v5
2026-02-12 18:34:13,039 copyAuxStoreThinned                               WARNING AthContainers/src/copyAuxStoreThinned.cxx:138: unlocked decoration UEcorr_Pt (955) in object of type xAOD::ElectronAuxContainer_v3
2026-02-12 18:34:13,043 copyAuxStoreThinned                               WARNING AthContainers/src/copyAuxStoreThinned.cxx:138: unlocked decoration UEcorr_Pt (955) in object of type xAOD::MuonAuxContainer_v5
2026-02-12 18:34:14,469 copyAuxStoreThinned                               WARNING AthContainers/src/copyAuxStoreThinned.cxx:138: unlocked decoration UEcorr_Pt (955) in object of type xAOD::ElectronAuxContainer_v3
2026-02-12 18:34:14,473 copyAuxStoreThinned                               WARNING AthContainers/src/copyAuxStoreThinned.cxx:138: unlocked decoration UEcorr_Pt (955) in object of type xAOD::MuonAuxContainer_v5
2026-02-12 18:34:16,006 copyAuxStoreThinned                               WARNING AthContainers/src/copyAuxStoreThinned.cxx:138: unlocked decoration UEcorr_Pt (955) in object of type xAOD::ElectronAuxContainer_v3
2026-02-12 18:34:16,010 copyAuxStoreThinned                               WARNING AthContainers/src/copyAuxStoreThinned.cxx:138: unlocked decoration UEcorr_Pt (955) in object of type xAOD::MuonAuxContainer_v5
2026-02-12 18:34:17,897 copyAuxStoreThinned                               WARNING AthContainers/src/copyAuxStoreThinned.cxx:138: unlocked decoration UEcorr_Pt (955) in object of type xAOD::ElectronAuxContainer_v3
2026-02-12 18:34:17,901 copyAuxStoreThinned                               WARNING AthContainers/src/copyAuxStoreThinned.cxx:138: unlocked decoration UEcorr_Pt (955) in object of type xAOD::MuonAuxContainer_v5
2026-02-12 18:34:19,072 copyAuxStoreThinned                               WARNING AthContainers/src/copyAuxStoreThinned.cxx:138: unlocked decoration UEcorr_Pt (955) in object of type xAOD::ElectronAuxContainer_v3
2026-02-12 18:34:19,075 copyAuxStoreThinned                               WARNING AthContainers/src/copyAuxStoreThinned.cxx:138: unlocked decoration UEcorr_Pt (955) in object of type xAOD::MuonAuxContainer_v5
2026-02-12 18:34:20,195 copyAuxStoreThinned                               WARNING AthContainers/src/copyAuxStoreThinned.cxx:138: unlocked decoration UEcorr_Pt (955) in object of type xAOD::ElectronAuxContainer_v3
2026-02-12 18:34:20,199 copyAuxStoreThinned                               WARNING AthContainers/src/copyAuxStoreThinned.cxx:138: unlocked decoration UEcorr_Pt (955) in object of type xAOD::MuonAuxContainer_v5
2026-02-12 18:34:21,233 copyAuxStoreThinned                               WARNING AthContainers/src/copyAuxStoreThinned.cxx:138: unlocked decoration UEcorr_Pt (955) in object of type xAOD::ElectronAuxContainer_v3
2026-02-12 18:34:21,237 copyAuxStoreThinned                               WARNING AthContainers/src/copyAuxStoreThinned.cxx:138: unlocked decoration UEcorr_Pt (955) in object of type xAOD::MuonAuxContainer_v5
2026-02-12 18:34:22,566 copyAuxStoreThinned                               WARNING AthContainers/src/copyAuxStoreThinned.cxx:138: unlocked decoration UEcorr_Pt (955) in object of type xAOD::ElectronAuxContainer_v3
2026-02-12 18:34:22,569 copyAuxStoreThinned                               WARNING AthContainers/src/copyAuxStoreThinned.cxx:138: unlocked decoration UEcorr_Pt (955) in object of type xAOD::MuonAuxContainer_v5
2026-02-12 18:34:23,633 copyAuxStoreThinned                               WARNING AthContainers/src/copyAuxStoreThinned.cxx:138: unlocked decoration UEcorr_Pt (955) in object of type xAOD::ElectronAuxContainer_v3
2026-02-12 18:34:23,637 copyAuxStoreThinned                               WARNING AthContainers/src/copyAuxStoreThinned.cxx:138: unlocked decoration UEcorr_Pt (955) in object of type xAOD::MuonAuxContainer_v5
2026-02-12 18:34:25,000 copyAuxStoreThinned                               WARNING AthContainers/src/copyAuxStoreThinned.cxx:138: unlocked decoration UEcorr_Pt (955) in object of type xAOD::ElectronAuxContainer_v3
2026-02-12 18:34:25,004 copyAuxStoreThinned                               WARNING AthContainers/src/copyAuxStoreThinned.cxx:138: unlocked decoration UEcorr_Pt (955) in object of type xAOD::MuonAuxContainer_v5
2026-02-12 18:34:26,695 copyAuxStoreThinned                               WARNING AthContainers/src/copyAuxStoreThinned.cxx:138: unlocked decoration UEcorr_Pt (955) in object of type xAOD::ElectronAuxContainer_v3
2026-02-12 18:34:26,699 copyAuxStoreThinned                               WARNING AthContainers/src/copyAuxStoreThinned.cxx:138: unlocked decoration UEcorr_Pt (955) in object of type xAOD::MuonAuxContainer_v5
WARNING from FastJet: ClusterSequenceAreaBase::get_median_rho_and_sigma(...): the estimated empty area is suspiciously large and negative and may lead to an over-estimation of rho. This may be due to (i) a rare statistical fluctuation or (ii) too small a range used to estimate the background properties.
2026-02-12 18:34:27,975 copyAuxStoreThinned                               WARNING AthContainers/src/copyAuxStoreThinned.cxx:138: unlocked decoration UEcorr_Pt (955) in object of type xAOD::ElectronAuxContainer_v3
2026-02-12 18:34:27,980 copyAuxStoreThinned                               WARNING AthContainers/src/copyAuxStoreThinned.cxx:138: unlocked decoration UEcorr_Pt (955) in object of type xAOD::MuonAuxContainer_v5
2026-02-12 18:34:28,082 PerfMonMTSvc                                         INFO Event [  191] CPU Time: 00h04m34s, Wall Time: 00h05m33s, Vmem: 4.73 GB, Rss: 3.41 GB, Pss: 1.38 GB, Swap: 0.00 KB
2026-02-12 18:34:29,609 copyAuxStoreThinned                               WARNING AthContainers/src/copyAuxStoreThinned.cxx:138: unlocked decoration UEcorr_Pt (955) in object of type xAOD::ElectronAuxContainer_v3
2026-02-12 18:34:29,614 copyAuxStoreThinned                               WARNING AthContainers/src/copyAuxStoreThinned.cxx:138: unlocked decoration UEcorr_Pt (955) in object of type xAOD::MuonAuxContainer_v5
2026-02-12 18:34:30,863 copyAuxStoreThinned                               WARNING AthContainers/src/copyAuxStoreThinned.cxx:138: unlocked decoration UEcorr_Pt (955) in object of type xAOD::ElectronAuxContainer_v3
2026-02-12 18:34:30,867 copyAuxStoreThinned                               WARNING AthContainers/src/copyAuxStoreThinned.cxx:138: unlocked decoration UEcorr_Pt (955) in object of type xAOD::MuonAuxContainer_v5
2026-02-12 18:34:32,018 copyAuxStoreThinned                               WARNING AthContainers/src/copyAuxStoreThinned.cxx:138: unlocked decoration UEcorr_Pt (955) in object of type xAOD::ElectronAuxContainer_v3
2026-02-12 18:34:32,022 copyAuxStoreThinned                               WARNING AthContainers/src/copyAuxStoreThinned.cxx:138: unlocked decoration UEcorr_Pt (955) in object of type xAOD::MuonAuxContainer_v5
2026-02-12 18:34:33,434 copyAuxStoreThinned                               WARNING AthContainers/src/copyAuxStoreThinned.cxx:138: unlocked decoration UEcorr_Pt (955) in object of type xAOD::ElectronAuxContainer_v3
2026-02-12 18:34:33,438 copyAuxStoreThinned                               WARNING AthContainers/src/copyAuxStoreThinned.cxx:138: unlocked decoration UEcorr_Pt (955) in object of type xAOD::MuonAuxContainer_v5
2026-02-12 18:34:34,958 copyAuxStoreThinned                               WARNING AthContainers/src/copyAuxStoreThinned.cxx:138: unlocked decoration UEcorr_Pt (955) in object of type xAOD::ElectronAuxContainer_v3
2026-02-12 18:34:36,451 copyAuxStoreThinned                               WARNING AthContainers/src/copyAuxStoreThinned.cxx:138: unlocked decoration UEcorr_Pt (955) in object of type xAOD::ElectronAuxContainer_v3
2026-02-12 18:34:36,456 copyAuxStoreThinned                               WARNING AthContainers/src/copyAuxStoreThinned.cxx:138: unlocked decoration UEcorr_Pt (955) in object of type xAOD::MuonAuxContainer_v5
2026-02-12 18:34:37,869 copyAuxStoreThinned                               WARNING AthContainers/src/copyAuxStoreThinned.cxx:138: unlocked decoration UEcorr_Pt (955) in object of type xAOD::ElectronAuxContainer_v3
2026-02-12 18:34:37,874 copyAuxStoreThinned                               WARNING AthContainers/src/copyAuxStoreThinned.cxx:138: unlocked decoration UEcorr_Pt (955) in object of type xAOD::MuonAuxContainer_v5
2026-02-12 18:34:39,081 copyAuxStoreThinned                               WARNING AthContainers/src/copyAuxStoreThinned.cxx:138: unlocked decoration UEcorr_Pt (955) in object of type xAOD::ElectronAuxContainer_v3
2026-02-12 18:34:39,085 copyAuxStoreThinned                               WARNING AthContainers/src/copyAuxStoreThinned.cxx:138: unlocked decoration UEcorr_Pt (955) in object of type xAOD::MuonAuxContainer_v5
2026-02-12 18:34:41,111 copyAuxStoreThinned                               WARNING AthContainers/src/copyAuxStoreThinned.cxx:138: unlocked decoration UEcorr_Pt (955) in object of type xAOD::ElectronAuxContainer_v3
2026-02-12 18:34:41,117 copyAuxStoreThinned                               WARNING AthContainers/src/copyAuxStoreThinned.cxx:138: unlocked decoration UEcorr_Pt (955) in object of type xAOD::MuonAuxContainer_v5
2026-02-12 18:34:42,041 copyAuxStoreThinned                               WARNING AthContainers/src/copyAuxStoreThinned.cxx:138: unlocked decoration UEcorr_Pt (955) in object of type xAOD::ElectronAuxContainer_v3
2026-02-12 18:34:42,045 copyAuxStoreThinned                               WARNING AthContainers/src/copyAuxStoreThinned.cxx:138: unlocked decoration UEcorr_Pt (955) in object of type xAOD::MuonAuxContainer_v5
2026-02-12 18:34:42,174 AthMpEvtLoopMgr.SharedEvtQueueConsumer               INFO Fin function in the AthenaMP worker PID=1488787
2026-02-12 18:34:42,188 ToolSvc.BookkeeperTool                               INFO Successfully copied CutBookkeepers to the output MetaDataStore
2026-02-12 18:34:42,237 /eos/home-b/bkamgama/draft/Run_sleep_10000/...root   INFO Database being retired...
2026-02-12 18:34:42,259 /eos/home-b/bkamgama/draft/Run_sleep_10000/...root   INFO ->  Deaccess DbDatabase   READ      [ROOT_All] DDA2F11F-D15D-C648-85F4-1887AA43EA0B
2026-02-12 18:34:42,259 AthenaPoolSharedIOCnvSvc.OutputStreamingTool         INFO in stop()
2026-02-12 18:34:42,260 AthenaPoolSharedIOCnvSvc.OutputStreamingTool         INFO Client stop() inform Server: 1
2026-02-12 18:34:42,290 ApplicationMgr                                       INFO Application Manager Stopped successfully
2026-02-12 18:34:42,389 CondInputLoader                                      INFO Finalizing CondInputLoader...
2026-02-12 18:34:42,390 MCTruthClassificationKernel                          INFO ============================================================================
2026-02-12 18:34:42,390 MCTruthClassificationKernel                          INFO  The following CP tools were called by MCTruthClassificationKernel for the whole train:
2026-02-12 18:34:42,390 MCTruthClassificationKernel                          INFO ToolSvc.DFCommonTruthClassificationTool
2026-02-12 18:34:42,390 MCTruthClassificationKernel                          INFO ============================================================================
2026-02-12 18:34:42,390 PhysCommonTruthCharmKernel                           INFO ============================================================================
2026-02-12 18:34:42,390 PhysCommonTruthCharmKernel                           INFO  The following CP tools were called by PhysCommonTruthCharmKernel for the whole train:
2026-02-12 18:34:42,390 PhysCommonTruthCharmKernel                           INFO ToolSvc.PhysCommonTruthCharmTool
2026-02-12 18:34:42,390 PhysCommonTruthCharmKernel                           INFO ============================================================================
2026-02-12 18:34:42,390 MCTruthCommonHFAndDecaysKernel                       INFO ============================================================================
2026-02-12 18:34:42,390 MCTruthCommonHFAndDecaysKernel                       INFO  The following CP tools were called by MCTruthCommonHFAndDecaysKernel for the whole train:
2026-02-12 18:34:42,391 MCTruthCommonHFAndDecaysKernel                       INFO ToolSvc.DFCommonHFAndDecaysTool
2026-02-12 18:34:42,391 MCTruthCommonHFAndDecaysKernel                       INFO ============================================================================
2026-02-12 18:34:42,391 DFCommonTruthMetaDataWriterKernel                    INFO ============================================================================
2026-02-12 18:34:42,391 DFCommonTruthMetaDataWriterKernel                    INFO  The following CP tools were called by DFCommonTruthMetaDataWriterKernel for the whole train:
2026-02-12 18:34:42,391 DFCommonTruthMetaDataWriterKernel                    INFO ToolSvc.DFCommonTruthMetaDataWriter
2026-02-12 18:34:42,391 DFCommonTruthMetaDataWriterKernel                    INFO ============================================================================
2026-02-12 18:34:42,391 MCTruthCommonPreJetKernelNo1                         INFO ============================================================================
2026-02-12 18:34:42,391 MCTruthCommonPreJetKernelNo1                         INFO  The following CP tools were called by MCTruthCommonPreJetKernelNo1 for the whole train:
2026-02-12 18:34:42,391 MCTruthCommonPreJetKernelNo1                         INFO ToolSvc.DFCommonTruthMuonTool
2026-02-12 18:34:42,391 MCTruthCommonPreJetKernelNo1                         INFO ============================================================================
2026-02-12 18:34:42,391 MCTruthCommonPreJetKernelNo2                         INFO ============================================================================
2026-02-12 18:34:42,391 MCTruthCommonPreJetKernelNo2                         INFO  The following CP tools were called by MCTruthCommonPreJetKernelNo2 for the whole train:
2026-02-12 18:34:42,391 MCTruthCommonPreJetKernelNo2                         INFO ToolSvc.DFCommonTruthElectronTool
2026-02-12 18:34:42,391 MCTruthCommonPreJetKernelNo2                         INFO ============================================================================
2026-02-12 18:34:42,391 MCTruthCommonPreJetKernelNo3                         INFO ============================================================================
2026-02-12 18:34:42,391 MCTruthCommonPreJetKernelNo3                         INFO  The following CP tools were called by MCTruthCommonPreJetKernelNo3 for the whole train:
2026-02-12 18:34:42,392 MCTruthCommonPreJetKernelNo3                         INFO ToolSvc.DFCommonTruthPhotonToolSim
2026-02-12 18:34:42,392 MCTruthCommonPreJetKernelNo3                         INFO ============================================================================
2026-02-12 18:34:42,392 MCTruthCommonPreJetKernelNo4                         INFO ============================================================================
2026-02-12 18:34:42,392 MCTruthCommonPreJetKernelNo4                         INFO  The following CP tools were called by MCTruthCommonPreJetKernelNo4 for the whole train:
2026-02-12 18:34:42,392 MCTruthCommonPreJetKernelNo4                         INFO ToolSvc.DFCommonTruthNeutrinoTool
2026-02-12 18:34:42,392 MCTruthCommonPreJetKernelNo4                         INFO ============================================================================
2026-02-12 18:34:42,392 MCTruthCommonPreJetKernelNo5                         INFO ============================================================================
2026-02-12 18:34:42,392 MCTruthCommonPreJetKernelNo5                         INFO  The following CP tools were called by MCTruthCommonPreJetKernelNo5 for the whole train:
2026-02-12 18:34:42,392 MCTruthCommonPreJetKernelNo5                         INFO ToolSvc.DFCommonTruthBottomTool
2026-02-12 18:34:42,392 MCTruthCommonPreJetKernelNo5                         INFO ============================================================================
2026-02-12 18:34:42,392 MCTruthCommonPreJetKernelNo6                         INFO ============================================================================
2026-02-12 18:34:42,392 MCTruthCommonPreJetKernelNo6                         INFO  The following CP tools were called by MCTruthCommonPreJetKernelNo6 for the whole train:
2026-02-12 18:34:42,392 MCTruthCommonPreJetKernelNo6                         INFO ToolSvc.DFCommonTruthTopTool
2026-02-12 18:34:42,392 MCTruthCommonPreJetKernelNo6                         INFO ============================================================================
2026-02-12 18:34:42,392 MCTruthCommonPreJetKernelNo7                         INFO ============================================================================
2026-02-12 18:34:42,392 MCTruthCommonPreJetKernelNo7                         INFO  The following CP tools were called by MCTruthCommonPreJetKernelNo7 for the whole train:
2026-02-12 18:34:42,392 MCTruthCommonPreJetKernelNo7                         INFO ToolSvc.DFCommonTruthBosonTool
2026-02-12 18:34:42,393 MCTruthCommonPreJetKernelNo7                         INFO ============================================================================
2026-02-12 18:34:42,393 MCTruthCommonPreJetKernelNo8                         INFO ============================================================================
2026-02-12 18:34:42,393 MCTruthCommonPreJetKernelNo8                         INFO  The following CP tools were called by MCTruthCommonPreJetKernelNo8 for the whole train:
2026-02-12 18:34:42,393 MCTruthCommonPreJetKernelNo8                         INFO ToolSvc.DFCommonTruthBSMTool
2026-02-12 18:34:42,393 MCTruthCommonPreJetKernelNo8                         INFO ============================================================================
2026-02-12 18:34:42,393 MCTruthCommonPreJetKernelNo9                         INFO ============================================================================
2026-02-12 18:34:42,393 MCTruthCommonPreJetKernelNo9                         INFO  The following CP tools were called by MCTruthCommonPreJetKernelNo9 for the whole train:
2026-02-12 18:34:42,393 MCTruthCommonPreJetKernelNo9                         INFO ToolSvc.DFCommonTruthElectronIsolationTool1
2026-02-12 18:34:42,393 MCTruthCommonPreJetKernelNo9                         INFO ============================================================================
2026-02-12 18:34:42,393 MCTruthCommonPreJetKernelNo10                        INFO ============================================================================
2026-02-12 18:34:42,393 MCTruthCommonPreJetKernelNo10                        INFO  The following CP tools were called by MCTruthCommonPreJetKernelNo10 for the whole train:
2026-02-12 18:34:42,393 MCTruthCommonPreJetKernelNo10                        INFO ToolSvc.DFCommonTruthElectronIsolationTool2
2026-02-12 18:34:42,393 MCTruthCommonPreJetKernelNo10                        INFO ============================================================================
2026-02-12 18:34:42,393 MCTruthCommonPreJetKernelNo11                        INFO ============================================================================
2026-02-12 18:34:42,393 MCTruthCommonPreJetKernelNo11                        INFO  The following CP tools were called by MCTruthCommonPreJetKernelNo11 for the whole train:
2026-02-12 18:34:42,393 MCTruthCommonPreJetKernelNo11                        INFO ToolSvc.DFCommonTruthMuonIsolationTool1
2026-02-12 18:34:42,393 MCTruthCommonPreJetKernelNo11                        INFO ============================================================================
2026-02-12 18:34:42,394 MCTruthCommonPreJetKernelNo12                        INFO ============================================================================
2026-02-12 18:34:42,394 MCTruthCommonPreJetKernelNo12                        INFO  The following CP tools were called by MCTruthCommonPreJetKernelNo12 for the whole train:
2026-02-12 18:34:42,394 MCTruthCommonPreJetKernelNo12                        INFO ToolSvc.DFCommonTruthMuonIsolationTool2
2026-02-12 18:34:42,394 MCTruthCommonPreJetKernelNo12                        INFO ============================================================================
2026-02-12 18:34:42,394 MCTruthCommonPreJetKernelNo13                        INFO ============================================================================
2026-02-12 18:34:42,394 MCTruthCommonPreJetKernelNo13                        INFO  The following CP tools were called by MCTruthCommonPreJetKernelNo13 for the whole train:
2026-02-12 18:34:42,394 MCTruthCommonPreJetKernelNo13                        INFO ToolSvc.DFCommonTruthPhotonIsolationTool1
2026-02-12 18:34:42,394 MCTruthCommonPreJetKernelNo13                        INFO ============================================================================
2026-02-12 18:34:42,394 MCTruthCommonPreJetKernelNo14                        INFO ============================================================================
2026-02-12 18:34:42,394 MCTruthCommonPreJetKernelNo14                        INFO  The following CP tools were called by MCTruthCommonPreJetKernelNo14 for the whole train:
2026-02-12 18:34:42,394 MCTruthCommonPreJetKernelNo14                        INFO ToolSvc.DFCommonTruthPhotonIsolationTool2
2026-02-12 18:34:42,394 MCTruthCommonPreJetKernelNo14                        INFO ============================================================================
2026-02-12 18:34:42,394 MCTruthCommonPreJetKernelNo15                        INFO ============================================================================
2026-02-12 18:34:42,394 MCTruthCommonPreJetKernelNo15                        INFO  The following CP tools were called by MCTruthCommonPreJetKernelNo15 for the whole train:
2026-02-12 18:34:42,394 MCTruthCommonPreJetKernelNo15                        INFO ToolSvc.DFCommonTruthPhotonIsolationTool3
2026-02-12 18:34:42,394 MCTruthCommonPreJetKernelNo15                        INFO ============================================================================
2026-02-12 18:34:42,394 MCTruthCommonPreJetKernelNo16                        INFO ============================================================================
2026-02-12 18:34:42,395 MCTruthCommonPreJetKernelNo16                        INFO  The following CP tools were called by MCTruthCommonPreJetKernelNo16 for the whole train:
2026-02-12 18:34:42,395 MCTruthCommonPreJetKernelNo16                        INFO ToolSvc.DFCommonTruthForwardProtonTool
2026-02-12 18:34:42,395 MCTruthCommonPreJetKernelNo16                        INFO ============================================================================
2026-02-12 18:34:42,395 MCTruthCommonPreJetKernelNo17                        INFO ============================================================================
2026-02-12 18:34:42,395 MCTruthCommonPreJetKernelNo17                        INFO  The following CP tools were called by MCTruthCommonPreJetKernelNo17 for the whole train:
2026-02-12 18:34:42,395 MCTruthCommonPreJetKernelNo17                        INFO ToolSvc.DFCommonTruthElectronDressingTool
2026-02-12 18:34:42,395 MCTruthCommonPreJetKernelNo17                        INFO ============================================================================
2026-02-12 18:34:42,395 MCTruthCommonPreJetKernelNo18                        INFO ============================================================================
2026-02-12 18:34:42,395 MCTruthCommonPreJetKernelNo18                        INFO  The following CP tools were called by MCTruthCommonPreJetKernelNo18 for the whole train:
2026-02-12 18:34:42,395 MCTruthCommonPreJetKernelNo18                        INFO ToolSvc.DFCommonTruthMuonDressingTool
2026-02-12 18:34:42,395 MCTruthCommonPreJetKernelNo18                        INFO ============================================================================
2026-02-12 18:34:42,396 TauTruthCommonKernel2                                INFO ============================================================================
2026-02-12 18:34:42,396 TauTruthCommonKernel2                                INFO  The following CP tools were called by TauTruthCommonKernel2 for the whole train:
2026-02-12 18:34:42,396 TauTruthCommonKernel2                                INFO ToolSvc.DFCommonTauJetsTruthMatchingWrapper
2026-02-12 18:34:42,397 TauTruthCommonKernel2                                INFO ============================================================================
2026-02-12 18:34:42,397 MCTruthCommonPostJetKernelNo1                        INFO ============================================================================
2026-02-12 18:34:42,397 MCTruthCommonPostJetKernelNo1                        INFO  The following CP tools were called by MCTruthCommonPostJetKernelNo1 for the whole train:
2026-02-12 18:34:42,397 MCTruthCommonPostJetKernelNo1                        INFO ToolSvc.DFCommonTruthTauDressingTool
2026-02-12 18:34:42,397 MCTruthCommonPostJetKernelNo1                        INFO ============================================================================
2026-02-12 18:34:42,397 MCTruthCommonPostJetKernelNo2                        INFO ============================================================================
2026-02-12 18:34:42,397 MCTruthCommonPostJetKernelNo2                        INFO  The following CP tools were called by MCTruthCommonPostJetKernelNo2 for the whole train:
2026-02-12 18:34:42,397 MCTruthCommonPostJetKernelNo2                        INFO ToolSvc.DFCommonTruthGenFilt
2026-02-12 18:34:42,397 MCTruthCommonPostJetKernelNo2                        INFO ============================================================================
2026-02-12 18:34:42,397 MCTruthCommonPostJetKernelNo3                        INFO ============================================================================
2026-02-12 18:34:42,397 MCTruthCommonPostJetKernelNo3                        INFO  The following CP tools were called by MCTruthCommonPostJetKernelNo3 for the whole train:
2026-02-12 18:34:42,397 MCTruthCommonPostJetKernelNo3                        INFO ToolSvc.DFCommonTruthDressedWZQGLabelTool
2026-02-12 18:34:42,397 MCTruthCommonPostJetKernelNo3                        INFO ============================================================================
2026-02-12 18:34:42,397 MCTruthNavigationDecoratorKernel                     INFO ============================================================================
2026-02-12 18:34:42,397 MCTruthNavigationDecoratorKernel                     INFO  The following CP tools were called by MCTruthNavigationDecoratorKernel for the whole train:
2026-02-12 18:34:42,397 MCTruthNavigationDecoratorKernel                     INFO ToolSvc.DFCommonTruthNavigationDecorator
2026-02-12 18:34:42,398 MCTruthNavigationDecoratorKernel                     INFO ============================================================================
2026-02-12 18:34:42,398 MCTruthCommonBosonsAndDecaysKernel                   INFO ============================================================================
2026-02-12 18:34:42,398 MCTruthCommonBosonsAndDecaysKernel                   INFO  The following CP tools were called by MCTruthCommonBosonsAndDecaysKernel for the whole train:
2026-02-12 18:34:42,398 MCTruthCommonBosonsAndDecaysKernel                   INFO ToolSvc.DFCommonBosonsAndDecaysTool
2026-02-12 18:34:42,398 MCTruthCommonBosonsAndDecaysKernel                   INFO ============================================================================
2026-02-12 18:34:42,398 MCTruthCommonBSMAndDecaysKernel                      INFO ============================================================================
2026-02-12 18:34:42,398 MCTruthCommonBSMAndDecaysKernel                      INFO  The following CP tools were called by MCTruthCommonBSMAndDecaysKernel for the whole train:
2026-02-12 18:34:42,398 MCTruthCommonBSMAndDecaysKernel                      INFO ToolSvc.DFCommonBSMAndDecaysTool
2026-02-12 18:34:42,398 MCTruthCommonBSMAndDecaysKernel                      INFO ============================================================================
2026-02-12 18:34:42,398 MCTruthCommonBornLeptonsKernel                       INFO ============================================================================
2026-02-12 18:34:42,398 MCTruthCommonBornLeptonsKernel                       INFO  The following CP tools were called by MCTruthCommonBornLeptonsKernel for the whole train:
2026-02-12 18:34:42,398 MCTruthCommonBornLeptonsKernel                       INFO ToolSvc.DFCommonBornLeptonCollTool
2026-02-12 18:34:42,398 MCTruthCommonBornLeptonsKernel                       INFO ============================================================================
2026-02-12 18:34:42,398 MiniCollectionTruthLinkKernelNo1                     INFO ============================================================================
2026-02-12 18:34:42,398 MiniCollectionTruthLinkKernelNo1                     INFO  The following CP tools were called by MiniCollectionTruthLinkKernelNo1 for the whole train:
2026-02-12 18:34:42,398 MiniCollectionTruthLinkKernelNo1                     INFO ToolSvc.ElMiniCollectionTruthLinkTool
2026-02-12 18:34:42,398 MiniCollectionTruthLinkKernelNo1                     INFO ============================================================================
2026-02-12 18:34:42,399 MiniCollectionTruthLinkKernelNo2                     INFO ============================================================================
2026-02-12 18:34:42,399 MiniCollectionTruthLinkKernelNo2                     INFO  The following CP tools were called by MiniCollectionTruthLinkKernelNo2 for the whole train:
2026-02-12 18:34:42,399 MiniCollectionTruthLinkKernelNo2                     INFO ToolSvc.PhMiniCollectionTruthLinkTool
2026-02-12 18:34:42,399 MiniCollectionTruthLinkKernelNo2                     INFO ============================================================================
2026-02-12 18:34:42,399 MiniCollectionTruthLinkKernelNo3                     INFO ============================================================================
2026-02-12 18:34:42,399 MiniCollectionTruthLinkKernelNo3                     INFO  The following CP tools were called by MiniCollectionTruthLinkKernelNo3 for the whole train:
2026-02-12 18:34:42,399 MiniCollectionTruthLinkKernelNo3                     INFO ToolSvc.MuMiniCollectionTruthLinkTool
2026-02-12 18:34:42,399 MiniCollectionTruthLinkKernelNo3                     INFO ============================================================================
2026-02-12 18:34:42,399 MCTruthCommonTruthPVCollKernel                       INFO ============================================================================
2026-02-12 18:34:42,399 MCTruthCommonTruthPVCollKernel                       INFO  The following CP tools were called by MCTruthCommonTruthPVCollKernel for the whole train:
2026-02-12 18:34:42,399 MCTruthCommonTruthPVCollKernel                       INFO ToolSvc.DFCommonTruthPVCollTool
2026-02-12 18:34:42,399 MCTruthCommonTruthPVCollKernel                       INFO ============================================================================
2026-02-12 18:34:42,399 DFCommonHSDecorator                                  INFO ============================================================================
2026-02-12 18:34:42,399 DFCommonHSDecorator                                  INFO  The following CP tools were called by DFCommonHSDecorator for the whole train:
2026-02-12 18:34:42,399 DFCommonHSDecorator                                  INFO ToolSvc.HardScatterDecorTool
2026-02-12 18:34:42,399 DFCommonHSDecorator                                  INFO ============================================================================
2026-02-12 18:34:42,400 InDetCommonKernelDFCommonTrackSelection              INFO ============================================================================
2026-02-12 18:34:42,400 InDetCommonKernelDFCommonTrackSelection              INFO  The following CP tools were called by InDetCommonKernelDFCommonTrackSelection for the whole train:
2026-02-12 18:34:42,400 InDetCommonKernelDFCommonTrackSelection              INFO ToolSvc.DFCommonTrackSelection
2026-02-12 18:34:42,400 InDetCommonKernelDFCommonTrackSelection              INFO ============================================================================
2026-02-12 18:34:42,400 InDetCommonKernelDFCommonZ0AtPV                      INFO ============================================================================
2026-02-12 18:34:42,400 InDetCommonKernelDFCommonZ0AtPV                      INFO  The following CP tools were called by InDetCommonKernelDFCommonZ0AtPV for the whole train:
2026-02-12 18:34:42,400 InDetCommonKernelDFCommonZ0AtPV                      INFO ToolSvc.DFCommonZ0AtPV
2026-02-12 18:34:42,400 InDetCommonKernelDFCommonZ0AtPV                      INFO ============================================================================
2026-02-12 18:34:42,400 InDetCommonKernelDFCommonUsedInFitDecorator          INFO ============================================================================
2026-02-12 18:34:42,400 InDetCommonKernelDFCommonUsedInFitDecorator          INFO  The following CP tools were called by InDetCommonKernelDFCommonUsedInFitDecorator for the whole train:
2026-02-12 18:34:42,400 InDetCommonKernelDFCommonUsedInFitDecorator          INFO ToolSvc.DFCommonUsedInFitDecorator
2026-02-12 18:34:42,400 InDetCommonKernelDFCommonUsedInFitDecorator          INFO ============================================================================
2026-02-12 18:34:42,400 DFCommonMuonsKernel                                  INFO ============================================================================
2026-02-12 18:34:42,400 DFCommonMuonsKernel                                  INFO  The following CP tools were called by DFCommonMuonsKernel for the whole train:
2026-02-12 18:34:42,400 DFCommonMuonsKernel                                  INFO ToolSvc.DFCommonMuonToolWrapperIDCuts
2026-02-12 18:34:42,400 DFCommonMuonsKernel                                  INFO ToolSvc.DFCommonMuonToolWrapperPreselection
2026-02-12 18:34:42,400 DFCommonMuonsKernel                                  INFO ============================================================================
2026-02-12 18:34:42,401 IsolationBuilderNonpro...All_MaxWeightLooseCone500   INFO Finalizing IsolationBuilderNonprompt_All_MaxWeightLooseCone500...
2026-02-12 18:34:42,401 IsolationBuilderNonprompt_All_MaxWeight500           INFO Finalizing IsolationBuilderNonprompt_All_MaxWeight500...
2026-02-12 18:34:42,401 IsolationBuilderNonpro...ll_MaxWeightLooseCone1000   INFO Finalizing IsolationBuilderNonprompt_All_MaxWeightLooseCone1000...
2026-02-12 18:34:42,401 IsolationBuilderNonprompt_All_MaxWeight1000          INFO Finalizing IsolationBuilderNonprompt_All_MaxWeight1000...
2026-02-12 18:34:42,401 EGammaCommonKernel                                   INFO ============================================================================
2026-02-12 18:34:42,401 EGammaCommonKernel                                   INFO  The following CP tools were called by EGammaCommonKernel for the whole train:
2026-02-12 18:34:42,401 EGammaCommonKernel                                   INFO ToolSvc.DFCommonPhotonsDirection
2026-02-12 18:34:42,401 EGammaCommonKernel                                   INFO ToolSvc.ElectronPassLHVeryLoose
2026-02-12 18:34:42,401 EGammaCommonKernel                                   INFO ToolSvc.ElectronPassLHLoose
2026-02-12 18:34:42,401 EGammaCommonKernel                                   INFO ToolSvc.ElectronPassLHLooseBL
2026-02-12 18:34:42,401 EGammaCommonKernel                                   INFO ToolSvc.ElectronPassLHMedium
2026-02-12 18:34:42,401 EGammaCommonKernel                                   INFO ToolSvc.ElectronPassLHTight
2026-02-12 18:34:42,402 EGammaCommonKernel                                   INFO ToolSvc.ElectronPassDNNLoose
2026-02-12 18:34:42,402 EGammaCommonKernel                                   INFO ToolSvc.ElectronPassDNNMedium
2026-02-12 18:34:42,402 EGammaCommonKernel                                   INFO ToolSvc.ElectronPassDNNTight
2026-02-12 18:34:42,402 EGammaCommonKernel                                   INFO ToolSvc.ElectronPassDNNVeryLooseNoCF97
2026-02-12 18:34:42,402 EGammaCommonKernel                                   INFO ToolSvc.ElectronPassDNNLooseNoCF
2026-02-12 18:34:42,402 EGammaCommonKernel                                   INFO ToolSvc.ElectronPassDNNMediumNoCF
2026-02-12 18:34:42,402 EGammaCommonKernel                                   INFO ToolSvc.ElectronPassDNNTightNoCF
2026-02-12 18:34:42,402 EGammaCommonKernel                                   INFO ToolSvc.PhotonPassIsEMLoose
2026-02-12 18:34:42,402 EGammaCommonKernel                                   INFO ToolSvc.PhotonPassIsEMMedium
2026-02-12 18:34:42,402 EGammaCommonKernel                                   INFO ToolSvc.PhotonPassIsEMTight
2026-02-12 18:34:42,402 EGammaCommonKernel                                   INFO ToolSvc.PhotonPassCleaning
2026-02-12 18:34:42,402 EGammaCommonKernel                                   INFO ToolSvc.ElectronAdditionnalAmbiguity
2026-02-12 18:34:42,402 EGammaCommonKernel                                   INFO ToolSvc.ElectronPassECIDS
2026-02-12 18:34:42,402 EGammaCommonKernel                                   INFO ToolSvc.ForwardElectronPassLHLoose
2026-02-12 18:34:42,402 EGammaCommonKernel                                   INFO ToolSvc.ForwardElectronPassLHMedium
2026-02-12 18:34:42,402 EGammaCommonKernel                                   INFO ToolSvc.ForwardElectronPassLHTight
2026-02-12 18:34:42,402 EGammaCommonKernel                                   INFO ToolSvc.DerivationFramework::EGammaClusterCoreCellRecovery
2026-02-12 18:34:42,402 EGammaCommonKernel                                   INFO ToolSvc.BkgElectronClassificationTool
2026-02-12 18:34:42,402 EGammaCommonKernel                                   INFO ToolSvc.TruthEgetIsolationTool
2026-02-12 18:34:42,403 EGammaCommonKernel                                   INFO ToolSvc.TruthEgptIsolationTool
2026-02-12 18:34:42,403 EGammaCommonKernel                                   INFO ============================================================================
2026-02-12 18:34:42,403 PFlowIsolationBuilder                                INFO Finalizing PFlowIsolationBuilder...
2026-02-12 18:34:42,404 BadBatmanAugmentation                                INFO ============================================================================
2026-02-12 18:34:42,404 BadBatmanAugmentation                                INFO  The following CP tools were called by BadBatmanAugmentation for the whole train:
2026-02-12 18:34:42,404 BadBatmanAugmentation                                INFO ToolSvc.BadBatmanAugmentationTool
2026-02-12 18:34:42,404 BadBatmanAugmentation                                INFO ============================================================================
2026-02-12 18:34:42,404 DistanceInTrainAugmentation                          INFO ============================================================================
2026-02-12 18:34:42,404 DistanceInTrainAugmentation                          INFO  The following CP tools were called by DistanceInTrainAugmentation for the whole train:
2026-02-12 18:34:42,404 DistanceInTrainAugmentation                          INFO ToolSvc.DistanceInTrainAugmentationTool
2026-02-12 18:34:42,404 DistanceInTrainAugmentation                          INFO ============================================================================
2026-02-12 18:34:42,405 TauJets_TauIDDecorKernel                             INFO ============================================================================
2026-02-12 18:34:42,405 TauJets_TauIDDecorKernel                             INFO  The following CP tools were called by TauJets_TauIDDecorKernel for the whole train:
2026-02-12 18:34:42,405 TauJets_TauIDDecorKernel                             INFO ToolSvc.TauJets_TauIDDecoratorWrapper
2026-02-12 18:34:42,405 TauJets_TauIDDecorKernel                             INFO ============================================================================
2026-02-12 18:34:42,405 TauRNNLooseAugmentationKernel                        INFO ============================================================================
2026-02-12 18:34:42,405 TauRNNLooseAugmentationKernel                        INFO  The following CP tools were called by TauRNNLooseAugmentationKernel for the whole train:
2026-02-12 18:34:42,405 TauRNNLooseAugmentationKernel                        INFO ToolSvc.TauRNNLooseWrapper
2026-02-12 18:34:42,405 TauRNNLooseAugmentationKernel                        INFO ============================================================================
2026-02-12 18:34:42,405 DFCommonMuonsKernel2                                 INFO ============================================================================
2026-02-12 18:34:42,405 DFCommonMuonsKernel2                                 INFO  The following CP tools were called by DFCommonMuonsKernel2 for the whole train:
2026-02-12 18:34:42,405 DFCommonMuonsKernel2                                 INFO ToolSvc.MuonJetDrTool
2026-02-12 18:34:42,405 DFCommonMuonsKernel2                                 INFO ============================================================================
2026-02-12 18:34:42,406 DiTauLowPtBuilder                                    INFO Finalizing DiTauLowPtBuilder...
2026-02-12 18:34:42,406 TauJets_MuonRM_TauIDDecorKernel                      INFO ============================================================================
2026-02-12 18:34:42,406 TauJets_MuonRM_TauIDDecorKernel                      INFO  The following CP tools were called by TauJets_MuonRM_TauIDDecorKernel for the whole train:
2026-02-12 18:34:42,406 TauJets_MuonRM_TauIDDecorKernel                      INFO ToolSvc.TauJets_MuonRM_TauIDDecoratorWrapper
2026-02-12 18:34:42,406 TauJets_MuonRM_TauIDDecorKernel                      INFO ============================================================================
2026-02-12 18:34:42,406 DiTauIDDecorKernel                                   INFO ============================================================================
2026-02-12 18:34:42,406 DiTauIDDecorKernel                                   INFO  The following CP tools were called by DiTauIDDecorKernel for the whole train:
2026-02-12 18:34:42,406 DiTauIDDecorKernel                                   INFO ToolSvc.DiTauIDDecoratorWrapper
2026-02-12 18:34:42,406 DiTauIDDecorKernel                                   INFO ============================================================================
2026-02-12 18:34:42,406 DiTauJets_DiTauIDDecorKernel                         INFO ============================================================================
2026-02-12 18:34:42,407 DiTauJets_DiTauIDDecorKernel                         INFO  The following CP tools were called by DiTauJets_DiTauIDDecorKernel for the whole train:
2026-02-12 18:34:42,407 DiTauJets_DiTauIDDecorKernel                         INFO ToolSvc.DiTauJets_DiTauChargeDecorator
2026-02-12 18:34:42,407 DiTauJets_DiTauIDDecorKernel                         INFO ============================================================================
2026-02-12 18:34:42,407 DiTauJetsLowPt_DiTauIDDecorKernel                    INFO ============================================================================
2026-02-12 18:34:42,407 DiTauJetsLowPt_DiTauIDDecorKernel                    INFO  The following CP tools were called by DiTauJetsLowPt_DiTauIDDecorKernel for the whole train:
2026-02-12 18:34:42,407 DiTauJetsLowPt_DiTauIDDecorKernel                    INFO ToolSvc.DiTauJetsLowPt_DiTauChargeDecorator
2026-02-12 18:34:42,407 DiTauJetsLowPt_DiTauIDDecorKernel                    INFO ============================================================================
2026-02-12 18:34:42,408 PHYSKernel                                           INFO ============================================================================
2026-02-12 18:34:42,408 PHYSKernel                                           INFO || SUMMARY OF THE DERIVATION FRAMEWORK KERNEL WITH NAME PHYSKernel || 
2026-02-12 18:34:42,408 PHYSKernel                                           INFO ============================================================================
2026-02-12 18:34:42,408 PHYSKernel                                           INFO ============================================================================
2026-02-12 18:34:42,408 PHYSKernel                                           INFO Events analyzed: 200
2026-02-12 18:34:42,408 PHYSKernel                                           INFO Events accepted: 200
2026-02-12 18:34:42,408 PHYSKernel                                           INFO ============================================================================
2026-02-12 18:34:42,408 FourLeptonVertexAlg                                  INFO Proccessed in total 200 events. Lepton multiplicities observed:
2026-02-12 18:34:42,408 FourLeptonVertexAlg                                  INFO     ---- Events with 0 leptons: 119 (elec/muon) 139/177 (59.5%)
2026-02-12 18:34:42,409 FourLeptonVertexAlg                                  INFO     ---- Events with 1 leptons: 68 (elec/muon) 52/20 (34%)
2026-02-12 18:34:42,409 FourLeptonVertexAlg                                  INFO     ---- Events with 2 leptons: 11 (elec/muon) 9/2 (5.5%)
2026-02-12 18:34:42,409 FourLeptonVertexAlg                                  INFO     ---- Events with 3 leptons: 1 (elec/muon) 0/1 (0.5%)
2026-02-12 18:34:42,409 FourLeptonVertexAlg                                  INFO     ---- Events with 4 leptons: 1 (elec/muon) 0/0 (0.5%)
2026-02-12 18:34:42,409 FourLeptonVertexAlg                                  INFO     ---- Events with 5 leptons: 0 (elec/muon) 0/0 (0%)
2026-02-12 18:34:42,409 FourLeptonVertexAlg                                  INFO     ---- Events with 6 leptons: 0 (elec/muon) 0/0 (0%)
2026-02-12 18:34:42,409 FourLeptonVertexAlg                                  INFO     ---- Events with 7 leptons: 0 (elec/muon) 0/0 (0%)
2026-02-12 18:34:42,409 FourLeptonVertexAlg                                  INFO ---> Attempted fits 0 out of which 0 (0%) succeeded.
2026-02-12 18:34:42,409 HFClassificationCommonKernel                         INFO ============================================================================
2026-02-12 18:34:42,409 HFClassificationCommonKernel                         INFO  The following CP tools were called by HFClassificationCommonKernel for the whole train:
2026-02-12 18:34:42,409 HFClassificationCommonKernel                         INFO ToolSvc.DFCommonClassifyAndCalculateHFAugmentation
2026-02-12 18:34:42,409 HFClassificationCommonKernel                         INFO ============================================================================
2026-02-12 18:34:42,409 MCTruthCommonTausAndDecaysKernel                     INFO ============================================================================
2026-02-12 18:34:42,409 MCTruthCommonTausAndDecaysKernel                     INFO  The following CP tools were called by MCTruthCommonTausAndDecaysKernel for the whole train:
2026-02-12 18:34:42,409 MCTruthCommonTausAndDecaysKernel                     INFO ToolSvc.DFCommonTausAndDecaysTool
2026-02-12 18:34:42,410 MCTruthCommonTausAndDecaysKernel                     INFO ============================================================================
2026-02-12 18:34:42,410 AllExecutedEventsCounterAlg                          INFO accepted 200 out of 200 events for filter AllExecutedEvents (Number of processed events before any cut)
2026-02-12 18:34:42,410 DecisionSvc                                          INFO Finalized successfully.
2026-02-12 18:34:42,410 Athena::DelayedConditionsCleanerSvc                  INFO Conditions container statistics
2026-02-12 18:34:42,410 Athena::DelayedConditionsCleanerSvc                  INFO   Work q: Max size: 32  (1 queries) 
2026-02-12 18:34:42,410 Athena::DelayedConditionsCleanerSvc                  INFO           Avg size: 32.00 / Avg removed: 32.00
2026-02-12 18:34:42,411 Athena::DelayedConditionsCleanerSvc                  INFO   ConditionStore+/Digitization/Parameters nInserts      1 maxSize   1
2026-02-12 18:34:42,411 Athena::DelayedConditionsCleanerSvc                  INFO     nClean 1 avgRemoved 0.00 0/1/2+ 1/0/0
2026-02-12 18:34:42,411 Athena::DelayedConditionsCleanerSvc                  INFO   ConditionStore+/EXT/DCS/MAGNETS/SENSORDATA nInserts      1 maxSize   1
2026-02-12 18:34:42,411 Athena::DelayedConditionsCleanerSvc                  INFO     nClean 1 avgRemoved 0.00 0/1/2+ 1/0/0
2026-02-12 18:34:42,411 Athena::DelayedConditionsCleanerSvc                  INFO   ConditionStore+/GLOBAL/BField/Maps nInserts      1 maxSize   1
2026-02-12 18:34:42,411 Athena::DelayedConditionsCleanerSvc                  INFO     nClean 1 avgRemoved 0.00 0/1/2+ 1/0/0
2026-02-12 18:34:42,411 Athena::DelayedConditionsCleanerSvc                  INFO   ConditionStore+/GLOBAL/TrackingGeo/LayerMaterialV2 nInserts      1 maxSize   1
2026-02-12 18:34:42,411 Athena::DelayedConditionsCleanerSvc                  INFO     nClean 1 avgRemoved 0.00 0/1/2+ 1/0/0
2026-02-12 18:34:42,411 Athena::DelayedConditionsCleanerSvc                  INFO   ConditionStore+/Indet/Align nInserts      1 maxSize   1
2026-02-12 18:34:42,411 Athena::DelayedConditionsCleanerSvc                  INFO     nClean 1 avgRemoved 0.00 0/1/2+ 1/0/0
2026-02-12 18:34:42,411 Athena::DelayedConditionsCleanerSvc                  INFO   ConditionStore+/Indet/Beampos nInserts      1 maxSize   1
2026-02-12 18:34:42,411 Athena::DelayedConditionsCleanerSvc                  INFO     nClean 1 avgRemoved 0.00 0/1/2+ 1/0/0
2026-02-12 18:34:42,411 Athena::DelayedConditionsCleanerSvc                  INFO   ConditionStore+/Indet/IBLDist nInserts      1 maxSize   1
2026-02-12 18:34:42,411 Athena::DelayedConditionsCleanerSvc                  INFO     nClean 1 avgRemoved 0.00 0/1/2+ 1/0/0
2026-02-12 18:34:42,411 Athena::DelayedConditionsCleanerSvc                  INFO   ConditionStore+/LAR/Align nInserts      1 maxSize   1
2026-02-12 18:34:42,411 Athena::DelayedConditionsCleanerSvc                  INFO     nClean 1 avgRemoved 0.00 0/1/2+ 1/0/0
2026-02-12 18:34:42,411 Athena::DelayedConditionsCleanerSvc                  INFO   ConditionStore+/MDT/MM/PASSIVATION nInserts      1 maxSize   1
2026-02-12 18:34:42,412 Athena::DelayedConditionsCleanerSvc                  INFO     nClean 1 avgRemoved 0.00 0/1/2+ 1/0/0
2026-02-12 18:34:42,412 Athena::DelayedConditionsCleanerSvc                  INFO   ConditionStore+/TRT/Align nInserts      1 maxSize   1
2026-02-12 18:34:42,412 Athena::DelayedConditionsCleanerSvc                  INFO     nClean 1 avgRemoved 0.00 0/1/2+ 1/0/0
2026-02-12 18:34:42,412 Athena::DelayedConditionsCleanerSvc                  INFO   ConditionStore+/TRT/Calib/DX nInserts      1 maxSize   1
2026-02-12 18:34:42,412 Athena::DelayedConditionsCleanerSvc                  INFO     nClean 1 avgRemoved 0.00 0/1/2+ 1/0/0
2026-02-12 18:34:42,412 Athena::DelayedConditionsCleanerSvc                  INFO   ConditionStore+AtlasTrackingGeometry nInserts      1 maxSize   1
2026-02-12 18:34:42,412 Athena::DelayedConditionsCleanerSvc                  INFO     nClean 1 avgRemoved 0.00 0/1/2+ 1/0/0
2026-02-12 18:34:42,412 Athena::DelayedConditionsCleanerSvc                  INFO   ConditionStore+BeamSpotData nInserts      1 maxSize   1
2026-02-12 18:34:42,412 Athena::DelayedConditionsCleanerSvc                  INFO     nClean 1 avgRemoved 0.00 0/1/2+ 1/0/0
2026-02-12 18:34:42,412 Athena::DelayedConditionsCleanerSvc                  INFO   ConditionStore+BunchCrossingData nInserts      1 maxSize   1
2026-02-12 18:34:42,412 Athena::DelayedConditionsCleanerSvc                  INFO     nClean 1 avgRemoved 0.00 0/1/2+ 1/0/0
2026-02-12 18:34:42,412 Athena::DelayedConditionsCleanerSvc                  INFO   ConditionStore+CaloDetDescrManager nInserts      1 maxSize   1
2026-02-12 18:34:42,412 Athena::DelayedConditionsCleanerSvc                  INFO     nClean 1 avgRemoved 0.00 0/1/2+ 1/0/0
2026-02-12 18:34:42,412 Athena::DelayedConditionsCleanerSvc                  INFO   ConditionStore+CaloSuperCellDetDescrManager nInserts      1 maxSize   1
2026-02-12 18:34:42,412 Athena::DelayedConditionsCleanerSvc                  INFO     nClean 1 avgRemoved 0.00 0/1/2+ 1/0/0
2026-02-12 18:34:42,412 Athena::DelayedConditionsCleanerSvc                  INFO   ConditionStore+LArAlignmentStore nInserts      1 maxSize   1
2026-02-12 18:34:42,412 Athena::DelayedConditionsCleanerSvc                  INFO     nClean 1 avgRemoved 0.00 0/1/2+ 1/0/0
2026-02-12 18:34:42,412 Athena::DelayedConditionsCleanerSvc                  INFO   ConditionStore+LArCellPositionShift nInserts      1 maxSize   1
2026-02-12 18:34:42,412 Athena::DelayedConditionsCleanerSvc                  INFO     nClean 1 avgRemoved 0.00 0/1/2+ 1/0/0
2026-02-12 18:34:42,412 Athena::DelayedConditionsCleanerSvc                  INFO   ConditionStore+MuonDetectorManager nInserts      1 maxSize   1
2026-02-12 18:34:42,412 Athena::DelayedConditionsCleanerSvc                  INFO     nClean 1 avgRemoved 0.00 0/1/2+ 1/0/0
2026-02-12 18:34:42,413 Athena::DelayedConditionsCleanerSvc                  INFO   ConditionStore+NswPassivationDbData nInserts      1 maxSize   1
2026-02-12 18:34:42,413 Athena::DelayedConditionsCleanerSvc                  INFO     nClean 1 avgRemoved 0.00 0/1/2+ 1/0/0
2026-02-12 18:34:42,413 Athena::DelayedConditionsCleanerSvc                  INFO   ConditionStore+PixelAlignmentStore nInserts      1 maxSize   1
2026-02-12 18:34:42,413 Athena::DelayedConditionsCleanerSvc                  INFO     nClean 1 avgRemoved 0.00 0/1/2+ 1/0/0
2026-02-12 18:34:42,413 Athena::DelayedConditionsCleanerSvc                  INFO   ConditionStore+PixelDetectorElementCollection nInserts      1 maxSize   1
2026-02-12 18:34:42,413 Athena::DelayedConditionsCleanerSvc                  INFO     nClean 1 avgRemoved 0.00 0/1/2+ 1/0/0
2026-02-12 18:34:42,413 Athena::DelayedConditionsCleanerSvc                  INFO   ConditionStore+SCTAlignmentStore nInserts      1 maxSize   1
2026-02-12 18:34:42,413 Athena::DelayedConditionsCleanerSvc                  INFO     nClean 1 avgRemoved 0.00 0/1/2+ 1/0/0
2026-02-12 18:34:42,413 Athena::DelayedConditionsCleanerSvc                  INFO   ConditionStore+SCT_DetectorElementCollection nInserts      1 maxSize   1
2026-02-12 18:34:42,413 Athena::DelayedConditionsCleanerSvc                  INFO     nClean 1 avgRemoved 0.00 0/1/2+ 1/0/0
2026-02-12 18:34:42,413 Athena::DelayedConditionsCleanerSvc                  INFO   ConditionStore+TRT_DetElementContainer nInserts      1 maxSize   1
2026-02-12 18:34:42,413 Athena::DelayedConditionsCleanerSvc                  INFO     nClean 1 avgRemoved 0.00 0/1/2+ 1/0/0
2026-02-12 18:34:42,413 Athena::DelayedConditionsCleanerSvc                  INFO   ConditionStore+fieldCondObj nInserts      1 maxSize   1
2026-02-12 18:34:42,413 Athena::DelayedConditionsCleanerSvc                  INFO     nClean 1 avgRemoved 0.00 0/1/2+ 1/0/0
2026-02-12 18:34:42,413 Athena::DelayedConditionsCleanerSvc                  INFO   ConditionStore+fieldMapCondObj nInserts      1 maxSize   1
2026-02-12 18:34:42,413 Athena::DelayedConditionsCleanerSvc                  INFO     nClean 1 avgRemoved 0.00 0/1/2+ 1/0/0
2026-02-12 18:34:42,413 AthDictLoaderSvc                                     INFO in finalize...
2026-02-12 18:34:42,996 Domain[ROOT_All]                                     INFO >   Deaccess DbDomain     READ      [ROOT_All]
2026-02-12 18:34:42,997 AthenaPoolSharedIOCnvSvc                             INFO PerfStats ----------------------------------------
2026-02-12 18:34:42,997 AthenaPoolSharedIOCnvSvc                             INFO PerfStats Timing Measurements for AthenaPoolCnvSvc
2026-02-12 18:34:42,997 AthenaPoolSharedIOCnvSvc                             INFO PerfStats ----------------------------------------
2026-02-12 18:34:42,997 AthenaPoolSharedIOCnvSvc                             INFO PerfStats | cObjR_ALL       |           12227 ms |
2026-02-12 18:34:42,997 AthenaPoolSharedIOCnvSvc                             INFO PerfStats | fRep_ALL        |            5966 ms |
2026-02-12 18:34:42,997 AthenaPoolSharedIOCnvSvc                             INFO PerfStats | cObj_ALL        |           12928 ms |
2026-02-12 18:34:42,997 AthenaPoolSharedIOCnvSvc                             INFO PerfStats | cRep_ALL        |              66 ms |
2026-02-12 18:34:42,997 AthenaPoolSharedIOCnvSvc                             INFO PerfStats ----------------------------------------
2026-02-12 18:34:42,997 Domain[ROOT_All]                                     INFO >   Deaccess DbDomain     READ      [ROOT_All]
2026-02-12 18:34:43,004 IOVDbFolder                                          INFO Folder /Digitization/Parameters (AttrList) db-read 0/1 objs/chan/bytes 1/0/0 ((     0.00 ))s
2026-02-12 18:34:43,004 IOVDbFolder                                          INFO Folder /EXT/DCS/MAGNETS/SENSORDATA (AttrListColl) db-read 1/1 objs/chan/bytes 4/4/20 ((     0.04 ))s
2026-02-12 18:34:43,004 IOVDbFolder                                          INFO Folder /GLOBAL/BField/Maps (AttrListColl) db-read 1/1 objs/chan/bytes 3/3/202 ((     0.03 ))s
2026-02-12 18:34:43,004 IOVDbFolder                                          INFO Folder /GLOBAL/TrackingGeo/LayerMaterialV2 (PoolRef) db-read 1/1 objs/chan/bytes 1/1/231 ((     0.01 ))s
2026-02-12 18:34:43,004 IOVDbFolder                                          INFO Folder /Indet/Align (PoolRefColl) db-read 1/1 objs/chan/bytes 43/43/7009 ((     0.03 ))s
2026-02-12 18:34:43,004 IOVDbFolder                                          INFO Folder /Indet/Beampos (AttrList) db-read 1/1 objs/chan/bytes 6/1/456 ((     0.02 ))s
2026-02-12 18:34:43,005 IOVDbFolder                                          INFO Folder /Indet/IBLDist (AttrListColl) db-read 1/1 objs/chan/bytes 14/14/280 ((     0.01 ))s
2026-02-12 18:34:43,005 IOVDbFolder                                          INFO Folder /LAR/Align (PoolRef) db-read 1/1 objs/chan/bytes 1/1/170 ((     0.04 ))s
2026-02-12 18:34:43,005 IOVDbFolder                                          INFO Folder /MDT/MM/PASSIVATION (AttrListColl) db-read 1/1 objs/chan/bytes 1/1/680679 ((     0.03 ))s
2026-02-12 18:34:43,005 IOVDbFolder                                          INFO Folder /TRT/Align (PoolRefColl) db-read 1/1 objs/chan/bytes 32/32/5120 ((     0.04 ))s
2026-02-12 18:34:43,005 IOVDbFolder                                          INFO Folder /TRT/Calib/DX (PoolRef) db-read 1/1 objs/chan/bytes 1/1/183 ((     0.02 ))s
2026-02-12 18:34:43,005 IOVDbFolder                                          INFO Folder /TagInfo (AttrListColl) db-read 0/1 objs/chan/bytes 1/0/0 ((     0.00 ))s
2026-02-12 18:34:43,005 IOVDbFolder                                          INFO Folder /LAR/LArCellPositionShift (PoolRef) db-read 1/1 objs/chan/bytes 1/1/195 ((     0.03 ))s
2026-02-12 18:34:43,005 IOVDbSvc                                             INFO Total payload read from IOVDb: 694545 bytes in ((      0.29 ))s
2026-02-12 18:34:43,005 IOVDbSvc                                             INFO Connection sqlite://;schema=mycool.db;dbname=OFLP200 : nConnect: 0 nFolders: 0 ReadTime: ((     0.00 ))s
2026-02-12 18:34:43,005 IOVDbSvc                                             INFO Connection COOLOFL_LAR/OFLP200 : nConnect: 2 nFolders: 2 ReadTime: ((     0.06 ))s
2026-02-12 18:34:43,005 IOVDbSvc                                             INFO Connection COOLOFL_GLOBAL/OFLP200 : nConnect: 2 nFolders: 2 ReadTime: ((     0.04 ))s
2026-02-12 18:34:43,005 IOVDbSvc                                             INFO Connection COOLOFL_DCS/OFLP200 : nConnect: 2 nFolders: 1 ReadTime: ((     0.04 ))s
2026-02-12 18:34:43,005 IOVDbSvc                                             INFO Connection COOLOFL_INDET/OFLP200 : nConnect: 2 nFolders: 3 ReadTime: ((     0.06 ))s
2026-02-12 18:34:43,005 IOVDbSvc                                             INFO Connection COOLOFL_MDT/OFLP200 : nConnect: 2 nFolders: 1 ReadTime: ((     0.03 ))s
2026-02-12 18:34:43,006 IOVDbSvc                                             INFO Connection COOLOFL_TRT/OFLP200 : nConnect: 2 nFolders: 2 ReadTime: ((     0.06 ))s
2026-02-12 18:34:43,006 ToolSvc                                              INFO Removing all tools created by ToolSvc
2026-02-12 18:34:43,007 TruthCategoriesDecorator.HiggsTruthCategoryTool      INFO  ====================================================== 
2026-02-12 18:34:43,007 TruthCategoriesDecorator.HiggsTruthCategoryTool      INFO  ---- FinalizingTruthCategoriesDecorator.HiggsTruthCategoryTool...
2026-02-12 18:34:43,007 TruthCategoriesDecorator.HiggsTruthCategoryTool      INFO  ====================================================== 
2026-02-12 18:34:43,007 TruthCategoriesDecorator.HiggsTruthCategoryTool      INFO  ====================================================== 
2026-02-12 18:34:43,007 TruthCategoriesDecorator.xAODToHepMCTool             INFO ==============================================================
2026-02-12 18:34:43,007 TruthCategoriesDecorator.xAODToHepMCTool             INFO ==========    xAOD -> HepMC Tool :: Run Summary     ==========
2026-02-12 18:34:43,007 TruthCategoriesDecorator.xAODToHepMCTool             INFO ==============================================================
2026-02-12 18:34:43,007 TruthCategoriesDecorator.xAODToHepMCTool             INFO No missing production vertices
2026-02-12 18:34:43,007 TruthCategoriesDecorator.xAODToHepMCTool             INFO No events with undefined beams.
2026-02-12 18:34:43,007 TruthCategoriesDecorator.xAODToHepMCTool             INFO ==============================================================
2026-02-12 18:34:43,007 TruthCategoriesDecorator.xAODToHepMCTool             INFO ===================    End Run Summary     ===================
2026-02-12 18:34:43,008 TruthCategoriesDecorator.xAODToHepMCTool             INFO ==============================================================
2026-02-12 18:34:43,008 ToolSvc.PHYSDiTauLowPtTPThinningTool                 INFO Processed 131100 tracks, 1950 were retained 
2026-02-12 18:34:43,008 ToolSvc.PHYSDiTauLowPtThinningTool                   INFO Processed 330 objects, 147 were retained 
2026-02-12 18:34:43,008 ToolSvc.PHYSDiTauTPThinningTool                      INFO Processed 131100 tracks, 550 were retained 
2026-02-12 18:34:43,008 ToolSvc.PHYSDiTauThinningTool                        INFO Processed 31 objects, 25 were retained 
2026-02-12 18:34:43,008 ToolSvc.PHYSTauJets_MuonRMThinningTool               INFO Processed 63 taus, 41 were kept
2026-02-12 18:34:43,008 ToolSvc.PHYSTauJetThinningTool                       INFO Processed 1934 taus, 969 were kept
2026-02-12 18:34:43,008 ToolSvc.PHYSMuonTPThinningTool                       INFO Processed 131100 tracks, 456 were retained 
2026-02-12 18:34:43,008 ToolSvc.PHYSTrackParticleThinningTool                INFO Processed 131100 tracks, 1240 were retained 
2026-02-12 18:34:43,009 ToolSvc.TrigDecisionTool                             INFO Finalized
2026-02-12 18:34:43,009 JetTagVertexDecoratorAlgAntiKt10UFO...JFVarFactory   INFO  Finalization of JetFitterVariablesFactory successful
2026-02-12 18:34:43,009 JetTagVertexDecoratorAlgAntiKt10...Analysis::SVTag   INFO #BTAG# Number of jets used for calibration for reference ALL : #b= 0 #light= 0 #charm= 0
2026-02-12 18:34:43,009 InDetVKalVxInJetTool                                 INFO Time User   : Tot= 1.78  [s] Ave/Min/Max=0.000427(+- 0.00202)/       0/    0.01  [s] #=4164
2026-02-12 18:34:43,009 InDetVKalVxInJetTool                                 INFO Time User   : Tot= 1.78  [s] Ave/Min/Max=0.000427(+- 0.00202)/       0/    0.01  [s] #=4164
2026-02-12 18:34:43,010 JetTagVertexDecoratorAlgAntiKt4EMPF...JFVarFactory   INFO  Finalization of JetFitterVariablesFactory successful
2026-02-12 18:34:43,010 JetTagVertexDecoratorAlgAntiKt4E...Analysis::SVTag   INFO #BTAG# Number of jets used for calibration for reference ALL : #b= 0 #light= 0 #charm= 0
2026-02-12 18:34:43,010 InDetVKalVxInJetTool                                 INFO Time User   : Tot= 1.78  [s] Ave/Min/Max=0.000427(+- 0.00202)/       0/    0.01  [s] #=4164
2026-02-12 18:34:43,010 InDetVKalVxInJetTool                                 INFO Time User   : Tot= 1.78  [s] Ave/Min/Max=0.000427(+- 0.00202)/       0/    0.01  [s] #=4164
2026-02-12 18:34:43,016 ToolSvc.DFCommonTruthForwardProtonTool               INFO Processed 334197 truth particles, 0 were retained 
2026-02-12 18:34:43,016 ToolSvc.DFCommonTruthBSMTool                         INFO Processed 334197 truth particles, 0 were retained 
2026-02-12 18:34:43,016 ToolSvc.DFCommonTruthBosonTool                       INFO Processed 334197 truth particles, 717 were retained 
2026-02-12 18:34:43,016 ToolSvc.DFCommonTruthTopTool                         INFO Processed 334197 truth particles, 802 were retained 
2026-02-12 18:34:43,017 ToolSvc.DFCommonTruthBottomTool                      INFO Processed 334197 truth particles, 890 were retained 
2026-02-12 18:34:43,017 ToolSvc.DFCommonTruthNeutrinoTool                    INFO Processed 334197 truth particles, 304 were retained 
2026-02-12 18:34:43,017 ToolSvc.DFCommonTruthPhotonToolSim                   INFO Processed 334197 truth particles, 1212 were retained 
2026-02-12 18:34:43,017 ToolSvc.DFCommonTruthElectronTool                    INFO Processed 334197 truth particles, 771 were retained 
2026-02-12 18:34:43,017 ToolSvc.DFCommonTruthMuonTool                        INFO Processed 334197 truth particles, 121 were retained 
2026-02-12 18:34:43,017 ToolSvc.PhysCommonTruthCharmTool                     INFO Processed 334197 truth particles, 896 were retained 
2026-02-12 18:34:43,017 ToolSvc.DFCommonTruthClassificationTool              INFO Processed and decorated 334197 truth particles
2026-02-12 18:34:43,017 AthenaPoolSharedIOCnvSvc.OutputStreamingTool         INFO in finalize()
2026-02-12 18:34:43,029 InDet_TrkInJetType                                   INFO Time User   : Tot= 1.07  [s] Ave/Min/Max=5.44e-05(+-0.000736)/       0/    0.01  [s] #=19658
2026-02-12 18:34:43,029 InDet_TrkInJetType                                   INFO Time User   : Tot= 1.07  [s] Ave/Min/Max=5.44e-05(+-0.000736)/       0/    0.01  [s] #=19658
2026-02-12 18:34:43,029 InDet_TrkInJetType                                   INFO Time User   : Tot= 1.07  [s] Ave/Min/Max=5.44e-05(+-0.000736)/       0/    0.01  [s] #=19658
2026-02-12 18:34:43,029 InDet_TrkInJetType                                   INFO Time User   : Tot= 1.07  [s] Ave/Min/Max=5.44e-05(+-0.000736)/       0/    0.01  [s] #=19658
2026-02-12 18:34:43,030 ToolSvc.DiTauIDDeco...DiTauRec_OnnxScoreCalculator   INFO Finalizing DiTauOnnxDiscriminantTool
2026-02-12 18:34:43,045 AtlasTrackingGeometryCond...MuonStationTypeBuilder   INFO  finalize() successful
2026-02-12 18:34:43,047 METAssociat...MET_AssociationTool_AntiKt4EMPFlowHR   INFO Finalizing METAssociation_AntiKt4EMPFlowHR.MET_AssociationTool_AntiKt4EMPFlowHR...
2026-02-12 18:34:43,047 METAssociatio...MET_AssociationTool_AntiKt4EMPFlow   INFO Finalizing METAssociation_AntiKt4EMPFlow.MET_AssociationTool_AntiKt4EMPFlow...
2026-02-12 18:34:43,047 METAssociation...MET_AssociationTool_AntiKt4EMTopo   INFO Finalizing METAssociation_AntiKt4EMTopo.MET_AssociationTool_AntiKt4EMTopo...
2026-02-12 18:34:43,047 METRecoAlg_Truth.MET_RegionTool_Truth                INFO Finalizing METRecoAlg_Truth.MET_RegionTool_Truth...
2026-02-12 18:34:43,047 METRecoAlg_Truth.MET_RecoTool_Truth                  INFO Finalizing METRecoAlg_Truth.MET_RecoTool_Truth...
2026-02-12 18:34:43,048 METRecoAlg_Truth.MET_R...MET_IntMuonsRegions_Truth   INFO Finalizing METRecoAlg_Truth.MET_RegionTool_Truth.MET_IntMuonsRegions_Truth...
2026-02-12 18:34:43,048 METRecoAlg_Truth.MET_Reg...MET_IntOutRegions_Truth   INFO Finalizing METRecoAlg_Truth.MET_RegionTool_Truth.MET_IntOutRegions_Truth...
2026-02-12 18:34:43,048 METRecoAlg_Truth.MET_Region...MET_IntRegions_Truth   INFO Finalizing METRecoAlg_Truth.MET_RegionTool_Truth.MET_IntRegions_Truth...
2026-02-12 18:34:43,048 METRecoAlg_Truth.MET_Reg...MET_NonIntRegions_Truth   INFO Finalizing METRecoAlg_Truth.MET_RegionTool_Truth.MET_NonIntRegions_Truth...

The MCnet usage guidelines apply to Rivet: see http://www.montecarlonet.org/GUIDELINES
Please acknowledge Rivet in results made using it, and cite https://arxiv.org/abs/2404.15984 and https://arxiv.org/abs/2312.15070
2026-02-12 18:34:43,147 PerfMonMTSvc                                         INFO Finalizing PerfMonMTSvc
2026-02-12 18:34:43,147 IdDictDetDescrCnv                                    INFO in finalize
2026-02-12 18:34:43,150 *****Chrono*****                                     INFO ****************************************************************************************************
2026-02-12 18:34:43,150 *****Chrono*****                                     INFO  The Final CPU consumption ( Chrono ) Table (ordered)
2026-02-12 18:34:43,151 *****Chrono*****                                     INFO ****************************************************************************************************
2026-02-12 18:34:43,151 AthenaMP_seek                                        INFO Time User   : Tot=    0 [us] Ave/Min/Max=       0(+-       0)/       0/       0 [us] #=  2
2026-02-12 18:34:43,151 DiTauJets_DiTauIDDecorKernel                         INFO Time User   : Tot=    0 [us] Ave/Min/Max=       0(+-       0)/       0/       0 [us] #=200
2026-02-12 18:34:43,151 DFCommonTruthMetaDataWriterKernel                    INFO Time User   : Tot=    0 [us] Ave/Min/Max=       0(+-       0)/       0/       0 [us] #=200
2026-02-12 18:34:43,151 MCTruthCommonPostJetKernelNo3                        INFO Time User   : Tot=    0 [us] Ave/Min/Max=       0(+-       0)/       0/       0 [us] #=200
2026-02-12 18:34:43,151 MCTruthCommonPreJetKernelNo11                        INFO Time User   : Tot=    0 [us] Ave/Min/Max=       0(+-       0)/       0/       0 [us] #=200
2026-02-12 18:34:43,151 DiTauJetsLowPt_DiTauIDDecorKernel                    INFO Time User   : Tot=    0 [us] Ave/Min/Max=       0(+-       0)/       0/       0 [us] #=200
2026-02-12 18:34:43,151 DFCommonMuonsKernel2                                 INFO Time User   : Tot=    0 [us] Ave/Min/Max=       0(+-       0)/       0/       0 [us] #=200
2026-02-12 18:34:43,151 InDetCommonKernelDFCommonZ0AtPV                      INFO Time User   : Tot=    0 [us] Ave/Min/Max=       0(+-       0)/       0/       0 [us] #=200
2026-02-12 18:34:43,151 MCTruthCommonPreJetKernelNo12                        INFO Time User   : Tot=    0 [us] Ave/Min/Max=       0(+-       0)/       0/       0 [us] #=200
2026-02-12 18:34:43,152 MCTruthCommonPreJetKernelNo9                         INFO Time User   : Tot=    0 [us] Ave/Min/Max=       0(+-       0)/       0/       0 [us] #=200
2026-02-12 18:34:43,152 MCTruthCommonBornLeptonsKernel                       INFO Time User   : Tot=    0 [us] Ave/Min/Max=       0(+-       0)/       0/       0 [us] #=200
2026-02-12 18:34:43,152 DistanceInTrainAugmentation                          INFO Time User   : Tot=    0 [us] Ave/Min/Max=       0(+-       0)/       0/       0 [us] #=200
2026-02-12 18:34:43,152 MCTruthCommonPreJetKernelNo13                        INFO Time User   : Tot=    0 [us] Ave/Min/Max=       0(+-       0)/       0/       0 [us] #=200
2026-02-12 18:34:43,152 BadBatmanAugmentation                                INFO Time User   : Tot=    0 [us] Ave/Min/Max=       0(+-       0)/       0/       0 [us] #=200
2026-02-12 18:34:43,152 MCTruthCommonPreJetKernelNo4                         INFO Time User   : Tot=    0 [us] Ave/Min/Max=       0(+-       0)/       0/       0 [us] #=200
2026-02-12 18:34:43,152 MCTruthCommonPreJetKernelNo6                         INFO Time User   : Tot=    0 [us] Ave/Min/Max=       0(+-       0)/       0/       0 [us] #=200
2026-02-12 18:34:43,152 MCTruthCommonPreJetKernelNo18                        INFO Time User   : Tot=   10 [ms] Ave/Min/Max=    0.05(+-   0.705)/       0/      10 [ms] #=200
2026-02-12 18:34:43,152 MCTruthCommonTruthPVCollKernel                       INFO Time User   : Tot=   10 [ms] Ave/Min/Max=    0.05(+-   0.705)/       0/      10 [ms] #=200
2026-02-12 18:34:43,152 TauRNNLooseAugmentationKernel                        INFO Time User   : Tot=   10 [ms] Ave/Min/Max=    0.05(+-   0.705)/       0/      10 [ms] #=200
2026-02-12 18:34:43,152 MCTruthCommonPreJetKernelNo14                        INFO Time User   : Tot=   10 [ms] Ave/Min/Max=    0.05(+-   0.705)/       0/      10 [ms] #=200
2026-02-12 18:34:43,152 MCTruthCommonPreJetKernelNo15                        INFO Time User   : Tot=   10 [ms] Ave/Min/Max=    0.05(+-   0.705)/       0/      10 [ms] #=200
2026-02-12 18:34:43,152 MCTruthCommonPostJetKernelNo1                        INFO Time User   : Tot=   10 [ms] Ave/Min/Max=    0.05(+-   0.705)/       0/      10 [ms] #=200
2026-02-12 18:34:43,152 MCTruthCommonPreJetKernelNo17                        INFO Time User   : Tot=   10 [ms] Ave/Min/Max=    0.05(+-   0.705)/       0/      10 [ms] #=200
2026-02-12 18:34:43,152 MCTruthCommonPreJetKernelNo16                        INFO Time User   : Tot=   10 [ms] Ave/Min/Max=    0.05(+-   0.705)/       0/      10 [ms] #=200
2026-02-12 18:34:43,152 MCTruthCommonTausAndDecaysKernel                     INFO Time User   : Tot=   10 [ms] Ave/Min/Max=    0.05(+-   0.705)/       0/      10 [ms] #=200
2026-02-12 18:34:43,152 MCTruthCommonPreJetKernelNo3                         INFO Time User   : Tot=   10 [ms] Ave/Min/Max=    0.05(+-   0.705)/       0/      10 [ms] #=200
2026-02-12 18:34:43,152 MCTruthCommonPreJetKernelNo2                         INFO Time User   : Tot=   20 [ms] Ave/Min/Max=     0.1(+-   0.995)/       0/      10 [ms] #=200
2026-02-12 18:34:43,153 MCTruthCommonPreJetKernelNo10                        INFO Time User   : Tot=   30 [ms] Ave/Min/Max=    0.15(+-    1.22)/       0/      10 [ms] #=200
2026-02-12 18:34:43,153 MCTruthCommonPreJetKernelNo5                         INFO Time User   : Tot=   30 [ms] Ave/Min/Max=    0.15(+-    1.22)/       0/      10 [ms] #=200
2026-02-12 18:34:43,153 MCTruthCommonPreJetKernelNo7                         INFO Time User   : Tot=   30 [ms] Ave/Min/Max=    0.15(+-    1.22)/       0/      10 [ms] #=200
2026-02-12 18:34:43,153 MCTruthCommonBosonsAndDecaysKernel                   INFO Time User   : Tot=   30 [ms] Ave/Min/Max=    0.15(+-    1.22)/       0/      10 [ms] #=200
2026-02-12 18:34:43,153 MiniCollectionTruthLinkKernelNo2                     INFO Time User   : Tot=   30 [ms] Ave/Min/Max=    0.15(+-    1.22)/       0/      10 [ms] #=200
2026-02-12 18:34:43,153 MCTruthCommonPostJetKernelNo2                        INFO Time User   : Tot=   40 [ms] Ave/Min/Max=     0.2(+-     1.4)/       0/      10 [ms] #=200
2026-02-12 18:34:43,153 MiniCollectionTruthLinkKernelNo1                     INFO Time User   : Tot=   40 [ms] Ave/Min/Max=     0.2(+-    1.72)/       0/      20 [ms] #=200
2026-02-12 18:34:43,153 MCTruthCommonPreJetKernelNo1                         INFO Time User   : Tot=   50 [ms] Ave/Min/Max=    0.25(+-    1.56)/       0/      10 [ms] #=200
2026-02-12 18:34:43,153 DFCommonMuonsKernel                                  INFO Time User   : Tot=   50 [ms] Ave/Min/Max=    0.25(+-    1.56)/       0/      10 [ms] #=200
2026-02-12 18:34:43,153 MCTruthCommonBSMAndDecaysKernel                      INFO Time User   : Tot=   60 [ms] Ave/Min/Max=     0.3(+-    1.71)/       0/      10 [ms] #=200
2026-02-12 18:34:43,153 MCTruthCommonPreJetKernelNo8                         INFO Time User   : Tot=   60 [ms] Ave/Min/Max=     0.3(+-    1.71)/       0/      10 [ms] #=200
2026-02-12 18:34:43,153 PhysCommonTruthCharmKernel                           INFO Time User   : Tot=   50 [ms] Ave/Min/Max=    0.25(+-    1.56)/       0/      10 [ms] #=200
2026-02-12 18:34:43,153 MiniCollectionTruthLinkKernelNo3                     INFO Time User   : Tot=   70 [ms] Ave/Min/Max=    0.35(+-    3.06)/       0/      40 [ms] #=200
2026-02-12 18:34:43,153 DiTauIDDecorKernel                                   INFO Time User   : Tot=   80 [ms] Ave/Min/Max=     0.4(+-    1.96)/       0/      10 [ms] #=200
2026-02-12 18:34:43,153 MCTruthNavigationDecoratorKernel                     INFO Time User   : Tot=  130 [ms] Ave/Min/Max=    0.65(+-    2.47)/       0/      10 [ms] #=200
2026-02-12 18:34:43,153 MCTruthCommonHFAndDecaysKernel                       INFO Time User   : Tot=  140 [ms] Ave/Min/Max=     0.7(+-    2.55)/       0/      10 [ms] #=200
2026-02-12 18:34:43,153 InDetCommonKernelDFCommonUsedInFitDecorator          INFO Time User   : Tot=  160 [ms] Ave/Min/Max=     0.8(+-    2.71)/       0/      10 [ms] #=200
2026-02-12 18:34:43,153 TauTruthCommonKernel2                                INFO Time User   : Tot=  160 [ms] Ave/Min/Max=     0.8(+-    3.22)/       0/      30 [ms] #=200
2026-02-12 18:34:43,153 DFCommonHSDecorator                                  INFO Time User   : Tot=  210 [ms] Ave/Min/Max=    1.05(+-    3.92)/       0/      40 [ms] #=200
2026-02-12 18:34:43,154 TauJets_MuonRM_TauIDDecorKernel                      INFO Time User   : Tot=  250 [ms] Ave/Min/Max=    1.25(+-    3.31)/       0/      10 [ms] #=200
2026-02-12 18:34:43,154 HFClassificationCommonKernel                         INFO Time User   : Tot= 0.88  [s] Ave/Min/Max=  0.0044(+- 0.00506)/       0/    0.02  [s] #=200
2026-02-12 18:34:43,154 InDetCommonKernelDFCommonTrackSelection              INFO Time User   : Tot= 1.06  [s] Ave/Min/Max=  0.0053(+- 0.00538)/       0/    0.03  [s] #=200
2026-02-12 18:34:43,154 InDet_TrkInJetType                                   INFO Time User   : Tot= 1.07  [s] Ave/Min/Max=5.44e-05(+-0.000736)/       0/    0.01  [s] #=19658
2026-02-12 18:34:43,154 InDetVKalVxInJetTool                                 INFO Time User   : Tot= 1.78  [s] Ave/Min/Max=0.000427(+- 0.00202)/       0/    0.01  [s] #=4164
2026-02-12 18:34:43,154 MCTruthClassificationKernel                          INFO Time User   : Tot=    2  [s] Ave/Min/Max=    0.01(+- 0.00458)/       0/    0.02  [s] #=200
2026-02-12 18:34:43,154 EGammaCommonKernel                                   INFO Time User   : Tot=    4  [s] Ave/Min/Max=    0.02(+-  0.0122)/       0/     0.1  [s] #=200
2026-02-12 18:34:43,154 TauJets_TauIDDecorKernel                             INFO Time User   : Tot= 4.63  [s] Ave/Min/Max=  0.0232(+- 0.00946)/    0.01/    0.07  [s] #=200
2026-02-12 18:34:43,154 PHYSKernel                                           INFO Time User   : Tot= 5.84  [s] Ave/Min/Max=  0.0292(+-   0.403)/       0/    5.71  [s] #=200
2026-02-12 18:34:43,154 ChronoStatSvc                                        INFO Time User   : Tot=  270  [s]  #=  1
2026-02-12 18:34:43,154 AthenaMP_nextEvent                                   INFO Time User   : Tot=  286  [s] Ave/Min/Max=     143(+-     2.8)/     140/     146  [s] #=  2
2026-02-12 18:34:43,154 *****Chrono*****                                     INFO ****************************************************************************************************
2026-02-12 18:34:43,154 ChronoStatSvc.finalize()                             INFO  Service finalized successfully 
2026-02-12 18:34:43,154 FPEAuditor                                           INFO FPE summary for this job
2026-02-12 18:34:43,154 FPEAuditor                                           INFO  FPE OVERFLOWs  : 0
2026-02-12 18:34:43,154 FPEAuditor                                           INFO  FPE INVALIDs   : 0
2026-02-12 18:34:43,155 FPEAuditor                                           INFO  FPE DIVBYZEROs : 0
2026-02-12 18:34:43,260 PerfMonMTSvc                                         INFO =======================================================================================
2026-02-12 18:34:43,260 PerfMonMTSvc                                         INFO                                  PerfMonMTSvc Report                                   
2026-02-12 18:34:43,260 PerfMonMTSvc                                         INFO =======================================================================================
2026-02-12 18:34:43,260 PerfMonMTSvc                                         INFO *** Full set of information can also be found in: perfmonmt_Derivation.json
2026-02-12 18:34:43,261 PerfMonMTSvc                                         INFO *** In order to make plots using the results run the following commands:
2026-02-12 18:34:43,261 PerfMonMTSvc                                         INFO *** $ perfmonmt-plotter.py -i perfmonmt_Derivation.json
2026-02-12 18:34:43,261 PerfMonMTSvc                                         INFO *** In order to print tables using the results run the following commands:
2026-02-12 18:34:43,261 PerfMonMTSvc                                         INFO *** $ perfmonmt-printer.py -i perfmonmt_Derivation.json
2026-02-12 18:34:43,261 PerfMonMTSvc                                         INFO =======================================================================================
2026-02-12 18:34:43,261 PerfMonMTSvc                                         INFO =======================================================================================
2026-02-12 18:34:43,261 PerfMonMTSvc                                         INFO                              Component Level Monitoring                                
2026-02-12 18:34:43,261 PerfMonMTSvc                                         INFO =======================================================================================
2026-02-12 18:34:43,261 PerfMonMTSvc                                         INFO Step       Count           CPU Time [ms]             Vmem [kB]                                Malloc [kB]                                             Component                                                                  
2026-02-12 18:34:43,261 PerfMonMTSvc                                         INFO ---------------------------------------------------------------------------------------
2026-02-12 18:34:43,282 PerfMonMTSvc                                         INFO Initialize 1               3082.95                   124056                                   33379                                                   EGammaCommonKernel                                                         
2026-02-12 18:34:43,282 PerfMonMTSvc                                         INFO Initialize 1               616.79                    38668                                    13219                                                   MuonRemovalTauAODReRecoAlg                                                 
2026-02-12 18:34:43,282 PerfMonMTSvc                                         INFO Initialize 1               511.25                    34356                                    74752                                                   AntiKt10UFOCSSKSoftDropBeta100Zcut10Jets                                   
2026-02-12 18:34:43,282 PerfMonMTSvc                                         INFO Initialize 1               459.10                    9948                                     7539                                                    DFCommonMuonsKernel                                                        
2026-02-12 18:34:43,282 PerfMonMTSvc                                         INFO Initialize 1               446.25                    27648                                    73350                                                   jetrecalg_AntiKt10UFOCSSKSoftDropBeta100Zcut10Jets                         
2026-02-12 18:34:43,282 PerfMonMTSvc                                         INFO Initialize 1               440.30                    7400                                     7416                                                    ToolSvc.DFCommonMuonToolWrapperIDCuts                                      
2026-02-12 18:34:43,283 PerfMonMTSvc                                         INFO Initialize 1               433.72                    6808                                     7334                                                    ToolSvc.DFCommonMuonsSelector                                              
2026-02-12 18:34:43,283 PerfMonMTSvc                                         INFO Initialize 1               424.37                    46276                                    67638                                                   AntiKt4EMPFlowJets                                                         
2026-02-12 18:34:43,283 PerfMonMTSvc                                         INFO Initialize 1               421.05                    46276                                    67336                                                   jetrecalg_AntiKt4EMPFlowJets                                               
2026-02-12 18:34:43,283 PerfMonMTSvc                                         INFO Initialize 1               420.64                    46276                                    67300                                                   jetrecalg_AntiKt4EMPFlowJets.emscalemom_AntiKt4EMPFlow                     
2026-02-12 18:34:43,283 PerfMonMTSvc                                         INFO Initialize 1               420.26                    46276                                    67262                                                   jetrecalg_AntiKt4EMPFlowJets.jetens                                        
2026-02-12 18:34:43,283 PerfMonMTSvc                                         INFO Initialize 1               416.80                    46276                                    67013                                                   jetrecalg_AntiKt4EMPFlowJets.width                                         
2026-02-12 18:34:43,283 PerfMonMTSvc                                         INFO Initialize 1               416.58                    46276                                    67004                                                   jetrecalg_AntiKt4EMPFlowJets.caloqual                                      
2026-02-12 18:34:43,283 PerfMonMTSvc                                         INFO Initialize 1               415.89                    46276                                    66972                                                   jetrecalg_AntiKt4EMPFlowJets.trkmoms                                       
2026-02-12 18:34:43,283 PerfMonMTSvc                                         INFO Initialize 1               414.78                    46276                                    66900                                                   jetrecalg_AntiKt4EMPFlowJets.trksummoms                                    
2026-02-12 18:34:43,283 PerfMonMTSvc                                         INFO Initialize 1               414.28                    46276                                    66838                                                   jetrecalg_AntiKt4EMPFlowJets.jvf                                           
2026-02-12 18:34:43,283 PerfMonMTSvc                                         INFO Initialize 1               413.76                    46276                                    66776                                                   jetrecalg_AntiKt4EMPFlowJets.jvt                                           
2026-02-12 18:34:43,283 PerfMonMTSvc                                         INFO Initialize 1               411.41                    46276                                    66639                                                   jetrecalg_AntiKt4EMPFlowJets.larhvcorr                                     
2026-02-12 18:34:43,283 PerfMonMTSvc                                         INFO Initialize 1               411.22                    46276                                    66629                                                   jetrecalg_AntiKt4EMPFlowJets.iso                                           
2026-02-12 18:34:43,283 PerfMonMTSvc                                         INFO Initialize 1               410.97                    46276                                    66614                                                   jetrecalg_AntiKt4EMPFlowJets.jetPtAssociation                              
2026-02-12 18:34:43,283 PerfMonMTSvc                                         INFO Initialize 1               410.75                    46276                                    66595                                                   jetrecalg_AntiKt4EMPFlowJets.qgtagging                                     
2026-02-12 18:34:43,283 PerfMonMTSvc                                         INFO Initialize 1               409.61                    46276                                    66515                                                   jetrecalg_AntiKt4EMPFlowJets.nnjvt                                         
2026-02-12 18:34:43,283 PerfMonMTSvc                                         INFO Initialize 1               407.41                    46276                                    66477                                                   jetrecalg_AntiKt4EMPFlowJets.fJVT                                          
2026-02-12 18:34:43,284 PerfMonMTSvc                                         INFO Initialize 1               376.67                    79640                                    2425                                                    ToolSvc.ElectronPassDNNLoose                                               
2026-02-12 18:34:43,284 PerfMonMTSvc                                         INFO Initialize 1               366.31                    28136                                    1977                                                    TrigNavSlimmingMTAlg_DAOD                                                  
2026-02-12 18:34:43,284 PerfMonMTSvc                                         INFO Initialize 1               356.42                    78848                                    2204                                                    ToolSvc.ElectronPassDNNLoose.ElectronDNNSelectorLoose                      
2026-02-12 18:34:43,284 PerfMonMTSvc                                         INFO Initialize 1               347.05                    7168                                     39912                                                   jetrecalg_AntiKt10UFOCSSKSoftDropBeta100Zcut10Jets.width                   
2026-02-12 18:34:43,284 PerfMonMTSvc                                         INFO Initialize 1               346.75                    7168                                     39895                                                   jetrecalg_AntiKt10UFOCSSKSoftDropBeta100Zcut10Jets.nsubjettiness           
2026-02-12 18:34:43,284 PerfMonMTSvc                                         INFO Initialize 1               345.58                    7168                                     39849                                                   jetrecalg_AntiKt10UFOCSSKSoftDropBeta100Zcut10Jets.ktsplitter              
2026-02-12 18:34:43,284 PerfMonMTSvc                                         INFO Initialize 1               345.09                    7168                                     39827                                                   jetrecalg_AntiKt10UFOCSSKSoftDropBeta100Zcut10Jets.ecorr                   
2026-02-12 18:34:43,284 PerfMonMTSvc                                         INFO Initialize 1               344.42                    7168                                     39796                                                   jetrecalg_AntiKt10UFOCSSKSoftDropBeta100Zcut10Jets.qw                      
2026-02-12 18:34:43,284 PerfMonMTSvc                                         INFO Initialize 1               343.91                    7168                                     39766                                                   jetrecalg_AntiKt10UFOCSSKSoftDropBeta100Zcut10Jets.comshapes               
2026-02-12 18:34:43,284 PerfMonMTSvc                                         INFO Initialize 1               343.03                    7168                                     39724                                                   jetrecalg_AntiKt10UFOCSSKSoftDropBeta100Zcut10Jets.ecorrgeneral            
2026-02-12 18:34:43,284 PerfMonMTSvc                                         INFO Initialize 1               341.96                    7168                                     39658                                                   jetrecalg_AntiKt10UFOCSSKSoftDropBeta100Zcut10Jets.truthlabeler_R10TruthLabel_R21Precision
2026-02-12 18:34:43,284 PerfMonMTSvc                                         INFO Initialize 1               341.05                    7168                                     39613                                                   jetrecalg_AntiKt10UFOCSSKSoftDropBeta100Zcut10Jets.truthlabeler_R10TruthLabel_R21Precision_2022v1
2026-02-12 18:34:43,284 PerfMonMTSvc                                         INFO Initialize 1               340.24                    7168                                     39565                                                   jetrecalg_AntiKt10UFOCSSKSoftDropBeta100Zcut10Jets.truthlabeler_R10TruthLabel_R22v1
2026-02-12 18:34:43,284 PerfMonMTSvc                                         INFO Initialize 1               339.44                    7168                                     39518                                                   jetrecalg_AntiKt10UFOCSSKSoftDropBeta100Zcut10Jets.truthlabeler_R10WZTruthLabel_R22v1
2026-02-12 18:34:43,284 PerfMonMTSvc                                         INFO Initialize 1               338.67                    7168                                     39492                                                   jetrecalg_AntiKt10UFOCSSKSoftDropBeta100Zcut10Jets.emscalemom_AntiKt10UFOCSSKSoftDropBeta100Zcut10
2026-02-12 18:34:43,284 PerfMonMTSvc                                         INFO Initialize 1               338.30                    7168                                     39454                                                   jetrecalg_AntiKt10UFOCSSKSoftDropBeta100Zcut10Jets.jetenslargeR            
2026-02-12 18:34:43,284 PerfMonMTSvc                                         INFO Initialize 1               336.90                    7168                                     39409                                                   jetrecalg_AntiKt10UFOCSSKSoftDropBeta100Zcut10Jets.constitFrac             
2026-02-12 18:34:43,284 PerfMonMTSvc                                         INFO Initialize 1               336.61                    7168                                     39395                                                   jetrecalg_AntiKt10UFOCSSKSoftDropBeta100Zcut10Jets.groomMRatio             
2026-02-12 18:34:43,285 PerfMonMTSvc                                         INFO Initialize 1               336.44                    7168                                     39385                                                   jetrecalg_AntiKt10UFOCSSKSoftDropBeta100Zcut10Jets.BoostedJetTaggerTool-Top
2026-02-12 18:34:43,285 PerfMonMTSvc                                         INFO Initialize 1               336.21                    25156                                    1681                                                    ToolSvc.TrigDecisionTool.Navigation                                        
2026-02-12 18:34:43,285 PerfMonMTSvc                                         INFO Initialize 1               336.04                    7168                                     39300                                                   jetrecalg_AntiKt10UFOCSSKSoftDropBeta100Zcut10Jets.BoostedJetTaggerTool-Top.MLHelper
2026-02-12 18:34:43,285 PerfMonMTSvc                                         INFO Initialize 1               318.50                    2048                                     1383                                                    ToolSvc.ElectronPassDNNMediumNoCF                                          
2026-02-12 18:34:43,285 PerfMonMTSvc                                         INFO Initialize 1               316.21                    1024                                     1384                                                    ToolSvc.ElectronPassDNNVeryLooseNoCF97                                     
2026-02-12 18:34:43,285 PerfMonMTSvc                                         INFO Initialize 1               316.20                    4096                                     1384                                                    ToolSvc.ElectronPassDNNMedium                                              
2026-02-12 18:34:43,285 PerfMonMTSvc                                         INFO Initialize 1               316.17                    1024                                     1383                                                    ToolSvc.ElectronPassDNNLooseNoCF                                           
2026-02-12 18:34:43,285 PerfMonMTSvc                                         INFO Initialize 1               314.86                    1024                                     1383                                                    ToolSvc.ElectronPassDNNTightNoCF                                           
2026-02-12 18:34:43,285 PerfMonMTSvc                                         INFO Initialize 1               314.75                    0                                        1384                                                    ToolSvc.ElectronPassDNNTight                                               
2026-02-12 18:34:43,285 PerfMonMTSvc                                         INFO =======================================================================================
2026-02-12 18:34:43,285 PerfMonMTSvc                                         INFO FirstEvent 1               6096.98                   343688                                   313406                                                  PHYSKernel                                                                 
2026-02-12 18:34:43,285 PerfMonMTSvc                                         INFO FirstEvent 2               2681.97                   240360                                   229391                                                  CondInputLoader                                                            
2026-02-12 18:34:43,285 PerfMonMTSvc                                         INFO FirstEvent 2               1382.40                   143360                                   140696                                                  AtlasTrackingGeometryCondAlg                                               
2026-02-12 18:34:43,285 PerfMonMTSvc                                         INFO FirstEvent 2               1137.53                   269976                                   166072                                                  AtlasFieldMapCondAlg                                                       
2026-02-12 18:34:43,285 PerfMonMTSvc                                         INFO FirstEvent 1               394.26                    18080                                    9571                                                    AntiKt10UFOCSSKSoftDropBeta100Zcut10Jets                                   
2026-02-12 18:34:43,285 PerfMonMTSvc                                         INFO FirstEvent 2               354.55                    83968                                    178281                                                  MuonDetectorCondAlg                                                        
2026-02-12 18:34:43,286 PerfMonMTSvc                                         INFO FirstEvent 2               330.44                    107520                                   106955                                                  TRTAlignCondAlg                                                            
2026-02-12 18:34:43,286 PerfMonMTSvc                                         INFO FirstEvent 1               284.37                    1760                                     10358                                                   AntiKt4EMPFlowJets                                                         
2026-02-12 18:34:43,286 PerfMonMTSvc                                         INFO FirstEvent 1               265.09                    3072                                     5566                                                    CaloExtensionBuilderAlg                                                    
2026-02-12 18:34:43,286 PerfMonMTSvc                                         INFO FirstEvent 1               238.24                    1760                                     3136                                                    jetrecalg_AntiKt4EMPFlowJets                                               
2026-02-12 18:34:43,286 PerfMonMTSvc                                         INFO FirstEvent 1               212.52                    0                                        38874                                                   IncidentProcAlg1                                                           
2026-02-12 18:34:43,286 PerfMonMTSvc                                         INFO FirstEvent 1               137.87                    1024                                     191                                                     FtagNN_AntiKt4EMPFlowJets_InDetTrackParticles_BTagging_20250912_GN3EPCLV01_antikt4empflow_network_STANDARD_Jet
2026-02-12 18:34:43,286 PerfMonMTSvc                                         INFO FirstEvent 1               133.25                    3072                                     190                                                     FtagNN_AntiKt4EMPFlowJets_InDetTrackParticles_BTagging_20250213_GN3PflowMuonsV00_antikt4empflow_network_STANDARD_Jet
2026-02-12 18:34:43,286 PerfMonMTSvc                                         INFO FirstEvent 1               128.71                    700                                      1435                                                    TrigNavSlimmingMTAlg_DAOD                                                  
2026-02-12 18:34:43,286 PerfMonMTSvc                                         INFO FirstEvent 1               123.32                    2136                                     13                                                      FtagNN_AntiKt4EMPFlowJets_InDetTrackParticles_BTagging_20250912_GN3EPCLV01_antikt4empflow_network_SIMPLE_FLIP_Jet
2026-02-12 18:34:43,286 PerfMonMTSvc                                         INFO FirstEvent 2               121.52                    53696                                    58445                                                   CaloAlignCondAlg                                                           
2026-02-12 18:34:43,286 PerfMonMTSvc                                         INFO FirstEvent 1               120.67                    68300                                    6944                                                    StreamDAOD_PHYS                                                            
2026-02-12 18:34:43,286 PerfMonMTSvc                                         INFO FirstEvent 1               116.23                    0                                        12                                                      FtagNN_AntiKt4EMPFlowJets_InDetTrackParticles_BTagging_20250213_GN3PflowMuonsV00_antikt4empflow_network_SIMPLE_FLIP_Jet
2026-02-12 18:34:43,286 PerfMonMTSvc                                         INFO FirstEvent 1               110.28                    1952                                     5351                                                    EGammaCommonKernel                                                         
2026-02-12 18:34:43,286 PerfMonMTSvc                                         INFO FirstEvent 2               100.11                    6144                                     6054                                                    SCT_AlignCondAlg                                                           
2026-02-12 18:34:43,286 PerfMonMTSvc                                         INFO FirstEvent 1               96.22                     0                                        138                                                     FtagNN_AntiKt4EMPFlowJets_InDetTrackParticles_BTagging_20250213_GN3V00_antikt4empflow_network_STANDARD_Jet
2026-02-12 18:34:43,286 PerfMonMTSvc                                         INFO FirstEvent 1               82.62                     0                                        -0                                                      IncidentProcAlg3                                                           
2026-02-12 18:34:43,286 PerfMonMTSvc                                         INFO FirstEvent 1               81.23                     0                                        12                                                      FtagNN_AntiKt4EMPFlowJets_InDetTrackParticles_BTagging_20250213_GN3V00_antikt4empflow_network_SIMPLE_FLIP_Jet
2026-02-12 18:34:43,286 PerfMonMTSvc                                         INFO FirstEvent 1               78.09                     10192                                    744                                                     jetrecalg_AntiKt10UFOCSSKSoftDropBeta100Zcut10Jets                         
2026-02-12 18:34:43,287 PerfMonMTSvc                                         INFO FirstEvent 1               68.11                     16                                       5642                                                    MuonRemovalTauAODReRecoAlg                                                 
2026-02-12 18:34:43,287 PerfMonMTSvc                                         INFO FirstEvent 1               66.69                     0                                        909                                                     TauJets_TauIDDecorKernel                                                   
2026-02-12 18:34:43,287 PerfMonMTSvc                                         INFO FirstEvent 1               59.32                     0                                        6826                                                    AntiKt4EMTopoJets                                                          
2026-02-12 18:34:43,287 PerfMonMTSvc                                         INFO FirstEvent 1               51.40                     0                                        1206                                                    AntiKtVR30Rmax4Rmin02TruthChargedJets                                      
2026-02-12 18:34:43,287 PerfMonMTSvc                                         INFO FirstEvent 1               50.31                     0                                        929                                                     jetrecalg_AntiKtVR30Rmax4Rmin02TruthChargedJets                            
2026-02-12 18:34:43,287 PerfMonMTSvc                                         INFO FirstEvent 1               47.69                     0                                        216                                                     DiTauLowPtBuilder                                                          
2026-02-12 18:34:43,287 PerfMonMTSvc                                         INFO FirstEvent 1               45.63                     1272                                     1472                                                    MiniCollectionTruthLinkKernelNo3                                           
2026-02-12 18:34:43,287 PerfMonMTSvc                                         INFO FirstEvent 1               43.25                     3404                                     570                                                     DFCommonHSDecorator                                                        
2026-02-12 18:34:43,287 PerfMonMTSvc                                         INFO FirstEvent 1               40.76                     0                                        3830                                                    jetrecalg_AntiKt4EMTopoJets                                                
2026-02-12 18:34:43,287 PerfMonMTSvc                                         INFO FirstEvent 1               38.28                     0                                        5984                                                    pflowselalg                                                                
2026-02-12 18:34:43,287 PerfMonMTSvc                                         INFO FirstEvent 1               37.81                     1216                                     327                                                     AntiKtVR30Rmax4Rmin02PV0TrackJets                                          
2026-02-12 18:34:43,287 PerfMonMTSvc                                         INFO FirstEvent 2               37.44                     16244                                    15435                                                   AthReadAlg_AllCalo                                                         
2026-02-12 18:34:43,287 PerfMonMTSvc                                         INFO FirstEvent 1               36.85                     1216                                     266                                                     jetrecalg_AntiKtVR30Rmax4Rmin02PV0TrackJets                                
2026-02-12 18:34:43,287 PerfMonMTSvc                                         INFO FirstEvent 1               34.48                     1396                                     1216                                                    TauTruthCommonKernel2                                                      
2026-02-12 18:34:43,287 PerfMonMTSvc                                         INFO FirstEvent 1               31.04                     1604                                     860                                                     TrigBTagCopierAlg                                                          
2026-02-12 18:34:43,287 PerfMonMTSvc                                         INFO FirstEvent 1               29.89                     0                                        195                                                     FtagNN_AntiKt4EMPFlowJets_InDetTrackParticles_BTagging_20231205_GN2v01_antikt4empflow_STANDARD_Jet
2026-02-12 18:34:43,287 PerfMonMTSvc                                         INFO FirstEvent 1               29.78                     1524                                     1550                                                    InDetCommonKernelDFCommonTrackSelection                                    
2026-02-12 18:34:43,287 PerfMonMTSvc                                         INFO FirstEvent 1               28.85                     1032                                     2037                                                    jetalg_ConstitModCorrectPFOCHS_EMPFlow                                     
2026-02-12 18:34:43,287 PerfMonMTSvc                                         INFO FirstEvent 1               27.73                     0                                        4614                                                    PFlowIsolationBuilder                                                      
2026-02-12 18:34:43,288 PerfMonMTSvc                                         INFO FirstEvent 1               27.41                     0                                        52                                                      FtagNN_AntiKt10UFOCSSKSoftDropBeta100Zcut10Jets_InDetTrackParticles_JetCalibTools_CalibArea-00-04-83_CalibrationFactors_bbJESJMS_calibFactors_R22_MC20MC23_CSSKUFO_bJR10v01_20250212_STANDARD_Jet
2026-02-12 18:34:43,288 PerfMonMTSvc                                         INFO FirstEvent 1               27.25                     0                                        53                                                      FtagNN_AntiKt10UFOCSSKSoftDropBeta100Zcut10Jets_InDetTrackParticles_BTagging_20250310_GN2XTauV00_antikt10ufo_network_STANDARD_Jet
2026-02-12 18:34:43,288 PerfMonMTSvc                                         INFO FirstEvent 1               26.81                     0                                        27                                                      FtagNN_AntiKt10UFOCSSKSoftDropBeta100Zcut10Jets_InDetTrackParticles_BTagging_20240925_GN2Xv02_antikt10ufo_network_STANDARD_Jet
2026-02-12 18:34:43,288 PerfMonMTSvc                                         INFO FirstEvent 1               26.18                     0                                        53                                                      FtagNN_AntiKt10UFOCSSKSoftDropBeta100Zcut10Jets_InDetTrackParticles_BTagging_20250912_GN3XPV01_antikt10ufo_network_STANDARD_Jet
2026-02-12 18:34:43,288 PerfMonMTSvc                                         INFO FirstEvent 2               25.70                     5120                                     4942                                                    CaloSuperCellAlignCondAlg                                                  
2026-02-12 18:34:43,288 PerfMonMTSvc                                         INFO FirstEvent 1               24.89                     0                                        52                                                      Electrons_decoratePLIT                                                     
2026-02-12 18:34:43,288 PerfMonMTSvc                                         INFO FirstEvent 1               24.35                     0                                        1836                                                    MCTruthClassificationKernel                                                
2026-02-12 18:34:43,288 PerfMonMTSvc                                         INFO =======================================================================================
2026-02-12 18:34:43,288 PerfMonMTSvc                                         INFO Execute    199             55525.24                  21568                                    1370276                                                 AntiKt10UFOCSSKSoftDropBeta100Zcut10Jets                                   
2026-02-12 18:34:43,288 PerfMonMTSvc                                         INFO Execute    199             41495.21                  0                                        828743                                                  CaloExtensionBuilderAlg                                                    
2026-02-12 18:34:43,288 PerfMonMTSvc                                         INFO Execute    199             39717.95                  2384                                     724910                                                  AntiKt4EMPFlowJets                                                         
2026-02-12 18:34:43,288 PerfMonMTSvc                                         INFO Execute    199             38323.76                  2384                                     366152                                                  jetrecalg_AntiKt4EMPFlowJets                                               
2026-02-12 18:34:43,288 PerfMonMTSvc                                         INFO Execute    199             17545.18                  2544                                     2114                                                    FtagNN_AntiKt4EMPFlowJets_InDetTrackParticles_BTagging_20250912_GN3EPCLV01_antikt4empflow_network_STANDARD_Jet
2026-02-12 18:34:43,288 PerfMonMTSvc                                         INFO Execute    199             17489.41                  1024                                     1568                                                    FtagNN_AntiKt4EMPFlowJets_InDetTrackParticles_BTagging_20250912_GN3EPCLV01_antikt4empflow_network_SIMPLE_FLIP_Jet
2026-02-12 18:34:43,288 PerfMonMTSvc                                         INFO Execute    199             16755.38                  0                                        1955                                                    FtagNN_AntiKt4EMPFlowJets_InDetTrackParticles_BTagging_20250213_GN3PflowMuonsV00_antikt4empflow_network_STANDARD_Jet
2026-02-12 18:34:43,288 PerfMonMTSvc                                         INFO Execute    199             16704.64                  9416                                     1388                                                    FtagNN_AntiKt4EMPFlowJets_InDetTrackParticles_BTagging_20250213_GN3PflowMuonsV00_antikt4empflow_network_SIMPLE_FLIP_Jet
2026-02-12 18:34:43,288 PerfMonMTSvc                                         INFO Execute    199             11666.04                  0                                        1777                                                    FtagNN_AntiKt4EMPFlowJets_InDetTrackParticles_BTagging_20250213_GN3V00_antikt4empflow_network_STANDARD_Jet
2026-02-12 18:34:43,289 PerfMonMTSvc                                         INFO Execute    199             11640.10                  0                                        1394                                                    FtagNN_AntiKt4EMPFlowJets_InDetTrackParticles_BTagging_20250213_GN3V00_antikt4empflow_network_SIMPLE_FLIP_Jet
2026-02-12 18:34:43,289 PerfMonMTSvc                                         INFO Execute    199             8697.02                   0                                        151365                                                  AntiKtVR30Rmax4Rmin02TruthChargedJets                                      
2026-02-12 18:34:43,289 PerfMonMTSvc                                         INFO Execute    199             8528.80                   0                                        122856                                                  jetrecalg_AntiKtVR30Rmax4Rmin02TruthChargedJets                            
2026-02-12 18:34:43,289 PerfMonMTSvc                                         INFO Execute    199             7257.21                   0                                        48795                                                   AntiKtVR30Rmax4Rmin02PV0TrackJets                                          
2026-02-12 18:34:43,289 PerfMonMTSvc                                         INFO Execute    199             7135.55                   0                                        41967                                                   jetrecalg_AntiKtVR30Rmax4Rmin02PV0TrackJets                                
2026-02-12 18:34:43,289 PerfMonMTSvc                                         INFO Execute    199             7008.33                   21568                                    86487                                                   jetrecalg_AntiKt10UFOCSSKSoftDropBeta100Zcut10Jets                         
2026-02-12 18:34:43,289 PerfMonMTSvc                                         INFO Execute    199             6603.16                   0                                        37804                                                   DiTauLowPtBuilder                                                          
2026-02-12 18:34:43,289 PerfMonMTSvc                                         INFO Execute    199             5928.00                   0                                        173015                                                  StreamDAOD_PHYS                                                            
2026-02-12 18:34:43,289 PerfMonMTSvc                                         INFO Execute    199             4828.84                   0                                        605625                                                  AntiKt4EMTopoJets                                                          
2026-02-12 18:34:43,289 PerfMonMTSvc                                         INFO Execute    199             4472.53                   0                                        30143                                                   TauJets_TauIDDecorKernel                                                   
2026-02-12 18:34:43,289 PerfMonMTSvc                                         INFO Execute    199             3949.35                   0                                        108613                                                  EGammaCommonKernel                                                         
2026-02-12 18:34:43,289 PerfMonMTSvc                                         INFO Execute    199             3937.75                   0                                        388470                                                  jetrecalg_AntiKt4EMTopoJets                                                
2026-02-12 18:34:43,289 PerfMonMTSvc                                         INFO Execute    199             3100.03                   0                                        1635                                                    Electrons_decoratePLIT                                                     
2026-02-12 18:34:43,289 PerfMonMTSvc                                         INFO Execute    199             2844.68                   0                                        2089                                                    FtagNN_AntiKt4EMPFlowJets_InDetTrackParticles_BTagging_20231205_GN2v01_antikt4empflow_STANDARD_Jet
2026-02-12 18:34:43,289 PerfMonMTSvc                                         INFO Execute    199             2710.08                   0                                        965                                                     FtagNN_AntiKt4EMPFlowJets_InDetTrackParticles_BTagging_20231205_GN2v01_antikt4empflow_SIMPLE_FLIP_Jet
2026-02-12 18:34:43,289 PerfMonMTSvc                                         INFO Execute    199             2678.82                   0                                        183492                                                  AntiKt4TruthJets                                                           
2026-02-12 18:34:43,289 PerfMonMTSvc                                         INFO Execute    199             2475.82                   0                                        119007                                                  jetrecalg_AntiKt10TruthDressedWZJets                                       
2026-02-12 18:34:43,289 PerfMonMTSvc                                         INFO Execute    199             2238.27                   0                                        151961                                                  AntiKt4TruthDressedWZJets                                                  
2026-02-12 18:34:43,289 PerfMonMTSvc                                         INFO Execute    199             2210.84                   0                                        151719                                                  AntiKt4TruthWZJets                                                         
2026-02-12 18:34:43,290 PerfMonMTSvc                                         INFO Execute    199             2090.10                   0                                        122872                                                  jetrecalg_AntiKt4TruthJets                                                 
2026-02-12 18:34:43,290 PerfMonMTSvc                                         INFO Execute    199             2079.48                   0                                        1329                                                    FtagNN_AntiKt10UFOCSSKSoftDropBeta100Zcut10Jets_InDetTrackParticles_JetCalibTools_CalibArea-00-04-83_CalibrationFactors_bbJESJMS_calibFactors_R22_MC20MC23_CSSKUFO_bJR10v01_20250212_STANDARD_Jet
2026-02-12 18:34:43,290 PerfMonMTSvc                                         INFO Execute    199             2042.68                   0                                        123195                                                  jetrecalg_AntiKt4TruthWZJets                                               
2026-02-12 18:34:43,290 PerfMonMTSvc                                         INFO Execute    199             2039.93                   0                                        123318                                                  jetrecalg_AntiKt4TruthDressedWZJets                                        
2026-02-12 18:34:43,290 PerfMonMTSvc                                         INFO Execute    199             2017.92                   0                                        12181                                                   TrackParticleClusterAssociationAlgUFO                                      
2026-02-12 18:34:43,290 PerfMonMTSvc                                         INFO Execute    199             1988.05                   0                                        1471                                                    FtagNN_AntiKt10UFOCSSKSoftDropBeta100Zcut10Jets_InDetTrackParticles_BTagging_20250912_GN3XPV01_antikt10ufo_network_STANDARD_Jet
2026-02-12 18:34:43,290 PerfMonMTSvc                                         INFO Execute    199             1976.62                   0                                        1401                                                    FtagNN_AntiKt10UFOCSSKSoftDropBeta100Zcut10Jets_InDetTrackParticles_BTagging_20250310_GN2XTauV00_antikt10ufo_network_STANDARD_Jet
2026-02-12 18:34:43,290 PerfMonMTSvc                                         INFO Execute    199             1943.24                   0                                        716                                                     FtagNN_AntiKt10UFOCSSKSoftDropBeta100Zcut10Jets_InDetTrackParticles_BTagging_20240925_GN2Xv02_antikt10ufo_network_STANDARD_Jet
2026-02-12 18:34:43,290 PerfMonMTSvc                                         INFO Execute    199             1921.11                   0                                        117775                                                  MCTruthClassificationKernel                                                
2026-02-12 18:34:43,290 PerfMonMTSvc                                         INFO Execute    199             1833.27                   0                                        60847                                                   METAssociation_AntiKt4EMPFlowHR                                            
2026-02-12 18:34:43,290 PerfMonMTSvc                                         INFO Execute    199             1267.56                   0                                        110715                                                  AntiKt10TruthSoftDropBeta100Zcut10Jets                                     
2026-02-12 18:34:43,290 PerfMonMTSvc                                         INFO Execute    199             1110.11                   0                                        640                                                     FtagNN_AntiKt10UFOCSSKSoftDropBeta100Zcut10Jets_InDetTrackParticles_JetCalibTools_CalibArea-00-04-83_CalibrationFactors_bbJESJMS_calibFactors_R22_MC20_CSSKUFO_bJR10v00Ext_20250212_STANDARD_Jet
2026-02-12 18:34:43,290 PerfMonMTSvc                                         INFO Execute    199             1018.05                   0                                        106967                                                  InDetCommonKernelDFCommonTrackSelection                                    
2026-02-12 18:34:43,290 PerfMonMTSvc                                         INFO Execute    199             958.79                    0                                        208139                                                  AntiKt10LCTopoJets                                                         
2026-02-12 18:34:43,290 PerfMonMTSvc                                         INFO Execute    199             905.67                    2872                                     31692                                                   antikt4empflow_sv1_secvtxfinding                                           
2026-02-12 18:34:43,290 PerfMonMTSvc                                         INFO Execute    199             876.54                    0                                        214051                                                  pflowselalg                                                                
2026-02-12 18:34:43,290 PerfMonMTSvc                                         INFO Execute    199             874.48                    0                                        50961                                                   METAssociation_AntiKt4EMTopo                                               
2026-02-12 18:34:43,290 PerfMonMTSvc                                         INFO Execute    199             864.25                    0                                        37459                                                   jetrecalg_AntiKt10TruthDressedWZSoftDropBeta100Zcut10Jets                  
2026-02-12 18:34:43,291 PerfMonMTSvc                                         INFO Execute    199             854.62                    0                                        19681                                                   HFClassificationCommonKernel                                               
2026-02-12 18:34:43,291 PerfMonMTSvc                                         INFO Execute    199             840.66                    0                                        37070                                                   jetrecalg_AntiKt10TruthSoftDropBeta100Zcut10Jets                           
2026-02-12 18:34:43,291 PerfMonMTSvc                                         INFO Execute    199             834.79                    0                                        128725                                                  jetrecalg_AntiKt10LCTopoJets                                               
2026-02-12 18:34:43,291 PerfMonMTSvc                                         INFO Execute    199             780.12                    0                                        136                                                     IncidentProcAlg1                                                           
2026-02-12 18:34:43,291 PerfMonMTSvc                                         INFO =======================================================================================
2026-02-12 18:34:43,291 PerfMonMTSvc                                         INFO Finalize   1               318.68                    0                                        -667818                                                 ConditionStore                                                             
2026-02-12 18:34:43,291 PerfMonMTSvc                                         INFO Finalize   1               197.02                    -64                                      -246792                                                 DetectorStore                                                              
2026-02-12 18:34:43,291 PerfMonMTSvc                                         INFO Finalize   1               131.94                    -65544                                   -307609                                                 ToolSvc                                                                    
2026-02-12 18:34:43,291 PerfMonMTSvc                                         INFO Finalize   1               64.90                     0                                        -64959                                                  RDBAccessSvc                                                               
2026-02-12 18:34:43,291 PerfMonMTSvc                                         INFO Finalize   1               14.06                     0                                        -16973                                                  StoreGateSvc                                                               
2026-02-12 18:34:43,291 PerfMonMTSvc                                         INFO Finalize   1               9.60                      0                                        -15605                                                  ToolSvc.DiTauIDDecoratorWrapper.DiTauRec_OnnxScoreCalculator               
2026-02-12 18:34:43,292 PerfMonMTSvc                                         INFO Finalize   1               6.11                      0                                        -51128                                                  Gaudi::MultiFileCatalog                                                    
2026-02-12 18:34:43,292 PerfMonMTSvc                                         INFO Finalize   1               3.92                      0                                        -13565                                                  MetaDataStore                                                              
2026-02-12 18:34:43,292 PerfMonMTSvc                                         INFO Finalize   1               2.68                      0                                        -3104                                                   DetDescrCnvSvc                                                             
2026-02-12 18:34:43,292 PerfMonMTSvc                                         INFO Finalize   1               0.74                      0                                        -20                                                     ChronoStatSvc                                                              
2026-02-12 18:34:43,292 PerfMonMTSvc                                         INFO Finalize   1               0.63                      0                                        -767                                                    IOVDbSvc                                                                   
2026-02-12 18:34:43,292 PerfMonMTSvc                                         INFO Finalize   1               0.63                      0                                        6                                                       AntiKt4TruthJets                                                           
2026-02-12 18:34:43,292 PerfMonMTSvc                                         INFO Finalize   1               0.48                      0                                        0                                                       Athena::DelayedConditionsCleanerSvc                                        
2026-02-12 18:34:43,292 PerfMonMTSvc                                         INFO Finalize   1               0.37                      0                                        -5576                                                   InputMetaDataStore                                                         
2026-02-12 18:34:43,292 PerfMonMTSvc                                         INFO Finalize   1               0.36                      0                                        3                                                       AntiKt10UFOCSSKSoftDropBeta100Zcut10Jets                                   
2026-02-12 18:34:43,292 PerfMonMTSvc                                         INFO Finalize   1               0.27                      0                                        2                                                       AntiKt4EMTopoJets                                                          
2026-02-12 18:34:43,292 PerfMonMTSvc                                         INFO Finalize   1               0.27                      0                                        -0                                                      EGammaCommonKernel                                                         
2026-02-12 18:34:43,292 PerfMonMTSvc                                         INFO Finalize   1               0.23                      0                                        2                                                       EventCleanSeq                                                              
2026-02-12 18:34:43,292 PerfMonMTSvc                                         INFO Finalize   1               0.19                      0                                        1                                                       AntiKt4EMPFlowJets                                                         
2026-02-12 18:34:43,292 PerfMonMTSvc                                         INFO Finalize   1               0.13                      0                                        0                                                       FourLeptonVertexAlg                                                        
2026-02-12 18:34:43,292 PerfMonMTSvc                                         INFO Finalize   1               0.12                      0                                        1                                                       AntiKtVR30Rmax4Rmin02PV0TrackJets                                          
2026-02-12 18:34:43,292 PerfMonMTSvc                                         INFO Finalize   1               0.12                      0                                        -1                                                      AthenaPoolSharedIOCnvSvc                                                   
2026-02-12 18:34:43,292 PerfMonMTSvc                                         INFO Finalize   1               0.11                      0                                        1                                                       AntiKtVR30Rmax4Rmin02TruthChargedJets                                      
2026-02-12 18:34:43,292 PerfMonMTSvc                                         INFO Finalize   1               0.11                      0                                        1                                                       AntiKt10LCTopoJets                                                         
2026-02-12 18:34:43,292 PerfMonMTSvc                                         INFO Finalize   1               0.11                      0                                        -4                                                      ToolSvc.PHYSDiTauLowPtTPThinningTool                                       
2026-02-12 18:34:43,293 PerfMonMTSvc                                         INFO Finalize   1               0.10                      0                                        1                                                       AntiKt4TruthWZJets                                                         
2026-02-12 18:34:43,293 PerfMonMTSvc                                         INFO Finalize   1               0.10                      0                                        1                                                       AntiKt4TruthDressedWZJets                                                  
2026-02-12 18:34:43,293 PerfMonMTSvc                                         INFO Finalize   1               0.10                      0                                        -0                                                      PHYSKernel                                                                 
2026-02-12 18:34:43,293 PerfMonMTSvc                                         INFO Finalize   1               0.09                      0                                        1                                                       AntiKt10TruthSoftDropBeta100Zcut10Jets                                     
2026-02-12 18:34:43,293 PerfMonMTSvc                                         INFO Finalize   1               0.09                      0                                        -11                                                     EventSelector                                                              
2026-02-12 18:34:43,293 PerfMonMTSvc                                         INFO Finalize   1               0.09                      0                                        -0                                                      TruthCategoriesDecorator.xAODToHepMCTool                                   
2026-02-12 18:34:43,293 PerfMonMTSvc                                         INFO Finalize   1               0.08                      0                                        -0                                                      InDetUsedInFitDecorator_0Alg                                               
2026-02-12 18:34:43,293 PerfMonMTSvc                                         INFO Finalize   1               0.08                      0                                        -0                                                      antikt10ufocssksoftdropbeta100zcut10_sv1flip_secvtxfinding.IDVKalVxInJetFlip
2026-02-12 18:34:43,293 PerfMonMTSvc                                         INFO Finalize   1               0.07                      0                                        0                                                       AllExecutedEventsCounterAlg                                                
2026-02-12 18:34:43,293 PerfMonMTSvc                                         INFO Finalize   1               0.07                      0                                        -0                                                      ToolSvc.TrigDecisionTool                                                   
2026-02-12 18:34:43,293 PerfMonMTSvc                                         INFO Finalize   1               0.07                      0                                        -24                                                     ToolSvc.CaloSurfaceBuilder                                                 
2026-02-12 18:34:43,293 PerfMonMTSvc                                         INFO Finalize   1               0.07                      0                                        -0                                                      CondInputLoader                                                            
2026-02-12 18:34:43,293 PerfMonMTSvc                                         INFO Finalize   1               0.06                      0                                        -0                                                      MCTruthClassificationKernel                                                
2026-02-12 18:34:43,293 PerfMonMTSvc                                         INFO Finalize   1               0.06                      0                                        -0                                                      TruthCategoriesDecorator.HiggsTruthCategoryTool                            
2026-02-12 18:34:43,293 PerfMonMTSvc                                         INFO Finalize   1               0.06                      0                                        -0                                                      DFCommonMuonsKernel                                                        
2026-02-12 18:34:43,293 PerfMonMTSvc                                         INFO Finalize   1               0.06                      0                                        -0                                                      AtlasTrackingGeometryCondAlg.AtlasGeometryBuilder.MuonTrackingGeometryBuilderCond.MuonStationBuilderCond.MuonStationTypeBuilder
2026-02-12 18:34:43,293 PerfMonMTSvc                                         INFO Finalize   1               0.06                      0                                        -0                                                      antikt10ufocssksoftdropbeta100zcut10_sv1flip_secvtxfinding.IDVKalVxInJetFlip.TrkInJetType
2026-02-12 18:34:43,293 PerfMonMTSvc                                         INFO Finalize   1               0.06                      0                                        -0                                                      ToolSvc.DFCommonUsedInFitDecorator                                         
2026-02-12 18:34:43,293 PerfMonMTSvc                                         INFO Finalize   1               0.05                      0                                        -0                                                      TauJets_MuonRM_TauIDDecorKernel                                            
2026-02-12 18:34:43,294 PerfMonMTSvc                                         INFO Finalize   1               0.05                      0                                        -0                                                      BadBatmanAugmentation                                                      
2026-02-12 18:34:43,294 PerfMonMTSvc                                         INFO Finalize   1               0.05                      0                                        -0                                                      DiTauIDDecorKernel                                                         
2026-02-12 18:34:43,294 PerfMonMTSvc                                         INFO Finalize   1               0.05                      0                                        -0                                                      MCTruthCommonPreJetKernelNo1                                               
2026-02-12 18:34:43,294 PerfMonMTSvc                                         INFO Finalize   1               0.05                      0                                        -0                                                      TauTruthCommonKernel2                                                      
2026-02-12 18:34:43,294 PerfMonMTSvc                                         INFO Finalize   1               0.05                      0                                        -5                                                      PoolSvc                                                                    
2026-02-12 18:34:43,294 PerfMonMTSvc                                         INFO Finalize   1               0.05                      0                                        -4                                                      ToolSvc.PHYSDiTauLowPtThinningTool                                         
2026-02-12 18:34:43,294 PerfMonMTSvc                                         INFO =======================================================================================
2026-02-12 18:34:43,294 PerfMonMTSvc                                         INFO preLoadProxy 1               25.14                     0                                        40                                                      loadCachesOverhead:COOLOFL_INDET/OFLP200                                   
2026-02-12 18:34:43,294 PerfMonMTSvc                                         INFO preLoadProxy 1               19.54                     1024                                     3                                                       loadCachesOverhead:COOLOFL_LAR/OFLP200                                     
2026-02-12 18:34:43,294 PerfMonMTSvc                                         INFO preLoadProxy 1               16.31                     0                                        13                                                      loadCachesOverhead:COOLOFL_TRT/OFLP200                                     
2026-02-12 18:34:43,294 PerfMonMTSvc                                         INFO preLoadProxy 1               15.34                     1024                                     1156                                                    FldrCache:/LAR/Align                                                       
2026-02-12 18:34:43,294 PerfMonMTSvc                                         INFO preLoadProxy 1               14.01                     0                                        3                                                       loadCachesOverhead:COOLOFL_GLOBAL/OFLP200                                  
2026-02-12 18:34:43,294 PerfMonMTSvc                                         INFO preLoadProxy 1               13.66                     0                                        2                                                       loadCachesOverhead:COOLOFL_DCS/OFLP200                                     
2026-02-12 18:34:43,294 PerfMonMTSvc                                         INFO preLoadProxy 1               13.58                     0                                        542                                                     FldrCache:/Indet/Align                                                     
2026-02-12 18:34:43,294 PerfMonMTSvc                                         INFO preLoadProxy 1               13.21                     0                                        898                                                     FldrCache:/EXT/DCS/MAGNETS/SENSORDATA                                      
2026-02-12 18:34:43,294 PerfMonMTSvc                                         INFO preLoadProxy 1               11.99                     3072                                     673                                                     loadCachesOverhead:COOLOFL_MDT/OFLP200                                     
2026-02-12 18:34:43,294 PerfMonMTSvc                                         INFO preLoadProxy 1               11.65                     3072                                     1431                                                    FldrCache:/MDT/MM/PASSIVATION                                              
2026-02-12 18:34:43,295 PerfMonMTSvc                                         INFO preLoadProxy 1               11.38                     0                                        753                                                     FldrCache:/TRT/Align                                                       
2026-02-12 18:34:43,295 PerfMonMTSvc                                         INFO preLoadProxy 1               9.93                      0                                        821                                                     FldrCache:/GLOBAL/BField/Maps                                              
2026-02-12 18:34:43,295 PerfMonMTSvc                                         INFO preLoadProxy 1               7.07                      0                                        21                                                      FldrCache:/Indet/Beampos                                                   
2026-02-12 18:34:43,295 PerfMonMTSvc                                         INFO preLoadProxy 1               4.34                      0                                        9                                                       FldrCache:/TRT/Calib/DX                                                    
2026-02-12 18:34:43,295 PerfMonMTSvc                                         INFO preLoadProxy 1               4.13                      0                                        18                                                      FldrCache:/Indet/IBLDist                                                   
2026-02-12 18:34:43,295 PerfMonMTSvc                                         INFO preLoadProxy 1               3.70                      0                                        3                                                       FldrCache:/GLOBAL/TrackingGeo/LayerMaterialV2                              
2026-02-12 18:34:43,295 PerfMonMTSvc                                         INFO preLoadProxy 1               3.61                      0                                        8                                                       FldrCache:/LAR/LArCellPositionShift                                        
2026-02-12 18:34:43,295 PerfMonMTSvc                                         INFO preLoadProxy 1               0.74                      0                                        14                                                      UpdateAddr::/TagInfo                                                       
2026-02-12 18:34:43,295 PerfMonMTSvc                                         INFO preLoadProxy 1               0.40                      0                                        13                                                      FldrSetup:/TagInfo                                                         
2026-02-12 18:34:43,295 PerfMonMTSvc                                         INFO preLoadProxy 1               0.13                      0                                        12                                                      FldrSetup:/Indet/Align                                                     
2026-02-12 18:34:43,295 PerfMonMTSvc                                         INFO preLoadProxy 1               0.10                      0                                        0                                                       FldrSetup:/GLOBAL/TrackingGeo/LayerMaterialV2                              
2026-02-12 18:34:43,295 PerfMonMTSvc                                         INFO preLoadProxy 1               0.10                      0                                        22                                                      FldrSetup:/Digitization/Parameters                                         
2026-02-12 18:34:43,295 PerfMonMTSvc                                         INFO preLoadProxy 1               0.07                      0                                        9                                                       FldrSetup:/TRT/Align                                                       
2026-02-12 18:34:43,295 PerfMonMTSvc                                         INFO preLoadProxy 1               0.07                      0                                        10                                                      FldrSetup:/Indet/IBLDist                                                   
2026-02-12 18:34:43,295 PerfMonMTSvc                                         INFO preLoadProxy 1               0.07                      0                                        0                                                       FldrSetup:LArCellPositionShift                                             
2026-02-12 18:34:43,295 PerfMonMTSvc                                         INFO preLoadProxy 1               0.06                      0                                        2                                                       FldrSetup:/EXT/DCS/MAGNETS/SENSORDATA                                      
2026-02-12 18:34:43,295 PerfMonMTSvc                                         INFO preLoadProxy 1               0.05                      0                                        3                                                       FldrSetup:/GLOBAL/BField/Maps                                              
2026-02-12 18:34:43,295 PerfMonMTSvc                                         INFO preLoadProxy 1               0.04                      0                                        0                                                       FldrSetup:/TRT/Calib/DX                                                    
2026-02-12 18:34:43,295 PerfMonMTSvc                                         INFO preLoadProxy 1               0.04                      0                                        -0                                                      AthenaAttributeList[/Digitization/Parameters]                              
2026-02-12 18:34:43,295 PerfMonMTSvc                                         INFO preLoadProxy 1               0.03                      0                                        1                                                       FldrSetup:/MDT/MM/PASSIVATION                                              
2026-02-12 18:34:43,296 PerfMonMTSvc                                         INFO preLoadProxy 1               0.02                      0                                        2                                                       FldrSetup:/Indet/Beampos                                                   
2026-02-12 18:34:43,296 PerfMonMTSvc                                         INFO preLoadProxy 1               0.02                      0                                        -0                                                      UpdateAddr::AthenaMPEventQueue_1488672_718c774b-951a-43fe-a022-00a6cff534bf
2026-02-12 18:34:43,296 PerfMonMTSvc                                         INFO preLoadProxy 1               0.02                      0                                        -0                                                      UpdateAddr::PRESAMPLER_B_POS                                               
2026-02-12 18:34:43,296 PerfMonMTSvc                                         INFO preLoadProxy 1               0.01                      0                                        0                                                       FldrSetup:/LAR/Align                                                       
2026-02-12 18:34:43,296 PerfMonMTSvc                                         INFO preLoadProxy 1               0.01                      0                                        -0                                                      TRTCond::StrawDxContainer[/TRT/Calib/DX]                                   
2026-02-12 18:34:43,296 PerfMonMTSvc                                         INFO preLoadProxy 1               0.01                      0                                        -0                                                      AthenaAttributeList[/Indet/Beampos]                                        
2026-02-12 18:34:43,296 PerfMonMTSvc                                         INFO preLoadProxy 1               0.01                      0                                        -0                                                      CondAttrListCollection[/EXT/DCS/MAGNETS/SENSORDATA]                        
2026-02-12 18:34:43,296 PerfMonMTSvc                                         INFO preLoadProxy 1               0.01                      0                                        -0                                                      AlignableTransformContainer[/TRT/Align]                                    
2026-02-12 18:34:43,296 PerfMonMTSvc                                         INFO preLoadProxy 1               0.01                      0                                        -0                                                      CondAttrListCollection[/GLOBAL/BField/Maps]                                
2026-02-12 18:34:43,296 PerfMonMTSvc                                         INFO preLoadProxy 1               0.01                      0                                        -0                                                      AlignableTransformContainer[/Indet/Align]                                  
2026-02-12 18:34:43,296 PerfMonMTSvc                                         INFO preLoadProxy 1               0.01                      0                                        -0                                                      UpdateAddr::HEC_NEG                                                        
2026-02-12 18:34:43,296 PerfMonMTSvc                                         INFO preLoadProxy 1               0.01                      0                                        -0                                                      CondAttrListCollection[/MDT/MM/PASSIVATION]                                
2026-02-12 18:34:43,296 PerfMonMTSvc                                         INFO preLoadProxy 1               0.01                      0                                        -0                                                      UpdateAddr::PRESAMPLER_B_NEG                                               
2026-02-12 18:34:43,296 PerfMonMTSvc                                         INFO preLoadProxy 1               0.01                      0                                        -0                                                      CaloRec::CaloCellPositionShift[LArCellPositionShift]                       
2026-02-12 18:34:43,296 PerfMonMTSvc                                         INFO preLoadProxy 1               0.01                      0                                        -0                                                      UpdateAddr::PRESAMPLER_EC_POS                                              
2026-02-12 18:34:43,296 PerfMonMTSvc                                         INFO preLoadProxy 1               0.01                      0                                        -0                                                      UpdateAddr::HEC_POS                                                        
2026-02-12 18:34:43,296 PerfMonMTSvc                                         INFO preLoadProxy 1               0.01                      0                                        -0                                                      DetCondKeyTrans[/LAR/Align]                                                
2026-02-12 18:34:43,296 PerfMonMTSvc                                         INFO preLoadProxy 1               0.01                      0                                        -0                                                      CondAttrListCollection[/Indet/IBLDist]                                     
2026-02-12 18:34:43,297 PerfMonMTSvc                                         INFO preLoadProxy 1               0.01                      0                                        -0                                                      CondAttrListCollection[/TagInfo]                                           
2026-02-12 18:34:43,297 PerfMonMTSvc                                         INFO preLoadProxy 1               0.01                      0                                        -0                                                      UpdateAddr::PRESAMPLER_EC_NEG                                              
2026-02-12 18:34:43,297 PerfMonMTSvc                                         INFO =======================================================================================
2026-02-12 18:34:43,297 PerfMonMTSvc                                         INFO                                 Event Level Monitoring                                 
2026-02-12 18:34:43,297 PerfMonMTSvc                                         INFO         (Only the first 10 and the last measurements are explicitly printed)
2026-02-12 18:34:43,297 PerfMonMTSvc                                         INFO =======================================================================================
2026-02-12 18:34:43,297 PerfMonMTSvc                                         INFO Event            CPU [s]      Wall [s]     Vmem [kB]    Rss [kB]     Pss [kB]     Swap [kB]   
2026-02-12 18:34:43,297 PerfMonMTSvc                                         INFO ---------------------------------------------------------------------------------------
2026-02-12 18:34:43,297 PerfMonMTSvc                                         INFO 1                        1.43        54.95      4458432      2761140       648581            0
2026-02-12 18:34:43,297 PerfMonMTSvc                                         INFO 19                      30.93        85.86      4932120      3547448      1421041            0
2026-02-12 18:34:43,297 PerfMonMTSvc                                         INFO 41                      61.01       116.24      4932120      3551404      1424924            0
2026-02-12 18:34:43,297 PerfMonMTSvc                                         INFO 64                      90.84       146.53      4945408      3560904      1434522            0
2026-02-12 18:34:43,297 PerfMonMTSvc                                         INFO 86                     120.93       177.02      4945408      3564920      1438651            0
2026-02-12 18:34:43,297 PerfMonMTSvc                                         INFO 107                    152.76       209.68      4951856      3570532      1444759            0
2026-02-12 18:34:43,297 PerfMonMTSvc                                         INFO 127                    183.62       240.90      4957248      3576032      1450381            0
2026-02-12 18:34:43,297 PerfMonMTSvc                                         INFO 148                    213.93       271.62      4957248      3575884      1450241            0
2026-02-12 18:34:43,297 PerfMonMTSvc                                         INFO 168                    243.72       301.96      4957248      3577508      1451895            0
2026-02-12 18:34:43,297 PerfMonMTSvc                                         INFO 191                    274.40       333.14      4957248      3577072      1451462            0
2026-02-12 18:34:43,298 PerfMonMTSvc                                         INFO =======================================================================================
2026-02-12 18:34:43,298 PerfMonMTSvc                                         INFO                                 Snapshots Summary                                      
2026-02-12 18:34:43,298 PerfMonMTSvc                                         INFO =======================================================================================
2026-02-12 18:34:43,298 PerfMonMTSvc                                         INFO Step          dCPU [s]     dWall [s]    <CPU>   dVmem [kB]  dRss [kB]   dPss [kB]   dSwap [kB] 
2026-02-12 18:34:43,298 PerfMonMTSvc                                         INFO ---------------------------------------------------------------------------------------
2026-02-12 18:34:43,298 PerfMonMTSvc                                         INFO Configure     13.78        16.37        0.84    1469164     1154304     859563      0          
2026-02-12 18:34:43,298 PerfMonMTSvc                                         INFO Initialize    12.28        25.37        0.48    1884676     1342692     1327765     0          
2026-02-12 18:34:43,298 PerfMonMTSvc                                         INFO FirstEvent    10.44        23.21        0.45    4914568     3530564     1408261     0          
2026-02-12 18:34:43,298 PerfMonMTSvc                                         INFO Execute       277.93       282.12       0.99    42680       46832       43525       0          
2026-02-12 18:34:43,298 PerfMonMTSvc                                         INFO Finalize      0.82         0.88         0.94    -65608      25560       787617      0          
2026-02-12 18:34:43,298 PerfMonMTSvc                                         INFO ***************************************************************************************
2026-02-12 18:34:43,298 PerfMonMTSvc                                         INFO Number of events processed:         200
2026-02-12 18:34:43,298 PerfMonMTSvc                                         INFO CPU usage per event [ms]:           1442
2026-02-12 18:34:43,298 PerfMonMTSvc                                         INFO Events per second:                  0.655
2026-02-12 18:34:43,298 PerfMonMTSvc                                         INFO CPU utilization efficiency [%]:     90
2026-02-12 18:34:43,298 PerfMonMTSvc                                         INFO ***************************************************************************************
2026-02-12 18:34:43,298 PerfMonMTSvc                                         INFO Max Vmem:                           4.73 GB
2026-02-12 18:34:43,298 PerfMonMTSvc                                         INFO Max Rss:                            3.41 GB
2026-02-12 18:34:43,299 PerfMonMTSvc                                         INFO Max Pss:                            1.38 GB
2026-02-12 18:34:43,299 PerfMonMTSvc                                         INFO Max Swap:                           0.00 KB
2026-02-12 18:34:43,299 PerfMonMTSvc                                         INFO ***************************************************************************************
2026-02-12 18:34:43,299 PerfMonMTSvc                                         INFO Leak estimate per event Vmem:       156.00 KB
2026-02-12 18:34:43,299 PerfMonMTSvc                                         INFO Leak estimate per event Pss:        176.00 KB
2026-02-12 18:34:43,299 PerfMonMTSvc                                         INFO   >> Estimated using the last 8 measurements from the Event Level Monitoring
2026-02-12 18:34:43,299 PerfMonMTSvc                                         INFO   >> Events prior to the first 25 are omitted...
2026-02-12 18:34:43,299 PerfMonMTSvc                                         INFO =======================================================================================
2026-02-12 18:34:43,299 PerfMonMTSvc                                         INFO                                   System Information                                   
2026-02-12 18:34:43,299 PerfMonMTSvc                                         INFO =======================================================================================
2026-02-12 18:34:43,300 PerfMonMTSvc                                         INFO CPU Model:                          Intel(R) Xeon(R) Gold 6326 CPU @ 2.90GHz 24576 KB
2026-02-12 18:34:43,300 PerfMonMTSvc                                         INFO Number of Available Cores:          32
2026-02-12 18:34:43,300 PerfMonMTSvc                                         INFO Total Memory:                       251.00 GB
2026-02-12 18:34:43,300 PerfMonMTSvc                                         INFO =======================================================================================
2026-02-12 18:34:43,301 PerfMonMTSvc                                         INFO                                Environment Information                                 
2026-02-12 18:34:43,301 PerfMonMTSvc                                         INFO =======================================================================================
2026-02-12 18:34:43,301 PerfMonMTSvc                                         INFO Malloc Library:                     libtcmalloc_minimal.so
2026-02-12 18:34:43,301 PerfMonMTSvc                                         INFO Math Library:                       libimf.so
2026-02-12 18:34:43,301 PerfMonMTSvc                                         INFO =======================================================================================
2026-02-12 18:34:43,505 ApplicationMgr                                       INFO Application Manager Finalized successfully
