2026-02-12 18:29:47,384 AthMpEvtLoopMgr.SharedEvtQueueConsumer               INFO Logs redirected in the AthenaMP event worker PID=1488816
2026-02-12 18:29:47,384 AthMpEvtLoopMgr.SharedEvtQueueConsumer               INFO Io registry updated in the AthenaMP event worker PID=1488816
2026-02-12 18:29:47,396 AthMpEvtLoopMgr.SharedEvtQueueConsumer               INFO File descriptors re-opened in the AthenaMP event worker PID=1488816
2026-02-12 18:29:47,396 PoolSvc                                              INFO I/O reinitialization...
2026-02-12 18:29:47,397 PoolSvc                                              INFO Setting up APR FileCatalog and Streams
2026-02-12 18:29:47,411 PoolSvc                                              INFO Resolved path (via ATLAS_POOLCOND_PATH) is /cvmfs/atlas-condb.cern.ch/repo/conditions/poolcond/PoolFileCatalog.xml
2026-02-12 18:29:47,435 PoolSvc                                              INFO Unable find catalog apcfile:poolcond/PoolCat_oflcond.xml in $ATLAS_POOLCOND_PATH and $DATAPATH
2026-02-12 18:29:47,435 PoolSvc                                              INFO POOL WriteCatalog is xmlcatalog_file:PoolFileCatalog.xml
2026-02-12 18:29:47,677 DbSession                                            INFO     Open     DbSession
2026-02-12 18:29:47,677 Domain[ROOT_All]                                     INFO >   Access   DbDomain     READ      [ROOT_All]
2026-02-12 18:29:47,677 DbSession                                            INFO     Open     DbSession
2026-02-12 18:29:47,677 Domain[ROOT_All]                                     INFO >   Access   DbDomain     READ      [ROOT_All]
2026-02-12 18:29:47,677 MetaDataSvc                                          INFO I/O reinitialization...
2026-02-12 18:29:47,677 MetaDataSvc                                          INFO Attached MetaDataTool: ToolSvc.IOVDbMetaDataTool
2026-02-12 18:29:47,677 MetaDataSvc                                          INFO Attached MetaDataTool: ToolSvc.BookkeeperTool
2026-02-12 18:29:47,678 MetaDataSvc                                          INFO Attached MetaDataTool: ToolSvc.StreamDAOD_PHYS_CopyEventStreamInfo
2026-02-12 18:29:47,678 MetaDataSvc                                          INFO Attached MetaDataTool: ToolSvc.TriggerMenuMetaDataTool
2026-02-12 18:29:47,678 MetaDataSvc                                          INFO Attached MetaDataTool: ToolSvc.TruthMetaDataTool
2026-02-12 18:29:47,678 MetaDataSvc                                          INFO Attached MetaDataTool: ToolSvc.xAODMaker::FileMetaDataTool
2026-02-12 18:29:47,678 MetaDataSvc                                          INFO Attached MetaDataTool: ToolSvc.xAODMaker::EventFormatMetaDataTool
2026-02-12 18:29:47,678 EventSelector                                        INFO I/O reinitialization...
2026-02-12 18:29:47,678 /eos/home-b/bkamgama/draft/Run_sleep_10000/...root   INFO ->  Access   DbDatabase   READ      [ROOT_All] DDA2F11F-D15D-C648-85F4-1887AA43EA0B
2026-02-12 18:29:47,712 RootDatabase                                         INFO /eos/home-b/bkamgama/draft/Run_sleep_10000/Compression_QT/DAOD_Compression_Analysis/workspaces/lzma_level1/ttree/data/lzma_ttree_level1.AOD.pool.root File version:1063901
2026-02-12 18:29:47,725 StreamDAOD_PHYS                                      INFO I/O reinitialization...
2026-02-12 18:29:47,726 /eos/home-b/bkamgama/draft/Run_sleep_10000/...root   INFO Database being retired...
2026-02-12 18:29:47,726 /eos/home-b/bkamgama/draft/Run_sleep_10000/...root   INFO ->  Deaccess DbDatabase   READ      [ROOT_All] DDA2F11F-D15D-C648-85F4-1887AA43EA0B
2026-02-12 18:29:47,727 Domain[ROOT_All]                                     INFO >   Deaccess DbDomain     READ      [ROOT_All]
2026-02-12 18:29:47,727 DbSession                                            INFO     Open     DbSession
2026-02-12 18:29:47,727 Domain[ROOT_All]                                     INFO >   Access   DbDomain     READ      [ROOT_All]
2026-02-12 18:29:47,727 /eos/home-b/bkamgama/draft/Run_sleep_10000/...root   INFO ->  Access   DbDatabase   READ      [ROOT_All] DDA2F11F-D15D-C648-85F4-1887AA43EA0B
2026-02-12 18:29:47,736 RootDatabase                                         INFO /eos/home-b/bkamgama/draft/Run_sleep_10000/Compression_QT/DAOD_Compression_Analysis/workspaces/lzma_level1/ttree/data/lzma_ttree_level1.AOD.pool.root File version:1063901
2026-02-12 18:29:47,748 AthMpEvtLoopMgr.SharedEvtQueueConsumer               INFO Exec function in the AthenaMP worker PID=1488816
2026-02-12 18:29:48,577 AthMpEvtLoopMgr.SharedEvtQueueConsumer               INFO Received from the queue: event num=100 chunk size=100
2026-02-12 18:29:48,578 AthMpEvtLoopMgr.SharedEvtQueueConsumer               INFO Seek to 100 succeeded
2026-02-12 18:29:49,612 ToolSvc.BookkeeperTool                               INFO Preparing local cache for source 'DDA2F11F-D15D-C648-85F4-1887AA43EA0B' with 194 variations
2026-02-12 18:29:49,615 ToolSvc.BookkeeperTool                               INFO No incomplete bookkeepers with name 'IncompleteCutBookkeepers' in this file
2026-02-12 18:29:49,615 ToolSvc.BookkeeperTool                               INFO No complete bookkeepers with name 'CutBookkeepers' in this file
2026-02-12 18:29:56,385 TBranchAuxDynReader                                  INFO RootAuxDynIO/src/TBranchAuxDynReader.cxx:326 (TBranchAuxDynReader::BranchInfo& TBranchAuxDynReader::getBranchInfo(const unsigned long&, const SG::AuxStoreInternal&)): attribute 'mcEventNumber' (id=1 typename=unsigned long) has different type than the branch: ULong64_t  Marking for schema evolution.
2026-02-12 18:29:56,405 AthenaEventLoopMgr                                   INFO   ===>>>  start processing event #334732103, run #450000 0 events processed so far  <<<===
2026-02-12 18:29:56,530 xAODConfigSvc                                        INFO TrigConfxAOD/src/xAODConfigSvc.cxx:940 (StatusCode TrigConf::xAODConfigSvc::prepareEventxAODTriggerMenuJson(const xAOD::TrigConfKeys*, const xAOD::BunchConfKey*, const EventContext&)): Loaded xAOD::TriggerMenuJson configuration:  SMK = 2130037424, L1PSK = 3785439411, HLTPSK = 266086103, BGSK = 707058941
2026-02-12 18:29:56,607 PerfMonMTSvc                                         INFO Event [    1] CPU Time: 00h00m01s, Wall Time: 00h01m01s, Vmem: 4.25 GB, Rss: 2.64 GB, Pss: 713.16 MB, Swap: 0.00 KB
2026-02-12 18:29:56,607 ToolSvc.TrigDecisionTool                             INFO Updating config in slot 0 with SMK: 2130037424 and L1PSK: 3785439411 and HLTPSK: 266086103 and BGSK: 707058941 getForceConfigUpdate()=1 HLT Chains: 2535
2026-02-12 18:29:56,684 ToolSvc.PhysCommonTruthCharmTool                  WARNING Found xAODTruthMetaDataContainer empty! Configuring to be NOT Sherpa.
2026-02-12 18:29:56,685 ToolSvc.PhysCommonTruthCharmTool                     INFO From metadata configured: Sherpa? 0
2026-02-12 18:29:56,862 ToolSvc.DFCommonBornLeptonCollTool                   INFO From metadata configured: Sherpa? 0
2026-02-12 18:29:57,078 ToolSvc.xAODTrackParticleCompressorTool              INFO Initialising
2026-02-12 18:29:57,078 ToolSvc.xAODTrackParticleCompressorTool              INFO   OffDiagCovMatrixBits = 23
2026-02-12 18:29:57,078 ToolSvc.xAODTrackParticleCompressorTool              INFO   DiagCovMatrixBits    = 23
2026-02-12 18:29:57,078 ToolSvc.xAODTrackParticleCompressorTool              INFO   UseOffDiagCompr = 0
2026-02-12 18:29:57,095 ToolSvc.DFCommonMuonsSelector                     WARNING MuonSelectionTool currently supports Loose, Medium, Tight, HighPt, and LowPtEfficiency WPs for Run3; all other WPs can only be used in ExpertDevelopMode mode
2026-02-12 18:29:57,183 xAODClusterCompressor                                INFO Compression of ClusterMoments to 16 bits enabled
2026-02-12 18:29:57,184 AthenaPoolConverter                                  INFO Retrieved compression tool
WARNING from FastJet: Recluster: the original cluster sequence is lacking explicit ghosts; area support will no longer be available after re-clustering
WARNING from FastJet: Recluster: the original cluster sequence is lacking explicit ghosts; area support will no longer be available after re-clustering
WARNING from FastJet: Recluster: the original cluster sequence is lacking explicit ghosts; area support will no longer be available after re-clustering
WARNING from FastJet: Recluster: the original cluster sequence is lacking explicit ghosts; area support will no longer be available after re-clustering
WARNING from FastJet: Recluster: the original cluster sequence is lacking explicit ghosts; area support will no longer be available after re-clustering (LAST SUCH WARNING)
2026-02-12 18:30:05,358 ClassIDSvc                                           INFO getRegistryEntries: read 2916 CLIDRegistry entries for module ALL
xAOD::AuxSelection WARNING Selected dynamic Aux atribute "DFCommonJets_eventClean_LooseBadLLP" not found in the registry
xAOD::AuxSelection WARNING Selected dynamic Aux atribute "HTXS_Higgs_decay_eta" not found in the registry
xAOD::AuxSelection WARNING Selected dynamic Aux atribute "HTXS_Higgs_decay_m" not found in the registry
xAOD::AuxSelection WARNING Selected dynamic Aux atribute "HTXS_Higgs_decay_phi" not found in the registry
xAOD::AuxSelection WARNING Selected dynamic Aux atribute "HTXS_Higgs_decay_pt" not found in the registry
xAOD::AuxSelection WARNING Selected dynamic Aux atribute "HTXS_Higgs_eta" not found in the registry
xAOD::AuxSelection WARNING Selected dynamic Aux atribute "HTXS_Higgs_m" not found in the registry
xAOD::AuxSelection WARNING Selected dynamic Aux atribute "HTXS_Higgs_phi" not found in the registry
xAOD::AuxSelection WARNING Selected dynamic Aux atribute "HTXS_Higgs_pt" not found in the registry
xAOD::AuxSelection WARNING Selected dynamic Aux atribute "HTXS_Njets_pTjet25" not found in the registry
xAOD::AuxSelection WARNING Selected dynamic Aux atribute "HTXS_Njets_pTjet30" not found in the registry
xAOD::AuxSelection WARNING Selected dynamic Aux atribute "HTXS_Stage0_Category" not found in the registry
xAOD::AuxSelection WARNING Selected dynamic Aux atribute "HTXS_Stage1_2_Category_pTjet25" not found in the registry
xAOD::AuxSelection WARNING Selected dynamic Aux atribute "HTXS_Stage1_2_Category_pTjet30" not found in the registry
xAOD::AuxSelection WARNING Selected dynamic Aux atribute "HTXS_Stage1_2_FineIndex_pTjet25" not found in the registry
xAOD::AuxSelection WARNING Selected dynamic Aux atribute "HTXS_Stage1_2_FineIndex_pTjet30" not found in the registry
xAOD::AuxSelection WARNING Selected dynamic Aux atribute "HTXS_Stage1_2_Fine_Category_pTjet25" not found in the registry
xAOD::AuxSelection WARNING Selected dynamic Aux atribute "HTXS_Stage1_2_Fine_Category_pTjet30" not found in the registry
xAOD::AuxSelection WARNING Selected dynamic Aux atribute "HTXS_Stage1_2_Fine_FineIndex_pTjet25" not found in the registry
xAOD::AuxSelection WARNING Selected dynamic Aux atribute "HTXS_Stage1_2_Fine_FineIndex_pTjet30" not found in the registry
xAOD::AuxSelection WARNING Selected dynamic Aux atribute "HTXS_Stage1_Category_pTjet25" not found in the registry
xAOD::AuxSelection WARNING Selected dynamic Aux atribute "HTXS_Stage1_Category_pTjet30" not found in the registry
xAOD::AuxSelection WARNING Selected dynamic Aux atribute "HTXS_Stage1_FineIndex_pTjet25" not found in the registry
xAOD::AuxSelection WARNING Selected dynamic Aux atribute "HTXS_Stage1_FineIndex_pTjet30" not found in the registry
xAOD::AuxSelection WARNING Selected dynamic Aux atribute "HTXS_V_decay_eta" not found in the registry
xAOD::AuxSelection WARNING Selected dynamic Aux atribute "HTXS_V_decay_m" not found in the registry
xAOD::AuxSelection WARNING Selected dynamic Aux atribute "HTXS_V_decay_phi" not found in the registry
xAOD::AuxSelection WARNING Selected dynamic Aux atribute "HTXS_V_decay_pt" not found in the registry
xAOD::AuxSelection WARNING Selected dynamic Aux atribute "HTXS_V_eta" not found in the registry
xAOD::AuxSelection WARNING Selected dynamic Aux atribute "HTXS_V_jets25_eta" not found in the registry
xAOD::AuxSelection WARNING Selected dynamic Aux atribute "HTXS_V_jets25_m" not found in the registry
xAOD::AuxSelection WARNING Selected dynamic Aux atribute "HTXS_V_jets25_phi" not found in the registry
xAOD::AuxSelection WARNING Selected dynamic Aux atribute "HTXS_V_jets25_pt" not found in the registry
xAOD::AuxSelection WARNING Selected dynamic Aux atribute "HTXS_V_jets30_eta" not found in the registry
xAOD::AuxSelection WARNING Selected dynamic Aux atribute "HTXS_V_jets30_m" not found in the registry
xAOD::AuxSelection WARNING Selected dynamic Aux atribute "HTXS_V_jets30_phi" not found in the registry
xAOD::AuxSelection WARNING Selected dynamic Aux atribute "HTXS_V_jets30_pt" not found in the registry
xAOD::AuxSelection WARNING Selected dynamic Aux atribute "HTXS_V_m" not found in the registry
xAOD::AuxSelection WARNING Selected dynamic Aux atribute "HTXS_V_phi" not found in the registry
xAOD::AuxSelection WARNING Selected dynamic Aux atribute "HTXS_V_pt" not found in the registry
xAOD::AuxSelection WARNING Selected dynamic Aux atribute "HTXS_errorCode" not found in the registry
xAOD::AuxSelection WARNING Selected dynamic Aux atribute "HTXS_isZ2vvDecay" not found in the registry
xAOD::AuxSelection WARNING Selected dynamic Aux atribute "truthClassification" not found in the registry
xAOD::AuxSelection WARNING Selected dynamic Aux atribute "DFCommonGoodMuon" not found in the registry
xAOD::AuxSelection WARNING Selected dynamic Aux atribute "DecayModeVector" not found in the registry
xAOD::AuxSelection WARNING Selected dynamic Aux atribute "IsHadronicTau" not found in the registry
xAOD::AuxSelection WARNING Selected dynamic Aux atribute "decay_vertex_x" not found in the registry
xAOD::AuxSelection WARNING Selected dynamic Aux atribute "decay_vertex_y" not found in the registry
xAOD::AuxSelection WARNING Selected dynamic Aux atribute "decay_vertex_z" not found in the registry
xAOD::AuxSelection WARNING Selected dynamic Aux atribute "eta_invis" not found in the registry
xAOD::AuxSelection WARNING Selected dynamic Aux atribute "eta_vis_neutral" not found in the registry
xAOD::AuxSelection WARNING Selected dynamic Aux atribute "m_invis" not found in the registry
xAOD::AuxSelection WARNING Selected dynamic Aux atribute "m_vis_neutral" not found in the registry
xAOD::AuxSelection WARNING Selected dynamic Aux atribute "numCharged" not found in the registry
xAOD::AuxSelection WARNING Selected dynamic Aux atribute "numChargedPion" not found in the registry
xAOD::AuxSelection WARNING Selected dynamic Aux atribute "numNeutral" not found in the registry
xAOD::AuxSelection WARNING Selected dynamic Aux atribute "numNeutralPion" not found in the registry
xAOD::AuxSelection WARNING Selected dynamic Aux atribute "phi_invis" not found in the registry
xAOD::AuxSelection WARNING Selected dynamic Aux atribute "phi_vis_neutral" not found in the registry
xAOD::AuxSelection WARNING Selected dynamic Aux atribute "prod_vertex_x" not found in the registry
xAOD::AuxSelection WARNING Selected dynamic Aux atribute "prod_vertex_y" not found in the registry
xAOD::AuxSelection WARNING Selected dynamic Aux atribute "prod_vertex_z" not found in the registry
xAOD::AuxSelection WARNING Selected dynamic Aux atribute "pt_invis" not found in the registry
xAOD::AuxSelection WARNING Selected dynamic Aux atribute "pt_vis_neutral" not found in the registry
xAOD::AuxSelection WARNING Selected dynamic Aux atribute "GN3XPV01_pqcd" not found in the registry
xAOD::AuxSelection WARNING Selected dynamic Aux atribute "bJR10v00_mass" not found in the registry
xAOD::AuxSelection WARNING Selected dynamic Aux atribute "bJR10v00_pt" not found in the registry
xAOD::AuxSelection WARNING Selected dynamic Aux atribute "PartonTruthLabelTruthLabelBarcode" not found in the registry
xAOD::AuxSelection WARNING Selected dynamic Aux atribute "PartonTruthLabelTruthLabelDR" not found in the registry
xAOD::AuxSelection WARNING Selected dynamic Aux atribute "PartonTruthLabelTruthLabelID" not found in the registry
xAOD::AuxSelection WARNING Selected dynamic Aux atribute "PartonTruthLabelTruthLabelLxy" not found in the registry
xAOD::AuxSelection WARNING Selected dynamic Aux atribute "PartonTruthLabelTruthLabelPdgId" not found in the registry
xAOD::AuxSelection WARNING Selected dynamic Aux atribute "PartonTruthLabelTruthLabelPt" not found in the registry
2026-02-12 18:30:05,453 TBranchAuxDynReader                                  INFO RootAuxDynIO/src/TBranchAuxDynReader.cxx:326 (TBranchAuxDynReader::BranchInfo& TBranchAuxDynReader::getBranchInfo(const unsigned long&, const SG::AuxStoreInternal&)): attribute 'pileUpMixtureIDLowBits' (id=2 typename=unsigned long) has different type than the branch: ULong64_t  Marking for schema evolution.
2026-02-12 18:30:05,454 TBranchAuxDynReader                                  INFO RootAuxDynIO/src/TBranchAuxDynReader.cxx:326 (TBranchAuxDynReader::BranchInfo& TBranchAuxDynReader::getBranchInfo(const unsigned long&, const SG::AuxStoreInternal&)): attribute 'pileUpMixtureIDHighBits' (id=3 typename=unsigned long) has different type than the branch: ULong64_t  Marking for schema evolution.
2026-02-12 18:30:05,485 copyAuxStoreThinned                               WARNING AthContainers/src/copyAuxStoreThinned.cxx:138: unlocked decoration UEcorr_Pt (955) in object of type xAOD::ElectronAuxContainer_v3
2026-02-12 18:30:05,533 copyAuxStoreThinned                               WARNING AthContainers/src/copyAuxStoreThinned.cxx:138: unlocked decoration UEcorr_Pt (955) in object of type xAOD::MuonAuxContainer_v5
2026-02-12 18:30:05,604 ClassIDSvc                                           INFO getRegistryEntries: read 302 CLIDRegistry entries for module ALL
2026-02-12 18:30:05,689 AthenaEventLoopMgr                                   INFO   ===>>>  done processing event #334732103, run #450000 1 events processed so far  <<<===
2026-02-12 18:30:05,703 PoolSvc                                           WARNING connect: Using default input Stream instead of id = 4294967295
2026-02-12 18:30:07,298 copyAuxStoreThinned                               WARNING AthContainers/src/copyAuxStoreThinned.cxx:138: unlocked decoration UEcorr_Pt (955) in object of type xAOD::ElectronAuxContainer_v3
2026-02-12 18:30:07,307 copyAuxStoreThinned                               WARNING AthContainers/src/copyAuxStoreThinned.cxx:138: unlocked decoration UEcorr_Pt (955) in object of type xAOD::MuonAuxContainer_v5
2026-02-12 18:30:08,621 copyAuxStoreThinned                               WARNING AthContainers/src/copyAuxStoreThinned.cxx:138: unlocked decoration UEcorr_Pt (955) in object of type xAOD::ElectronAuxContainer_v3
2026-02-12 18:30:08,625 copyAuxStoreThinned                               WARNING AthContainers/src/copyAuxStoreThinned.cxx:138: unlocked decoration UEcorr_Pt (955) in object of type xAOD::MuonAuxContainer_v5
2026-02-12 18:30:09,778 ClassIDSvc                                           INFO getRegistryEntries: read 68 CLIDRegistry entries for module ALL
2026-02-12 18:30:09,786 copyAuxStoreThinned                               WARNING AthContainers/src/copyAuxStoreThinned.cxx:138: unlocked decoration UEcorr_Pt (955) in object of type xAOD::ElectronAuxContainer_v3
2026-02-12 18:30:09,813 copyAuxStoreThinned                               WARNING AthContainers/src/copyAuxStoreThinned.cxx:138: unlocked decoration UEcorr_Pt (955) in object of type xAOD::MuonAuxContainer_v5
2026-02-12 18:30:11,477 copyAuxStoreThinned                               WARNING AthContainers/src/copyAuxStoreThinned.cxx:138: unlocked decoration UEcorr_Pt (955) in object of type xAOD::ElectronAuxContainer_v3
2026-02-12 18:30:11,485 copyAuxStoreThinned                               WARNING AthContainers/src/copyAuxStoreThinned.cxx:138: unlocked decoration UEcorr_Pt (955) in object of type xAOD::MuonAuxContainer_v5
2026-02-12 18:30:12,676 copyAuxStoreThinned                               WARNING AthContainers/src/copyAuxStoreThinned.cxx:138: unlocked decoration UEcorr_Pt (955) in object of type xAOD::ElectronAuxContainer_v3
2026-02-12 18:30:12,679 copyAuxStoreThinned                               WARNING AthContainers/src/copyAuxStoreThinned.cxx:138: unlocked decoration UEcorr_Pt (955) in object of type xAOD::MuonAuxContainer_v5
2026-02-12 18:30:13,810 copyAuxStoreThinned                               WARNING AthContainers/src/copyAuxStoreThinned.cxx:138: unlocked decoration UEcorr_Pt (955) in object of type xAOD::ElectronAuxContainer_v3
2026-02-12 18:30:13,813 copyAuxStoreThinned                               WARNING AthContainers/src/copyAuxStoreThinned.cxx:138: unlocked decoration UEcorr_Pt (955) in object of type xAOD::MuonAuxContainer_v5
2026-02-12 18:30:15,362 copyAuxStoreThinned                               WARNING AthContainers/src/copyAuxStoreThinned.cxx:138: unlocked decoration UEcorr_Pt (955) in object of type xAOD::ElectronAuxContainer_v3
2026-02-12 18:30:15,366 copyAuxStoreThinned                               WARNING AthContainers/src/copyAuxStoreThinned.cxx:138: unlocked decoration UEcorr_Pt (955) in object of type xAOD::MuonAuxContainer_v5
2026-02-12 18:30:16,398 copyAuxStoreThinned                               WARNING AthContainers/src/copyAuxStoreThinned.cxx:138: unlocked decoration UEcorr_Pt (955) in object of type xAOD::ElectronAuxContainer_v3
2026-02-12 18:30:16,401 copyAuxStoreThinned                               WARNING AthContainers/src/copyAuxStoreThinned.cxx:138: unlocked decoration UEcorr_Pt (955) in object of type xAOD::MuonAuxContainer_v5
2026-02-12 18:30:17,456 copyAuxStoreThinned                               WARNING AthContainers/src/copyAuxStoreThinned.cxx:138: unlocked decoration UEcorr_Pt (955) in object of type xAOD::ElectronAuxContainer_v3
2026-02-12 18:30:18,534 copyAuxStoreThinned                               WARNING AthContainers/src/copyAuxStoreThinned.cxx:138: unlocked decoration UEcorr_Pt (955) in object of type xAOD::ElectronAuxContainer_v3
2026-02-12 18:30:18,537 copyAuxStoreThinned                               WARNING AthContainers/src/copyAuxStoreThinned.cxx:138: unlocked decoration UEcorr_Pt (955) in object of type xAOD::MuonAuxContainer_v5
2026-02-12 18:30:19,821 copyAuxStoreThinned                               WARNING AthContainers/src/copyAuxStoreThinned.cxx:138: unlocked decoration UEcorr_Pt (955) in object of type xAOD::ElectronAuxContainer_v3
2026-02-12 18:30:19,825 copyAuxStoreThinned                               WARNING AthContainers/src/copyAuxStoreThinned.cxx:138: unlocked decoration UEcorr_Pt (955) in object of type xAOD::MuonAuxContainer_v5
2026-02-12 18:30:21,403 copyAuxStoreThinned                               WARNING AthContainers/src/copyAuxStoreThinned.cxx:138: unlocked decoration UEcorr_Pt (955) in object of type xAOD::ElectronAuxContainer_v3
2026-02-12 18:30:21,407 copyAuxStoreThinned                               WARNING AthContainers/src/copyAuxStoreThinned.cxx:138: unlocked decoration UEcorr_Pt (955) in object of type xAOD::MuonAuxContainer_v5
2026-02-12 18:30:22,765 copyAuxStoreThinned                               WARNING AthContainers/src/copyAuxStoreThinned.cxx:138: unlocked decoration UEcorr_Pt (955) in object of type xAOD::ElectronAuxContainer_v3
2026-02-12 18:30:22,769 copyAuxStoreThinned                               WARNING AthContainers/src/copyAuxStoreThinned.cxx:138: unlocked decoration UEcorr_Pt (955) in object of type xAOD::MuonAuxContainer_v5
2026-02-12 18:30:23,765 copyAuxStoreThinned                               WARNING AthContainers/src/copyAuxStoreThinned.cxx:138: unlocked decoration UEcorr_Pt (955) in object of type xAOD::ElectronAuxContainer_v3
2026-02-12 18:30:25,030 copyAuxStoreThinned                               WARNING AthContainers/src/copyAuxStoreThinned.cxx:138: unlocked decoration UEcorr_Pt (955) in object of type xAOD::ElectronAuxContainer_v3
2026-02-12 18:30:25,034 copyAuxStoreThinned                               WARNING AthContainers/src/copyAuxStoreThinned.cxx:138: unlocked decoration UEcorr_Pt (955) in object of type xAOD::MuonAuxContainer_v5
2026-02-12 18:30:26,165 copyAuxStoreThinned                               WARNING AthContainers/src/copyAuxStoreThinned.cxx:138: unlocked decoration UEcorr_Pt (955) in object of type xAOD::ElectronAuxContainer_v3
2026-02-12 18:30:26,170 copyAuxStoreThinned                               WARNING AthContainers/src/copyAuxStoreThinned.cxx:138: unlocked decoration UEcorr_Pt (955) in object of type xAOD::MuonAuxContainer_v5
2026-02-12 18:30:27,378 copyAuxStoreThinned                               WARNING AthContainers/src/copyAuxStoreThinned.cxx:138: unlocked decoration UEcorr_Pt (955) in object of type xAOD::ElectronAuxContainer_v3
2026-02-12 18:30:27,381 copyAuxStoreThinned                               WARNING AthContainers/src/copyAuxStoreThinned.cxx:138: unlocked decoration UEcorr_Pt (955) in object of type xAOD::MuonAuxContainer_v5
2026-02-12 18:30:27,483 PerfMonMTSvc                                         INFO Event [   19] CPU Time: 00h00m31s, Wall Time: 00h01m32s, Vmem: 4.70 GB, Rss: 3.38 GB, Pss: 1.35 GB, Swap: 0.00 KB
2026-02-12 18:30:28,611 copyAuxStoreThinned                               WARNING AthContainers/src/copyAuxStoreThinned.cxx:138: unlocked decoration UEcorr_Pt (955) in object of type xAOD::ElectronAuxContainer_v3
2026-02-12 18:30:28,614 copyAuxStoreThinned                               WARNING AthContainers/src/copyAuxStoreThinned.cxx:138: unlocked decoration UEcorr_Pt (955) in object of type xAOD::MuonAuxContainer_v5
2026-02-12 18:30:29,787 copyAuxStoreThinned                               WARNING AthContainers/src/copyAuxStoreThinned.cxx:138: unlocked decoration UEcorr_Pt (955) in object of type xAOD::ElectronAuxContainer_v3
2026-02-12 18:30:29,791 copyAuxStoreThinned                               WARNING AthContainers/src/copyAuxStoreThinned.cxx:138: unlocked decoration UEcorr_Pt (955) in object of type xAOD::MuonAuxContainer_v5
2026-02-12 18:30:30,828 copyAuxStoreThinned                               WARNING AthContainers/src/copyAuxStoreThinned.cxx:138: unlocked decoration UEcorr_Pt (955) in object of type xAOD::ElectronAuxContainer_v3
2026-02-12 18:30:30,831 copyAuxStoreThinned                               WARNING AthContainers/src/copyAuxStoreThinned.cxx:138: unlocked decoration UEcorr_Pt (955) in object of type xAOD::MuonAuxContainer_v5
2026-02-12 18:30:32,119 copyAuxStoreThinned                               WARNING AthContainers/src/copyAuxStoreThinned.cxx:138: unlocked decoration UEcorr_Pt (955) in object of type xAOD::ElectronAuxContainer_v3
2026-02-12 18:30:32,123 copyAuxStoreThinned                               WARNING AthContainers/src/copyAuxStoreThinned.cxx:138: unlocked decoration UEcorr_Pt (955) in object of type xAOD::MuonAuxContainer_v5
2026-02-12 18:30:33,456 copyAuxStoreThinned                               WARNING AthContainers/src/copyAuxStoreThinned.cxx:138: unlocked decoration UEcorr_Pt (955) in object of type xAOD::ElectronAuxContainer_v3
2026-02-12 18:30:34,561 copyAuxStoreThinned                               WARNING AthContainers/src/copyAuxStoreThinned.cxx:138: unlocked decoration UEcorr_Pt (955) in object of type xAOD::ElectronAuxContainer_v3
2026-02-12 18:30:34,565 copyAuxStoreThinned                               WARNING AthContainers/src/copyAuxStoreThinned.cxx:138: unlocked decoration UEcorr_Pt (955) in object of type xAOD::MuonAuxContainer_v5
2026-02-12 18:30:35,561 copyAuxStoreThinned                               WARNING AthContainers/src/copyAuxStoreThinned.cxx:138: unlocked decoration UEcorr_Pt (955) in object of type xAOD::ElectronAuxContainer_v3
2026-02-12 18:30:35,565 copyAuxStoreThinned                               WARNING AthContainers/src/copyAuxStoreThinned.cxx:138: unlocked decoration UEcorr_Pt (955) in object of type xAOD::MuonAuxContainer_v5
2026-02-12 18:30:36,738 copyAuxStoreThinned                               WARNING AthContainers/src/copyAuxStoreThinned.cxx:138: unlocked decoration UEcorr_Pt (955) in object of type xAOD::ElectronAuxContainer_v3
2026-02-12 18:30:36,741 copyAuxStoreThinned                               WARNING AthContainers/src/copyAuxStoreThinned.cxx:138: unlocked decoration UEcorr_Pt (955) in object of type xAOD::MuonAuxContainer_v5
2026-02-12 18:30:38,002 copyAuxStoreThinned                               WARNING AthContainers/src/copyAuxStoreThinned.cxx:138: unlocked decoration UEcorr_Pt (955) in object of type xAOD::ElectronAuxContainer_v3
2026-02-12 18:30:38,006 copyAuxStoreThinned                               WARNING AthContainers/src/copyAuxStoreThinned.cxx:138: unlocked decoration UEcorr_Pt (955) in object of type xAOD::MuonAuxContainer_v5
2026-02-12 18:30:39,223 copyAuxStoreThinned                               WARNING AthContainers/src/copyAuxStoreThinned.cxx:138: unlocked decoration UEcorr_Pt (955) in object of type xAOD::ElectronAuxContainer_v3
2026-02-12 18:30:39,227 copyAuxStoreThinned                               WARNING AthContainers/src/copyAuxStoreThinned.cxx:138: unlocked decoration UEcorr_Pt (955) in object of type xAOD::MuonAuxContainer_v5
2026-02-12 18:30:41,616 copyAuxStoreThinned                               WARNING AthContainers/src/copyAuxStoreThinned.cxx:138: unlocked decoration UEcorr_Pt (955) in object of type xAOD::ElectronAuxContainer_v3
2026-02-12 18:30:41,620 copyAuxStoreThinned                               WARNING AthContainers/src/copyAuxStoreThinned.cxx:138: unlocked decoration UEcorr_Pt (955) in object of type xAOD::MuonAuxContainer_v5
2026-02-12 18:30:42,924 copyAuxStoreThinned                               WARNING AthContainers/src/copyAuxStoreThinned.cxx:138: unlocked decoration UEcorr_Pt (955) in object of type xAOD::ElectronAuxContainer_v3
2026-02-12 18:30:42,928 copyAuxStoreThinned                               WARNING AthContainers/src/copyAuxStoreThinned.cxx:138: unlocked decoration UEcorr_Pt (955) in object of type xAOD::MuonAuxContainer_v5
2026-02-12 18:30:44,224 copyAuxStoreThinned                               WARNING AthContainers/src/copyAuxStoreThinned.cxx:138: unlocked decoration UEcorr_Pt (955) in object of type xAOD::ElectronAuxContainer_v3
2026-02-12 18:30:44,228 copyAuxStoreThinned                               WARNING AthContainers/src/copyAuxStoreThinned.cxx:138: unlocked decoration UEcorr_Pt (955) in object of type xAOD::MuonAuxContainer_v5
2026-02-12 18:30:45,105 copyAuxStoreThinned                               WARNING AthContainers/src/copyAuxStoreThinned.cxx:138: unlocked decoration UEcorr_Pt (955) in object of type xAOD::ElectronAuxContainer_v3
2026-02-12 18:30:45,108 copyAuxStoreThinned                               WARNING AthContainers/src/copyAuxStoreThinned.cxx:138: unlocked decoration UEcorr_Pt (955) in object of type xAOD::MuonAuxContainer_v5
2026-02-12 18:30:46,159 copyAuxStoreThinned                               WARNING AthContainers/src/copyAuxStoreThinned.cxx:138: unlocked decoration UEcorr_Pt (955) in object of type xAOD::ElectronAuxContainer_v3
2026-02-12 18:30:46,163 copyAuxStoreThinned                               WARNING AthContainers/src/copyAuxStoreThinned.cxx:138: unlocked decoration UEcorr_Pt (955) in object of type xAOD::MuonAuxContainer_v5
2026-02-12 18:30:47,792 copyAuxStoreThinned                               WARNING AthContainers/src/copyAuxStoreThinned.cxx:138: unlocked decoration UEcorr_Pt (955) in object of type xAOD::ElectronAuxContainer_v3
2026-02-12 18:30:47,796 copyAuxStoreThinned                               WARNING AthContainers/src/copyAuxStoreThinned.cxx:138: unlocked decoration UEcorr_Pt (955) in object of type xAOD::MuonAuxContainer_v5
2026-02-12 18:30:48,742 copyAuxStoreThinned                               WARNING AthContainers/src/copyAuxStoreThinned.cxx:138: unlocked decoration UEcorr_Pt (955) in object of type xAOD::ElectronAuxContainer_v3
2026-02-12 18:30:48,748 copyAuxStoreThinned                               WARNING AthContainers/src/copyAuxStoreThinned.cxx:138: unlocked decoration UEcorr_Pt (955) in object of type xAOD::MuonAuxContainer_v5
2026-02-12 18:30:49,647 copyAuxStoreThinned                               WARNING AthContainers/src/copyAuxStoreThinned.cxx:138: unlocked decoration UEcorr_Pt (955) in object of type xAOD::ElectronAuxContainer_v3
2026-02-12 18:30:49,650 copyAuxStoreThinned                               WARNING AthContainers/src/copyAuxStoreThinned.cxx:138: unlocked decoration UEcorr_Pt (955) in object of type xAOD::MuonAuxContainer_v5
2026-02-12 18:30:50,593 copyAuxStoreThinned                               WARNING AthContainers/src/copyAuxStoreThinned.cxx:138: unlocked decoration UEcorr_Pt (955) in object of type xAOD::ElectronAuxContainer_v3
2026-02-12 18:30:51,943 copyAuxStoreThinned                               WARNING AthContainers/src/copyAuxStoreThinned.cxx:138: unlocked decoration UEcorr_Pt (955) in object of type xAOD::ElectronAuxContainer_v3
2026-02-12 18:30:51,949 copyAuxStoreThinned                               WARNING AthContainers/src/copyAuxStoreThinned.cxx:138: unlocked decoration UEcorr_Pt (955) in object of type xAOD::MuonAuxContainer_v5
2026-02-12 18:30:53,056 copyAuxStoreThinned                               WARNING AthContainers/src/copyAuxStoreThinned.cxx:138: unlocked decoration UEcorr_Pt (955) in object of type xAOD::ElectronAuxContainer_v3
2026-02-12 18:30:53,061 copyAuxStoreThinned                               WARNING AthContainers/src/copyAuxStoreThinned.cxx:138: unlocked decoration UEcorr_Pt (955) in object of type xAOD::MuonAuxContainer_v5
2026-02-12 18:30:54,021 copyAuxStoreThinned                               WARNING AthContainers/src/copyAuxStoreThinned.cxx:138: unlocked decoration UEcorr_Pt (955) in object of type xAOD::ElectronAuxContainer_v3
2026-02-12 18:30:54,024 copyAuxStoreThinned                               WARNING AthContainers/src/copyAuxStoreThinned.cxx:138: unlocked decoration UEcorr_Pt (955) in object of type xAOD::MuonAuxContainer_v5
2026-02-12 18:30:54,883 copyAuxStoreThinned                               WARNING AthContainers/src/copyAuxStoreThinned.cxx:138: unlocked decoration UEcorr_Pt (955) in object of type xAOD::ElectronAuxContainer_v3
2026-02-12 18:30:54,887 copyAuxStoreThinned                               WARNING AthContainers/src/copyAuxStoreThinned.cxx:138: unlocked decoration UEcorr_Pt (955) in object of type xAOD::MuonAuxContainer_v5
2026-02-12 18:30:56,171 copyAuxStoreThinned                               WARNING AthContainers/src/copyAuxStoreThinned.cxx:138: unlocked decoration UEcorr_Pt (955) in object of type xAOD::ElectronAuxContainer_v3
2026-02-12 18:30:57,244 copyAuxStoreThinned                               WARNING AthContainers/src/copyAuxStoreThinned.cxx:138: unlocked decoration UEcorr_Pt (955) in object of type xAOD::ElectronAuxContainer_v3
2026-02-12 18:30:57,248 copyAuxStoreThinned                               WARNING AthContainers/src/copyAuxStoreThinned.cxx:138: unlocked decoration UEcorr_Pt (955) in object of type xAOD::MuonAuxContainer_v5
2026-02-12 18:30:58,554 copyAuxStoreThinned                               WARNING AthContainers/src/copyAuxStoreThinned.cxx:138: unlocked decoration UEcorr_Pt (955) in object of type xAOD::ElectronAuxContainer_v3
2026-02-12 18:30:58,557 copyAuxStoreThinned                               WARNING AthContainers/src/copyAuxStoreThinned.cxx:138: unlocked decoration UEcorr_Pt (955) in object of type xAOD::MuonAuxContainer_v5
2026-02-12 18:30:58,663 PerfMonMTSvc                                         INFO Event [   45] CPU Time: 00h01m01s, Wall Time: 00h02m03s, Vmem: 4.70 GB, Rss: 3.39 GB, Pss: 1.37 GB, Swap: 0.00 KB
2026-02-12 18:30:59,437 copyAuxStoreThinned                               WARNING AthContainers/src/copyAuxStoreThinned.cxx:138: unlocked decoration UEcorr_Pt (955) in object of type xAOD::ElectronAuxContainer_v3
2026-02-12 18:30:59,441 copyAuxStoreThinned                               WARNING AthContainers/src/copyAuxStoreThinned.cxx:138: unlocked decoration UEcorr_Pt (955) in object of type xAOD::MuonAuxContainer_v5
2026-02-12 18:31:00,659 copyAuxStoreThinned                               WARNING AthContainers/src/copyAuxStoreThinned.cxx:138: unlocked decoration UEcorr_Pt (955) in object of type xAOD::ElectronAuxContainer_v3
2026-02-12 18:31:00,663 copyAuxStoreThinned                               WARNING AthContainers/src/copyAuxStoreThinned.cxx:138: unlocked decoration UEcorr_Pt (955) in object of type xAOD::MuonAuxContainer_v5
2026-02-12 18:31:02,133 copyAuxStoreThinned                               WARNING AthContainers/src/copyAuxStoreThinned.cxx:138: unlocked decoration UEcorr_Pt (955) in object of type xAOD::ElectronAuxContainer_v3
2026-02-12 18:31:02,137 copyAuxStoreThinned                               WARNING AthContainers/src/copyAuxStoreThinned.cxx:138: unlocked decoration UEcorr_Pt (955) in object of type xAOD::MuonAuxContainer_v5
2026-02-12 18:31:03,166 copyAuxStoreThinned                               WARNING AthContainers/src/copyAuxStoreThinned.cxx:138: unlocked decoration UEcorr_Pt (955) in object of type xAOD::ElectronAuxContainer_v3
2026-02-12 18:31:03,169 copyAuxStoreThinned                               WARNING AthContainers/src/copyAuxStoreThinned.cxx:138: unlocked decoration UEcorr_Pt (955) in object of type xAOD::MuonAuxContainer_v5
2026-02-12 18:31:04,341 copyAuxStoreThinned                               WARNING AthContainers/src/copyAuxStoreThinned.cxx:138: unlocked decoration UEcorr_Pt (955) in object of type xAOD::ElectronAuxContainer_v3
2026-02-12 18:31:04,345 copyAuxStoreThinned                               WARNING AthContainers/src/copyAuxStoreThinned.cxx:138: unlocked decoration UEcorr_Pt (955) in object of type xAOD::MuonAuxContainer_v5
2026-02-12 18:31:05,500 copyAuxStoreThinned                               WARNING AthContainers/src/copyAuxStoreThinned.cxx:138: unlocked decoration UEcorr_Pt (955) in object of type xAOD::ElectronAuxContainer_v3
2026-02-12 18:31:05,504 copyAuxStoreThinned                               WARNING AthContainers/src/copyAuxStoreThinned.cxx:138: unlocked decoration UEcorr_Pt (955) in object of type xAOD::MuonAuxContainer_v5
2026-02-12 18:31:06,924 copyAuxStoreThinned                               WARNING AthContainers/src/copyAuxStoreThinned.cxx:138: unlocked decoration UEcorr_Pt (955) in object of type xAOD::ElectronAuxContainer_v3
2026-02-12 18:31:06,932 copyAuxStoreThinned                               WARNING AthContainers/src/copyAuxStoreThinned.cxx:138: unlocked decoration UEcorr_Pt (955) in object of type xAOD::MuonAuxContainer_v5
2026-02-12 18:31:08,538 copyAuxStoreThinned                               WARNING AthContainers/src/copyAuxStoreThinned.cxx:138: unlocked decoration UEcorr_Pt (955) in object of type xAOD::ElectronAuxContainer_v3
2026-02-12 18:31:08,542 copyAuxStoreThinned                               WARNING AthContainers/src/copyAuxStoreThinned.cxx:138: unlocked decoration UEcorr_Pt (955) in object of type xAOD::MuonAuxContainer_v5
2026-02-12 18:31:10,386 copyAuxStoreThinned                               WARNING AthContainers/src/copyAuxStoreThinned.cxx:138: unlocked decoration UEcorr_Pt (955) in object of type xAOD::ElectronAuxContainer_v3
2026-02-12 18:31:10,390 copyAuxStoreThinned                               WARNING AthContainers/src/copyAuxStoreThinned.cxx:138: unlocked decoration UEcorr_Pt (955) in object of type xAOD::MuonAuxContainer_v5
2026-02-12 18:31:11,796 copyAuxStoreThinned                               WARNING AthContainers/src/copyAuxStoreThinned.cxx:138: unlocked decoration UEcorr_Pt (955) in object of type xAOD::ElectronAuxContainer_v3
2026-02-12 18:31:11,800 copyAuxStoreThinned                               WARNING AthContainers/src/copyAuxStoreThinned.cxx:138: unlocked decoration UEcorr_Pt (955) in object of type xAOD::MuonAuxContainer_v5
2026-02-12 18:31:12,682 copyAuxStoreThinned                               WARNING AthContainers/src/copyAuxStoreThinned.cxx:138: unlocked decoration UEcorr_Pt (955) in object of type xAOD::ElectronAuxContainer_v3
2026-02-12 18:31:12,686 copyAuxStoreThinned                               WARNING AthContainers/src/copyAuxStoreThinned.cxx:138: unlocked decoration UEcorr_Pt (955) in object of type xAOD::MuonAuxContainer_v5
2026-02-12 18:31:13,954 copyAuxStoreThinned                               WARNING AthContainers/src/copyAuxStoreThinned.cxx:138: unlocked decoration UEcorr_Pt (955) in object of type xAOD::ElectronAuxContainer_v3
2026-02-12 18:31:13,958 copyAuxStoreThinned                               WARNING AthContainers/src/copyAuxStoreThinned.cxx:138: unlocked decoration UEcorr_Pt (955) in object of type xAOD::MuonAuxContainer_v5
2026-02-12 18:31:15,267 copyAuxStoreThinned                               WARNING AthContainers/src/copyAuxStoreThinned.cxx:138: unlocked decoration UEcorr_Pt (955) in object of type xAOD::ElectronAuxContainer_v3
2026-02-12 18:31:15,271 copyAuxStoreThinned                               WARNING AthContainers/src/copyAuxStoreThinned.cxx:138: unlocked decoration UEcorr_Pt (955) in object of type xAOD::MuonAuxContainer_v5
WARNING from FastJet: ClusterSequenceAreaBase::get_median_rho_and_sigma(...): the estimated empty area is suspiciously large and negative and may lead to an over-estimation of rho. This may be due to (i) a rare statistical fluctuation or (ii) too small a range used to estimate the background properties.
2026-02-12 18:31:16,194 copyAuxStoreThinned                               WARNING AthContainers/src/copyAuxStoreThinned.cxx:138: unlocked decoration UEcorr_Pt (955) in object of type xAOD::ElectronAuxContainer_v3
2026-02-12 18:31:16,198 copyAuxStoreThinned                               WARNING AthContainers/src/copyAuxStoreThinned.cxx:138: unlocked decoration UEcorr_Pt (955) in object of type xAOD::MuonAuxContainer_v5
2026-02-12 18:31:17,420 copyAuxStoreThinned                               WARNING AthContainers/src/copyAuxStoreThinned.cxx:138: unlocked decoration UEcorr_Pt (955) in object of type xAOD::ElectronAuxContainer_v3
2026-02-12 18:31:17,423 copyAuxStoreThinned                               WARNING AthContainers/src/copyAuxStoreThinned.cxx:138: unlocked decoration UEcorr_Pt (955) in object of type xAOD::MuonAuxContainer_v5
2026-02-12 18:31:18,687 copyAuxStoreThinned                               WARNING AthContainers/src/copyAuxStoreThinned.cxx:138: unlocked decoration UEcorr_Pt (955) in object of type xAOD::ElectronAuxContainer_v3
2026-02-12 18:31:18,691 copyAuxStoreThinned                               WARNING AthContainers/src/copyAuxStoreThinned.cxx:138: unlocked decoration UEcorr_Pt (955) in object of type xAOD::MuonAuxContainer_v5
2026-02-12 18:31:20,025 copyAuxStoreThinned                               WARNING AthContainers/src/copyAuxStoreThinned.cxx:138: unlocked decoration UEcorr_Pt (955) in object of type xAOD::ElectronAuxContainer_v3
2026-02-12 18:31:20,029 copyAuxStoreThinned                               WARNING AthContainers/src/copyAuxStoreThinned.cxx:138: unlocked decoration UEcorr_Pt (955) in object of type xAOD::MuonAuxContainer_v5
2026-02-12 18:31:20,974 copyAuxStoreThinned                               WARNING AthContainers/src/copyAuxStoreThinned.cxx:138: unlocked decoration UEcorr_Pt (955) in object of type xAOD::ElectronAuxContainer_v3
2026-02-12 18:31:20,978 copyAuxStoreThinned                               WARNING AthContainers/src/copyAuxStoreThinned.cxx:138: unlocked decoration UEcorr_Pt (955) in object of type xAOD::MuonAuxContainer_v5
2026-02-12 18:31:21,960 copyAuxStoreThinned                               WARNING AthContainers/src/copyAuxStoreThinned.cxx:138: unlocked decoration UEcorr_Pt (955) in object of type xAOD::ElectronAuxContainer_v3
2026-02-12 18:31:22,980 copyAuxStoreThinned                               WARNING AthContainers/src/copyAuxStoreThinned.cxx:138: unlocked decoration UEcorr_Pt (955) in object of type xAOD::ElectronAuxContainer_v3
2026-02-12 18:31:22,983 copyAuxStoreThinned                               WARNING AthContainers/src/copyAuxStoreThinned.cxx:138: unlocked decoration UEcorr_Pt (955) in object of type xAOD::MuonAuxContainer_v5
2026-02-12 18:31:24,528 copyAuxStoreThinned                               WARNING AthContainers/src/copyAuxStoreThinned.cxx:138: unlocked decoration UEcorr_Pt (955) in object of type xAOD::ElectronAuxContainer_v3
2026-02-12 18:31:24,531 copyAuxStoreThinned                               WARNING AthContainers/src/copyAuxStoreThinned.cxx:138: unlocked decoration UEcorr_Pt (955) in object of type xAOD::MuonAuxContainer_v5
2026-02-12 18:31:25,664 copyAuxStoreThinned                               WARNING AthContainers/src/copyAuxStoreThinned.cxx:138: unlocked decoration UEcorr_Pt (955) in object of type xAOD::ElectronAuxContainer_v3
2026-02-12 18:31:28,016 copyAuxStoreThinned                               WARNING AthContainers/src/copyAuxStoreThinned.cxx:138: unlocked decoration UEcorr_Pt (955) in object of type xAOD::ElectronAuxContainer_v3
2026-02-12 18:31:28,020 copyAuxStoreThinned                               WARNING AthContainers/src/copyAuxStoreThinned.cxx:138: unlocked decoration UEcorr_Pt (955) in object of type xAOD::MuonAuxContainer_v5
2026-02-12 18:31:29,530 copyAuxStoreThinned                               WARNING AthContainers/src/copyAuxStoreThinned.cxx:138: unlocked decoration UEcorr_Pt (955) in object of type xAOD::ElectronAuxContainer_v3
2026-02-12 18:31:29,534 copyAuxStoreThinned                               WARNING AthContainers/src/copyAuxStoreThinned.cxx:138: unlocked decoration UEcorr_Pt (955) in object of type xAOD::MuonAuxContainer_v5
2026-02-12 18:31:29,641 PerfMonMTSvc                                         INFO Event [   69] CPU Time: 00h01m32s, Wall Time: 00h02m34s, Vmem: 4.72 GB, Rss: 3.40 GB, Pss: 1.37 GB, Swap: 0.00 KB
2026-02-12 18:31:31,294 copyAuxStoreThinned                               WARNING AthContainers/src/copyAuxStoreThinned.cxx:138: unlocked decoration UEcorr_Pt (955) in object of type xAOD::ElectronAuxContainer_v3
2026-02-12 18:31:31,298 copyAuxStoreThinned                               WARNING AthContainers/src/copyAuxStoreThinned.cxx:138: unlocked decoration UEcorr_Pt (955) in object of type xAOD::MuonAuxContainer_v5
2026-02-12 18:31:32,469 copyAuxStoreThinned                               WARNING AthContainers/src/copyAuxStoreThinned.cxx:138: unlocked decoration UEcorr_Pt (955) in object of type xAOD::ElectronAuxContainer_v3
2026-02-12 18:31:33,640 copyAuxStoreThinned                               WARNING AthContainers/src/copyAuxStoreThinned.cxx:138: unlocked decoration UEcorr_Pt (955) in object of type xAOD::ElectronAuxContainer_v3
2026-02-12 18:31:33,646 copyAuxStoreThinned                               WARNING AthContainers/src/copyAuxStoreThinned.cxx:138: unlocked decoration UEcorr_Pt (955) in object of type xAOD::MuonAuxContainer_v5
2026-02-12 18:31:35,345 copyAuxStoreThinned                               WARNING AthContainers/src/copyAuxStoreThinned.cxx:138: unlocked decoration UEcorr_Pt (955) in object of type xAOD::ElectronAuxContainer_v3
2026-02-12 18:31:35,350 copyAuxStoreThinned                               WARNING AthContainers/src/copyAuxStoreThinned.cxx:138: unlocked decoration UEcorr_Pt (955) in object of type xAOD::MuonAuxContainer_v5
2026-02-12 18:31:36,833 copyAuxStoreThinned                               WARNING AthContainers/src/copyAuxStoreThinned.cxx:138: unlocked decoration UEcorr_Pt (955) in object of type xAOD::ElectronAuxContainer_v3
2026-02-12 18:31:36,837 copyAuxStoreThinned                               WARNING AthContainers/src/copyAuxStoreThinned.cxx:138: unlocked decoration UEcorr_Pt (955) in object of type xAOD::MuonAuxContainer_v5
2026-02-12 18:31:38,076 copyAuxStoreThinned                               WARNING AthContainers/src/copyAuxStoreThinned.cxx:138: unlocked decoration UEcorr_Pt (955) in object of type xAOD::ElectronAuxContainer_v3
2026-02-12 18:31:38,081 copyAuxStoreThinned                               WARNING AthContainers/src/copyAuxStoreThinned.cxx:138: unlocked decoration UEcorr_Pt (955) in object of type xAOD::MuonAuxContainer_v5
2026-02-12 18:31:39,007 copyAuxStoreThinned                               WARNING AthContainers/src/copyAuxStoreThinned.cxx:138: unlocked decoration UEcorr_Pt (955) in object of type xAOD::ElectronAuxContainer_v3
2026-02-12 18:31:39,011 copyAuxStoreThinned                               WARNING AthContainers/src/copyAuxStoreThinned.cxx:138: unlocked decoration UEcorr_Pt (955) in object of type xAOD::MuonAuxContainer_v5
2026-02-12 18:31:40,613 copyAuxStoreThinned                               WARNING AthContainers/src/copyAuxStoreThinned.cxx:138: unlocked decoration UEcorr_Pt (955) in object of type xAOD::ElectronAuxContainer_v3
2026-02-12 18:31:40,617 copyAuxStoreThinned                               WARNING AthContainers/src/copyAuxStoreThinned.cxx:138: unlocked decoration UEcorr_Pt (955) in object of type xAOD::MuonAuxContainer_v5
2026-02-12 18:31:41,579 copyAuxStoreThinned                               WARNING AthContainers/src/copyAuxStoreThinned.cxx:138: unlocked decoration UEcorr_Pt (955) in object of type xAOD::ElectronAuxContainer_v3
2026-02-12 18:31:41,584 copyAuxStoreThinned                               WARNING AthContainers/src/copyAuxStoreThinned.cxx:138: unlocked decoration UEcorr_Pt (955) in object of type xAOD::MuonAuxContainer_v5
2026-02-12 18:31:42,842 copyAuxStoreThinned                               WARNING AthContainers/src/copyAuxStoreThinned.cxx:138: unlocked decoration UEcorr_Pt (955) in object of type xAOD::ElectronAuxContainer_v3
2026-02-12 18:31:42,846 copyAuxStoreThinned                               WARNING AthContainers/src/copyAuxStoreThinned.cxx:138: unlocked decoration UEcorr_Pt (955) in object of type xAOD::MuonAuxContainer_v5
2026-02-12 18:31:44,390 copyAuxStoreThinned                               WARNING AthContainers/src/copyAuxStoreThinned.cxx:138: unlocked decoration UEcorr_Pt (955) in object of type xAOD::ElectronAuxContainer_v3
2026-02-12 18:31:44,394 copyAuxStoreThinned                               WARNING AthContainers/src/copyAuxStoreThinned.cxx:138: unlocked decoration UEcorr_Pt (955) in object of type xAOD::MuonAuxContainer_v5
2026-02-12 18:31:45,583 copyAuxStoreThinned                               WARNING AthContainers/src/copyAuxStoreThinned.cxx:138: unlocked decoration UEcorr_Pt (955) in object of type xAOD::ElectronAuxContainer_v3
2026-02-12 18:31:45,588 copyAuxStoreThinned                               WARNING AthContainers/src/copyAuxStoreThinned.cxx:138: unlocked decoration UEcorr_Pt (955) in object of type xAOD::MuonAuxContainer_v5
2026-02-12 18:31:46,634 copyAuxStoreThinned                               WARNING AthContainers/src/copyAuxStoreThinned.cxx:138: unlocked decoration UEcorr_Pt (955) in object of type xAOD::ElectronAuxContainer_v3
2026-02-12 18:31:46,638 copyAuxStoreThinned                               WARNING AthContainers/src/copyAuxStoreThinned.cxx:138: unlocked decoration UEcorr_Pt (955) in object of type xAOD::MuonAuxContainer_v5
2026-02-12 18:31:47,611 copyAuxStoreThinned                               WARNING AthContainers/src/copyAuxStoreThinned.cxx:138: unlocked decoration UEcorr_Pt (955) in object of type xAOD::ElectronAuxContainer_v3
2026-02-12 18:31:47,614 copyAuxStoreThinned                               WARNING AthContainers/src/copyAuxStoreThinned.cxx:138: unlocked decoration UEcorr_Pt (955) in object of type xAOD::MuonAuxContainer_v5
2026-02-12 18:31:48,878 copyAuxStoreThinned                               WARNING AthContainers/src/copyAuxStoreThinned.cxx:138: unlocked decoration UEcorr_Pt (955) in object of type xAOD::ElectronAuxContainer_v3
2026-02-12 18:31:49,706 copyAuxStoreThinned                               WARNING AthContainers/src/copyAuxStoreThinned.cxx:138: unlocked decoration UEcorr_Pt (955) in object of type xAOD::ElectronAuxContainer_v3
2026-02-12 18:31:49,709 copyAuxStoreThinned                               WARNING AthContainers/src/copyAuxStoreThinned.cxx:138: unlocked decoration UEcorr_Pt (955) in object of type xAOD::MuonAuxContainer_v5
2026-02-12 18:31:51,377 copyAuxStoreThinned                               WARNING AthContainers/src/copyAuxStoreThinned.cxx:138: unlocked decoration UEcorr_Pt (955) in object of type xAOD::ElectronAuxContainer_v3
2026-02-12 18:31:52,758 copyAuxStoreThinned                               WARNING AthContainers/src/copyAuxStoreThinned.cxx:138: unlocked decoration UEcorr_Pt (955) in object of type xAOD::ElectronAuxContainer_v3
2026-02-12 18:31:52,762 copyAuxStoreThinned                               WARNING AthContainers/src/copyAuxStoreThinned.cxx:138: unlocked decoration UEcorr_Pt (955) in object of type xAOD::MuonAuxContainer_v5
2026-02-12 18:31:53,859 copyAuxStoreThinned                               WARNING AthContainers/src/copyAuxStoreThinned.cxx:138: unlocked decoration UEcorr_Pt (955) in object of type xAOD::ElectronAuxContainer_v3
2026-02-12 18:31:53,862 copyAuxStoreThinned                               WARNING AthContainers/src/copyAuxStoreThinned.cxx:138: unlocked decoration UEcorr_Pt (955) in object of type xAOD::MuonAuxContainer_v5
2026-02-12 18:31:55,365 copyAuxStoreThinned                               WARNING AthContainers/src/copyAuxStoreThinned.cxx:138: unlocked decoration UEcorr_Pt (955) in object of type xAOD::ElectronAuxContainer_v3
2026-02-12 18:31:55,369 copyAuxStoreThinned                               WARNING AthContainers/src/copyAuxStoreThinned.cxx:138: unlocked decoration UEcorr_Pt (955) in object of type xAOD::MuonAuxContainer_v5
2026-02-12 18:31:56,558 copyAuxStoreThinned                               WARNING AthContainers/src/copyAuxStoreThinned.cxx:138: unlocked decoration UEcorr_Pt (955) in object of type xAOD::ElectronAuxContainer_v3
2026-02-12 18:31:56,571 copyAuxStoreThinned                               WARNING AthContainers/src/copyAuxStoreThinned.cxx:138: unlocked decoration UEcorr_Pt (955) in object of type xAOD::MuonAuxContainer_v5
2026-02-12 18:31:57,446 copyAuxStoreThinned                               WARNING AthContainers/src/copyAuxStoreThinned.cxx:138: unlocked decoration UEcorr_Pt (955) in object of type xAOD::ElectronAuxContainer_v3
2026-02-12 18:31:57,449 copyAuxStoreThinned                               WARNING AthContainers/src/copyAuxStoreThinned.cxx:138: unlocked decoration UEcorr_Pt (955) in object of type xAOD::MuonAuxContainer_v5
2026-02-12 18:31:58,628 copyAuxStoreThinned                               WARNING AthContainers/src/copyAuxStoreThinned.cxx:138: unlocked decoration UEcorr_Pt (955) in object of type xAOD::ElectronAuxContainer_v3
2026-02-12 18:31:58,632 copyAuxStoreThinned                               WARNING AthContainers/src/copyAuxStoreThinned.cxx:138: unlocked decoration UEcorr_Pt (955) in object of type xAOD::MuonAuxContainer_v5
2026-02-12 18:32:00,405 copyAuxStoreThinned                               WARNING AthContainers/src/copyAuxStoreThinned.cxx:138: unlocked decoration UEcorr_Pt (955) in object of type xAOD::ElectronAuxContainer_v3
2026-02-12 18:32:00,409 copyAuxStoreThinned                               WARNING AthContainers/src/copyAuxStoreThinned.cxx:138: unlocked decoration UEcorr_Pt (955) in object of type xAOD::MuonAuxContainer_v5
2026-02-12 18:32:00,515 PerfMonMTSvc                                         INFO Event [   93] CPU Time: 00h02m03s, Wall Time: 00h03m05s, Vmem: 4.72 GB, Rss: 3.40 GB, Pss: 1.37 GB, Swap: 0.00 KB
2026-02-12 18:32:01,761 copyAuxStoreThinned                               WARNING AthContainers/src/copyAuxStoreThinned.cxx:138: unlocked decoration UEcorr_Pt (955) in object of type xAOD::ElectronAuxContainer_v3
2026-02-12 18:32:01,765 copyAuxStoreThinned                               WARNING AthContainers/src/copyAuxStoreThinned.cxx:138: unlocked decoration UEcorr_Pt (955) in object of type xAOD::MuonAuxContainer_v5
2026-02-12 18:32:02,881 copyAuxStoreThinned                               WARNING AthContainers/src/copyAuxStoreThinned.cxx:138: unlocked decoration UEcorr_Pt (955) in object of type xAOD::ElectronAuxContainer_v3
2026-02-12 18:32:02,892 copyAuxStoreThinned                               WARNING AthContainers/src/copyAuxStoreThinned.cxx:138: unlocked decoration UEcorr_Pt (955) in object of type xAOD::MuonAuxContainer_v5
2026-02-12 18:32:03,923 copyAuxStoreThinned                               WARNING AthContainers/src/copyAuxStoreThinned.cxx:138: unlocked decoration UEcorr_Pt (955) in object of type xAOD::ElectronAuxContainer_v3
2026-02-12 18:32:03,926 copyAuxStoreThinned                               WARNING AthContainers/src/copyAuxStoreThinned.cxx:138: unlocked decoration UEcorr_Pt (955) in object of type xAOD::MuonAuxContainer_v5
2026-02-12 18:32:05,350 copyAuxStoreThinned                               WARNING AthContainers/src/copyAuxStoreThinned.cxx:138: unlocked decoration UEcorr_Pt (955) in object of type xAOD::ElectronAuxContainer_v3
2026-02-12 18:32:05,355 copyAuxStoreThinned                               WARNING AthContainers/src/copyAuxStoreThinned.cxx:138: unlocked decoration UEcorr_Pt (955) in object of type xAOD::MuonAuxContainer_v5
2026-02-12 18:32:06,708 copyAuxStoreThinned                               WARNING AthContainers/src/copyAuxStoreThinned.cxx:138: unlocked decoration UEcorr_Pt (955) in object of type xAOD::ElectronAuxContainer_v3
2026-02-12 18:32:06,712 copyAuxStoreThinned                               WARNING AthContainers/src/copyAuxStoreThinned.cxx:138: unlocked decoration UEcorr_Pt (955) in object of type xAOD::MuonAuxContainer_v5
2026-02-12 18:32:07,545 copyAuxStoreThinned                               WARNING AthContainers/src/copyAuxStoreThinned.cxx:138: unlocked decoration UEcorr_Pt (955) in object of type xAOD::ElectronAuxContainer_v3
2026-02-12 18:32:08,853 copyAuxStoreThinned                               WARNING AthContainers/src/copyAuxStoreThinned.cxx:138: unlocked decoration UEcorr_Pt (955) in object of type xAOD::ElectronAuxContainer_v3
2026-02-12 18:32:08,856 copyAuxStoreThinned                               WARNING AthContainers/src/copyAuxStoreThinned.cxx:138: unlocked decoration UEcorr_Pt (955) in object of type xAOD::MuonAuxContainer_v5
2026-02-12 18:32:09,892 copyAuxStoreThinned                               WARNING AthContainers/src/copyAuxStoreThinned.cxx:138: unlocked decoration UEcorr_Pt (955) in object of type xAOD::ElectronAuxContainer_v3
2026-02-12 18:32:09,896 copyAuxStoreThinned                               WARNING AthContainers/src/copyAuxStoreThinned.cxx:138: unlocked decoration UEcorr_Pt (955) in object of type xAOD::MuonAuxContainer_v5
2026-02-12 18:32:09,915 AthMpEvtLoopMgr.SharedEvtQueueConsumer               INFO Received from the queue: event num=500 chunk size=100
2026-02-12 18:32:09,915 AthMpEvtLoopMgr.SharedEvtQueueConsumer               INFO Seek to 500 succeeded
2026-02-12 18:32:09,965 AthenaEventLoopMgr                                   INFO   ===>>>  start processing event #334736064, run #450000 100 events processed so far  <<<===
2026-02-12 18:32:11,370 copyAuxStoreThinned                               WARNING AthContainers/src/copyAuxStoreThinned.cxx:138: unlocked decoration UEcorr_Pt (955) in object of type xAOD::ElectronAuxContainer_v3
2026-02-12 18:32:11,403 copyAuxStoreThinned                               WARNING AthContainers/src/copyAuxStoreThinned.cxx:138: unlocked decoration UEcorr_Pt (955) in object of type xAOD::MuonAuxContainer_v5
2026-02-12 18:32:11,445 AthenaEventLoopMgr                                   INFO   ===>>>  done processing event #334736064, run #450000 101 events processed so far  <<<===
2026-02-12 18:32:13,150 copyAuxStoreThinned                               WARNING AthContainers/src/copyAuxStoreThinned.cxx:138: unlocked decoration UEcorr_Pt (955) in object of type xAOD::ElectronAuxContainer_v3
2026-02-12 18:32:13,154 copyAuxStoreThinned                               WARNING AthContainers/src/copyAuxStoreThinned.cxx:138: unlocked decoration UEcorr_Pt (955) in object of type xAOD::MuonAuxContainer_v5
2026-02-12 18:32:14,786 copyAuxStoreThinned                               WARNING AthContainers/src/copyAuxStoreThinned.cxx:138: unlocked decoration UEcorr_Pt (955) in object of type xAOD::ElectronAuxContainer_v3
2026-02-12 18:32:14,790 copyAuxStoreThinned                               WARNING AthContainers/src/copyAuxStoreThinned.cxx:138: unlocked decoration UEcorr_Pt (955) in object of type xAOD::MuonAuxContainer_v5
2026-02-12 18:32:16,624 copyAuxStoreThinned                               WARNING AthContainers/src/copyAuxStoreThinned.cxx:138: unlocked decoration UEcorr_Pt (955) in object of type xAOD::ElectronAuxContainer_v3
2026-02-12 18:32:16,627 copyAuxStoreThinned                               WARNING AthContainers/src/copyAuxStoreThinned.cxx:138: unlocked decoration UEcorr_Pt (955) in object of type xAOD::MuonAuxContainer_v5
2026-02-12 18:32:18,559 copyAuxStoreThinned                               WARNING AthContainers/src/copyAuxStoreThinned.cxx:138: unlocked decoration UEcorr_Pt (955) in object of type xAOD::ElectronAuxContainer_v3
2026-02-12 18:32:18,563 copyAuxStoreThinned                               WARNING AthContainers/src/copyAuxStoreThinned.cxx:138: unlocked decoration UEcorr_Pt (955) in object of type xAOD::MuonAuxContainer_v5
2026-02-12 18:32:19,914 copyAuxStoreThinned                               WARNING AthContainers/src/copyAuxStoreThinned.cxx:138: unlocked decoration UEcorr_Pt (955) in object of type xAOD::ElectronAuxContainer_v3
2026-02-12 18:32:19,929 copyAuxStoreThinned                               WARNING AthContainers/src/copyAuxStoreThinned.cxx:138: unlocked decoration UEcorr_Pt (955) in object of type xAOD::MuonAuxContainer_v5
2026-02-12 18:32:21,453 copyAuxStoreThinned                               WARNING AthContainers/src/copyAuxStoreThinned.cxx:138: unlocked decoration UEcorr_Pt (955) in object of type xAOD::ElectronAuxContainer_v3
2026-02-12 18:32:21,457 copyAuxStoreThinned                               WARNING AthContainers/src/copyAuxStoreThinned.cxx:138: unlocked decoration UEcorr_Pt (955) in object of type xAOD::MuonAuxContainer_v5
2026-02-12 18:32:23,553 copyAuxStoreThinned                               WARNING AthContainers/src/copyAuxStoreThinned.cxx:138: unlocked decoration UEcorr_Pt (955) in object of type xAOD::ElectronAuxContainer_v3
2026-02-12 18:32:23,558 copyAuxStoreThinned                               WARNING AthContainers/src/copyAuxStoreThinned.cxx:138: unlocked decoration UEcorr_Pt (955) in object of type xAOD::MuonAuxContainer_v5
2026-02-12 18:32:25,172 copyAuxStoreThinned                               WARNING AthContainers/src/copyAuxStoreThinned.cxx:138: unlocked decoration UEcorr_Pt (955) in object of type xAOD::ElectronAuxContainer_v3
2026-02-12 18:32:25,176 copyAuxStoreThinned                               WARNING AthContainers/src/copyAuxStoreThinned.cxx:138: unlocked decoration UEcorr_Pt (955) in object of type xAOD::MuonAuxContainer_v5
2026-02-12 18:32:26,527 copyAuxStoreThinned                               WARNING AthContainers/src/copyAuxStoreThinned.cxx:138: unlocked decoration UEcorr_Pt (955) in object of type xAOD::ElectronAuxContainer_v3
2026-02-12 18:32:26,531 copyAuxStoreThinned                               WARNING AthContainers/src/copyAuxStoreThinned.cxx:138: unlocked decoration UEcorr_Pt (955) in object of type xAOD::MuonAuxContainer_v5
2026-02-12 18:32:27,794 copyAuxStoreThinned                               WARNING AthContainers/src/copyAuxStoreThinned.cxx:138: unlocked decoration UEcorr_Pt (955) in object of type xAOD::ElectronAuxContainer_v3
2026-02-12 18:32:29,365 copyAuxStoreThinned                               WARNING AthContainers/src/copyAuxStoreThinned.cxx:138: unlocked decoration UEcorr_Pt (955) in object of type xAOD::ElectronAuxContainer_v3
2026-02-12 18:32:29,369 copyAuxStoreThinned                               WARNING AthContainers/src/copyAuxStoreThinned.cxx:138: unlocked decoration UEcorr_Pt (955) in object of type xAOD::MuonAuxContainer_v5
2026-02-12 18:32:30,513 copyAuxStoreThinned                               WARNING AthContainers/src/copyAuxStoreThinned.cxx:138: unlocked decoration UEcorr_Pt (955) in object of type xAOD::ElectronAuxContainer_v3
2026-02-12 18:32:30,619 PerfMonMTSvc                                         INFO Event [  114] CPU Time: 00h02m32s, Wall Time: 00h03m35s, Vmem: 4.73 GB, Rss: 3.41 GB, Pss: 1.38 GB, Swap: 0.00 KB
2026-02-12 18:32:31,808 copyAuxStoreThinned                               WARNING AthContainers/src/copyAuxStoreThinned.cxx:138: unlocked decoration UEcorr_Pt (955) in object of type xAOD::ElectronAuxContainer_v3
2026-02-12 18:32:31,812 copyAuxStoreThinned                               WARNING AthContainers/src/copyAuxStoreThinned.cxx:138: unlocked decoration UEcorr_Pt (955) in object of type xAOD::MuonAuxContainer_v5
2026-02-12 18:32:33,581 copyAuxStoreThinned                               WARNING AthContainers/src/copyAuxStoreThinned.cxx:138: unlocked decoration UEcorr_Pt (955) in object of type xAOD::ElectronAuxContainer_v3
2026-02-12 18:32:33,586 copyAuxStoreThinned                               WARNING AthContainers/src/copyAuxStoreThinned.cxx:138: unlocked decoration UEcorr_Pt (955) in object of type xAOD::MuonAuxContainer_v5
2026-02-12 18:32:34,667 copyAuxStoreThinned                               WARNING AthContainers/src/copyAuxStoreThinned.cxx:138: unlocked decoration UEcorr_Pt (955) in object of type xAOD::ElectronAuxContainer_v3
2026-02-12 18:32:34,671 copyAuxStoreThinned                               WARNING AthContainers/src/copyAuxStoreThinned.cxx:138: unlocked decoration UEcorr_Pt (955) in object of type xAOD::MuonAuxContainer_v5
2026-02-12 18:32:36,094 copyAuxStoreThinned                               WARNING AthContainers/src/copyAuxStoreThinned.cxx:138: unlocked decoration UEcorr_Pt (955) in object of type xAOD::ElectronAuxContainer_v3
2026-02-12 18:32:36,098 copyAuxStoreThinned                               WARNING AthContainers/src/copyAuxStoreThinned.cxx:138: unlocked decoration UEcorr_Pt (955) in object of type xAOD::MuonAuxContainer_v5
2026-02-12 18:32:37,238 copyAuxStoreThinned                               WARNING AthContainers/src/copyAuxStoreThinned.cxx:138: unlocked decoration UEcorr_Pt (955) in object of type xAOD::ElectronAuxContainer_v3
2026-02-12 18:32:37,242 copyAuxStoreThinned                               WARNING AthContainers/src/copyAuxStoreThinned.cxx:138: unlocked decoration UEcorr_Pt (955) in object of type xAOD::MuonAuxContainer_v5
2026-02-12 18:32:38,856 copyAuxStoreThinned                               WARNING AthContainers/src/copyAuxStoreThinned.cxx:138: unlocked decoration UEcorr_Pt (955) in object of type xAOD::ElectronAuxContainer_v3
2026-02-12 18:32:40,890 copyAuxStoreThinned                               WARNING AthContainers/src/copyAuxStoreThinned.cxx:138: unlocked decoration UEcorr_Pt (955) in object of type xAOD::ElectronAuxContainer_v3
2026-02-12 18:32:40,893 copyAuxStoreThinned                               WARNING AthContainers/src/copyAuxStoreThinned.cxx:138: unlocked decoration UEcorr_Pt (955) in object of type xAOD::MuonAuxContainer_v5
2026-02-12 18:32:42,320 copyAuxStoreThinned                               WARNING AthContainers/src/copyAuxStoreThinned.cxx:138: unlocked decoration UEcorr_Pt (955) in object of type xAOD::ElectronAuxContainer_v3
2026-02-12 18:32:42,324 copyAuxStoreThinned                               WARNING AthContainers/src/copyAuxStoreThinned.cxx:138: unlocked decoration UEcorr_Pt (955) in object of type xAOD::MuonAuxContainer_v5
2026-02-12 18:32:44,700 copyAuxStoreThinned                               WARNING AthContainers/src/copyAuxStoreThinned.cxx:138: unlocked decoration UEcorr_Pt (955) in object of type xAOD::ElectronAuxContainer_v3
2026-02-12 18:32:44,704 copyAuxStoreThinned                               WARNING AthContainers/src/copyAuxStoreThinned.cxx:138: unlocked decoration UEcorr_Pt (955) in object of type xAOD::MuonAuxContainer_v5
2026-02-12 18:32:46,036 copyAuxStoreThinned                               WARNING AthContainers/src/copyAuxStoreThinned.cxx:138: unlocked decoration UEcorr_Pt (955) in object of type xAOD::ElectronAuxContainer_v3
2026-02-12 18:32:47,483 copyAuxStoreThinned                               WARNING AthContainers/src/copyAuxStoreThinned.cxx:138: unlocked decoration UEcorr_Pt (955) in object of type xAOD::ElectronAuxContainer_v3
2026-02-12 18:32:48,843 copyAuxStoreThinned                               WARNING AthContainers/src/copyAuxStoreThinned.cxx:138: unlocked decoration UEcorr_Pt (955) in object of type xAOD::ElectronAuxContainer_v3
2026-02-12 18:32:50,347 copyAuxStoreThinned                               WARNING AthContainers/src/copyAuxStoreThinned.cxx:138: unlocked decoration UEcorr_Pt (955) in object of type xAOD::ElectronAuxContainer_v3
2026-02-12 18:32:50,350 copyAuxStoreThinned                               WARNING AthContainers/src/copyAuxStoreThinned.cxx:138: unlocked decoration UEcorr_Pt (955) in object of type xAOD::MuonAuxContainer_v5
2026-02-12 18:32:52,420 copyAuxStoreThinned                               WARNING AthContainers/src/copyAuxStoreThinned.cxx:138: unlocked decoration UEcorr_Pt (955) in object of type xAOD::ElectronAuxContainer_v3
2026-02-12 18:32:52,424 copyAuxStoreThinned                               WARNING AthContainers/src/copyAuxStoreThinned.cxx:138: unlocked decoration UEcorr_Pt (955) in object of type xAOD::MuonAuxContainer_v5
2026-02-12 18:32:54,058 copyAuxStoreThinned                               WARNING AthContainers/src/copyAuxStoreThinned.cxx:138: unlocked decoration UEcorr_Pt (955) in object of type xAOD::ElectronAuxContainer_v3
2026-02-12 18:32:54,062 copyAuxStoreThinned                               WARNING AthContainers/src/copyAuxStoreThinned.cxx:138: unlocked decoration UEcorr_Pt (955) in object of type xAOD::MuonAuxContainer_v5
2026-02-12 18:32:55,085 copyAuxStoreThinned                               WARNING AthContainers/src/copyAuxStoreThinned.cxx:138: unlocked decoration UEcorr_Pt (955) in object of type xAOD::ElectronAuxContainer_v3
2026-02-12 18:32:55,089 copyAuxStoreThinned                               WARNING AthContainers/src/copyAuxStoreThinned.cxx:138: unlocked decoration UEcorr_Pt (955) in object of type xAOD::MuonAuxContainer_v5
2026-02-12 18:32:56,267 copyAuxStoreThinned                               WARNING AthContainers/src/copyAuxStoreThinned.cxx:138: unlocked decoration UEcorr_Pt (955) in object of type xAOD::ElectronAuxContainer_v3
2026-02-12 18:32:57,650 copyAuxStoreThinned                               WARNING AthContainers/src/copyAuxStoreThinned.cxx:138: unlocked decoration UEcorr_Pt (955) in object of type xAOD::ElectronAuxContainer_v3
2026-02-12 18:32:57,654 copyAuxStoreThinned                               WARNING AthContainers/src/copyAuxStoreThinned.cxx:138: unlocked decoration UEcorr_Pt (955) in object of type xAOD::MuonAuxContainer_v5
2026-02-12 18:32:58,844 copyAuxStoreThinned                               WARNING AthContainers/src/copyAuxStoreThinned.cxx:138: unlocked decoration UEcorr_Pt (955) in object of type xAOD::ElectronAuxContainer_v3
2026-02-12 18:32:58,848 copyAuxStoreThinned                               WARNING AthContainers/src/copyAuxStoreThinned.cxx:138: unlocked decoration UEcorr_Pt (955) in object of type xAOD::MuonAuxContainer_v5
2026-02-12 18:33:00,801 copyAuxStoreThinned                               WARNING AthContainers/src/copyAuxStoreThinned.cxx:138: unlocked decoration UEcorr_Pt (955) in object of type xAOD::ElectronAuxContainer_v3
2026-02-12 18:33:00,832 copyAuxStoreThinned                               WARNING AthContainers/src/copyAuxStoreThinned.cxx:138: unlocked decoration UEcorr_Pt (955) in object of type xAOD::MuonAuxContainer_v5
2026-02-12 18:33:00,933 PerfMonMTSvc                                         INFO Event [  134] CPU Time: 00h03m02s, Wall Time: 00h04m05s, Vmem: 4.73 GB, Rss: 3.41 GB, Pss: 1.38 GB, Swap: 0.00 KB
2026-02-12 18:33:02,658 copyAuxStoreThinned                               WARNING AthContainers/src/copyAuxStoreThinned.cxx:138: unlocked decoration UEcorr_Pt (955) in object of type xAOD::ElectronAuxContainer_v3
2026-02-12 18:33:02,662 copyAuxStoreThinned                               WARNING AthContainers/src/copyAuxStoreThinned.cxx:138: unlocked decoration UEcorr_Pt (955) in object of type xAOD::MuonAuxContainer_v5
2026-02-12 18:33:03,954 copyAuxStoreThinned                               WARNING AthContainers/src/copyAuxStoreThinned.cxx:138: unlocked decoration UEcorr_Pt (955) in object of type xAOD::ElectronAuxContainer_v3
2026-02-12 18:33:03,958 copyAuxStoreThinned                               WARNING AthContainers/src/copyAuxStoreThinned.cxx:138: unlocked decoration UEcorr_Pt (955) in object of type xAOD::MuonAuxContainer_v5
2026-02-12 18:33:05,780 copyAuxStoreThinned                               WARNING AthContainers/src/copyAuxStoreThinned.cxx:138: unlocked decoration UEcorr_Pt (955) in object of type xAOD::ElectronAuxContainer_v3
2026-02-12 18:33:05,784 copyAuxStoreThinned                               WARNING AthContainers/src/copyAuxStoreThinned.cxx:138: unlocked decoration UEcorr_Pt (955) in object of type xAOD::MuonAuxContainer_v5
2026-02-12 18:33:07,652 copyAuxStoreThinned                               WARNING AthContainers/src/copyAuxStoreThinned.cxx:138: unlocked decoration UEcorr_Pt (955) in object of type xAOD::ElectronAuxContainer_v3
2026-02-12 18:33:07,656 copyAuxStoreThinned                               WARNING AthContainers/src/copyAuxStoreThinned.cxx:138: unlocked decoration UEcorr_Pt (955) in object of type xAOD::MuonAuxContainer_v5
2026-02-12 18:33:09,501 copyAuxStoreThinned                               WARNING AthContainers/src/copyAuxStoreThinned.cxx:138: unlocked decoration UEcorr_Pt (955) in object of type xAOD::ElectronAuxContainer_v3
2026-02-12 18:33:09,504 copyAuxStoreThinned                               WARNING AthContainers/src/copyAuxStoreThinned.cxx:138: unlocked decoration UEcorr_Pt (955) in object of type xAOD::MuonAuxContainer_v5
2026-02-12 18:33:10,731 copyAuxStoreThinned                               WARNING AthContainers/src/copyAuxStoreThinned.cxx:138: unlocked decoration UEcorr_Pt (955) in object of type xAOD::ElectronAuxContainer_v3
2026-02-12 18:33:10,735 copyAuxStoreThinned                               WARNING AthContainers/src/copyAuxStoreThinned.cxx:138: unlocked decoration UEcorr_Pt (955) in object of type xAOD::MuonAuxContainer_v5
2026-02-12 18:33:12,119 copyAuxStoreThinned                               WARNING AthContainers/src/copyAuxStoreThinned.cxx:138: unlocked decoration UEcorr_Pt (955) in object of type xAOD::ElectronAuxContainer_v3
2026-02-12 18:33:14,166 copyAuxStoreThinned                               WARNING AthContainers/src/copyAuxStoreThinned.cxx:138: unlocked decoration UEcorr_Pt (955) in object of type xAOD::ElectronAuxContainer_v3
2026-02-12 18:33:14,170 copyAuxStoreThinned                               WARNING AthContainers/src/copyAuxStoreThinned.cxx:138: unlocked decoration UEcorr_Pt (955) in object of type xAOD::MuonAuxContainer_v5
2026-02-12 18:33:15,725 copyAuxStoreThinned                               WARNING AthContainers/src/copyAuxStoreThinned.cxx:138: unlocked decoration UEcorr_Pt (955) in object of type xAOD::ElectronAuxContainer_v3
2026-02-12 18:33:15,729 copyAuxStoreThinned                               WARNING AthContainers/src/copyAuxStoreThinned.cxx:138: unlocked decoration UEcorr_Pt (955) in object of type xAOD::MuonAuxContainer_v5
2026-02-12 18:33:16,712 copyAuxStoreThinned                               WARNING AthContainers/src/copyAuxStoreThinned.cxx:138: unlocked decoration UEcorr_Pt (955) in object of type xAOD::ElectronAuxContainer_v3
2026-02-12 18:33:16,716 copyAuxStoreThinned                               WARNING AthContainers/src/copyAuxStoreThinned.cxx:138: unlocked decoration UEcorr_Pt (955) in object of type xAOD::MuonAuxContainer_v5
2026-02-12 18:33:18,034 copyAuxStoreThinned                               WARNING AthContainers/src/copyAuxStoreThinned.cxx:138: unlocked decoration UEcorr_Pt (955) in object of type xAOD::ElectronAuxContainer_v3
2026-02-12 18:33:18,038 copyAuxStoreThinned                               WARNING AthContainers/src/copyAuxStoreThinned.cxx:138: unlocked decoration UEcorr_Pt (955) in object of type xAOD::MuonAuxContainer_v5
2026-02-12 18:33:19,010 copyAuxStoreThinned                               WARNING AthContainers/src/copyAuxStoreThinned.cxx:138: unlocked decoration UEcorr_Pt (955) in object of type xAOD::ElectronAuxContainer_v3
2026-02-12 18:33:20,477 copyAuxStoreThinned                               WARNING AthContainers/src/copyAuxStoreThinned.cxx:138: unlocked decoration UEcorr_Pt (955) in object of type xAOD::ElectronAuxContainer_v3
2026-02-12 18:33:20,490 copyAuxStoreThinned                               WARNING AthContainers/src/copyAuxStoreThinned.cxx:138: unlocked decoration UEcorr_Pt (955) in object of type xAOD::MuonAuxContainer_v5
2026-02-12 18:33:22,435 copyAuxStoreThinned                               WARNING AthContainers/src/copyAuxStoreThinned.cxx:138: unlocked decoration UEcorr_Pt (955) in object of type xAOD::ElectronAuxContainer_v3
2026-02-12 18:33:22,439 copyAuxStoreThinned                               WARNING AthContainers/src/copyAuxStoreThinned.cxx:138: unlocked decoration UEcorr_Pt (955) in object of type xAOD::MuonAuxContainer_v5
2026-02-12 18:33:23,891 copyAuxStoreThinned                               WARNING AthContainers/src/copyAuxStoreThinned.cxx:138: unlocked decoration UEcorr_Pt (955) in object of type xAOD::ElectronAuxContainer_v3
2026-02-12 18:33:23,896 copyAuxStoreThinned                               WARNING AthContainers/src/copyAuxStoreThinned.cxx:138: unlocked decoration UEcorr_Pt (955) in object of type xAOD::MuonAuxContainer_v5
2026-02-12 18:33:25,077 copyAuxStoreThinned                               WARNING AthContainers/src/copyAuxStoreThinned.cxx:138: unlocked decoration UEcorr_Pt (955) in object of type xAOD::ElectronAuxContainer_v3
2026-02-12 18:33:25,080 copyAuxStoreThinned                               WARNING AthContainers/src/copyAuxStoreThinned.cxx:138: unlocked decoration UEcorr_Pt (955) in object of type xAOD::MuonAuxContainer_v5
2026-02-12 18:33:26,483 copyAuxStoreThinned                               WARNING AthContainers/src/copyAuxStoreThinned.cxx:138: unlocked decoration UEcorr_Pt (955) in object of type xAOD::ElectronAuxContainer_v3
2026-02-12 18:33:26,486 copyAuxStoreThinned                               WARNING AthContainers/src/copyAuxStoreThinned.cxx:138: unlocked decoration UEcorr_Pt (955) in object of type xAOD::MuonAuxContainer_v5
WARNING from FastJet: ClusterSequenceAreaBase::get_median_rho_and_sigma(...): the estimated empty area is suspiciously large and negative and may lead to an over-estimation of rho. This may be due to (i) a rare statistical fluctuation or (ii) too small a range used to estimate the background properties.
2026-02-12 18:33:27,886 copyAuxStoreThinned                               WARNING AthContainers/src/copyAuxStoreThinned.cxx:138: unlocked decoration UEcorr_Pt (955) in object of type xAOD::ElectronAuxContainer_v3
2026-02-12 18:33:27,889 copyAuxStoreThinned                               WARNING AthContainers/src/copyAuxStoreThinned.cxx:138: unlocked decoration UEcorr_Pt (955) in object of type xAOD::MuonAuxContainer_v5
2026-02-12 18:33:29,015 copyAuxStoreThinned                               WARNING AthContainers/src/copyAuxStoreThinned.cxx:138: unlocked decoration UEcorr_Pt (955) in object of type xAOD::ElectronAuxContainer_v3
2026-02-12 18:33:29,019 copyAuxStoreThinned                               WARNING AthContainers/src/copyAuxStoreThinned.cxx:138: unlocked decoration UEcorr_Pt (955) in object of type xAOD::MuonAuxContainer_v5
2026-02-12 18:33:29,838 copyAuxStoreThinned                               WARNING AthContainers/src/copyAuxStoreThinned.cxx:138: unlocked decoration UEcorr_Pt (955) in object of type xAOD::ElectronAuxContainer_v3
2026-02-12 18:33:31,284 copyAuxStoreThinned                               WARNING AthContainers/src/copyAuxStoreThinned.cxx:138: unlocked decoration UEcorr_Pt (955) in object of type xAOD::ElectronAuxContainer_v3
2026-02-12 18:33:31,388 PerfMonMTSvc                                         INFO Event [  155] CPU Time: 00h03m32s, Wall Time: 00h04m36s, Vmem: 4.73 GB, Rss: 3.41 GB, Pss: 1.38 GB, Swap: 0.00 KB
2026-02-12 18:33:32,821 copyAuxStoreThinned                               WARNING AthContainers/src/copyAuxStoreThinned.cxx:138: unlocked decoration UEcorr_Pt (955) in object of type xAOD::ElectronAuxContainer_v3
2026-02-12 18:33:32,825 copyAuxStoreThinned                               WARNING AthContainers/src/copyAuxStoreThinned.cxx:138: unlocked decoration UEcorr_Pt (955) in object of type xAOD::MuonAuxContainer_v5
2026-02-12 18:33:34,679 copyAuxStoreThinned                               WARNING AthContainers/src/copyAuxStoreThinned.cxx:138: unlocked decoration UEcorr_Pt (955) in object of type xAOD::ElectronAuxContainer_v3
2026-02-12 18:33:34,683 copyAuxStoreThinned                               WARNING AthContainers/src/copyAuxStoreThinned.cxx:138: unlocked decoration UEcorr_Pt (955) in object of type xAOD::MuonAuxContainer_v5
2026-02-12 18:33:36,168 copyAuxStoreThinned                               WARNING AthContainers/src/copyAuxStoreThinned.cxx:138: unlocked decoration UEcorr_Pt (955) in object of type xAOD::ElectronAuxContainer_v3
2026-02-12 18:33:36,173 copyAuxStoreThinned                               WARNING AthContainers/src/copyAuxStoreThinned.cxx:138: unlocked decoration UEcorr_Pt (955) in object of type xAOD::MuonAuxContainer_v5
2026-02-12 18:33:37,453 copyAuxStoreThinned                               WARNING AthContainers/src/copyAuxStoreThinned.cxx:138: unlocked decoration UEcorr_Pt (955) in object of type xAOD::ElectronAuxContainer_v3
2026-02-12 18:33:37,457 copyAuxStoreThinned                               WARNING AthContainers/src/copyAuxStoreThinned.cxx:138: unlocked decoration UEcorr_Pt (955) in object of type xAOD::MuonAuxContainer_v5
2026-02-12 18:33:38,737 copyAuxStoreThinned                               WARNING AthContainers/src/copyAuxStoreThinned.cxx:138: unlocked decoration UEcorr_Pt (955) in object of type xAOD::ElectronAuxContainer_v3
2026-02-12 18:33:38,741 copyAuxStoreThinned                               WARNING AthContainers/src/copyAuxStoreThinned.cxx:138: unlocked decoration UEcorr_Pt (955) in object of type xAOD::MuonAuxContainer_v5
2026-02-12 18:33:40,958 copyAuxStoreThinned                               WARNING AthContainers/src/copyAuxStoreThinned.cxx:138: unlocked decoration UEcorr_Pt (955) in object of type xAOD::ElectronAuxContainer_v3
2026-02-12 18:33:40,963 copyAuxStoreThinned                               WARNING AthContainers/src/copyAuxStoreThinned.cxx:138: unlocked decoration UEcorr_Pt (955) in object of type xAOD::MuonAuxContainer_v5
2026-02-12 18:33:42,648 copyAuxStoreThinned                               WARNING AthContainers/src/copyAuxStoreThinned.cxx:138: unlocked decoration UEcorr_Pt (955) in object of type xAOD::ElectronAuxContainer_v3
2026-02-12 18:33:42,652 copyAuxStoreThinned                               WARNING AthContainers/src/copyAuxStoreThinned.cxx:138: unlocked decoration UEcorr_Pt (955) in object of type xAOD::MuonAuxContainer_v5
2026-02-12 18:33:43,955 copyAuxStoreThinned                               WARNING AthContainers/src/copyAuxStoreThinned.cxx:138: unlocked decoration UEcorr_Pt (955) in object of type xAOD::ElectronAuxContainer_v3
2026-02-12 18:33:43,959 copyAuxStoreThinned                               WARNING AthContainers/src/copyAuxStoreThinned.cxx:138: unlocked decoration UEcorr_Pt (955) in object of type xAOD::MuonAuxContainer_v5
2026-02-12 18:33:45,497 copyAuxStoreThinned                               WARNING AthContainers/src/copyAuxStoreThinned.cxx:138: unlocked decoration UEcorr_Pt (955) in object of type xAOD::ElectronAuxContainer_v3
2026-02-12 18:33:45,500 copyAuxStoreThinned                               WARNING AthContainers/src/copyAuxStoreThinned.cxx:138: unlocked decoration UEcorr_Pt (955) in object of type xAOD::MuonAuxContainer_v5
2026-02-12 18:33:47,388 copyAuxStoreThinned                               WARNING AthContainers/src/copyAuxStoreThinned.cxx:138: unlocked decoration UEcorr_Pt (955) in object of type xAOD::ElectronAuxContainer_v3
2026-02-12 18:33:47,395 copyAuxStoreThinned                               WARNING AthContainers/src/copyAuxStoreThinned.cxx:138: unlocked decoration UEcorr_Pt (955) in object of type xAOD::MuonAuxContainer_v5
2026-02-12 18:33:48,573 copyAuxStoreThinned                               WARNING AthContainers/src/copyAuxStoreThinned.cxx:138: unlocked decoration UEcorr_Pt (955) in object of type xAOD::ElectronAuxContainer_v3
2026-02-12 18:33:48,578 copyAuxStoreThinned                               WARNING AthContainers/src/copyAuxStoreThinned.cxx:138: unlocked decoration UEcorr_Pt (955) in object of type xAOD::MuonAuxContainer_v5
2026-02-12 18:33:50,451 copyAuxStoreThinned                               WARNING AthContainers/src/copyAuxStoreThinned.cxx:138: unlocked decoration UEcorr_Pt (955) in object of type xAOD::ElectronAuxContainer_v3
2026-02-12 18:33:52,307 copyAuxStoreThinned                               WARNING AthContainers/src/copyAuxStoreThinned.cxx:138: unlocked decoration UEcorr_Pt (955) in object of type xAOD::ElectronAuxContainer_v3
2026-02-12 18:33:52,311 copyAuxStoreThinned                               WARNING AthContainers/src/copyAuxStoreThinned.cxx:138: unlocked decoration UEcorr_Pt (955) in object of type xAOD::MuonAuxContainer_v5
2026-02-12 18:33:53,602 copyAuxStoreThinned                               WARNING AthContainers/src/copyAuxStoreThinned.cxx:138: unlocked decoration UEcorr_Pt (955) in object of type xAOD::ElectronAuxContainer_v3
2026-02-12 18:33:53,607 copyAuxStoreThinned                               WARNING AthContainers/src/copyAuxStoreThinned.cxx:138: unlocked decoration UEcorr_Pt (955) in object of type xAOD::MuonAuxContainer_v5
2026-02-12 18:33:54,531 copyAuxStoreThinned                               WARNING AthContainers/src/copyAuxStoreThinned.cxx:138: unlocked decoration UEcorr_Pt (955) in object of type xAOD::ElectronAuxContainer_v3
2026-02-12 18:33:54,535 copyAuxStoreThinned                               WARNING AthContainers/src/copyAuxStoreThinned.cxx:138: unlocked decoration UEcorr_Pt (955) in object of type xAOD::MuonAuxContainer_v5
2026-02-12 18:33:56,747 copyAuxStoreThinned                               WARNING AthContainers/src/copyAuxStoreThinned.cxx:138: unlocked decoration UEcorr_Pt (955) in object of type xAOD::ElectronAuxContainer_v3
2026-02-12 18:33:56,751 copyAuxStoreThinned                               WARNING AthContainers/src/copyAuxStoreThinned.cxx:138: unlocked decoration UEcorr_Pt (955) in object of type xAOD::MuonAuxContainer_v5
2026-02-12 18:33:57,871 copyAuxStoreThinned                               WARNING AthContainers/src/copyAuxStoreThinned.cxx:138: unlocked decoration UEcorr_Pt (955) in object of type xAOD::ElectronAuxContainer_v3
2026-02-12 18:33:57,875 copyAuxStoreThinned                               WARNING AthContainers/src/copyAuxStoreThinned.cxx:138: unlocked decoration UEcorr_Pt (955) in object of type xAOD::MuonAuxContainer_v5
2026-02-12 18:33:59,443 copyAuxStoreThinned                               WARNING AthContainers/src/copyAuxStoreThinned.cxx:138: unlocked decoration UEcorr_Pt (955) in object of type xAOD::ElectronAuxContainer_v3
2026-02-12 18:33:59,446 copyAuxStoreThinned                               WARNING AthContainers/src/copyAuxStoreThinned.cxx:138: unlocked decoration UEcorr_Pt (955) in object of type xAOD::MuonAuxContainer_v5
2026-02-12 18:34:00,717 copyAuxStoreThinned                               WARNING AthContainers/src/copyAuxStoreThinned.cxx:138: unlocked decoration UEcorr_Pt (955) in object of type xAOD::ElectronAuxContainer_v3
2026-02-12 18:34:00,721 copyAuxStoreThinned                               WARNING AthContainers/src/copyAuxStoreThinned.cxx:138: unlocked decoration UEcorr_Pt (955) in object of type xAOD::MuonAuxContainer_v5
2026-02-12 18:34:01,828 copyAuxStoreThinned                               WARNING AthContainers/src/copyAuxStoreThinned.cxx:138: unlocked decoration UEcorr_Pt (955) in object of type xAOD::ElectronAuxContainer_v3
2026-02-12 18:34:01,832 copyAuxStoreThinned                               WARNING AthContainers/src/copyAuxStoreThinned.cxx:138: unlocked decoration UEcorr_Pt (955) in object of type xAOD::MuonAuxContainer_v5
2026-02-12 18:34:01,936 PerfMonMTSvc                                         INFO Event [  175] CPU Time: 00h04m02s, Wall Time: 00h05m06s, Vmem: 4.73 GB, Rss: 3.41 GB, Pss: 1.38 GB, Swap: 0.00 KB
2026-02-12 18:34:02,084 ToolSvc.ElectronPassDNN...ElectronDNNSelectorLooseWARNING No SCT hit for any track associated to electron ! nTP = 1
2026-02-12 18:34:02,084 ToolSvc.ElectronPassDNN...ElectronDNNSelectorLooseWARNING No SCT hit for any track associated to electron ! nTP = 1
2026-02-12 18:34:02,085 ToolSvc.ElectronPassDN...ElectronDNNSelectorMediumWARNING No SCT hit for any track associated to electron ! nTP = 1
2026-02-12 18:34:02,086 ToolSvc.ElectronPassDNN...ElectronDNNSelectorTightWARNING No SCT hit for any track associated to electron ! nTP = 1
2026-02-12 18:34:02,087 ToolSvc.Elect...ElectronDNNSelectorVeryLooseNoCF97WARNING No SCT hit for any track associated to electron ! nTP = 1
2026-02-12 18:34:02,087 ToolSvc.ElectronPas...ElectronDNNSelectorLooseNoCFWARNING No SCT hit for any track associated to electron ! nTP = 1
2026-02-12 18:34:02,088 ToolSvc.ElectronPa...ElectronDNNSelectorMediumNoCFWARNING No SCT hit for any track associated to electron ! nTP = 1
2026-02-12 18:34:02,089 ToolSvc.ElectronPas...ElectronDNNSelectorTightNoCFWARNING No SCT hit for any track associated to electron ! nTP = 1
2026-02-12 18:34:02,866 copyAuxStoreThinned                               WARNING AthContainers/src/copyAuxStoreThinned.cxx:138: unlocked decoration UEcorr_Pt (955) in object of type xAOD::ElectronAuxContainer_v3
2026-02-12 18:34:02,869 copyAuxStoreThinned                               WARNING AthContainers/src/copyAuxStoreThinned.cxx:138: unlocked decoration UEcorr_Pt (955) in object of type xAOD::MuonAuxContainer_v5
2026-02-12 18:34:04,066 copyAuxStoreThinned                               WARNING AthContainers/src/copyAuxStoreThinned.cxx:138: unlocked decoration UEcorr_Pt (955) in object of type xAOD::ElectronAuxContainer_v3
2026-02-12 18:34:04,070 copyAuxStoreThinned                               WARNING AthContainers/src/copyAuxStoreThinned.cxx:138: unlocked decoration UEcorr_Pt (955) in object of type xAOD::MuonAuxContainer_v5
2026-02-12 18:34:05,525 copyAuxStoreThinned                               WARNING AthContainers/src/copyAuxStoreThinned.cxx:138: unlocked decoration UEcorr_Pt (955) in object of type xAOD::ElectronAuxContainer_v3
2026-02-12 18:34:05,532 copyAuxStoreThinned                               WARNING AthContainers/src/copyAuxStoreThinned.cxx:138: unlocked decoration UEcorr_Pt (955) in object of type xAOD::MuonAuxContainer_v5
2026-02-12 18:34:07,259 copyAuxStoreThinned                               WARNING AthContainers/src/copyAuxStoreThinned.cxx:138: unlocked decoration UEcorr_Pt (955) in object of type xAOD::ElectronAuxContainer_v3
2026-02-12 18:34:07,270 copyAuxStoreThinned                               WARNING AthContainers/src/copyAuxStoreThinned.cxx:138: unlocked decoration UEcorr_Pt (955) in object of type xAOD::MuonAuxContainer_v5
2026-02-12 18:34:08,552 copyAuxStoreThinned                               WARNING AthContainers/src/copyAuxStoreThinned.cxx:138: unlocked decoration UEcorr_Pt (955) in object of type xAOD::ElectronAuxContainer_v3
2026-02-12 18:34:08,556 copyAuxStoreThinned                               WARNING AthContainers/src/copyAuxStoreThinned.cxx:138: unlocked decoration UEcorr_Pt (955) in object of type xAOD::MuonAuxContainer_v5
2026-02-12 18:34:10,080 copyAuxStoreThinned                               WARNING AthContainers/src/copyAuxStoreThinned.cxx:138: unlocked decoration UEcorr_Pt (955) in object of type xAOD::ElectronAuxContainer_v3
2026-02-12 18:34:10,084 copyAuxStoreThinned                               WARNING AthContainers/src/copyAuxStoreThinned.cxx:138: unlocked decoration UEcorr_Pt (955) in object of type xAOD::MuonAuxContainer_v5
2026-02-12 18:34:12,140 copyAuxStoreThinned                               WARNING AthContainers/src/copyAuxStoreThinned.cxx:138: unlocked decoration UEcorr_Pt (955) in object of type xAOD::ElectronAuxContainer_v3
2026-02-12 18:34:12,144 copyAuxStoreThinned                               WARNING AthContainers/src/copyAuxStoreThinned.cxx:138: unlocked decoration UEcorr_Pt (955) in object of type xAOD::MuonAuxContainer_v5
2026-02-12 18:34:13,431 copyAuxStoreThinned                               WARNING AthContainers/src/copyAuxStoreThinned.cxx:138: unlocked decoration UEcorr_Pt (955) in object of type xAOD::ElectronAuxContainer_v3
2026-02-12 18:34:14,636 copyAuxStoreThinned                               WARNING AthContainers/src/copyAuxStoreThinned.cxx:138: unlocked decoration UEcorr_Pt (955) in object of type xAOD::ElectronAuxContainer_v3
2026-02-12 18:34:14,640 copyAuxStoreThinned                               WARNING AthContainers/src/copyAuxStoreThinned.cxx:138: unlocked decoration UEcorr_Pt (955) in object of type xAOD::MuonAuxContainer_v5
2026-02-12 18:34:16,507 copyAuxStoreThinned                               WARNING AthContainers/src/copyAuxStoreThinned.cxx:138: unlocked decoration UEcorr_Pt (955) in object of type xAOD::ElectronAuxContainer_v3
2026-02-12 18:34:17,869 copyAuxStoreThinned                               WARNING AthContainers/src/copyAuxStoreThinned.cxx:138: unlocked decoration UEcorr_Pt (955) in object of type xAOD::ElectronAuxContainer_v3
2026-02-12 18:34:19,291 copyAuxStoreThinned                               WARNING AthContainers/src/copyAuxStoreThinned.cxx:138: unlocked decoration UEcorr_Pt (955) in object of type xAOD::ElectronAuxContainer_v3
2026-02-12 18:34:19,295 copyAuxStoreThinned                               WARNING AthContainers/src/copyAuxStoreThinned.cxx:138: unlocked decoration UEcorr_Pt (955) in object of type xAOD::MuonAuxContainer_v5
2026-02-12 18:34:20,773 copyAuxStoreThinned                               WARNING AthContainers/src/copyAuxStoreThinned.cxx:138: unlocked decoration UEcorr_Pt (955) in object of type xAOD::ElectronAuxContainer_v3
2026-02-12 18:34:20,777 copyAuxStoreThinned                               WARNING AthContainers/src/copyAuxStoreThinned.cxx:138: unlocked decoration UEcorr_Pt (955) in object of type xAOD::MuonAuxContainer_v5
2026-02-12 18:34:22,108 copyAuxStoreThinned                               WARNING AthContainers/src/copyAuxStoreThinned.cxx:138: unlocked decoration UEcorr_Pt (955) in object of type xAOD::ElectronAuxContainer_v3
2026-02-12 18:34:22,112 copyAuxStoreThinned                               WARNING AthContainers/src/copyAuxStoreThinned.cxx:138: unlocked decoration UEcorr_Pt (955) in object of type xAOD::MuonAuxContainer_v5
2026-02-12 18:34:23,497 copyAuxStoreThinned                               WARNING AthContainers/src/copyAuxStoreThinned.cxx:138: unlocked decoration UEcorr_Pt (955) in object of type xAOD::ElectronAuxContainer_v3
2026-02-12 18:34:23,502 copyAuxStoreThinned                               WARNING AthContainers/src/copyAuxStoreThinned.cxx:138: unlocked decoration UEcorr_Pt (955) in object of type xAOD::MuonAuxContainer_v5
2026-02-12 18:34:24,961 copyAuxStoreThinned                               WARNING AthContainers/src/copyAuxStoreThinned.cxx:138: unlocked decoration UEcorr_Pt (955) in object of type xAOD::ElectronAuxContainer_v3
2026-02-12 18:34:24,965 copyAuxStoreThinned                               WARNING AthContainers/src/copyAuxStoreThinned.cxx:138: unlocked decoration UEcorr_Pt (955) in object of type xAOD::MuonAuxContainer_v5
2026-02-12 18:34:26,169 copyAuxStoreThinned                               WARNING AthContainers/src/copyAuxStoreThinned.cxx:138: unlocked decoration UEcorr_Pt (955) in object of type xAOD::ElectronAuxContainer_v3
2026-02-12 18:34:26,173 copyAuxStoreThinned                               WARNING AthContainers/src/copyAuxStoreThinned.cxx:138: unlocked decoration UEcorr_Pt (955) in object of type xAOD::MuonAuxContainer_v5
2026-02-12 18:34:27,731 copyAuxStoreThinned                               WARNING AthContainers/src/copyAuxStoreThinned.cxx:138: unlocked decoration UEcorr_Pt (955) in object of type xAOD::ElectronAuxContainer_v3
2026-02-12 18:34:27,735 copyAuxStoreThinned                               WARNING AthContainers/src/copyAuxStoreThinned.cxx:138: unlocked decoration UEcorr_Pt (955) in object of type xAOD::MuonAuxContainer_v5
2026-02-12 18:34:28,790 copyAuxStoreThinned                               WARNING AthContainers/src/copyAuxStoreThinned.cxx:138: unlocked decoration UEcorr_Pt (955) in object of type xAOD::ElectronAuxContainer_v3
2026-02-12 18:34:28,795 copyAuxStoreThinned                               WARNING AthContainers/src/copyAuxStoreThinned.cxx:138: unlocked decoration UEcorr_Pt (955) in object of type xAOD::MuonAuxContainer_v5
2026-02-12 18:34:30,531 copyAuxStoreThinned                               WARNING AthContainers/src/copyAuxStoreThinned.cxx:138: unlocked decoration UEcorr_Pt (955) in object of type xAOD::ElectronAuxContainer_v3
2026-02-12 18:34:32,393 copyAuxStoreThinned                               WARNING AthContainers/src/copyAuxStoreThinned.cxx:138: unlocked decoration UEcorr_Pt (955) in object of type xAOD::ElectronAuxContainer_v3
2026-02-12 18:34:32,397 copyAuxStoreThinned                               WARNING AthContainers/src/copyAuxStoreThinned.cxx:138: unlocked decoration UEcorr_Pt (955) in object of type xAOD::MuonAuxContainer_v5
2026-02-12 18:34:32,500 PerfMonMTSvc                                         INFO Event [  196] CPU Time: 00h04m32s, Wall Time: 00h05m37s, Vmem: 4.73 GB, Rss: 3.41 GB, Pss: 1.38 GB, Swap: 0.00 KB
2026-02-12 18:34:33,905 copyAuxStoreThinned                               WARNING AthContainers/src/copyAuxStoreThinned.cxx:138: unlocked decoration UEcorr_Pt (955) in object of type xAOD::ElectronAuxContainer_v3
2026-02-12 18:34:33,910 copyAuxStoreThinned                               WARNING AthContainers/src/copyAuxStoreThinned.cxx:138: unlocked decoration UEcorr_Pt (955) in object of type xAOD::MuonAuxContainer_v5
2026-02-12 18:34:35,314 copyAuxStoreThinned                               WARNING AthContainers/src/copyAuxStoreThinned.cxx:138: unlocked decoration UEcorr_Pt (955) in object of type xAOD::ElectronAuxContainer_v3
2026-02-12 18:34:35,319 copyAuxStoreThinned                               WARNING AthContainers/src/copyAuxStoreThinned.cxx:138: unlocked decoration UEcorr_Pt (955) in object of type xAOD::MuonAuxContainer_v5
2026-02-12 18:34:36,781 copyAuxStoreThinned                               WARNING AthContainers/src/copyAuxStoreThinned.cxx:138: unlocked decoration UEcorr_Pt (955) in object of type xAOD::ElectronAuxContainer_v3
2026-02-12 18:34:38,277 copyAuxStoreThinned                               WARNING AthContainers/src/copyAuxStoreThinned.cxx:138: unlocked decoration UEcorr_Pt (955) in object of type xAOD::ElectronAuxContainer_v3
2026-02-12 18:34:38,281 copyAuxStoreThinned                               WARNING AthContainers/src/copyAuxStoreThinned.cxx:138: unlocked decoration UEcorr_Pt (955) in object of type xAOD::MuonAuxContainer_v5
2026-02-12 18:34:39,414 copyAuxStoreThinned                               WARNING AthContainers/src/copyAuxStoreThinned.cxx:138: unlocked decoration UEcorr_Pt (955) in object of type xAOD::ElectronAuxContainer_v3
2026-02-12 18:34:39,418 copyAuxStoreThinned                               WARNING AthContainers/src/copyAuxStoreThinned.cxx:138: unlocked decoration UEcorr_Pt (955) in object of type xAOD::MuonAuxContainer_v5
2026-02-12 18:34:39,436 AthMpEvtLoopMgr.SharedEvtQueueConsumer               INFO Received from the queue: event num=900 chunk size=100
2026-02-12 18:34:39,436 AthMpEvtLoopMgr.SharedEvtQueueConsumer               INFO Seek to 900 succeeded
2026-02-12 18:34:39,463 AthenaEventLoopMgr                                   INFO   ===>>>  start processing event #334738027, run #450000 200 events processed so far  <<<===
2026-02-12 18:34:41,428 copyAuxStoreThinned                               WARNING AthContainers/src/copyAuxStoreThinned.cxx:138: unlocked decoration UEcorr_Pt (955) in object of type xAOD::ElectronAuxContainer_v3
2026-02-12 18:34:41,480 copyAuxStoreThinned                               WARNING AthContainers/src/copyAuxStoreThinned.cxx:138: unlocked decoration UEcorr_Pt (955) in object of type xAOD::MuonAuxContainer_v5
2026-02-12 18:34:41,523 AthenaEventLoopMgr                                   INFO   ===>>>  done processing event #334738027, run #450000 201 events processed so far  <<<===
2026-02-12 18:34:43,448 copyAuxStoreThinned                               WARNING AthContainers/src/copyAuxStoreThinned.cxx:138: unlocked decoration UEcorr_Pt (955) in object of type xAOD::ElectronAuxContainer_v3
2026-02-12 18:34:43,452 copyAuxStoreThinned                               WARNING AthContainers/src/copyAuxStoreThinned.cxx:138: unlocked decoration UEcorr_Pt (955) in object of type xAOD::MuonAuxContainer_v5
2026-02-12 18:34:44,902 copyAuxStoreThinned                               WARNING AthContainers/src/copyAuxStoreThinned.cxx:138: unlocked decoration UEcorr_Pt (955) in object of type xAOD::ElectronAuxContainer_v3
2026-02-12 18:34:44,910 copyAuxStoreThinned                               WARNING AthContainers/src/copyAuxStoreThinned.cxx:138: unlocked decoration UEcorr_Pt (955) in object of type xAOD::MuonAuxContainer_v5
2026-02-12 18:34:46,181 copyAuxStoreThinned                               WARNING AthContainers/src/copyAuxStoreThinned.cxx:138: unlocked decoration UEcorr_Pt (955) in object of type xAOD::ElectronAuxContainer_v3
2026-02-12 18:34:47,381 copyAuxStoreThinned                               WARNING AthContainers/src/copyAuxStoreThinned.cxx:138: unlocked decoration UEcorr_Pt (955) in object of type xAOD::ElectronAuxContainer_v3
2026-02-12 18:34:47,385 copyAuxStoreThinned                               WARNING AthContainers/src/copyAuxStoreThinned.cxx:138: unlocked decoration UEcorr_Pt (955) in object of type xAOD::MuonAuxContainer_v5
2026-02-12 18:34:48,683 copyAuxStoreThinned                               WARNING AthContainers/src/copyAuxStoreThinned.cxx:138: unlocked decoration UEcorr_Pt (955) in object of type xAOD::ElectronAuxContainer_v3
2026-02-12 18:34:48,687 copyAuxStoreThinned                               WARNING AthContainers/src/copyAuxStoreThinned.cxx:138: unlocked decoration UEcorr_Pt (955) in object of type xAOD::MuonAuxContainer_v5
2026-02-12 18:34:50,140 copyAuxStoreThinned                               WARNING AthContainers/src/copyAuxStoreThinned.cxx:138: unlocked decoration UEcorr_Pt (955) in object of type xAOD::ElectronAuxContainer_v3
2026-02-12 18:34:51,347 copyAuxStoreThinned                               WARNING AthContainers/src/copyAuxStoreThinned.cxx:138: unlocked decoration UEcorr_Pt (955) in object of type xAOD::ElectronAuxContainer_v3
2026-02-12 18:34:51,350 copyAuxStoreThinned                               WARNING AthContainers/src/copyAuxStoreThinned.cxx:138: unlocked decoration UEcorr_Pt (955) in object of type xAOD::MuonAuxContainer_v5
2026-02-12 18:34:52,672 copyAuxStoreThinned                               WARNING AthContainers/src/copyAuxStoreThinned.cxx:138: unlocked decoration UEcorr_Pt (955) in object of type xAOD::ElectronAuxContainer_v3
2026-02-12 18:34:52,675 copyAuxStoreThinned                               WARNING AthContainers/src/copyAuxStoreThinned.cxx:138: unlocked decoration UEcorr_Pt (955) in object of type xAOD::MuonAuxContainer_v5
2026-02-12 18:34:54,232 copyAuxStoreThinned                               WARNING AthContainers/src/copyAuxStoreThinned.cxx:138: unlocked decoration UEcorr_Pt (955) in object of type xAOD::ElectronAuxContainer_v3
2026-02-12 18:34:55,318 copyAuxStoreThinned                               WARNING AthContainers/src/copyAuxStoreThinned.cxx:138: unlocked decoration UEcorr_Pt (955) in object of type xAOD::ElectronAuxContainer_v3
2026-02-12 18:34:55,322 copyAuxStoreThinned                               WARNING AthContainers/src/copyAuxStoreThinned.cxx:138: unlocked decoration UEcorr_Pt (955) in object of type xAOD::MuonAuxContainer_v5
2026-02-12 18:34:56,731 copyAuxStoreThinned                               WARNING AthContainers/src/copyAuxStoreThinned.cxx:138: unlocked decoration UEcorr_Pt (955) in object of type xAOD::ElectronAuxContainer_v3
2026-02-12 18:34:56,734 copyAuxStoreThinned                               WARNING AthContainers/src/copyAuxStoreThinned.cxx:138: unlocked decoration UEcorr_Pt (955) in object of type xAOD::MuonAuxContainer_v5
2026-02-12 18:34:59,112 copyAuxStoreThinned                               WARNING AthContainers/src/copyAuxStoreThinned.cxx:138: unlocked decoration UEcorr_Pt (955) in object of type xAOD::ElectronAuxContainer_v3
2026-02-12 18:34:59,116 copyAuxStoreThinned                               WARNING AthContainers/src/copyAuxStoreThinned.cxx:138: unlocked decoration UEcorr_Pt (955) in object of type xAOD::MuonAuxContainer_v5
2026-02-12 18:35:02,060 copyAuxStoreThinned                               WARNING AthContainers/src/copyAuxStoreThinned.cxx:138: unlocked decoration UEcorr_Pt (955) in object of type xAOD::ElectronAuxContainer_v3
2026-02-12 18:35:02,064 copyAuxStoreThinned                               WARNING AthContainers/src/copyAuxStoreThinned.cxx:138: unlocked decoration UEcorr_Pt (955) in object of type xAOD::MuonAuxContainer_v5
2026-02-12 18:35:03,543 copyAuxStoreThinned                               WARNING AthContainers/src/copyAuxStoreThinned.cxx:138: unlocked decoration UEcorr_Pt (955) in object of type xAOD::ElectronAuxContainer_v3
2026-02-12 18:35:03,547 copyAuxStoreThinned                               WARNING AthContainers/src/copyAuxStoreThinned.cxx:138: unlocked decoration UEcorr_Pt (955) in object of type xAOD::MuonAuxContainer_v5
2026-02-12 18:35:05,505 copyAuxStoreThinned                               WARNING AthContainers/src/copyAuxStoreThinned.cxx:138: unlocked decoration UEcorr_Pt (955) in object of type xAOD::ElectronAuxContainer_v3
2026-02-12 18:35:05,508 copyAuxStoreThinned                               WARNING AthContainers/src/copyAuxStoreThinned.cxx:138: unlocked decoration UEcorr_Pt (955) in object of type xAOD::MuonAuxContainer_v5
2026-02-12 18:35:07,101 copyAuxStoreThinned                               WARNING AthContainers/src/copyAuxStoreThinned.cxx:138: unlocked decoration UEcorr_Pt (955) in object of type xAOD::ElectronAuxContainer_v3
2026-02-12 18:35:07,105 copyAuxStoreThinned                               WARNING AthContainers/src/copyAuxStoreThinned.cxx:138: unlocked decoration UEcorr_Pt (955) in object of type xAOD::MuonAuxContainer_v5
2026-02-12 18:35:08,335 copyAuxStoreThinned                               WARNING AthContainers/src/copyAuxStoreThinned.cxx:138: unlocked decoration UEcorr_Pt (955) in object of type xAOD::ElectronAuxContainer_v3
2026-02-12 18:35:08,338 copyAuxStoreThinned                               WARNING AthContainers/src/copyAuxStoreThinned.cxx:138: unlocked decoration UEcorr_Pt (955) in object of type xAOD::MuonAuxContainer_v5
2026-02-12 18:35:09,573 copyAuxStoreThinned                               WARNING AthContainers/src/copyAuxStoreThinned.cxx:138: unlocked decoration UEcorr_Pt (955) in object of type xAOD::ElectronAuxContainer_v3
2026-02-12 18:35:09,576 copyAuxStoreThinned                               WARNING AthContainers/src/copyAuxStoreThinned.cxx:138: unlocked decoration UEcorr_Pt (955) in object of type xAOD::MuonAuxContainer_v5
2026-02-12 18:35:11,163 copyAuxStoreThinned                               WARNING AthContainers/src/copyAuxStoreThinned.cxx:138: unlocked decoration UEcorr_Pt (955) in object of type xAOD::ElectronAuxContainer_v3
2026-02-12 18:35:11,167 copyAuxStoreThinned                               WARNING AthContainers/src/copyAuxStoreThinned.cxx:138: unlocked decoration UEcorr_Pt (955) in object of type xAOD::MuonAuxContainer_v5
2026-02-12 18:35:13,097 copyAuxStoreThinned                               WARNING AthContainers/src/copyAuxStoreThinned.cxx:138: unlocked decoration UEcorr_Pt (955) in object of type xAOD::ElectronAuxContainer_v3
2026-02-12 18:35:13,102 copyAuxStoreThinned                               WARNING AthContainers/src/copyAuxStoreThinned.cxx:138: unlocked decoration UEcorr_Pt (955) in object of type xAOD::MuonAuxContainer_v5
2026-02-12 18:35:14,302 copyAuxStoreThinned                               WARNING AthContainers/src/copyAuxStoreThinned.cxx:138: unlocked decoration UEcorr_Pt (955) in object of type xAOD::ElectronAuxContainer_v3
2026-02-12 18:35:14,305 copyAuxStoreThinned                               WARNING AthContainers/src/copyAuxStoreThinned.cxx:138: unlocked decoration UEcorr_Pt (955) in object of type xAOD::MuonAuxContainer_v5
2026-02-12 18:35:15,735 copyAuxStoreThinned                               WARNING AthContainers/src/copyAuxStoreThinned.cxx:138: unlocked decoration UEcorr_Pt (955) in object of type xAOD::ElectronAuxContainer_v3
2026-02-12 18:35:15,739 copyAuxStoreThinned                               WARNING AthContainers/src/copyAuxStoreThinned.cxx:138: unlocked decoration UEcorr_Pt (955) in object of type xAOD::MuonAuxContainer_v5
2026-02-12 18:35:17,039 copyAuxStoreThinned                               WARNING AthContainers/src/copyAuxStoreThinned.cxx:138: unlocked decoration UEcorr_Pt (955) in object of type xAOD::ElectronAuxContainer_v3
2026-02-12 18:35:17,042 copyAuxStoreThinned                               WARNING AthContainers/src/copyAuxStoreThinned.cxx:138: unlocked decoration UEcorr_Pt (955) in object of type xAOD::MuonAuxContainer_v5
2026-02-12 18:35:18,949 copyAuxStoreThinned                               WARNING AthContainers/src/copyAuxStoreThinned.cxx:138: unlocked decoration UEcorr_Pt (955) in object of type xAOD::ElectronAuxContainer_v3
2026-02-12 18:35:18,953 copyAuxStoreThinned                               WARNING AthContainers/src/copyAuxStoreThinned.cxx:138: unlocked decoration UEcorr_Pt (955) in object of type xAOD::MuonAuxContainer_v5
2026-02-12 18:35:20,639 copyAuxStoreThinned                               WARNING AthContainers/src/copyAuxStoreThinned.cxx:138: unlocked decoration UEcorr_Pt (955) in object of type xAOD::ElectronAuxContainer_v3
2026-02-12 18:35:20,643 copyAuxStoreThinned                               WARNING AthContainers/src/copyAuxStoreThinned.cxx:138: unlocked decoration UEcorr_Pt (955) in object of type xAOD::MuonAuxContainer_v5
2026-02-12 18:35:21,784 copyAuxStoreThinned                               WARNING AthContainers/src/copyAuxStoreThinned.cxx:138: unlocked decoration UEcorr_Pt (955) in object of type xAOD::ElectronAuxContainer_v3
2026-02-12 18:35:21,787 copyAuxStoreThinned                               WARNING AthContainers/src/copyAuxStoreThinned.cxx:138: unlocked decoration UEcorr_Pt (955) in object of type xAOD::MuonAuxContainer_v5
2026-02-12 18:35:22,852 copyAuxStoreThinned                               WARNING AthContainers/src/copyAuxStoreThinned.cxx:138: unlocked decoration UEcorr_Pt (955) in object of type xAOD::ElectronAuxContainer_v3
2026-02-12 18:35:22,855 copyAuxStoreThinned                               WARNING AthContainers/src/copyAuxStoreThinned.cxx:138: unlocked decoration UEcorr_Pt (955) in object of type xAOD::MuonAuxContainer_v5
2026-02-12 18:35:24,172 copyAuxStoreThinned                               WARNING AthContainers/src/copyAuxStoreThinned.cxx:138: unlocked decoration UEcorr_Pt (955) in object of type xAOD::ElectronAuxContainer_v3
2026-02-12 18:35:24,176 copyAuxStoreThinned                               WARNING AthContainers/src/copyAuxStoreThinned.cxx:138: unlocked decoration UEcorr_Pt (955) in object of type xAOD::MuonAuxContainer_v5
2026-02-12 18:35:25,326 copyAuxStoreThinned                               WARNING AthContainers/src/copyAuxStoreThinned.cxx:138: unlocked decoration UEcorr_Pt (955) in object of type xAOD::ElectronAuxContainer_v3
2026-02-12 18:35:25,333 copyAuxStoreThinned                               WARNING AthContainers/src/copyAuxStoreThinned.cxx:138: unlocked decoration UEcorr_Pt (955) in object of type xAOD::MuonAuxContainer_v5
2026-02-12 18:35:27,389 copyAuxStoreThinned                               WARNING AthContainers/src/copyAuxStoreThinned.cxx:138: unlocked decoration UEcorr_Pt (955) in object of type xAOD::ElectronAuxContainer_v3
2026-02-12 18:35:27,393 copyAuxStoreThinned                               WARNING AthContainers/src/copyAuxStoreThinned.cxx:138: unlocked decoration UEcorr_Pt (955) in object of type xAOD::MuonAuxContainer_v5
2026-02-12 18:35:29,637 copyAuxStoreThinned                               WARNING AthContainers/src/copyAuxStoreThinned.cxx:138: unlocked decoration UEcorr_Pt (955) in object of type xAOD::ElectronAuxContainer_v3
2026-02-12 18:35:29,641 copyAuxStoreThinned                               WARNING AthContainers/src/copyAuxStoreThinned.cxx:138: unlocked decoration UEcorr_Pt (955) in object of type xAOD::MuonAuxContainer_v5
2026-02-12 18:35:30,756 copyAuxStoreThinned                               WARNING AthContainers/src/copyAuxStoreThinned.cxx:138: unlocked decoration UEcorr_Pt (955) in object of type xAOD::ElectronAuxContainer_v3
2026-02-12 18:35:30,760 copyAuxStoreThinned                               WARNING AthContainers/src/copyAuxStoreThinned.cxx:138: unlocked decoration UEcorr_Pt (955) in object of type xAOD::MuonAuxContainer_v5
2026-02-12 18:35:32,390 copyAuxStoreThinned                               WARNING AthContainers/src/copyAuxStoreThinned.cxx:138: unlocked decoration UEcorr_Pt (955) in object of type xAOD::ElectronAuxContainer_v3
2026-02-12 18:35:32,393 copyAuxStoreThinned                               WARNING AthContainers/src/copyAuxStoreThinned.cxx:138: unlocked decoration UEcorr_Pt (955) in object of type xAOD::MuonAuxContainer_v5
2026-02-12 18:35:33,631 copyAuxStoreThinned                               WARNING AthContainers/src/copyAuxStoreThinned.cxx:138: unlocked decoration UEcorr_Pt (955) in object of type xAOD::ElectronAuxContainer_v3
2026-02-12 18:35:33,634 copyAuxStoreThinned                               WARNING AthContainers/src/copyAuxStoreThinned.cxx:138: unlocked decoration UEcorr_Pt (955) in object of type xAOD::MuonAuxContainer_v5
2026-02-12 18:35:35,092 copyAuxStoreThinned                               WARNING AthContainers/src/copyAuxStoreThinned.cxx:138: unlocked decoration UEcorr_Pt (955) in object of type xAOD::ElectronAuxContainer_v3
2026-02-12 18:35:35,095 copyAuxStoreThinned                               WARNING AthContainers/src/copyAuxStoreThinned.cxx:138: unlocked decoration UEcorr_Pt (955) in object of type xAOD::MuonAuxContainer_v5
WARNING from FastJet: ClusterSequenceAreaBase::get_median_rho_and_sigma(...): the estimated empty area is suspiciously large and negative and may lead to an over-estimation of rho. This may be due to (i) a rare statistical fluctuation or (ii) too small a range used to estimate the background properties.
2026-02-12 18:35:36,269 copyAuxStoreThinned                               WARNING AthContainers/src/copyAuxStoreThinned.cxx:138: unlocked decoration UEcorr_Pt (955) in object of type xAOD::ElectronAuxContainer_v3
2026-02-12 18:35:36,272 copyAuxStoreThinned                               WARNING AthContainers/src/copyAuxStoreThinned.cxx:138: unlocked decoration UEcorr_Pt (955) in object of type xAOD::MuonAuxContainer_v5
2026-02-12 18:35:37,664 copyAuxStoreThinned                               WARNING AthContainers/src/copyAuxStoreThinned.cxx:138: unlocked decoration UEcorr_Pt (955) in object of type xAOD::ElectronAuxContainer_v3
2026-02-12 18:35:37,667 copyAuxStoreThinned                               WARNING AthContainers/src/copyAuxStoreThinned.cxx:138: unlocked decoration UEcorr_Pt (955) in object of type xAOD::MuonAuxContainer_v5
2026-02-12 18:35:39,635 copyAuxStoreThinned                               WARNING AthContainers/src/copyAuxStoreThinned.cxx:138: unlocked decoration UEcorr_Pt (955) in object of type xAOD::ElectronAuxContainer_v3
2026-02-12 18:35:39,638 copyAuxStoreThinned                               WARNING AthContainers/src/copyAuxStoreThinned.cxx:138: unlocked decoration UEcorr_Pt (955) in object of type xAOD::MuonAuxContainer_v5
2026-02-12 18:35:40,978 copyAuxStoreThinned                               WARNING AthContainers/src/copyAuxStoreThinned.cxx:138: unlocked decoration UEcorr_Pt (955) in object of type xAOD::ElectronAuxContainer_v3
2026-02-12 18:35:40,981 copyAuxStoreThinned                               WARNING AthContainers/src/copyAuxStoreThinned.cxx:138: unlocked decoration UEcorr_Pt (955) in object of type xAOD::MuonAuxContainer_v5
2026-02-12 18:35:42,876 copyAuxStoreThinned                               WARNING AthContainers/src/copyAuxStoreThinned.cxx:138: unlocked decoration UEcorr_Pt (955) in object of type xAOD::ElectronAuxContainer_v3
2026-02-12 18:35:42,879 copyAuxStoreThinned                               WARNING AthContainers/src/copyAuxStoreThinned.cxx:138: unlocked decoration UEcorr_Pt (955) in object of type xAOD::MuonAuxContainer_v5
2026-02-12 18:35:44,128 copyAuxStoreThinned                               WARNING AthContainers/src/copyAuxStoreThinned.cxx:138: unlocked decoration UEcorr_Pt (955) in object of type xAOD::ElectronAuxContainer_v3
2026-02-12 18:35:44,133 copyAuxStoreThinned                               WARNING AthContainers/src/copyAuxStoreThinned.cxx:138: unlocked decoration UEcorr_Pt (955) in object of type xAOD::MuonAuxContainer_v5
2026-02-12 18:35:45,533 copyAuxStoreThinned                               WARNING AthContainers/src/copyAuxStoreThinned.cxx:138: unlocked decoration UEcorr_Pt (955) in object of type xAOD::ElectronAuxContainer_v3
2026-02-12 18:35:45,536 copyAuxStoreThinned                               WARNING AthContainers/src/copyAuxStoreThinned.cxx:138: unlocked decoration UEcorr_Pt (955) in object of type xAOD::MuonAuxContainer_v5
2026-02-12 18:35:47,034 copyAuxStoreThinned                               WARNING AthContainers/src/copyAuxStoreThinned.cxx:138: unlocked decoration UEcorr_Pt (955) in object of type xAOD::ElectronAuxContainer_v3
2026-02-12 18:35:47,037 copyAuxStoreThinned                               WARNING AthContainers/src/copyAuxStoreThinned.cxx:138: unlocked decoration UEcorr_Pt (955) in object of type xAOD::MuonAuxContainer_v5
2026-02-12 18:35:48,347 copyAuxStoreThinned                               WARNING AthContainers/src/copyAuxStoreThinned.cxx:138: unlocked decoration UEcorr_Pt (955) in object of type xAOD::ElectronAuxContainer_v3
2026-02-12 18:35:48,350 copyAuxStoreThinned                               WARNING AthContainers/src/copyAuxStoreThinned.cxx:138: unlocked decoration UEcorr_Pt (955) in object of type xAOD::MuonAuxContainer_v5
2026-02-12 18:35:49,901 copyAuxStoreThinned                               WARNING AthContainers/src/copyAuxStoreThinned.cxx:138: unlocked decoration UEcorr_Pt (955) in object of type xAOD::ElectronAuxContainer_v3
2026-02-12 18:35:49,905 copyAuxStoreThinned                               WARNING AthContainers/src/copyAuxStoreThinned.cxx:138: unlocked decoration UEcorr_Pt (955) in object of type xAOD::MuonAuxContainer_v5
2026-02-12 18:35:51,483 copyAuxStoreThinned                               WARNING AthContainers/src/copyAuxStoreThinned.cxx:138: unlocked decoration UEcorr_Pt (955) in object of type xAOD::ElectronAuxContainer_v3
2026-02-12 18:35:52,524 copyAuxStoreThinned                               WARNING AthContainers/src/copyAuxStoreThinned.cxx:138: unlocked decoration UEcorr_Pt (955) in object of type xAOD::ElectronAuxContainer_v3
2026-02-12 18:35:52,528 copyAuxStoreThinned                               WARNING AthContainers/src/copyAuxStoreThinned.cxx:138: unlocked decoration UEcorr_Pt (955) in object of type xAOD::MuonAuxContainer_v5
2026-02-12 18:35:53,601 copyAuxStoreThinned                               WARNING AthContainers/src/copyAuxStoreThinned.cxx:138: unlocked decoration UEcorr_Pt (955) in object of type xAOD::ElectronAuxContainer_v3
2026-02-12 18:35:53,605 copyAuxStoreThinned                               WARNING AthContainers/src/copyAuxStoreThinned.cxx:138: unlocked decoration UEcorr_Pt (955) in object of type xAOD::MuonAuxContainer_v5
2026-02-12 18:35:54,698 copyAuxStoreThinned                               WARNING AthContainers/src/copyAuxStoreThinned.cxx:138: unlocked decoration UEcorr_Pt (955) in object of type xAOD::ElectronAuxContainer_v3
2026-02-12 18:35:54,701 copyAuxStoreThinned                               WARNING AthContainers/src/copyAuxStoreThinned.cxx:138: unlocked decoration UEcorr_Pt (955) in object of type xAOD::MuonAuxContainer_v5
2026-02-12 18:35:55,844 copyAuxStoreThinned                               WARNING AthContainers/src/copyAuxStoreThinned.cxx:138: unlocked decoration UEcorr_Pt (955) in object of type xAOD::ElectronAuxContainer_v3
2026-02-12 18:35:55,848 copyAuxStoreThinned                               WARNING AthContainers/src/copyAuxStoreThinned.cxx:138: unlocked decoration UEcorr_Pt (955) in object of type xAOD::MuonAuxContainer_v5
2026-02-12 18:35:57,711 copyAuxStoreThinned                               WARNING AthContainers/src/copyAuxStoreThinned.cxx:138: unlocked decoration UEcorr_Pt (955) in object of type xAOD::ElectronAuxContainer_v3
2026-02-12 18:35:57,715 copyAuxStoreThinned                               WARNING AthContainers/src/copyAuxStoreThinned.cxx:138: unlocked decoration UEcorr_Pt (955) in object of type xAOD::MuonAuxContainer_v5
2026-02-12 18:35:58,935 copyAuxStoreThinned                               WARNING AthContainers/src/copyAuxStoreThinned.cxx:138: unlocked decoration UEcorr_Pt (955) in object of type xAOD::ElectronAuxContainer_v3
2026-02-12 18:35:58,939 copyAuxStoreThinned                               WARNING AthContainers/src/copyAuxStoreThinned.cxx:138: unlocked decoration UEcorr_Pt (955) in object of type xAOD::MuonAuxContainer_v5
2026-02-12 18:36:00,353 copyAuxStoreThinned                               WARNING AthContainers/src/copyAuxStoreThinned.cxx:138: unlocked decoration UEcorr_Pt (955) in object of type xAOD::ElectronAuxContainer_v3
2026-02-12 18:36:00,356 copyAuxStoreThinned                               WARNING AthContainers/src/copyAuxStoreThinned.cxx:138: unlocked decoration UEcorr_Pt (955) in object of type xAOD::MuonAuxContainer_v5
2026-02-12 18:36:01,239 copyAuxStoreThinned                               WARNING AthContainers/src/copyAuxStoreThinned.cxx:138: unlocked decoration UEcorr_Pt (955) in object of type xAOD::ElectronAuxContainer_v3
2026-02-12 18:36:01,244 copyAuxStoreThinned                               WARNING AthContainers/src/copyAuxStoreThinned.cxx:138: unlocked decoration UEcorr_Pt (955) in object of type xAOD::MuonAuxContainer_v5
2026-02-12 18:36:03,481 copyAuxStoreThinned                               WARNING AthContainers/src/copyAuxStoreThinned.cxx:138: unlocked decoration UEcorr_Pt (955) in object of type xAOD::ElectronAuxContainer_v3
2026-02-12 18:36:03,485 copyAuxStoreThinned                               WARNING AthContainers/src/copyAuxStoreThinned.cxx:138: unlocked decoration UEcorr_Pt (955) in object of type xAOD::MuonAuxContainer_v5
2026-02-12 18:36:04,975 copyAuxStoreThinned                               WARNING AthContainers/src/copyAuxStoreThinned.cxx:138: unlocked decoration UEcorr_Pt (955) in object of type xAOD::ElectronAuxContainer_v3
2026-02-12 18:36:04,980 copyAuxStoreThinned                               WARNING AthContainers/src/copyAuxStoreThinned.cxx:138: unlocked decoration UEcorr_Pt (955) in object of type xAOD::MuonAuxContainer_v5
2026-02-12 18:36:06,876 copyAuxStoreThinned                               WARNING AthContainers/src/copyAuxStoreThinned.cxx:138: unlocked decoration UEcorr_Pt (955) in object of type xAOD::ElectronAuxContainer_v3
2026-02-12 18:36:06,880 copyAuxStoreThinned                               WARNING AthContainers/src/copyAuxStoreThinned.cxx:138: unlocked decoration UEcorr_Pt (955) in object of type xAOD::MuonAuxContainer_v5
2026-02-12 18:36:08,460 copyAuxStoreThinned                               WARNING AthContainers/src/copyAuxStoreThinned.cxx:138: unlocked decoration UEcorr_Pt (955) in object of type xAOD::ElectronAuxContainer_v3
2026-02-12 18:36:08,464 copyAuxStoreThinned                               WARNING AthContainers/src/copyAuxStoreThinned.cxx:138: unlocked decoration UEcorr_Pt (955) in object of type xAOD::MuonAuxContainer_v5
2026-02-12 18:36:09,716 copyAuxStoreThinned                               WARNING AthContainers/src/copyAuxStoreThinned.cxx:138: unlocked decoration UEcorr_Pt (955) in object of type xAOD::ElectronAuxContainer_v3
2026-02-12 18:36:09,723 copyAuxStoreThinned                               WARNING AthContainers/src/copyAuxStoreThinned.cxx:138: unlocked decoration UEcorr_Pt (955) in object of type xAOD::MuonAuxContainer_v5
WARNING from FastJet: ClusterSequenceAreaBase::get_median_rho_and_sigma(...): the estimated empty area is suspiciously large and negative and may lead to an over-estimation of rho. This may be due to (i) a rare statistical fluctuation or (ii) too small a range used to estimate the background properties.
2026-02-12 18:36:11,109 copyAuxStoreThinned                               WARNING AthContainers/src/copyAuxStoreThinned.cxx:138: unlocked decoration UEcorr_Pt (955) in object of type xAOD::ElectronAuxContainer_v3
2026-02-12 18:36:11,113 copyAuxStoreThinned                               WARNING AthContainers/src/copyAuxStoreThinned.cxx:138: unlocked decoration UEcorr_Pt (955) in object of type xAOD::MuonAuxContainer_v5
2026-02-12 18:36:12,661 copyAuxStoreThinned                               WARNING AthContainers/src/copyAuxStoreThinned.cxx:138: unlocked decoration UEcorr_Pt (955) in object of type xAOD::ElectronAuxContainer_v3
2026-02-12 18:36:14,268 copyAuxStoreThinned                               WARNING AthContainers/src/copyAuxStoreThinned.cxx:138: unlocked decoration UEcorr_Pt (955) in object of type xAOD::ElectronAuxContainer_v3
2026-02-12 18:36:15,443 copyAuxStoreThinned                               WARNING AthContainers/src/copyAuxStoreThinned.cxx:138: unlocked decoration UEcorr_Pt (955) in object of type xAOD::ElectronAuxContainer_v3
2026-02-12 18:36:15,447 copyAuxStoreThinned                               WARNING AthContainers/src/copyAuxStoreThinned.cxx:138: unlocked decoration UEcorr_Pt (955) in object of type xAOD::MuonAuxContainer_v5
2026-02-12 18:36:17,091 copyAuxStoreThinned                               WARNING AthContainers/src/copyAuxStoreThinned.cxx:138: unlocked decoration UEcorr_Pt (955) in object of type xAOD::ElectronAuxContainer_v3
2026-02-12 18:36:17,094 copyAuxStoreThinned                               WARNING AthContainers/src/copyAuxStoreThinned.cxx:138: unlocked decoration UEcorr_Pt (955) in object of type xAOD::MuonAuxContainer_v5
2026-02-12 18:36:18,454 copyAuxStoreThinned                               WARNING AthContainers/src/copyAuxStoreThinned.cxx:138: unlocked decoration UEcorr_Pt (955) in object of type xAOD::ElectronAuxContainer_v3
2026-02-12 18:36:18,457 copyAuxStoreThinned                               WARNING AthContainers/src/copyAuxStoreThinned.cxx:138: unlocked decoration UEcorr_Pt (955) in object of type xAOD::MuonAuxContainer_v5
2026-02-12 18:36:19,594 copyAuxStoreThinned                               WARNING AthContainers/src/copyAuxStoreThinned.cxx:138: unlocked decoration UEcorr_Pt (955) in object of type xAOD::ElectronAuxContainer_v3
copyAuxStoreThi... WARNING WARNING message limit (500) reached for copyAuxStoreThinned. Suppressing further output.
WARNING from FastJet: ClusterSequenceAreaBase::get_median_rho_and_sigma(...): the estimated empty area is suspiciously large and negative and may lead to an over-estimation of rho. This may be due to (i) a rare statistical fluctuation or (ii) too small a range used to estimate the background properties. (LAST SUCH WARNING)
2026-02-12 18:37:09,369 AthMpEvtLoopMgr.SharedEvtQueueConsumer               INFO Fin function in the AthenaMP worker PID=1488816
2026-02-12 18:37:09,383 ToolSvc.BookkeeperTool                               INFO Successfully copied CutBookkeepers to the output MetaDataStore
2026-02-12 18:37:09,953 /eos/home-b/bkamgama/draft/Run_sleep_10000/...root   INFO Database being retired...
2026-02-12 18:37:09,976 /eos/home-b/bkamgama/draft/Run_sleep_10000/...root   INFO ->  Deaccess DbDatabase   READ      [ROOT_All] DDA2F11F-D15D-C648-85F4-1887AA43EA0B
2026-02-12 18:37:09,976 AthenaPoolSharedIOCnvSvc.OutputStreamingTool         INFO in stop()
2026-02-12 18:37:09,976 AthenaPoolSharedIOCnvSvc.OutputStreamingTool         INFO Client stop() inform Server: 3
2026-02-12 18:37:10,006 ApplicationMgr                                       INFO Application Manager Stopped successfully
2026-02-12 18:37:10,104 CondInputLoader                                      INFO Finalizing CondInputLoader...
2026-02-12 18:37:10,104 MCTruthClassificationKernel                          INFO ============================================================================
2026-02-12 18:37:10,104 MCTruthClassificationKernel                          INFO  The following CP tools were called by MCTruthClassificationKernel for the whole train:
2026-02-12 18:37:10,104 MCTruthClassificationKernel                          INFO ToolSvc.DFCommonTruthClassificationTool
2026-02-12 18:37:10,104 MCTruthClassificationKernel                          INFO ============================================================================
2026-02-12 18:37:10,104 PhysCommonTruthCharmKernel                           INFO ============================================================================
2026-02-12 18:37:10,104 PhysCommonTruthCharmKernel                           INFO  The following CP tools were called by PhysCommonTruthCharmKernel for the whole train:
2026-02-12 18:37:10,105 PhysCommonTruthCharmKernel                           INFO ToolSvc.PhysCommonTruthCharmTool
2026-02-12 18:37:10,105 PhysCommonTruthCharmKernel                           INFO ============================================================================
2026-02-12 18:37:10,105 MCTruthCommonHFAndDecaysKernel                       INFO ============================================================================
2026-02-12 18:37:10,105 MCTruthCommonHFAndDecaysKernel                       INFO  The following CP tools were called by MCTruthCommonHFAndDecaysKernel for the whole train:
2026-02-12 18:37:10,105 MCTruthCommonHFAndDecaysKernel                       INFO ToolSvc.DFCommonHFAndDecaysTool
2026-02-12 18:37:10,105 MCTruthCommonHFAndDecaysKernel                       INFO ============================================================================
2026-02-12 18:37:10,105 DFCommonTruthMetaDataWriterKernel                    INFO ============================================================================
2026-02-12 18:37:10,105 DFCommonTruthMetaDataWriterKernel                    INFO  The following CP tools were called by DFCommonTruthMetaDataWriterKernel for the whole train:
2026-02-12 18:37:10,105 DFCommonTruthMetaDataWriterKernel                    INFO ToolSvc.DFCommonTruthMetaDataWriter
2026-02-12 18:37:10,105 DFCommonTruthMetaDataWriterKernel                    INFO ============================================================================
2026-02-12 18:37:10,105 MCTruthCommonPreJetKernelNo1                         INFO ============================================================================
2026-02-12 18:37:10,105 MCTruthCommonPreJetKernelNo1                         INFO  The following CP tools were called by MCTruthCommonPreJetKernelNo1 for the whole train:
2026-02-12 18:37:10,105 MCTruthCommonPreJetKernelNo1                         INFO ToolSvc.DFCommonTruthMuonTool
2026-02-12 18:37:10,105 MCTruthCommonPreJetKernelNo1                         INFO ============================================================================
2026-02-12 18:37:10,105 MCTruthCommonPreJetKernelNo2                         INFO ============================================================================
2026-02-12 18:37:10,105 MCTruthCommonPreJetKernelNo2                         INFO  The following CP tools were called by MCTruthCommonPreJetKernelNo2 for the whole train:
2026-02-12 18:37:10,105 MCTruthCommonPreJetKernelNo2                         INFO ToolSvc.DFCommonTruthElectronTool
2026-02-12 18:37:10,105 MCTruthCommonPreJetKernelNo2                         INFO ============================================================================
2026-02-12 18:37:10,106 MCTruthCommonPreJetKernelNo3                         INFO ============================================================================
2026-02-12 18:37:10,106 MCTruthCommonPreJetKernelNo3                         INFO  The following CP tools were called by MCTruthCommonPreJetKernelNo3 for the whole train:
2026-02-12 18:37:10,106 MCTruthCommonPreJetKernelNo3                         INFO ToolSvc.DFCommonTruthPhotonToolSim
2026-02-12 18:37:10,106 MCTruthCommonPreJetKernelNo3                         INFO ============================================================================
2026-02-12 18:37:10,106 MCTruthCommonPreJetKernelNo4                         INFO ============================================================================
2026-02-12 18:37:10,106 MCTruthCommonPreJetKernelNo4                         INFO  The following CP tools were called by MCTruthCommonPreJetKernelNo4 for the whole train:
2026-02-12 18:37:10,106 MCTruthCommonPreJetKernelNo4                         INFO ToolSvc.DFCommonTruthNeutrinoTool
2026-02-12 18:37:10,106 MCTruthCommonPreJetKernelNo4                         INFO ============================================================================
2026-02-12 18:37:10,106 MCTruthCommonPreJetKernelNo5                         INFO ============================================================================
2026-02-12 18:37:10,106 MCTruthCommonPreJetKernelNo5                         INFO  The following CP tools were called by MCTruthCommonPreJetKernelNo5 for the whole train:
2026-02-12 18:37:10,106 MCTruthCommonPreJetKernelNo5                         INFO ToolSvc.DFCommonTruthBottomTool
2026-02-12 18:37:10,106 MCTruthCommonPreJetKernelNo5                         INFO ============================================================================
2026-02-12 18:37:10,106 MCTruthCommonPreJetKernelNo6                         INFO ============================================================================
2026-02-12 18:37:10,106 MCTruthCommonPreJetKernelNo6                         INFO  The following CP tools were called by MCTruthCommonPreJetKernelNo6 for the whole train:
2026-02-12 18:37:10,106 MCTruthCommonPreJetKernelNo6                         INFO ToolSvc.DFCommonTruthTopTool
2026-02-12 18:37:10,106 MCTruthCommonPreJetKernelNo6                         INFO ============================================================================
2026-02-12 18:37:10,106 MCTruthCommonPreJetKernelNo7                         INFO ============================================================================
2026-02-12 18:37:10,107 MCTruthCommonPreJetKernelNo7                         INFO  The following CP tools were called by MCTruthCommonPreJetKernelNo7 for the whole train:
2026-02-12 18:37:10,107 MCTruthCommonPreJetKernelNo7                         INFO ToolSvc.DFCommonTruthBosonTool
2026-02-12 18:37:10,107 MCTruthCommonPreJetKernelNo7                         INFO ============================================================================
2026-02-12 18:37:10,107 MCTruthCommonPreJetKernelNo8                         INFO ============================================================================
2026-02-12 18:37:10,107 MCTruthCommonPreJetKernelNo8                         INFO  The following CP tools were called by MCTruthCommonPreJetKernelNo8 for the whole train:
2026-02-12 18:37:10,107 MCTruthCommonPreJetKernelNo8                         INFO ToolSvc.DFCommonTruthBSMTool
2026-02-12 18:37:10,107 MCTruthCommonPreJetKernelNo8                         INFO ============================================================================
2026-02-12 18:37:10,107 MCTruthCommonPreJetKernelNo9                         INFO ============================================================================
2026-02-12 18:37:10,107 MCTruthCommonPreJetKernelNo9                         INFO  The following CP tools were called by MCTruthCommonPreJetKernelNo9 for the whole train:
2026-02-12 18:37:10,107 MCTruthCommonPreJetKernelNo9                         INFO ToolSvc.DFCommonTruthElectronIsolationTool1
2026-02-12 18:37:10,107 MCTruthCommonPreJetKernelNo9                         INFO ============================================================================
2026-02-12 18:37:10,107 MCTruthCommonPreJetKernelNo10                        INFO ============================================================================
2026-02-12 18:37:10,107 MCTruthCommonPreJetKernelNo10                        INFO  The following CP tools were called by MCTruthCommonPreJetKernelNo10 for the whole train:
2026-02-12 18:37:10,107 MCTruthCommonPreJetKernelNo10                        INFO ToolSvc.DFCommonTruthElectronIsolationTool2
2026-02-12 18:37:10,107 MCTruthCommonPreJetKernelNo10                        INFO ============================================================================
2026-02-12 18:37:10,107 MCTruthCommonPreJetKernelNo11                        INFO ============================================================================
2026-02-12 18:37:10,107 MCTruthCommonPreJetKernelNo11                        INFO  The following CP tools were called by MCTruthCommonPreJetKernelNo11 for the whole train:
2026-02-12 18:37:10,107 MCTruthCommonPreJetKernelNo11                        INFO ToolSvc.DFCommonTruthMuonIsolationTool1
2026-02-12 18:37:10,107 MCTruthCommonPreJetKernelNo11                        INFO ============================================================================
2026-02-12 18:37:10,108 MCTruthCommonPreJetKernelNo12                        INFO ============================================================================
2026-02-12 18:37:10,108 MCTruthCommonPreJetKernelNo12                        INFO  The following CP tools were called by MCTruthCommonPreJetKernelNo12 for the whole train:
2026-02-12 18:37:10,108 MCTruthCommonPreJetKernelNo12                        INFO ToolSvc.DFCommonTruthMuonIsolationTool2
2026-02-12 18:37:10,108 MCTruthCommonPreJetKernelNo12                        INFO ============================================================================
2026-02-12 18:37:10,108 MCTruthCommonPreJetKernelNo13                        INFO ============================================================================
2026-02-12 18:37:10,108 MCTruthCommonPreJetKernelNo13                        INFO  The following CP tools were called by MCTruthCommonPreJetKernelNo13 for the whole train:
2026-02-12 18:37:10,108 MCTruthCommonPreJetKernelNo13                        INFO ToolSvc.DFCommonTruthPhotonIsolationTool1
2026-02-12 18:37:10,108 MCTruthCommonPreJetKernelNo13                        INFO ============================================================================
2026-02-12 18:37:10,108 MCTruthCommonPreJetKernelNo14                        INFO ============================================================================
2026-02-12 18:37:10,108 MCTruthCommonPreJetKernelNo14                        INFO  The following CP tools were called by MCTruthCommonPreJetKernelNo14 for the whole train:
2026-02-12 18:37:10,108 MCTruthCommonPreJetKernelNo14                        INFO ToolSvc.DFCommonTruthPhotonIsolationTool2
2026-02-12 18:37:10,108 MCTruthCommonPreJetKernelNo14                        INFO ============================================================================
2026-02-12 18:37:10,108 MCTruthCommonPreJetKernelNo15                        INFO ============================================================================
2026-02-12 18:37:10,108 MCTruthCommonPreJetKernelNo15                        INFO  The following CP tools were called by MCTruthCommonPreJetKernelNo15 for the whole train:
2026-02-12 18:37:10,108 MCTruthCommonPreJetKernelNo15                        INFO ToolSvc.DFCommonTruthPhotonIsolationTool3
2026-02-12 18:37:10,108 MCTruthCommonPreJetKernelNo15                        INFO ============================================================================
2026-02-12 18:37:10,108 MCTruthCommonPreJetKernelNo16                        INFO ============================================================================
2026-02-12 18:37:10,108 MCTruthCommonPreJetKernelNo16                        INFO  The following CP tools were called by MCTruthCommonPreJetKernelNo16 for the whole train:
2026-02-12 18:37:10,109 MCTruthCommonPreJetKernelNo16                        INFO ToolSvc.DFCommonTruthForwardProtonTool
2026-02-12 18:37:10,109 MCTruthCommonPreJetKernelNo16                        INFO ============================================================================
2026-02-12 18:37:10,109 MCTruthCommonPreJetKernelNo17                        INFO ============================================================================
2026-02-12 18:37:10,109 MCTruthCommonPreJetKernelNo17                        INFO  The following CP tools were called by MCTruthCommonPreJetKernelNo17 for the whole train:
2026-02-12 18:37:10,109 MCTruthCommonPreJetKernelNo17                        INFO ToolSvc.DFCommonTruthElectronDressingTool
2026-02-12 18:37:10,109 MCTruthCommonPreJetKernelNo17                        INFO ============================================================================
2026-02-12 18:37:10,109 MCTruthCommonPreJetKernelNo18                        INFO ============================================================================
2026-02-12 18:37:10,109 MCTruthCommonPreJetKernelNo18                        INFO  The following CP tools were called by MCTruthCommonPreJetKernelNo18 for the whole train:
2026-02-12 18:37:10,109 MCTruthCommonPreJetKernelNo18                        INFO ToolSvc.DFCommonTruthMuonDressingTool
2026-02-12 18:37:10,109 MCTruthCommonPreJetKernelNo18                        INFO ============================================================================
2026-02-12 18:37:10,110 TauTruthCommonKernel2                                INFO ============================================================================
2026-02-12 18:37:10,110 TauTruthCommonKernel2                                INFO  The following CP tools were called by TauTruthCommonKernel2 for the whole train:
2026-02-12 18:37:10,110 TauTruthCommonKernel2                                INFO ToolSvc.DFCommonTauJetsTruthMatchingWrapper
2026-02-12 18:37:10,111 TauTruthCommonKernel2                                INFO ============================================================================
2026-02-12 18:37:10,111 MCTruthCommonPostJetKernelNo1                        INFO ============================================================================
2026-02-12 18:37:10,111 MCTruthCommonPostJetKernelNo1                        INFO  The following CP tools were called by MCTruthCommonPostJetKernelNo1 for the whole train:
2026-02-12 18:37:10,111 MCTruthCommonPostJetKernelNo1                        INFO ToolSvc.DFCommonTruthTauDressingTool
2026-02-12 18:37:10,111 MCTruthCommonPostJetKernelNo1                        INFO ============================================================================
2026-02-12 18:37:10,111 MCTruthCommonPostJetKernelNo2                        INFO ============================================================================
2026-02-12 18:37:10,111 MCTruthCommonPostJetKernelNo2                        INFO  The following CP tools were called by MCTruthCommonPostJetKernelNo2 for the whole train:
2026-02-12 18:37:10,111 MCTruthCommonPostJetKernelNo2                        INFO ToolSvc.DFCommonTruthGenFilt
2026-02-12 18:37:10,111 MCTruthCommonPostJetKernelNo2                        INFO ============================================================================
2026-02-12 18:37:10,111 MCTruthCommonPostJetKernelNo3                        INFO ============================================================================
2026-02-12 18:37:10,111 MCTruthCommonPostJetKernelNo3                        INFO  The following CP tools were called by MCTruthCommonPostJetKernelNo3 for the whole train:
2026-02-12 18:37:10,111 MCTruthCommonPostJetKernelNo3                        INFO ToolSvc.DFCommonTruthDressedWZQGLabelTool
2026-02-12 18:37:10,111 MCTruthCommonPostJetKernelNo3                        INFO ============================================================================
2026-02-12 18:37:10,111 MCTruthNavigationDecoratorKernel                     INFO ============================================================================
2026-02-12 18:37:10,111 MCTruthNavigationDecoratorKernel                     INFO  The following CP tools were called by MCTruthNavigationDecoratorKernel for the whole train:
2026-02-12 18:37:10,111 MCTruthNavigationDecoratorKernel                     INFO ToolSvc.DFCommonTruthNavigationDecorator
2026-02-12 18:37:10,111 MCTruthNavigationDecoratorKernel                     INFO ============================================================================
2026-02-12 18:37:10,111 MCTruthCommonBosonsAndDecaysKernel                   INFO ============================================================================
2026-02-12 18:37:10,112 MCTruthCommonBosonsAndDecaysKernel                   INFO  The following CP tools were called by MCTruthCommonBosonsAndDecaysKernel for the whole train:
2026-02-12 18:37:10,112 MCTruthCommonBosonsAndDecaysKernel                   INFO ToolSvc.DFCommonBosonsAndDecaysTool
2026-02-12 18:37:10,112 MCTruthCommonBosonsAndDecaysKernel                   INFO ============================================================================
2026-02-12 18:37:10,112 MCTruthCommonBSMAndDecaysKernel                      INFO ============================================================================
2026-02-12 18:37:10,112 MCTruthCommonBSMAndDecaysKernel                      INFO  The following CP tools were called by MCTruthCommonBSMAndDecaysKernel for the whole train:
2026-02-12 18:37:10,112 MCTruthCommonBSMAndDecaysKernel                      INFO ToolSvc.DFCommonBSMAndDecaysTool
2026-02-12 18:37:10,112 MCTruthCommonBSMAndDecaysKernel                      INFO ============================================================================
2026-02-12 18:37:10,112 MCTruthCommonBornLeptonsKernel                       INFO ============================================================================
2026-02-12 18:37:10,112 MCTruthCommonBornLeptonsKernel                       INFO  The following CP tools were called by MCTruthCommonBornLeptonsKernel for the whole train:
2026-02-12 18:37:10,112 MCTruthCommonBornLeptonsKernel                       INFO ToolSvc.DFCommonBornLeptonCollTool
2026-02-12 18:37:10,112 MCTruthCommonBornLeptonsKernel                       INFO ============================================================================
2026-02-12 18:37:10,112 MiniCollectionTruthLinkKernelNo1                     INFO ============================================================================
2026-02-12 18:37:10,112 MiniCollectionTruthLinkKernelNo1                     INFO  The following CP tools were called by MiniCollectionTruthLinkKernelNo1 for the whole train:
2026-02-12 18:37:10,112 MiniCollectionTruthLinkKernelNo1                     INFO ToolSvc.ElMiniCollectionTruthLinkTool
2026-02-12 18:37:10,112 MiniCollectionTruthLinkKernelNo1                     INFO ============================================================================
2026-02-12 18:37:10,112 MiniCollectionTruthLinkKernelNo2                     INFO ============================================================================
2026-02-12 18:37:10,112 MiniCollectionTruthLinkKernelNo2                     INFO  The following CP tools were called by MiniCollectionTruthLinkKernelNo2 for the whole train:
2026-02-12 18:37:10,112 MiniCollectionTruthLinkKernelNo2                     INFO ToolSvc.PhMiniCollectionTruthLinkTool
2026-02-12 18:37:10,113 MiniCollectionTruthLinkKernelNo2                     INFO ============================================================================
2026-02-12 18:37:10,113 MiniCollectionTruthLinkKernelNo3                     INFO ============================================================================
2026-02-12 18:37:10,113 MiniCollectionTruthLinkKernelNo3                     INFO  The following CP tools were called by MiniCollectionTruthLinkKernelNo3 for the whole train:
2026-02-12 18:37:10,113 MiniCollectionTruthLinkKernelNo3                     INFO ToolSvc.MuMiniCollectionTruthLinkTool
2026-02-12 18:37:10,113 MiniCollectionTruthLinkKernelNo3                     INFO ============================================================================
2026-02-12 18:37:10,113 MCTruthCommonTruthPVCollKernel                       INFO ============================================================================
2026-02-12 18:37:10,113 MCTruthCommonTruthPVCollKernel                       INFO  The following CP tools were called by MCTruthCommonTruthPVCollKernel for the whole train:
2026-02-12 18:37:10,113 MCTruthCommonTruthPVCollKernel                       INFO ToolSvc.DFCommonTruthPVCollTool
2026-02-12 18:37:10,113 MCTruthCommonTruthPVCollKernel                       INFO ============================================================================
2026-02-12 18:37:10,113 DFCommonHSDecorator                                  INFO ============================================================================
2026-02-12 18:37:10,113 DFCommonHSDecorator                                  INFO  The following CP tools were called by DFCommonHSDecorator for the whole train:
2026-02-12 18:37:10,113 DFCommonHSDecorator                                  INFO ToolSvc.HardScatterDecorTool
2026-02-12 18:37:10,113 DFCommonHSDecorator                                  INFO ============================================================================
2026-02-12 18:37:10,113 InDetCommonKernelDFCommonTrackSelection              INFO ============================================================================
2026-02-12 18:37:10,113 InDetCommonKernelDFCommonTrackSelection              INFO  The following CP tools were called by InDetCommonKernelDFCommonTrackSelection for the whole train:
2026-02-12 18:37:10,113 InDetCommonKernelDFCommonTrackSelection              INFO ToolSvc.DFCommonTrackSelection
2026-02-12 18:37:10,113 InDetCommonKernelDFCommonTrackSelection              INFO ============================================================================
2026-02-12 18:37:10,113 InDetCommonKernelDFCommonZ0AtPV                      INFO ============================================================================
2026-02-12 18:37:10,113 InDetCommonKernelDFCommonZ0AtPV                      INFO  The following CP tools were called by InDetCommonKernelDFCommonZ0AtPV for the whole train:
2026-02-12 18:37:10,114 InDetCommonKernelDFCommonZ0AtPV                      INFO ToolSvc.DFCommonZ0AtPV
2026-02-12 18:37:10,114 InDetCommonKernelDFCommonZ0AtPV                      INFO ============================================================================
2026-02-12 18:37:10,114 InDetCommonKernelDFCommonUsedInFitDecorator          INFO ============================================================================
2026-02-12 18:37:10,114 InDetCommonKernelDFCommonUsedInFitDecorator          INFO  The following CP tools were called by InDetCommonKernelDFCommonUsedInFitDecorator for the whole train:
2026-02-12 18:37:10,114 InDetCommonKernelDFCommonUsedInFitDecorator          INFO ToolSvc.DFCommonUsedInFitDecorator
2026-02-12 18:37:10,114 InDetCommonKernelDFCommonUsedInFitDecorator          INFO ============================================================================
2026-02-12 18:37:10,114 DFCommonMuonsKernel                                  INFO ============================================================================
2026-02-12 18:37:10,114 DFCommonMuonsKernel                                  INFO  The following CP tools were called by DFCommonMuonsKernel for the whole train:
2026-02-12 18:37:10,114 DFCommonMuonsKernel                                  INFO ToolSvc.DFCommonMuonToolWrapperIDCuts
2026-02-12 18:37:10,114 DFCommonMuonsKernel                                  INFO ToolSvc.DFCommonMuonToolWrapperPreselection
2026-02-12 18:37:10,114 DFCommonMuonsKernel                                  INFO ============================================================================
2026-02-12 18:37:10,114 IsolationBuilderNonpro...All_MaxWeightLooseCone500   INFO Finalizing IsolationBuilderNonprompt_All_MaxWeightLooseCone500...
2026-02-12 18:37:10,114 IsolationBuilderNonprompt_All_MaxWeight500           INFO Finalizing IsolationBuilderNonprompt_All_MaxWeight500...
2026-02-12 18:37:10,114 IsolationBuilderNonpro...ll_MaxWeightLooseCone1000   INFO Finalizing IsolationBuilderNonprompt_All_MaxWeightLooseCone1000...
2026-02-12 18:37:10,114 IsolationBuilderNonprompt_All_MaxWeight1000          INFO Finalizing IsolationBuilderNonprompt_All_MaxWeight1000...
2026-02-12 18:37:10,115 EGammaCommonKernel                                   INFO ============================================================================
2026-02-12 18:37:10,115 EGammaCommonKernel                                   INFO  The following CP tools were called by EGammaCommonKernel for the whole train:
2026-02-12 18:37:10,115 EGammaCommonKernel                                   INFO ToolSvc.DFCommonPhotonsDirection
2026-02-12 18:37:10,115 EGammaCommonKernel                                   INFO ToolSvc.ElectronPassLHVeryLoose
2026-02-12 18:37:10,115 EGammaCommonKernel                                   INFO ToolSvc.ElectronPassLHLoose
2026-02-12 18:37:10,115 EGammaCommonKernel                                   INFO ToolSvc.ElectronPassLHLooseBL
2026-02-12 18:37:10,115 EGammaCommonKernel                                   INFO ToolSvc.ElectronPassLHMedium
2026-02-12 18:37:10,115 EGammaCommonKernel                                   INFO ToolSvc.ElectronPassLHTight
2026-02-12 18:37:10,115 EGammaCommonKernel                                   INFO ToolSvc.ElectronPassDNNLoose
2026-02-12 18:37:10,115 EGammaCommonKernel                                   INFO ToolSvc.ElectronPassDNNMedium
2026-02-12 18:37:10,115 EGammaCommonKernel                                   INFO ToolSvc.ElectronPassDNNTight
2026-02-12 18:37:10,115 EGammaCommonKernel                                   INFO ToolSvc.ElectronPassDNNVeryLooseNoCF97
2026-02-12 18:37:10,115 EGammaCommonKernel                                   INFO ToolSvc.ElectronPassDNNLooseNoCF
2026-02-12 18:37:10,115 EGammaCommonKernel                                   INFO ToolSvc.ElectronPassDNNMediumNoCF
2026-02-12 18:37:10,115 EGammaCommonKernel                                   INFO ToolSvc.ElectronPassDNNTightNoCF
2026-02-12 18:37:10,115 EGammaCommonKernel                                   INFO ToolSvc.PhotonPassIsEMLoose
2026-02-12 18:37:10,115 EGammaCommonKernel                                   INFO ToolSvc.PhotonPassIsEMMedium
2026-02-12 18:37:10,115 EGammaCommonKernel                                   INFO ToolSvc.PhotonPassIsEMTight
2026-02-12 18:37:10,115 EGammaCommonKernel                                   INFO ToolSvc.PhotonPassCleaning
2026-02-12 18:37:10,115 EGammaCommonKernel                                   INFO ToolSvc.ElectronAdditionnalAmbiguity
2026-02-12 18:37:10,116 EGammaCommonKernel                                   INFO ToolSvc.ElectronPassECIDS
2026-02-12 18:37:10,116 EGammaCommonKernel                                   INFO ToolSvc.ForwardElectronPassLHLoose
2026-02-12 18:37:10,116 EGammaCommonKernel                                   INFO ToolSvc.ForwardElectronPassLHMedium
2026-02-12 18:37:10,116 EGammaCommonKernel                                   INFO ToolSvc.ForwardElectronPassLHTight
2026-02-12 18:37:10,116 EGammaCommonKernel                                   INFO ToolSvc.DerivationFramework::EGammaClusterCoreCellRecovery
2026-02-12 18:37:10,116 EGammaCommonKernel                                   INFO ToolSvc.BkgElectronClassificationTool
2026-02-12 18:37:10,116 EGammaCommonKernel                                   INFO ToolSvc.TruthEgetIsolationTool
2026-02-12 18:37:10,116 EGammaCommonKernel                                   INFO ToolSvc.TruthEgptIsolationTool
2026-02-12 18:37:10,116 EGammaCommonKernel                                   INFO ============================================================================
2026-02-12 18:37:10,116 PFlowIsolationBuilder                                INFO Finalizing PFlowIsolationBuilder...
2026-02-12 18:37:10,117 BadBatmanAugmentation                                INFO ============================================================================
2026-02-12 18:37:10,117 BadBatmanAugmentation                                INFO  The following CP tools were called by BadBatmanAugmentation for the whole train:
2026-02-12 18:37:10,117 BadBatmanAugmentation                                INFO ToolSvc.BadBatmanAugmentationTool
2026-02-12 18:37:10,117 BadBatmanAugmentation                                INFO ============================================================================
2026-02-12 18:37:10,117 DistanceInTrainAugmentation                          INFO ============================================================================
2026-02-12 18:37:10,117 DistanceInTrainAugmentation                          INFO  The following CP tools were called by DistanceInTrainAugmentation for the whole train:
2026-02-12 18:37:10,118 DistanceInTrainAugmentation                          INFO ToolSvc.DistanceInTrainAugmentationTool
2026-02-12 18:37:10,118 DistanceInTrainAugmentation                          INFO ============================================================================
2026-02-12 18:37:10,118 TauJets_TauIDDecorKernel                             INFO ============================================================================
2026-02-12 18:37:10,118 TauJets_TauIDDecorKernel                             INFO  The following CP tools were called by TauJets_TauIDDecorKernel for the whole train:
2026-02-12 18:37:10,118 TauJets_TauIDDecorKernel                             INFO ToolSvc.TauJets_TauIDDecoratorWrapper
2026-02-12 18:37:10,118 TauJets_TauIDDecorKernel                             INFO ============================================================================
2026-02-12 18:37:10,118 TauRNNLooseAugmentationKernel                        INFO ============================================================================
2026-02-12 18:37:10,118 TauRNNLooseAugmentationKernel                        INFO  The following CP tools were called by TauRNNLooseAugmentationKernel for the whole train:
2026-02-12 18:37:10,118 TauRNNLooseAugmentationKernel                        INFO ToolSvc.TauRNNLooseWrapper
2026-02-12 18:37:10,118 TauRNNLooseAugmentationKernel                        INFO ============================================================================
2026-02-12 18:37:10,118 DFCommonMuonsKernel2                                 INFO ============================================================================
2026-02-12 18:37:10,118 DFCommonMuonsKernel2                                 INFO  The following CP tools were called by DFCommonMuonsKernel2 for the whole train:
2026-02-12 18:37:10,118 DFCommonMuonsKernel2                                 INFO ToolSvc.MuonJetDrTool
2026-02-12 18:37:10,119 DFCommonMuonsKernel2                                 INFO ============================================================================
2026-02-12 18:37:10,119 DiTauLowPtBuilder                                    INFO Finalizing DiTauLowPtBuilder...
2026-02-12 18:37:10,119 TauJets_MuonRM_TauIDDecorKernel                      INFO ============================================================================
2026-02-12 18:37:10,119 TauJets_MuonRM_TauIDDecorKernel                      INFO  The following CP tools were called by TauJets_MuonRM_TauIDDecorKernel for the whole train:
2026-02-12 18:37:10,119 TauJets_MuonRM_TauIDDecorKernel                      INFO ToolSvc.TauJets_MuonRM_TauIDDecoratorWrapper
2026-02-12 18:37:10,119 TauJets_MuonRM_TauIDDecorKernel                      INFO ============================================================================
2026-02-12 18:37:10,119 DiTauIDDecorKernel                                   INFO ============================================================================
2026-02-12 18:37:10,119 DiTauIDDecorKernel                                   INFO  The following CP tools were called by DiTauIDDecorKernel for the whole train:
2026-02-12 18:37:10,119 DiTauIDDecorKernel                                   INFO ToolSvc.DiTauIDDecoratorWrapper
2026-02-12 18:37:10,119 DiTauIDDecorKernel                                   INFO ============================================================================
2026-02-12 18:37:10,119 DiTauJets_DiTauIDDecorKernel                         INFO ============================================================================
2026-02-12 18:37:10,120 DiTauJets_DiTauIDDecorKernel                         INFO  The following CP tools were called by DiTauJets_DiTauIDDecorKernel for the whole train:
2026-02-12 18:37:10,120 DiTauJets_DiTauIDDecorKernel                         INFO ToolSvc.DiTauJets_DiTauChargeDecorator
2026-02-12 18:37:10,120 DiTauJets_DiTauIDDecorKernel                         INFO ============================================================================
2026-02-12 18:37:10,120 DiTauJetsLowPt_DiTauIDDecorKernel                    INFO ============================================================================
2026-02-12 18:37:10,120 DiTauJetsLowPt_DiTauIDDecorKernel                    INFO  The following CP tools were called by DiTauJetsLowPt_DiTauIDDecorKernel for the whole train:
2026-02-12 18:37:10,120 DiTauJetsLowPt_DiTauIDDecorKernel                    INFO ToolSvc.DiTauJetsLowPt_DiTauChargeDecorator
2026-02-12 18:37:10,120 DiTauJetsLowPt_DiTauIDDecorKernel                    INFO ============================================================================
2026-02-12 18:37:10,121 PHYSKernel                                           INFO ============================================================================
2026-02-12 18:37:10,121 PHYSKernel                                           INFO || SUMMARY OF THE DERIVATION FRAMEWORK KERNEL WITH NAME PHYSKernel || 
2026-02-12 18:37:10,121 PHYSKernel                                           INFO ============================================================================
2026-02-12 18:37:10,121 PHYSKernel                                           INFO ============================================================================
2026-02-12 18:37:10,121 PHYSKernel                                           INFO Events analyzed: 300
2026-02-12 18:37:10,121 PHYSKernel                                           INFO Events accepted: 300
2026-02-12 18:37:10,121 PHYSKernel                                           INFO ============================================================================
2026-02-12 18:37:10,121 FourLeptonVertexAlg                                  INFO Proccessed in total 300 events. Lepton multiplicities observed:
2026-02-12 18:37:10,121 FourLeptonVertexAlg                                  INFO     ---- Events with 0 leptons: 181 (elec/muon) 204/258 (60.3333%)
2026-02-12 18:37:10,121 FourLeptonVertexAlg                                  INFO     ---- Events with 1 leptons: 90 (elec/muon) 85/40 (30%)
2026-02-12 18:37:10,121 FourLeptonVertexAlg                                  INFO     ---- Events with 2 leptons: 26 (elec/muon) 11/2 (8.66667%)
2026-02-12 18:37:10,121 FourLeptonVertexAlg                                  INFO     ---- Events with 3 leptons: 3 (elec/muon) 0/0 (1%)
2026-02-12 18:37:10,122 FourLeptonVertexAlg                                  INFO     ---- Events with 4 leptons: 0 (elec/muon) 0/0 (0%)
2026-02-12 18:37:10,122 FourLeptonVertexAlg                                  INFO     ---- Events with 5 leptons: 0 (elec/muon) 0/0 (0%)
2026-02-12 18:37:10,122 FourLeptonVertexAlg                                  INFO     ---- Events with 6 leptons: 0 (elec/muon) 0/0 (0%)
2026-02-12 18:37:10,122 FourLeptonVertexAlg                                  INFO     ---- Events with 7 leptons: 0 (elec/muon) 0/0 (0%)
2026-02-12 18:37:10,122 FourLeptonVertexAlg                                  INFO ---> Attempted fits 0 out of which 0 (0%) succeeded.
2026-02-12 18:37:10,122 HFClassificationCommonKernel                         INFO ============================================================================
2026-02-12 18:37:10,122 HFClassificationCommonKernel                         INFO  The following CP tools were called by HFClassificationCommonKernel for the whole train:
2026-02-12 18:37:10,122 HFClassificationCommonKernel                         INFO ToolSvc.DFCommonClassifyAndCalculateHFAugmentation
2026-02-12 18:37:10,122 HFClassificationCommonKernel                         INFO ============================================================================
2026-02-12 18:37:10,122 MCTruthCommonTausAndDecaysKernel                     INFO ============================================================================
2026-02-12 18:37:10,122 MCTruthCommonTausAndDecaysKernel                     INFO  The following CP tools were called by MCTruthCommonTausAndDecaysKernel for the whole train:
2026-02-12 18:37:10,122 MCTruthCommonTausAndDecaysKernel                     INFO ToolSvc.DFCommonTausAndDecaysTool
2026-02-12 18:37:10,122 MCTruthCommonTausAndDecaysKernel                     INFO ============================================================================
2026-02-12 18:37:10,122 AllExecutedEventsCounterAlg                          INFO accepted 300 out of 300 events for filter AllExecutedEvents (Number of processed events before any cut)
2026-02-12 18:37:10,123 DecisionSvc                                          INFO Finalized successfully.
2026-02-12 18:37:10,123 Athena::DelayedConditionsCleanerSvc                  INFO Conditions container statistics
2026-02-12 18:37:10,123 Athena::DelayedConditionsCleanerSvc                  INFO   Work q: Max size: 32  (1 queries) 
2026-02-12 18:37:10,123 Athena::DelayedConditionsCleanerSvc                  INFO           Avg size: 32.00 / Avg removed: 32.00
2026-02-12 18:37:10,123 Athena::DelayedConditionsCleanerSvc                  INFO   ConditionStore+/Digitization/Parameters nInserts      1 maxSize   1
2026-02-12 18:37:10,123 Athena::DelayedConditionsCleanerSvc                  INFO     nClean 1 avgRemoved 0.00 0/1/2+ 1/0/0
2026-02-12 18:37:10,123 Athena::DelayedConditionsCleanerSvc                  INFO   ConditionStore+/EXT/DCS/MAGNETS/SENSORDATA nInserts      1 maxSize   1
2026-02-12 18:37:10,123 Athena::DelayedConditionsCleanerSvc                  INFO     nClean 1 avgRemoved 0.00 0/1/2+ 1/0/0
2026-02-12 18:37:10,123 Athena::DelayedConditionsCleanerSvc                  INFO   ConditionStore+/GLOBAL/BField/Maps nInserts      1 maxSize   1
2026-02-12 18:37:10,124 Athena::DelayedConditionsCleanerSvc                  INFO     nClean 1 avgRemoved 0.00 0/1/2+ 1/0/0
2026-02-12 18:37:10,124 Athena::DelayedConditionsCleanerSvc                  INFO   ConditionStore+/GLOBAL/TrackingGeo/LayerMaterialV2 nInserts      1 maxSize   1
2026-02-12 18:37:10,124 Athena::DelayedConditionsCleanerSvc                  INFO     nClean 1 avgRemoved 0.00 0/1/2+ 1/0/0
2026-02-12 18:37:10,124 Athena::DelayedConditionsCleanerSvc                  INFO   ConditionStore+/Indet/Align nInserts      1 maxSize   1
2026-02-12 18:37:10,124 Athena::DelayedConditionsCleanerSvc                  INFO     nClean 1 avgRemoved 0.00 0/1/2+ 1/0/0
2026-02-12 18:37:10,124 Athena::DelayedConditionsCleanerSvc                  INFO   ConditionStore+/Indet/Beampos nInserts      1 maxSize   1
2026-02-12 18:37:10,124 Athena::DelayedConditionsCleanerSvc                  INFO     nClean 1 avgRemoved 0.00 0/1/2+ 1/0/0
2026-02-12 18:37:10,124 Athena::DelayedConditionsCleanerSvc                  INFO   ConditionStore+/Indet/IBLDist nInserts      1 maxSize   1
2026-02-12 18:37:10,124 Athena::DelayedConditionsCleanerSvc                  INFO     nClean 1 avgRemoved 0.00 0/1/2+ 1/0/0
2026-02-12 18:37:10,124 Athena::DelayedConditionsCleanerSvc                  INFO   ConditionStore+/LAR/Align nInserts      1 maxSize   1
2026-02-12 18:37:10,124 Athena::DelayedConditionsCleanerSvc                  INFO     nClean 1 avgRemoved 0.00 0/1/2+ 1/0/0
2026-02-12 18:37:10,124 Athena::DelayedConditionsCleanerSvc                  INFO   ConditionStore+/MDT/MM/PASSIVATION nInserts      1 maxSize   1
2026-02-12 18:37:10,124 Athena::DelayedConditionsCleanerSvc                  INFO     nClean 1 avgRemoved 0.00 0/1/2+ 1/0/0
2026-02-12 18:37:10,124 Athena::DelayedConditionsCleanerSvc                  INFO   ConditionStore+/TRT/Align nInserts      1 maxSize   1
2026-02-12 18:37:10,124 Athena::DelayedConditionsCleanerSvc                  INFO     nClean 1 avgRemoved 0.00 0/1/2+ 1/0/0
2026-02-12 18:37:10,124 Athena::DelayedConditionsCleanerSvc                  INFO   ConditionStore+/TRT/Calib/DX nInserts      1 maxSize   1
2026-02-12 18:37:10,124 Athena::DelayedConditionsCleanerSvc                  INFO     nClean 1 avgRemoved 0.00 0/1/2+ 1/0/0
2026-02-12 18:37:10,124 Athena::DelayedConditionsCleanerSvc                  INFO   ConditionStore+AtlasTrackingGeometry nInserts      1 maxSize   1
2026-02-12 18:37:10,124 Athena::DelayedConditionsCleanerSvc                  INFO     nClean 1 avgRemoved 0.00 0/1/2+ 1/0/0
2026-02-12 18:37:10,124 Athena::DelayedConditionsCleanerSvc                  INFO   ConditionStore+BeamSpotData nInserts      1 maxSize   1
2026-02-12 18:37:10,124 Athena::DelayedConditionsCleanerSvc                  INFO     nClean 1 avgRemoved 0.00 0/1/2+ 1/0/0
2026-02-12 18:37:10,125 Athena::DelayedConditionsCleanerSvc                  INFO   ConditionStore+BunchCrossingData nInserts      1 maxSize   1
2026-02-12 18:37:10,125 Athena::DelayedConditionsCleanerSvc                  INFO     nClean 1 avgRemoved 0.00 0/1/2+ 1/0/0
2026-02-12 18:37:10,125 Athena::DelayedConditionsCleanerSvc                  INFO   ConditionStore+CaloDetDescrManager nInserts      1 maxSize   1
2026-02-12 18:37:10,125 Athena::DelayedConditionsCleanerSvc                  INFO     nClean 1 avgRemoved 0.00 0/1/2+ 1/0/0
2026-02-12 18:37:10,125 Athena::DelayedConditionsCleanerSvc                  INFO   ConditionStore+CaloSuperCellDetDescrManager nInserts      1 maxSize   1
2026-02-12 18:37:10,125 Athena::DelayedConditionsCleanerSvc                  INFO     nClean 1 avgRemoved 0.00 0/1/2+ 1/0/0
2026-02-12 18:37:10,125 Athena::DelayedConditionsCleanerSvc                  INFO   ConditionStore+LArAlignmentStore nInserts      1 maxSize   1
2026-02-12 18:37:10,125 Athena::DelayedConditionsCleanerSvc                  INFO     nClean 1 avgRemoved 0.00 0/1/2+ 1/0/0
2026-02-12 18:37:10,125 Athena::DelayedConditionsCleanerSvc                  INFO   ConditionStore+LArCellPositionShift nInserts      1 maxSize   1
2026-02-12 18:37:10,125 Athena::DelayedConditionsCleanerSvc                  INFO     nClean 1 avgRemoved 0.00 0/1/2+ 1/0/0
2026-02-12 18:37:10,125 Athena::DelayedConditionsCleanerSvc                  INFO   ConditionStore+MuonDetectorManager nInserts      1 maxSize   1
2026-02-12 18:37:10,125 Athena::DelayedConditionsCleanerSvc                  INFO     nClean 1 avgRemoved 0.00 0/1/2+ 1/0/0
2026-02-12 18:37:10,125 Athena::DelayedConditionsCleanerSvc                  INFO   ConditionStore+NswPassivationDbData nInserts      1 maxSize   1
2026-02-12 18:37:10,125 Athena::DelayedConditionsCleanerSvc                  INFO     nClean 1 avgRemoved 0.00 0/1/2+ 1/0/0
2026-02-12 18:37:10,125 Athena::DelayedConditionsCleanerSvc                  INFO   ConditionStore+PixelAlignmentStore nInserts      1 maxSize   1
2026-02-12 18:37:10,125 Athena::DelayedConditionsCleanerSvc                  INFO     nClean 1 avgRemoved 0.00 0/1/2+ 1/0/0
2026-02-12 18:37:10,125 Athena::DelayedConditionsCleanerSvc                  INFO   ConditionStore+PixelDetectorElementCollection nInserts      1 maxSize   1
2026-02-12 18:37:10,125 Athena::DelayedConditionsCleanerSvc                  INFO     nClean 1 avgRemoved 0.00 0/1/2+ 1/0/0
2026-02-12 18:37:10,125 Athena::DelayedConditionsCleanerSvc                  INFO   ConditionStore+SCTAlignmentStore nInserts      1 maxSize   1
2026-02-12 18:37:10,126 Athena::DelayedConditionsCleanerSvc                  INFO     nClean 1 avgRemoved 0.00 0/1/2+ 1/0/0
2026-02-12 18:37:10,126 Athena::DelayedConditionsCleanerSvc                  INFO   ConditionStore+SCT_DetectorElementCollection nInserts      1 maxSize   1
2026-02-12 18:37:10,126 Athena::DelayedConditionsCleanerSvc                  INFO     nClean 1 avgRemoved 0.00 0/1/2+ 1/0/0
2026-02-12 18:37:10,126 Athena::DelayedConditionsCleanerSvc                  INFO   ConditionStore+TRT_DetElementContainer nInserts      1 maxSize   1
2026-02-12 18:37:10,126 Athena::DelayedConditionsCleanerSvc                  INFO     nClean 1 avgRemoved 0.00 0/1/2+ 1/0/0
2026-02-12 18:37:10,126 Athena::DelayedConditionsCleanerSvc                  INFO   ConditionStore+fieldCondObj nInserts      1 maxSize   1
2026-02-12 18:37:10,126 Athena::DelayedConditionsCleanerSvc                  INFO     nClean 1 avgRemoved 0.00 0/1/2+ 1/0/0
2026-02-12 18:37:10,126 Athena::DelayedConditionsCleanerSvc                  INFO   ConditionStore+fieldMapCondObj nInserts      1 maxSize   1
2026-02-12 18:37:10,126 Athena::DelayedConditionsCleanerSvc                  INFO     nClean 1 avgRemoved 0.00 0/1/2+ 1/0/0
2026-02-12 18:37:10,126 AthDictLoaderSvc                                     INFO in finalize...
2026-02-12 18:37:10,681 Domain[ROOT_All]                                     INFO >   Deaccess DbDomain     READ      [ROOT_All]
2026-02-12 18:37:10,681 AthenaPoolSharedIOCnvSvc                             INFO PerfStats ----------------------------------------
2026-02-12 18:37:10,681 AthenaPoolSharedIOCnvSvc                             INFO PerfStats Timing Measurements for AthenaPoolCnvSvc
2026-02-12 18:37:10,681 AthenaPoolSharedIOCnvSvc                             INFO PerfStats ----------------------------------------
2026-02-12 18:37:10,681 AthenaPoolSharedIOCnvSvc                             INFO PerfStats | cObjR_ALL       |           22192 ms |
2026-02-12 18:37:10,682 AthenaPoolSharedIOCnvSvc                             INFO PerfStats | fRep_ALL        |            8878 ms |
2026-02-12 18:37:10,682 AthenaPoolSharedIOCnvSvc                             INFO PerfStats | cObj_ALL        |           23078 ms |
2026-02-12 18:37:10,682 AthenaPoolSharedIOCnvSvc                             INFO PerfStats | cRep_ALL        |              73 ms |
2026-02-12 18:37:10,682 AthenaPoolSharedIOCnvSvc                             INFO PerfStats ----------------------------------------
2026-02-12 18:37:10,682 Domain[ROOT_All]                                     INFO >   Deaccess DbDomain     READ      [ROOT_All]
2026-02-12 18:37:10,689 IOVDbFolder                                          INFO Folder /Digitization/Parameters (AttrList) db-read 0/1 objs/chan/bytes 1/0/0 ((     0.00 ))s
2026-02-12 18:37:10,690 IOVDbFolder                                          INFO Folder /EXT/DCS/MAGNETS/SENSORDATA (AttrListColl) db-read 1/1 objs/chan/bytes 4/4/20 ((     0.04 ))s
2026-02-12 18:37:10,690 IOVDbFolder                                          INFO Folder /GLOBAL/BField/Maps (AttrListColl) db-read 1/1 objs/chan/bytes 3/3/202 ((     0.03 ))s
2026-02-12 18:37:10,690 IOVDbFolder                                          INFO Folder /GLOBAL/TrackingGeo/LayerMaterialV2 (PoolRef) db-read 1/1 objs/chan/bytes 1/1/231 ((     0.01 ))s
2026-02-12 18:37:10,690 IOVDbFolder                                          INFO Folder /Indet/Align (PoolRefColl) db-read 1/1 objs/chan/bytes 43/43/7009 ((     0.03 ))s
2026-02-12 18:37:10,690 IOVDbFolder                                          INFO Folder /Indet/Beampos (AttrList) db-read 1/1 objs/chan/bytes 6/1/456 ((     0.02 ))s
2026-02-12 18:37:10,690 IOVDbFolder                                          INFO Folder /Indet/IBLDist (AttrListColl) db-read 1/1 objs/chan/bytes 14/14/280 ((     0.01 ))s
2026-02-12 18:37:10,690 IOVDbFolder                                          INFO Folder /LAR/Align (PoolRef) db-read 1/1 objs/chan/bytes 1/1/170 ((     0.04 ))s
2026-02-12 18:37:10,690 IOVDbFolder                                          INFO Folder /MDT/MM/PASSIVATION (AttrListColl) db-read 1/1 objs/chan/bytes 1/1/680679 ((     0.03 ))s
2026-02-12 18:37:10,690 IOVDbFolder                                          INFO Folder /TRT/Align (PoolRefColl) db-read 1/1 objs/chan/bytes 32/32/5120 ((     0.04 ))s
2026-02-12 18:37:10,690 IOVDbFolder                                          INFO Folder /TRT/Calib/DX (PoolRef) db-read 1/1 objs/chan/bytes 1/1/183 ((     0.02 ))s
2026-02-12 18:37:10,690 IOVDbFolder                                          INFO Folder /TagInfo (AttrListColl) db-read 0/1 objs/chan/bytes 1/0/0 ((     0.00 ))s
2026-02-12 18:37:10,690 IOVDbFolder                                          INFO Folder /LAR/LArCellPositionShift (PoolRef) db-read 1/1 objs/chan/bytes 1/1/195 ((     0.03 ))s
2026-02-12 18:37:10,690 IOVDbSvc                                             INFO Total payload read from IOVDb: 694545 bytes in ((      0.29 ))s
2026-02-12 18:37:10,691 IOVDbSvc                                             INFO Connection sqlite://;schema=mycool.db;dbname=OFLP200 : nConnect: 0 nFolders: 0 ReadTime: ((     0.00 ))s
2026-02-12 18:37:10,691 IOVDbSvc                                             INFO Connection COOLOFL_LAR/OFLP200 : nConnect: 2 nFolders: 2 ReadTime: ((     0.06 ))s
2026-02-12 18:37:10,691 IOVDbSvc                                             INFO Connection COOLOFL_GLOBAL/OFLP200 : nConnect: 2 nFolders: 2 ReadTime: ((     0.04 ))s
2026-02-12 18:37:10,691 IOVDbSvc                                             INFO Connection COOLOFL_DCS/OFLP200 : nConnect: 2 nFolders: 1 ReadTime: ((     0.04 ))s
2026-02-12 18:37:10,691 IOVDbSvc                                             INFO Connection COOLOFL_INDET/OFLP200 : nConnect: 2 nFolders: 3 ReadTime: ((     0.06 ))s
2026-02-12 18:37:10,691 IOVDbSvc                                             INFO Connection COOLOFL_MDT/OFLP200 : nConnect: 2 nFolders: 1 ReadTime: ((     0.03 ))s
2026-02-12 18:37:10,691 IOVDbSvc                                             INFO Connection COOLOFL_TRT/OFLP200 : nConnect: 2 nFolders: 2 ReadTime: ((     0.06 ))s
2026-02-12 18:37:10,691 ToolSvc                                              INFO Removing all tools created by ToolSvc
2026-02-12 18:37:10,692 TruthCategoriesDecorator.HiggsTruthCategoryTool      INFO  ====================================================== 
2026-02-12 18:37:10,692 TruthCategoriesDecorator.HiggsTruthCategoryTool      INFO  ---- FinalizingTruthCategoriesDecorator.HiggsTruthCategoryTool...
2026-02-12 18:37:10,692 TruthCategoriesDecorator.HiggsTruthCategoryTool      INFO  ====================================================== 
2026-02-12 18:37:10,692 TruthCategoriesDecorator.HiggsTruthCategoryTool      INFO  ====================================================== 
2026-02-12 18:37:10,692 TruthCategoriesDecorator.xAODToHepMCTool             INFO ==============================================================
2026-02-12 18:37:10,693 TruthCategoriesDecorator.xAODToHepMCTool             INFO ==========    xAOD -> HepMC Tool :: Run Summary     ==========
2026-02-12 18:37:10,693 TruthCategoriesDecorator.xAODToHepMCTool             INFO ==============================================================
2026-02-12 18:37:10,693 TruthCategoriesDecorator.xAODToHepMCTool             INFO No missing production vertices
2026-02-12 18:37:10,693 TruthCategoriesDecorator.xAODToHepMCTool             INFO No events with undefined beams.
2026-02-12 18:37:10,693 TruthCategoriesDecorator.xAODToHepMCTool             INFO ==============================================================
2026-02-12 18:37:10,693 TruthCategoriesDecorator.xAODToHepMCTool             INFO ===================    End Run Summary     ===================
2026-02-12 18:37:10,693 TruthCategoriesDecorator.xAODToHepMCTool             INFO ==============================================================
2026-02-12 18:37:10,693 ToolSvc.PHYSDiTauLowPtTPThinningTool                 INFO Processed 190216 tracks, 3185 were retained 
2026-02-12 18:37:10,693 ToolSvc.PHYSDiTauLowPtThinningTool                   INFO Processed 516 objects, 247 were retained 
2026-02-12 18:37:10,693 ToolSvc.PHYSDiTauTPThinningTool                      INFO Processed 190216 tracks, 792 were retained 
2026-02-12 18:37:10,693 ToolSvc.PHYSDiTauThinningTool                        INFO Processed 50 objects, 39 were retained 
2026-02-12 18:37:10,693 ToolSvc.PHYSTauJets_MuonRMThinningTool               INFO Processed 106 taus, 73 were kept
2026-02-12 18:37:10,694 ToolSvc.PHYSTauJetThinningTool                       INFO Processed 3011 taus, 1531 were kept
2026-02-12 18:37:10,694 ToolSvc.PHYSMuonTPThinningTool                       INFO Processed 190216 tracks, 675 were retained 
2026-02-12 18:37:10,694 ToolSvc.PHYSTrackParticleThinningTool                INFO Processed 190216 tracks, 1927 were retained 
2026-02-12 18:37:10,694 ToolSvc.TrigDecisionTool                             INFO Finalized
2026-02-12 18:37:10,694 JetTagVertexDecoratorAlgAntiKt10UFO...JFVarFactory   INFO  Finalization of JetFitterVariablesFactory successful
2026-02-12 18:37:10,694 JetTagVertexDecoratorAlgAntiKt10...Analysis::SVTag   INFO #BTAG# Number of jets used for calibration for reference ALL : #b= 0 #light= 0 #charm= 0
2026-02-12 18:37:10,694 InDetVKalVxInJetTool                                 INFO Time User   : Tot= 2.76  [s] Ave/Min/Max=0.000437(+- 0.00205)/       0/    0.01  [s] #=6310
2026-02-12 18:37:10,694 InDetVKalVxInJetTool                                 INFO Time User   : Tot= 2.76  [s] Ave/Min/Max=0.000437(+- 0.00205)/       0/    0.01  [s] #=6310
2026-02-12 18:37:10,695 JetTagVertexDecoratorAlgAntiKt4EMPF...JFVarFactory   INFO  Finalization of JetFitterVariablesFactory successful
2026-02-12 18:37:10,695 JetTagVertexDecoratorAlgAntiKt4E...Analysis::SVTag   INFO #BTAG# Number of jets used for calibration for reference ALL : #b= 0 #light= 0 #charm= 0
2026-02-12 18:37:10,695 InDetVKalVxInJetTool                                 INFO Time User   : Tot= 2.76  [s] Ave/Min/Max=0.000437(+- 0.00205)/       0/    0.01  [s] #=6310
2026-02-12 18:37:10,695 InDetVKalVxInJetTool                                 INFO Time User   : Tot= 2.76  [s] Ave/Min/Max=0.000437(+- 0.00205)/       0/    0.01  [s] #=6310
2026-02-12 18:37:10,701 ToolSvc.DFCommonTruthForwardProtonTool               INFO Processed 488388 truth particles, 0 were retained 
2026-02-12 18:37:10,701 ToolSvc.DFCommonTruthBSMTool                         INFO Processed 488388 truth particles, 0 were retained 
2026-02-12 18:37:10,701 ToolSvc.DFCommonTruthBosonTool                       INFO Processed 488388 truth particles, 1070 were retained 
2026-02-12 18:37:10,702 ToolSvc.DFCommonTruthTopTool                         INFO Processed 488388 truth particles, 1201 were retained 
2026-02-12 18:37:10,702 ToolSvc.DFCommonTruthBottomTool                      INFO Processed 488388 truth particles, 1355 were retained 
2026-02-12 18:37:10,702 ToolSvc.DFCommonTruthNeutrinoTool                    INFO Processed 488388 truth particles, 423 were retained 
2026-02-12 18:37:10,702 ToolSvc.DFCommonTruthPhotonToolSim                   INFO Processed 488388 truth particles, 1806 were retained 
2026-02-12 18:37:10,702 ToolSvc.DFCommonTruthElectronTool                    INFO Processed 488388 truth particles, 1076 were retained 
2026-02-12 18:37:10,702 ToolSvc.DFCommonTruthMuonTool                        INFO Processed 488388 truth particles, 193 were retained 
2026-02-12 18:37:10,702 ToolSvc.PhysCommonTruthCharmTool                     INFO Processed 488388 truth particles, 1307 were retained 
2026-02-12 18:37:10,702 ToolSvc.DFCommonTruthClassificationTool              INFO Processed and decorated 488388 truth particles
2026-02-12 18:37:10,702 AthenaPoolSharedIOCnvSvc.OutputStreamingTool         INFO in finalize()
2026-02-12 18:37:10,713 InDet_TrkInJetType                                   INFO Time User   : Tot= 1.67  [s] Ave/Min/Max=5.58e-05(+-0.000745)/       0/    0.01  [s] #=29918
2026-02-12 18:37:10,713 InDet_TrkInJetType                                   INFO Time User   : Tot= 1.67  [s] Ave/Min/Max=5.58e-05(+-0.000745)/       0/    0.01  [s] #=29918
2026-02-12 18:37:10,714 InDet_TrkInJetType                                   INFO Time User   : Tot= 1.67  [s] Ave/Min/Max=5.58e-05(+-0.000745)/       0/    0.01  [s] #=29918
2026-02-12 18:37:10,714 InDet_TrkInJetType                                   INFO Time User   : Tot= 1.67  [s] Ave/Min/Max=5.58e-05(+-0.000745)/       0/    0.01  [s] #=29918
2026-02-12 18:37:10,715 ToolSvc.DiTauIDDeco...DiTauRec_OnnxScoreCalculator   INFO Finalizing DiTauOnnxDiscriminantTool
2026-02-12 18:37:10,729 AtlasTrackingGeometryCond...MuonStationTypeBuilder   INFO  finalize() successful
2026-02-12 18:37:10,731 METAssociat...MET_AssociationTool_AntiKt4EMPFlowHR   INFO Finalizing METAssociation_AntiKt4EMPFlowHR.MET_AssociationTool_AntiKt4EMPFlowHR...
2026-02-12 18:37:10,731 METAssociatio...MET_AssociationTool_AntiKt4EMPFlow   INFO Finalizing METAssociation_AntiKt4EMPFlow.MET_AssociationTool_AntiKt4EMPFlow...
2026-02-12 18:37:10,731 METAssociation...MET_AssociationTool_AntiKt4EMTopo   INFO Finalizing METAssociation_AntiKt4EMTopo.MET_AssociationTool_AntiKt4EMTopo...
2026-02-12 18:37:10,731 METRecoAlg_Truth.MET_RegionTool_Truth                INFO Finalizing METRecoAlg_Truth.MET_RegionTool_Truth...
2026-02-12 18:37:10,731 METRecoAlg_Truth.MET_RecoTool_Truth                  INFO Finalizing METRecoAlg_Truth.MET_RecoTool_Truth...
2026-02-12 18:37:10,732 METRecoAlg_Truth.MET_R...MET_IntMuonsRegions_Truth   INFO Finalizing METRecoAlg_Truth.MET_RegionTool_Truth.MET_IntMuonsRegions_Truth...
2026-02-12 18:37:10,732 METRecoAlg_Truth.MET_Reg...MET_IntOutRegions_Truth   INFO Finalizing METRecoAlg_Truth.MET_RegionTool_Truth.MET_IntOutRegions_Truth...
2026-02-12 18:37:10,732 METRecoAlg_Truth.MET_Region...MET_IntRegions_Truth   INFO Finalizing METRecoAlg_Truth.MET_RegionTool_Truth.MET_IntRegions_Truth...
2026-02-12 18:37:10,732 METRecoAlg_Truth.MET_Reg...MET_NonIntRegions_Truth   INFO Finalizing METRecoAlg_Truth.MET_RegionTool_Truth.MET_NonIntRegions_Truth...

The MCnet usage guidelines apply to Rivet: see http://www.montecarlonet.org/GUIDELINES
Please acknowledge Rivet in results made using it, and cite https://arxiv.org/abs/2404.15984 and https://arxiv.org/abs/2312.15070
2026-02-12 18:37:10,827 PerfMonMTSvc                                         INFO Finalizing PerfMonMTSvc
2026-02-12 18:37:10,828 IdDictDetDescrCnv                                    INFO in finalize
2026-02-12 18:37:10,831 *****Chrono*****                                     INFO ****************************************************************************************************
2026-02-12 18:37:10,831 *****Chrono*****                                     INFO  The Final CPU consumption ( Chrono ) Table (ordered)
2026-02-12 18:37:10,831 *****Chrono*****                                     INFO ****************************************************************************************************
2026-02-12 18:37:10,831 AthenaMP_seek                                        INFO Time User   : Tot=    0 [us] Ave/Min/Max=       0(+-       0)/       0/       0 [us] #=  3
2026-02-12 18:37:10,831 DFCommonTruthMetaDataWriterKernel                    INFO Time User   : Tot=    0 [us] Ave/Min/Max=       0(+-       0)/       0/       0 [us] #=300
2026-02-12 18:37:10,831 MCTruthCommonPostJetKernelNo3                        INFO Time User   : Tot=    0 [us] Ave/Min/Max=       0(+-       0)/       0/       0 [us] #=300
2026-02-12 18:37:10,831 MCTruthCommonPreJetKernelNo11                        INFO Time User   : Tot=    0 [us] Ave/Min/Max=       0(+-       0)/       0/       0 [us] #=300
2026-02-12 18:37:10,831 DiTauJetsLowPt_DiTauIDDecorKernel                    INFO Time User   : Tot=    0 [us] Ave/Min/Max=       0(+-       0)/       0/       0 [us] #=300
2026-02-12 18:37:10,831 MCTruthCommonPreJetKernelNo9                         INFO Time User   : Tot=    0 [us] Ave/Min/Max=       0(+-       0)/       0/       0 [us] #=300
2026-02-12 18:37:10,831 MCTruthCommonBornLeptonsKernel                       INFO Time User   : Tot=    0 [us] Ave/Min/Max=       0(+-       0)/       0/       0 [us] #=300
2026-02-12 18:37:10,831 MCTruthCommonPreJetKernelNo18                        INFO Time User   : Tot=    0 [us] Ave/Min/Max=       0(+-       0)/       0/       0 [us] #=300
2026-02-12 18:37:10,832 MCTruthCommonTruthPVCollKernel                       INFO Time User   : Tot=    0 [us] Ave/Min/Max=       0(+-       0)/       0/       0 [us] #=300
2026-02-12 18:37:10,832 DistanceInTrainAugmentation                          INFO Time User   : Tot=    0 [us] Ave/Min/Max=       0(+-       0)/       0/       0 [us] #=300
2026-02-12 18:37:10,832 TauRNNLooseAugmentationKernel                        INFO Time User   : Tot=    0 [us] Ave/Min/Max=       0(+-       0)/       0/       0 [us] #=300
2026-02-12 18:37:10,832 MCTruthCommonPreJetKernelNo14                        INFO Time User   : Tot=    0 [us] Ave/Min/Max=       0(+-       0)/       0/       0 [us] #=300
2026-02-12 18:37:10,832 MCTruthCommonPreJetKernelNo15                        INFO Time User   : Tot=    0 [us] Ave/Min/Max=       0(+-       0)/       0/       0 [us] #=300
2026-02-12 18:37:10,832 MCTruthCommonPostJetKernelNo1                        INFO Time User   : Tot=    0 [us] Ave/Min/Max=       0(+-       0)/       0/       0 [us] #=300
2026-02-12 18:37:10,832 MCTruthCommonPreJetKernelNo7                         INFO Time User   : Tot=    0 [us] Ave/Min/Max=       0(+-       0)/       0/       0 [us] #=300
2026-02-12 18:37:10,832 DiTauJets_DiTauIDDecorKernel                         INFO Time User   : Tot=   10 [ms] Ave/Min/Max=  0.0333(+-   0.576)/       0/      10 [ms] #=300
2026-02-12 18:37:10,832 DFCommonMuonsKernel2                                 INFO Time User   : Tot=   10 [ms] Ave/Min/Max=  0.0333(+-   0.576)/       0/      10 [ms] #=300
2026-02-12 18:37:10,832 InDetCommonKernelDFCommonZ0AtPV                      INFO Time User   : Tot=   10 [ms] Ave/Min/Max=  0.0333(+-   0.576)/       0/      10 [ms] #=300
2026-02-12 18:37:10,832 MCTruthCommonPreJetKernelNo12                        INFO Time User   : Tot=   10 [ms] Ave/Min/Max=  0.0333(+-   0.576)/       0/      10 [ms] #=300
2026-02-12 18:37:10,832 MCTruthCommonPreJetKernelNo10                        INFO Time User   : Tot=   10 [ms] Ave/Min/Max=  0.0333(+-   0.576)/       0/      10 [ms] #=300
2026-02-12 18:37:10,832 MCTruthCommonPreJetKernelNo17                        INFO Time User   : Tot=   10 [ms] Ave/Min/Max=  0.0333(+-   0.576)/       0/      10 [ms] #=300
2026-02-12 18:37:10,832 MCTruthCommonPreJetKernelNo13                        INFO Time User   : Tot=   20 [ms] Ave/Min/Max=  0.0667(+-   0.814)/       0/      10 [ms] #=300
2026-02-12 18:37:10,832 MCTruthCommonPreJetKernelNo2                         INFO Time User   : Tot=   20 [ms] Ave/Min/Max=  0.0667(+-   0.814)/       0/      10 [ms] #=300
2026-02-12 18:37:10,832 MCTruthCommonPostJetKernelNo2                        INFO Time User   : Tot=   20 [ms] Ave/Min/Max=  0.0667(+-   0.814)/       0/      10 [ms] #=300
2026-02-12 18:37:10,832 MCTruthCommonBosonsAndDecaysKernel                   INFO Time User   : Tot=   20 [ms] Ave/Min/Max=  0.0667(+-   0.814)/       0/      10 [ms] #=300
2026-02-12 18:37:10,832 BadBatmanAugmentation                                INFO Time User   : Tot=   30 [ms] Ave/Min/Max=     0.1(+-   0.995)/       0/      10 [ms] #=300
2026-02-12 18:37:10,832 MCTruthCommonPreJetKernelNo16                        INFO Time User   : Tot=   30 [ms] Ave/Min/Max=     0.1(+-   0.995)/       0/      10 [ms] #=300
2026-02-12 18:37:10,833 MCTruthCommonPreJetKernelNo5                         INFO Time User   : Tot=   30 [ms] Ave/Min/Max=     0.1(+-   0.995)/       0/      10 [ms] #=300
2026-02-12 18:37:10,833 MCTruthCommonTausAndDecaysKernel                     INFO Time User   : Tot=   30 [ms] Ave/Min/Max=     0.1(+-   0.995)/       0/      10 [ms] #=300
2026-02-12 18:37:10,833 MCTruthCommonPreJetKernelNo4                         INFO Time User   : Tot=   40 [ms] Ave/Min/Max=   0.133(+-    1.15)/       0/      10 [ms] #=300
2026-02-12 18:37:10,833 MCTruthCommonPreJetKernelNo1                         INFO Time User   : Tot=   40 [ms] Ave/Min/Max=   0.133(+-    1.15)/       0/      10 [ms] #=300
2026-02-12 18:37:10,833 MiniCollectionTruthLinkKernelNo2                     INFO Time User   : Tot=   40 [ms] Ave/Min/Max=   0.133(+-    1.15)/       0/      10 [ms] #=300
2026-02-12 18:37:10,833 PhysCommonTruthCharmKernel                           INFO Time User   : Tot=   40 [ms] Ave/Min/Max=   0.133(+-    1.15)/       0/      10 [ms] #=300
2026-02-12 18:37:10,833 DFCommonMuonsKernel                                  INFO Time User   : Tot=   40 [ms] Ave/Min/Max=   0.133(+-    1.15)/       0/      10 [ms] #=300
2026-02-12 18:37:10,833 MCTruthCommonPreJetKernelNo3                         INFO Time User   : Tot=   50 [ms] Ave/Min/Max=   0.167(+-    1.28)/       0/      10 [ms] #=300
2026-02-12 18:37:10,833 MCTruthCommonPreJetKernelNo6                         INFO Time User   : Tot=   60 [ms] Ave/Min/Max=     0.2(+-     1.4)/       0/      10 [ms] #=300
2026-02-12 18:37:10,833 MCTruthCommonPreJetKernelNo8                         INFO Time User   : Tot=   60 [ms] Ave/Min/Max=     0.2(+-     1.4)/       0/      10 [ms] #=300
2026-02-12 18:37:10,833 MCTruthCommonBSMAndDecaysKernel                      INFO Time User   : Tot=   90 [ms] Ave/Min/Max=     0.3(+-    1.71)/       0/      10 [ms] #=300
2026-02-12 18:37:10,833 MiniCollectionTruthLinkKernelNo3                     INFO Time User   : Tot=  110 [ms] Ave/Min/Max=   0.367(+-    2.74)/       0/      40 [ms] #=300
2026-02-12 18:37:10,833 MCTruthCommonHFAndDecaysKernel                       INFO Time User   : Tot=  130 [ms] Ave/Min/Max=   0.433(+-    2.04)/       0/      10 [ms] #=300
2026-02-12 18:37:10,833 MiniCollectionTruthLinkKernelNo1                     INFO Time User   : Tot=  140 [ms] Ave/Min/Max=   0.467(+-    2.26)/       0/      20 [ms] #=300
2026-02-12 18:37:10,833 DiTauIDDecorKernel                                   INFO Time User   : Tot=  170 [ms] Ave/Min/Max=   0.567(+-    2.31)/       0/      10 [ms] #=300
2026-02-12 18:37:10,833 DFCommonHSDecorator                                  INFO Time User   : Tot=  180 [ms] Ave/Min/Max=     0.6(+-     3.1)/       0/      40 [ms] #=300
2026-02-12 18:37:10,833 MCTruthNavigationDecoratorKernel                     INFO Time User   : Tot=  240 [ms] Ave/Min/Max=     0.8(+-    2.71)/       0/      10 [ms] #=300
2026-02-12 18:37:10,833 TauTruthCommonKernel2                                INFO Time User   : Tot=  270 [ms] Ave/Min/Max=     0.9(+-    3.19)/       0/      30 [ms] #=300
2026-02-12 18:37:10,833 InDetCommonKernelDFCommonUsedInFitDecorator          INFO Time User   : Tot=  310 [ms] Ave/Min/Max=    1.03(+-    3.04)/       0/      10 [ms] #=300
2026-02-12 18:37:10,833 TauJets_MuonRM_TauIDDecorKernel                      INFO Time User   : Tot=  350 [ms] Ave/Min/Max=    1.17(+-    3.21)/       0/      10 [ms] #=300
2026-02-12 18:37:10,834 HFClassificationCommonKernel                         INFO Time User   : Tot= 1.27  [s] Ave/Min/Max= 0.00423(+- 0.00501)/       0/    0.02  [s] #=300
2026-02-12 18:37:10,834 InDetCommonKernelDFCommonTrackSelection              INFO Time User   : Tot=  1.5  [s] Ave/Min/Max=   0.005(+-  0.0052)/       0/    0.03  [s] #=300
2026-02-12 18:37:10,834 InDet_TrkInJetType                                   INFO Time User   : Tot= 1.67  [s] Ave/Min/Max=5.58e-05(+-0.000745)/       0/    0.01  [s] #=29918
2026-02-12 18:37:10,834 InDetVKalVxInJetTool                                 INFO Time User   : Tot= 2.76  [s] Ave/Min/Max=0.000437(+- 0.00205)/       0/    0.01  [s] #=6310
2026-02-12 18:37:10,834 MCTruthClassificationKernel                          INFO Time User   : Tot=    3  [s] Ave/Min/Max=    0.01(+- 0.00548)/       0/    0.03  [s] #=300
2026-02-12 18:37:10,834 PHYSKernel                                           INFO Time User   : Tot= 5.61  [s] Ave/Min/Max=  0.0187(+-   0.319)/       0/    5.53  [s] #=300
2026-02-12 18:37:10,834 EGammaCommonKernel                                   INFO Time User   : Tot= 6.08  [s] Ave/Min/Max=  0.0203(+-  0.0115)/       0/    0.09  [s] #=300
2026-02-12 18:37:10,834 TauJets_TauIDDecorKernel                             INFO Time User   : Tot= 7.18  [s] Ave/Min/Max=  0.0239(+- 0.00982)/       0/    0.06  [s] #=300
2026-02-12 18:37:10,834 ChronoStatSvc                                        INFO Time User   : Tot=  409  [s]  #=  1
2026-02-12 18:37:10,834 AthenaMP_nextEvent                                   INFO Time User   : Tot=  424  [s] Ave/Min/Max=     141(+-    7.59)/     131/     147  [s] #=  3
2026-02-12 18:37:10,834 *****Chrono*****                                     INFO ****************************************************************************************************
2026-02-12 18:37:10,834 ChronoStatSvc.finalize()                             INFO  Service finalized successfully 
2026-02-12 18:37:10,834 FPEAuditor                                           INFO FPE summary for this job
2026-02-12 18:37:10,834 FPEAuditor                                           INFO  FPE OVERFLOWs  : 0
2026-02-12 18:37:10,834 FPEAuditor                                           INFO  FPE INVALIDs   : 0
2026-02-12 18:37:10,834 FPEAuditor                                           INFO  FPE DIVBYZEROs : 0
2026-02-12 18:37:10,922 PerfMonMTSvc                                         INFO =======================================================================================
2026-02-12 18:37:10,922 PerfMonMTSvc                                         INFO                                  PerfMonMTSvc Report                                   
2026-02-12 18:37:10,922 PerfMonMTSvc                                         INFO =======================================================================================
2026-02-12 18:37:10,923 PerfMonMTSvc                                         INFO *** Full set of information can also be found in: perfmonmt_Derivation.json
2026-02-12 18:37:10,923 PerfMonMTSvc                                         INFO *** In order to make plots using the results run the following commands:
2026-02-12 18:37:10,923 PerfMonMTSvc                                         INFO *** $ perfmonmt-plotter.py -i perfmonmt_Derivation.json
2026-02-12 18:37:10,923 PerfMonMTSvc                                         INFO *** In order to print tables using the results run the following commands:
2026-02-12 18:37:10,923 PerfMonMTSvc                                         INFO *** $ perfmonmt-printer.py -i perfmonmt_Derivation.json
2026-02-12 18:37:10,923 PerfMonMTSvc                                         INFO =======================================================================================
2026-02-12 18:37:10,923 PerfMonMTSvc                                         INFO =======================================================================================
2026-02-12 18:37:10,923 PerfMonMTSvc                                         INFO                              Component Level Monitoring                                
2026-02-12 18:37:10,924 PerfMonMTSvc                                         INFO =======================================================================================
2026-02-12 18:37:10,924 PerfMonMTSvc                                         INFO Step       Count           CPU Time [ms]             Vmem [kB]                                Malloc [kB]                                             Component                                                                  
2026-02-12 18:37:10,924 PerfMonMTSvc                                         INFO ---------------------------------------------------------------------------------------
2026-02-12 18:37:10,944 PerfMonMTSvc                                         INFO Initialize 1               3082.95                   124056                                   33379                                                   EGammaCommonKernel                                                         
2026-02-12 18:37:10,944 PerfMonMTSvc                                         INFO Initialize 1               616.79                    38668                                    13219                                                   MuonRemovalTauAODReRecoAlg                                                 
2026-02-12 18:37:10,945 PerfMonMTSvc                                         INFO Initialize 1               511.25                    34356                                    74752                                                   AntiKt10UFOCSSKSoftDropBeta100Zcut10Jets                                   
2026-02-12 18:37:10,945 PerfMonMTSvc                                         INFO Initialize 1               459.10                    9948                                     7539                                                    DFCommonMuonsKernel                                                        
2026-02-12 18:37:10,945 PerfMonMTSvc                                         INFO Initialize 1               446.25                    27648                                    73350                                                   jetrecalg_AntiKt10UFOCSSKSoftDropBeta100Zcut10Jets                         
2026-02-12 18:37:10,945 PerfMonMTSvc                                         INFO Initialize 1               440.30                    7400                                     7416                                                    ToolSvc.DFCommonMuonToolWrapperIDCuts                                      
2026-02-12 18:37:10,945 PerfMonMTSvc                                         INFO Initialize 1               433.72                    6808                                     7334                                                    ToolSvc.DFCommonMuonsSelector                                              
2026-02-12 18:37:10,945 PerfMonMTSvc                                         INFO Initialize 1               424.37                    46276                                    67638                                                   AntiKt4EMPFlowJets                                                         
2026-02-12 18:37:10,945 PerfMonMTSvc                                         INFO Initialize 1               421.05                    46276                                    67336                                                   jetrecalg_AntiKt4EMPFlowJets                                               
2026-02-12 18:37:10,945 PerfMonMTSvc                                         INFO Initialize 1               420.64                    46276                                    67300                                                   jetrecalg_AntiKt4EMPFlowJets.emscalemom_AntiKt4EMPFlow                     
2026-02-12 18:37:10,945 PerfMonMTSvc                                         INFO Initialize 1               420.26                    46276                                    67262                                                   jetrecalg_AntiKt4EMPFlowJets.jetens                                        
2026-02-12 18:37:10,945 PerfMonMTSvc                                         INFO Initialize 1               416.80                    46276                                    67013                                                   jetrecalg_AntiKt4EMPFlowJets.width                                         
2026-02-12 18:37:10,946 PerfMonMTSvc                                         INFO Initialize 1               416.58                    46276                                    67004                                                   jetrecalg_AntiKt4EMPFlowJets.caloqual                                      
2026-02-12 18:37:10,946 PerfMonMTSvc                                         INFO Initialize 1               415.89                    46276                                    66972                                                   jetrecalg_AntiKt4EMPFlowJets.trkmoms                                       
2026-02-12 18:37:10,946 PerfMonMTSvc                                         INFO Initialize 1               414.78                    46276                                    66900                                                   jetrecalg_AntiKt4EMPFlowJets.trksummoms                                    
2026-02-12 18:37:10,946 PerfMonMTSvc                                         INFO Initialize 1               414.28                    46276                                    66838                                                   jetrecalg_AntiKt4EMPFlowJets.jvf                                           
2026-02-12 18:37:10,946 PerfMonMTSvc                                         INFO Initialize 1               413.76                    46276                                    66776                                                   jetrecalg_AntiKt4EMPFlowJets.jvt                                           
2026-02-12 18:37:10,946 PerfMonMTSvc                                         INFO Initialize 1               411.41                    46276                                    66639                                                   jetrecalg_AntiKt4EMPFlowJets.larhvcorr                                     
2026-02-12 18:37:10,946 PerfMonMTSvc                                         INFO Initialize 1               411.22                    46276                                    66629                                                   jetrecalg_AntiKt4EMPFlowJets.iso                                           
2026-02-12 18:37:10,946 PerfMonMTSvc                                         INFO Initialize 1               410.97                    46276                                    66614                                                   jetrecalg_AntiKt4EMPFlowJets.jetPtAssociation                              
2026-02-12 18:37:10,946 PerfMonMTSvc                                         INFO Initialize 1               410.75                    46276                                    66595                                                   jetrecalg_AntiKt4EMPFlowJets.qgtagging                                     
2026-02-12 18:37:10,946 PerfMonMTSvc                                         INFO Initialize 1               409.61                    46276                                    66515                                                   jetrecalg_AntiKt4EMPFlowJets.nnjvt                                         
2026-02-12 18:37:10,946 PerfMonMTSvc                                         INFO Initialize 1               407.41                    46276                                    66477                                                   jetrecalg_AntiKt4EMPFlowJets.fJVT                                          
2026-02-12 18:37:10,946 PerfMonMTSvc                                         INFO Initialize 1               376.67                    79640                                    2425                                                    ToolSvc.ElectronPassDNNLoose                                               
2026-02-12 18:37:10,946 PerfMonMTSvc                                         INFO Initialize 1               366.31                    28136                                    1977                                                    TrigNavSlimmingMTAlg_DAOD                                                  
2026-02-12 18:37:10,946 PerfMonMTSvc                                         INFO Initialize 1               356.42                    78848                                    2204                                                    ToolSvc.ElectronPassDNNLoose.ElectronDNNSelectorLoose                      
2026-02-12 18:37:10,946 PerfMonMTSvc                                         INFO Initialize 1               347.05                    7168                                     39912                                                   jetrecalg_AntiKt10UFOCSSKSoftDropBeta100Zcut10Jets.width                   
2026-02-12 18:37:10,946 PerfMonMTSvc                                         INFO Initialize 1               346.75                    7168                                     39895                                                   jetrecalg_AntiKt10UFOCSSKSoftDropBeta100Zcut10Jets.nsubjettiness           
2026-02-12 18:37:10,946 PerfMonMTSvc                                         INFO Initialize 1               345.58                    7168                                     39849                                                   jetrecalg_AntiKt10UFOCSSKSoftDropBeta100Zcut10Jets.ktsplitter              
2026-02-12 18:37:10,946 PerfMonMTSvc                                         INFO Initialize 1               345.09                    7168                                     39827                                                   jetrecalg_AntiKt10UFOCSSKSoftDropBeta100Zcut10Jets.ecorr                   
2026-02-12 18:37:10,946 PerfMonMTSvc                                         INFO Initialize 1               344.42                    7168                                     39796                                                   jetrecalg_AntiKt10UFOCSSKSoftDropBeta100Zcut10Jets.qw                      
2026-02-12 18:37:10,947 PerfMonMTSvc                                         INFO Initialize 1               343.91                    7168                                     39766                                                   jetrecalg_AntiKt10UFOCSSKSoftDropBeta100Zcut10Jets.comshapes               
2026-02-12 18:37:10,947 PerfMonMTSvc                                         INFO Initialize 1               343.03                    7168                                     39724                                                   jetrecalg_AntiKt10UFOCSSKSoftDropBeta100Zcut10Jets.ecorrgeneral            
2026-02-12 18:37:10,947 PerfMonMTSvc                                         INFO Initialize 1               341.96                    7168                                     39658                                                   jetrecalg_AntiKt10UFOCSSKSoftDropBeta100Zcut10Jets.truthlabeler_R10TruthLabel_R21Precision
2026-02-12 18:37:10,947 PerfMonMTSvc                                         INFO Initialize 1               341.05                    7168                                     39613                                                   jetrecalg_AntiKt10UFOCSSKSoftDropBeta100Zcut10Jets.truthlabeler_R10TruthLabel_R21Precision_2022v1
2026-02-12 18:37:10,947 PerfMonMTSvc                                         INFO Initialize 1               340.24                    7168                                     39565                                                   jetrecalg_AntiKt10UFOCSSKSoftDropBeta100Zcut10Jets.truthlabeler_R10TruthLabel_R22v1
2026-02-12 18:37:10,947 PerfMonMTSvc                                         INFO Initialize 1               339.44                    7168                                     39518                                                   jetrecalg_AntiKt10UFOCSSKSoftDropBeta100Zcut10Jets.truthlabeler_R10WZTruthLabel_R22v1
2026-02-12 18:37:10,947 PerfMonMTSvc                                         INFO Initialize 1               338.67                    7168                                     39492                                                   jetrecalg_AntiKt10UFOCSSKSoftDropBeta100Zcut10Jets.emscalemom_AntiKt10UFOCSSKSoftDropBeta100Zcut10
2026-02-12 18:37:10,947 PerfMonMTSvc                                         INFO Initialize 1               338.30                    7168                                     39454                                                   jetrecalg_AntiKt10UFOCSSKSoftDropBeta100Zcut10Jets.jetenslargeR            
2026-02-12 18:37:10,947 PerfMonMTSvc                                         INFO Initialize 1               336.90                    7168                                     39409                                                   jetrecalg_AntiKt10UFOCSSKSoftDropBeta100Zcut10Jets.constitFrac             
2026-02-12 18:37:10,947 PerfMonMTSvc                                         INFO Initialize 1               336.61                    7168                                     39395                                                   jetrecalg_AntiKt10UFOCSSKSoftDropBeta100Zcut10Jets.groomMRatio             
2026-02-12 18:37:10,947 PerfMonMTSvc                                         INFO Initialize 1               336.44                    7168                                     39385                                                   jetrecalg_AntiKt10UFOCSSKSoftDropBeta100Zcut10Jets.BoostedJetTaggerTool-Top
2026-02-12 18:37:10,947 PerfMonMTSvc                                         INFO Initialize 1               336.21                    25156                                    1681                                                    ToolSvc.TrigDecisionTool.Navigation                                        
2026-02-12 18:37:10,947 PerfMonMTSvc                                         INFO Initialize 1               336.04                    7168                                     39300                                                   jetrecalg_AntiKt10UFOCSSKSoftDropBeta100Zcut10Jets.BoostedJetTaggerTool-Top.MLHelper
2026-02-12 18:37:10,947 PerfMonMTSvc                                         INFO Initialize 1               318.50                    2048                                     1383                                                    ToolSvc.ElectronPassDNNMediumNoCF                                          
2026-02-12 18:37:10,947 PerfMonMTSvc                                         INFO Initialize 1               316.21                    1024                                     1384                                                    ToolSvc.ElectronPassDNNVeryLooseNoCF97                                     
2026-02-12 18:37:10,947 PerfMonMTSvc                                         INFO Initialize 1               316.20                    4096                                     1384                                                    ToolSvc.ElectronPassDNNMedium                                              
2026-02-12 18:37:10,947 PerfMonMTSvc                                         INFO Initialize 1               316.17                    1024                                     1383                                                    ToolSvc.ElectronPassDNNLooseNoCF                                           
2026-02-12 18:37:10,947 PerfMonMTSvc                                         INFO Initialize 1               314.86                    1024                                     1383                                                    ToolSvc.ElectronPassDNNTightNoCF                                           
2026-02-12 18:37:10,948 PerfMonMTSvc                                         INFO Initialize 1               314.75                    0                                        1384                                                    ToolSvc.ElectronPassDNNTight                                               
2026-02-12 18:37:10,948 PerfMonMTSvc                                         INFO =======================================================================================
2026-02-12 18:37:10,948 PerfMonMTSvc                                         INFO FirstEvent 1               5869.08                   336520                                   313376                                                  PHYSKernel                                                                 
2026-02-12 18:37:10,948 PerfMonMTSvc                                         INFO FirstEvent 2               2681.97                   240360                                   229391                                                  CondInputLoader                                                            
2026-02-12 18:37:10,948 PerfMonMTSvc                                         INFO FirstEvent 2               1382.40                   143360                                   140696                                                  AtlasTrackingGeometryCondAlg                                               
2026-02-12 18:37:10,948 PerfMonMTSvc                                         INFO FirstEvent 2               1137.53                   269976                                   166072                                                  AtlasFieldMapCondAlg                                                       
2026-02-12 18:37:10,948 PerfMonMTSvc                                         INFO FirstEvent 2               354.55                    83968                                    178281                                                  MuonDetectorCondAlg                                                        
2026-02-12 18:37:10,948 PerfMonMTSvc                                         INFO FirstEvent 2               330.44                    107520                                   106955                                                  TRTAlignCondAlg                                                            
2026-02-12 18:37:10,948 PerfMonMTSvc                                         INFO FirstEvent 1               233.65                    0                                        8536                                                    AntiKt4EMPFlowJets                                                         
2026-02-12 18:37:10,948 PerfMonMTSvc                                         INFO FirstEvent 1               205.46                    7152                                     5903                                                    AntiKt10UFOCSSKSoftDropBeta100Zcut10Jets                                   
2026-02-12 18:37:10,948 PerfMonMTSvc                                         INFO FirstEvent 1               202.14                    0                                        38874                                                   IncidentProcAlg1                                                           
2026-02-12 18:37:10,948 PerfMonMTSvc                                         INFO FirstEvent 1               191.49                    0                                        1946                                                    jetrecalg_AntiKt4EMPFlowJets                                               
2026-02-12 18:37:10,948 PerfMonMTSvc                                         INFO FirstEvent 1               129.14                    700                                      1421                                                    TrigNavSlimmingMTAlg_DAOD                                                  
2026-02-12 18:37:10,948 PerfMonMTSvc                                         INFO FirstEvent 1               122.70                    0                                        2871                                                    CaloExtensionBuilderAlg                                                    
2026-02-12 18:37:10,948 PerfMonMTSvc                                         INFO FirstEvent 2               121.52                    53696                                    58445                                                   CaloAlignCondAlg                                                           
2026-02-12 18:37:10,948 PerfMonMTSvc                                         INFO FirstEvent 1               119.88                    68300                                    6878                                                    StreamDAOD_PHYS                                                            
2026-02-12 18:37:10,948 PerfMonMTSvc                                         INFO FirstEvent 1               111.42                    0                                        177                                                     FtagNN_AntiKt4EMPFlowJets_InDetTrackParticles_BTagging_20250912_GN3EPCLV01_antikt4empflow_network_STANDARD_Jet
2026-02-12 18:37:10,949 PerfMonMTSvc                                         INFO FirstEvent 1               107.09                    2392                                     163                                                     FtagNN_AntiKt4EMPFlowJets_InDetTrackParticles_BTagging_20250213_GN3PflowMuonsV00_antikt4empflow_network_STANDARD_Jet
2026-02-12 18:37:10,949 PerfMonMTSvc                                         INFO FirstEvent 1               101.28                    1952                                     5668                                                    EGammaCommonKernel                                                         
2026-02-12 18:37:10,949 PerfMonMTSvc                                         INFO FirstEvent 2               100.11                    6144                                     6054                                                    SCT_AlignCondAlg                                                           
2026-02-12 18:37:10,949 PerfMonMTSvc                                         INFO FirstEvent 1               96.21                     4144                                     8                                                       FtagNN_AntiKt4EMPFlowJets_InDetTrackParticles_BTagging_20250912_GN3EPCLV01_antikt4empflow_network_SIMPLE_FLIP_Jet
2026-02-12 18:37:10,949 PerfMonMTSvc                                         INFO FirstEvent 1               92.91                     3888                                     8                                                       FtagNN_AntiKt4EMPFlowJets_InDetTrackParticles_BTagging_20250213_GN3PflowMuonsV00_antikt4empflow_network_SIMPLE_FLIP_Jet
2026-02-12 18:37:10,949 PerfMonMTSvc                                         INFO FirstEvent 1               83.81                     0                                        -0                                                      IncidentProcAlg3                                                           
2026-02-12 18:37:10,949 PerfMonMTSvc                                         INFO FirstEvent 1               73.72                     1024                                     137                                                     FtagNN_AntiKt4EMPFlowJets_InDetTrackParticles_BTagging_20250213_GN3V00_antikt4empflow_network_STANDARD_Jet
2026-02-12 18:37:10,949 PerfMonMTSvc                                         INFO FirstEvent 1               64.03                     1040                                     5673                                                    MuonRemovalTauAODReRecoAlg                                                 
2026-02-12 18:37:10,949 PerfMonMTSvc                                         INFO FirstEvent 1               62.04                     2296                                     8                                                       FtagNN_AntiKt4EMPFlowJets_InDetTrackParticles_BTagging_20250213_GN3V00_antikt4empflow_network_SIMPLE_FLIP_Jet
2026-02-12 18:37:10,949 PerfMonMTSvc                                         INFO FirstEvent 1               61.48                     0                                        898                                                     TauJets_TauIDDecorKernel                                                   
2026-02-12 18:37:10,949 PerfMonMTSvc                                         INFO FirstEvent 1               48.97                     4800                                     626                                                     jetrecalg_AntiKt10UFOCSSKSoftDropBeta100Zcut10Jets                         
2026-02-12 18:37:10,949 PerfMonMTSvc                                         INFO FirstEvent 1               46.31                     3404                                     551                                                     DFCommonHSDecorator                                                        
2026-02-12 18:37:10,949 PerfMonMTSvc                                         INFO FirstEvent 1               46.29                     0                                        5243                                                    AntiKt4EMTopoJets                                                          
2026-02-12 18:37:10,949 PerfMonMTSvc                                         INFO FirstEvent 1               44.83                     0                                        897                                                     AntiKtVR30Rmax4Rmin02TruthChargedJets                                      
2026-02-12 18:37:10,949 PerfMonMTSvc                                         INFO FirstEvent 1               44.19                     1272                                     1472                                                    MiniCollectionTruthLinkKernelNo3                                           
2026-02-12 18:37:10,949 PerfMonMTSvc                                         INFO FirstEvent 1               43.94                     0                                        732                                                     jetrecalg_AntiKtVR30Rmax4Rmin02TruthChargedJets                            
2026-02-12 18:37:10,950 PerfMonMTSvc                                         INFO FirstEvent 1               36.41                     0                                        289                                                     AntiKtVR30Rmax4Rmin02PV0TrackJets                                          
2026-02-12 18:37:10,950 PerfMonMTSvc                                         INFO FirstEvent 1               36.38                     1604                                     861                                                     TrigBTagCopierAlg                                                          
2026-02-12 18:37:10,950 PerfMonMTSvc                                         INFO FirstEvent 2               36.35                     16244                                    15411                                                   AthReadAlg_AllCalo                                                         
2026-02-12 18:37:10,950 PerfMonMTSvc                                         INFO FirstEvent 1               36.00                     0                                        5609                                                    pflowselalg                                                                
2026-02-12 18:37:10,950 PerfMonMTSvc                                         INFO FirstEvent 1               35.71                     0                                        238                                                     jetrecalg_AntiKtVR30Rmax4Rmin02PV0TrackJets                                
2026-02-12 18:37:10,950 PerfMonMTSvc                                         INFO FirstEvent 1               35.70                     1396                                     1214                                                    TauTruthCommonKernel2                                                      
2026-02-12 18:37:10,950 PerfMonMTSvc                                         INFO FirstEvent 1               31.27                     0                                        174                                                     FtagNN_AntiKt4EMPFlowJets_InDetTrackParticles_BTagging_20231205_GN2v01_antikt4empflow_STANDARD_Jet
2026-02-12 18:37:10,950 PerfMonMTSvc                                         INFO FirstEvent 1               29.51                     0                                        2775                                                    jetrecalg_AntiKt4EMTopoJets                                                
2026-02-12 18:37:10,950 PerfMonMTSvc                                         INFO FirstEvent 1               28.48                     1032                                     1852                                                    jetalg_ConstitModCorrectPFOCHS_EMPFlow                                     
2026-02-12 18:37:10,950 PerfMonMTSvc                                         INFO FirstEvent 1               27.58                     1524                                     1193                                                    InDetCommonKernelDFCommonTrackSelection                                    
2026-02-12 18:37:10,950 PerfMonMTSvc                                         INFO FirstEvent 2               25.69                     5120                                     4942                                                    CaloSuperCellAlignCondAlg                                                  
2026-02-12 18:37:10,950 PerfMonMTSvc                                         INFO FirstEvent 1               25.37                     0                                        4621                                                    PFlowIsolationBuilder                                                      
2026-02-12 18:37:10,950 PerfMonMTSvc                                         INFO FirstEvent 1               24.45                     1088                                     828                                                     MiniCollectionTruthLinkKernelNo1                                           
2026-02-12 18:37:10,950 PerfMonMTSvc                                         INFO FirstEvent 1               24.16                     2048                                     195                                                     DiTauLowPtBuilder                                                          
2026-02-12 18:37:10,950 PerfMonMTSvc                                         INFO FirstEvent 2               21.89                     0                                        1991                                                    PixelAlignCondAlg                                                          
2026-02-12 18:37:10,950 PerfMonMTSvc                                         INFO FirstEvent 1               20.75                     0                                        1719                                                    MCTruthClassificationKernel                                                
2026-02-12 18:37:10,950 PerfMonMTSvc                                         INFO FirstEvent 1               20.32                     0                                        1560                                                    AntiKt4TruthJets                                                           
2026-02-12 18:37:10,950 PerfMonMTSvc                                         INFO FirstEvent 1               18.32                     0                                        5                                                       FtagNN_AntiKt4EMPFlowJets_InDetTrackParticles_BTagging_20231205_GN2v01_antikt4empflow_SIMPLE_FLIP_Jet
2026-02-12 18:37:10,950 PerfMonMTSvc                                         INFO FirstEvent 1               16.96                     0                                        46                                                      Electrons_decoratePLIT                                                     
2026-02-12 18:37:10,950 PerfMonMTSvc                                         INFO =======================================================================================
2026-02-12 18:37:10,951 PerfMonMTSvc                                         INFO Execute    299             81321.94                  16176                                    2013574                                                 AntiKt10UFOCSSKSoftDropBeta100Zcut10Jets                                   
2026-02-12 18:37:10,951 PerfMonMTSvc                                         INFO Execute    299             59949.41                  0                                        1211237                                                 CaloExtensionBuilderAlg                                                    
2026-02-12 18:37:10,951 PerfMonMTSvc                                         INFO Execute    299             59740.94                  2128                                     1067741                                                 AntiKt4EMPFlowJets                                                         
2026-02-12 18:37:10,951 PerfMonMTSvc                                         INFO Execute    299             57687.23                  2128                                     536651                                                  jetrecalg_AntiKt4EMPFlowJets                                               
2026-02-12 18:37:10,951 PerfMonMTSvc                                         INFO Execute    299             26759.35                  0                                        2954                                                    FtagNN_AntiKt4EMPFlowJets_InDetTrackParticles_BTagging_20250912_GN3EPCLV01_antikt4empflow_network_STANDARD_Jet
2026-02-12 18:37:10,951 PerfMonMTSvc                                         INFO Execute    299             26685.92                  0                                        2350                                                    FtagNN_AntiKt4EMPFlowJets_InDetTrackParticles_BTagging_20250912_GN3EPCLV01_antikt4empflow_network_SIMPLE_FLIP_Jet
2026-02-12 18:37:10,951 PerfMonMTSvc                                         INFO Execute    299             25628.94                  21912                                    2688                                                    FtagNN_AntiKt4EMPFlowJets_InDetTrackParticles_BTagging_20250213_GN3PflowMuonsV00_antikt4empflow_network_STANDARD_Jet
2026-02-12 18:37:10,951 PerfMonMTSvc                                         INFO Execute    299             25476.42                  18624                                    2080                                                    FtagNN_AntiKt4EMPFlowJets_InDetTrackParticles_BTagging_20250213_GN3PflowMuonsV00_antikt4empflow_network_SIMPLE_FLIP_Jet
2026-02-12 18:37:10,951 PerfMonMTSvc                                         INFO Execute    299             17986.12                  0                                        2488                                                    FtagNN_AntiKt4EMPFlowJets_InDetTrackParticles_BTagging_20250213_GN3V00_antikt4empflow_network_STANDARD_Jet
2026-02-12 18:37:10,951 PerfMonMTSvc                                         INFO Execute    299             17847.62                  0                                        2089                                                    FtagNN_AntiKt4EMPFlowJets_InDetTrackParticles_BTagging_20250213_GN3V00_antikt4empflow_network_SIMPLE_FLIP_Jet
2026-02-12 18:37:10,951 PerfMonMTSvc                                         INFO Execute    299             12966.17                  0                                        222312                                                  AntiKtVR30Rmax4Rmin02TruthChargedJets                                      
2026-02-12 18:37:10,951 PerfMonMTSvc                                         INFO Execute    299             12718.89                  0                                        180549                                                  jetrecalg_AntiKtVR30Rmax4Rmin02TruthChargedJets                            
2026-02-12 18:37:10,951 PerfMonMTSvc                                         INFO Execute    299             11034.16                  16176                                    128982                                                  jetrecalg_AntiKt10UFOCSSKSoftDropBeta100Zcut10Jets                         
2026-02-12 18:37:10,951 PerfMonMTSvc                                         INFO Execute    299             10855.57                  0                                        71825                                                   AntiKtVR30Rmax4Rmin02PV0TrackJets                                          
2026-02-12 18:37:10,951 PerfMonMTSvc                                         INFO Execute    299             10675.87                  0                                        61975                                                   jetrecalg_AntiKtVR30Rmax4Rmin02PV0TrackJets                                
2026-02-12 18:37:10,951 PerfMonMTSvc                                         INFO Execute    299             9711.80                   0                                        56777                                                   DiTauLowPtBuilder                                                          
2026-02-12 18:37:10,951 PerfMonMTSvc                                         INFO Execute    299             8776.74                   0                                        261060                                                  StreamDAOD_PHYS                                                            
2026-02-12 18:37:10,952 PerfMonMTSvc                                         INFO Execute    299             7110.50                   1584                                     891401                                                  AntiKt4EMTopoJets                                                          
2026-02-12 18:37:10,952 PerfMonMTSvc                                         INFO Execute    299             7077.25                   0                                        45234                                                   TauJets_TauIDDecorKernel                                                   
2026-02-12 18:37:10,952 PerfMonMTSvc                                         INFO Execute    299             6045.60                   0                                        161224                                                  EGammaCommonKernel                                                         
2026-02-12 18:37:10,952 PerfMonMTSvc                                         INFO Execute    299             5805.10                   1584                                     570984                                                  jetrecalg_AntiKt4EMTopoJets                                                
2026-02-12 18:37:10,952 PerfMonMTSvc                                         INFO Execute    299             4662.35                   0                                        2308                                                    Electrons_decoratePLIT                                                     
2026-02-12 18:37:10,952 PerfMonMTSvc                                         INFO Execute    299             4284.56                   0                                        2680                                                    FtagNN_AntiKt4EMPFlowJets_InDetTrackParticles_BTagging_20231205_GN2v01_antikt4empflow_STANDARD_Jet
2026-02-12 18:37:10,952 PerfMonMTSvc                                         INFO Execute    299             4072.72                   0                                        1444                                                    FtagNN_AntiKt4EMPFlowJets_InDetTrackParticles_BTagging_20231205_GN2v01_antikt4empflow_SIMPLE_FLIP_Jet
2026-02-12 18:37:10,952 PerfMonMTSvc                                         INFO Execute    299             3951.39                   0                                        269917                                                  AntiKt4TruthJets                                                           
2026-02-12 18:37:10,952 PerfMonMTSvc                                         INFO Execute    299             3690.70                   0                                        174948                                                  jetrecalg_AntiKt10TruthDressedWZJets                                       
2026-02-12 18:37:10,952 PerfMonMTSvc                                         INFO Execute    299             3311.71                   0                                        223100                                                  AntiKt4TruthDressedWZJets                                                  
2026-02-12 18:37:10,952 PerfMonMTSvc                                         INFO Execute    299             3272.01                   0                                        223029                                                  AntiKt4TruthWZJets                                                         
2026-02-12 18:37:10,952 PerfMonMTSvc                                         INFO Execute    299             3230.37                   0                                        1511                                                    FtagNN_AntiKt10UFOCSSKSoftDropBeta100Zcut10Jets_InDetTrackParticles_JetCalibTools_CalibArea-00-04-83_CalibrationFactors_bbJESJMS_calibFactors_R22_MC20MC23_CSSKUFO_bJR10v01_20250212_STANDARD_Jet
2026-02-12 18:37:10,952 PerfMonMTSvc                                         INFO Execute    299             3088.55                   0                                        180580                                                  jetrecalg_AntiKt4TruthJets                                                 
2026-02-12 18:37:10,952 PerfMonMTSvc                                         INFO Execute    299             3087.16                   0                                        1724                                                    FtagNN_AntiKt10UFOCSSKSoftDropBeta100Zcut10Jets_InDetTrackParticles_BTagging_20250912_GN3XPV01_antikt10ufo_network_STANDARD_Jet
2026-02-12 18:37:10,952 PerfMonMTSvc                                         INFO Execute    299             3071.26                   0                                        1620                                                    FtagNN_AntiKt10UFOCSSKSoftDropBeta100Zcut10Jets_InDetTrackParticles_BTagging_20250310_GN2XTauV00_antikt10ufo_network_STANDARD_Jet
2026-02-12 18:37:10,952 PerfMonMTSvc                                         INFO Execute    299             3025.28                   0                                        181167                                                  jetrecalg_AntiKt4TruthWZJets                                               
2026-02-12 18:37:10,952 PerfMonMTSvc                                         INFO Execute    299             3021.61                   0                                        181220                                                  jetrecalg_AntiKt4TruthDressedWZJets                                        
2026-02-12 18:37:10,952 PerfMonMTSvc                                         INFO Execute    299             3017.21                   0                                        812                                                     FtagNN_AntiKt10UFOCSSKSoftDropBeta100Zcut10Jets_InDetTrackParticles_BTagging_20240925_GN2Xv02_antikt10ufo_network_STANDARD_Jet
2026-02-12 18:37:10,952 PerfMonMTSvc                                         INFO Execute    299             2906.68                   0                                        18006                                                   TrackParticleClusterAssociationAlgUFO                                      
2026-02-12 18:37:10,952 PerfMonMTSvc                                         INFO Execute    299             2810.39                   0                                        173270                                                  MCTruthClassificationKernel                                                
2026-02-12 18:37:10,953 PerfMonMTSvc                                         INFO Execute    299             2756.99                   0                                        91348                                                   METAssociation_AntiKt4EMPFlowHR                                            
2026-02-12 18:37:10,953 PerfMonMTSvc                                         INFO Execute    299             1902.74                   0                                        164234                                                  AntiKt10TruthSoftDropBeta100Zcut10Jets                                     
2026-02-12 18:37:10,953 PerfMonMTSvc                                         INFO Execute    299             1723.25                   0                                        718                                                     FtagNN_AntiKt10UFOCSSKSoftDropBeta100Zcut10Jets_InDetTrackParticles_JetCalibTools_CalibArea-00-04-83_CalibrationFactors_bbJESJMS_calibFactors_R22_MC20_CSSKUFO_bJR10v00Ext_20250212_STANDARD_Jet
2026-02-12 18:37:10,953 PerfMonMTSvc                                         INFO Execute    299             1484.69                   0                                        157071                                                  InDetCommonKernelDFCommonTrackSelection                                    
2026-02-12 18:37:10,953 PerfMonMTSvc                                         INFO Execute    299             1388.91                   0                                        308269                                                  AntiKt10LCTopoJets                                                         
2026-02-12 18:37:10,953 PerfMonMTSvc                                         INFO Execute    299             1345.45                   0                                        48101                                                   antikt4empflow_sv1_secvtxfinding                                           
2026-02-12 18:37:10,953 PerfMonMTSvc                                         INFO Execute    299             1334.21                   0                                        76744                                                   METAssociation_AntiKt4EMTopo                                               
2026-02-12 18:37:10,953 PerfMonMTSvc                                         INFO Execute    299             1304.78                   0                                        56282                                                   jetrecalg_AntiKt10TruthDressedWZSoftDropBeta100Zcut10Jets                  
2026-02-12 18:37:10,953 PerfMonMTSvc                                         INFO Execute    299             1292.19                   0                                        316432                                                  pflowselalg                                                                
2026-02-12 18:37:10,953 PerfMonMTSvc                                         INFO Execute    299             1270.44                   0                                        55673                                                   jetrecalg_AntiKt10TruthSoftDropBeta100Zcut10Jets                           
2026-02-12 18:37:10,953 PerfMonMTSvc                                         INFO Execute    299             1264.45                   0                                        29568                                                   HFClassificationCommonKernel                                               
2026-02-12 18:37:10,953 PerfMonMTSvc                                         INFO Execute    299             1206.58                   0                                        189299                                                  jetrecalg_AntiKt10LCTopoJets                                               
2026-02-12 18:37:10,953 PerfMonMTSvc                                         INFO Execute    299             1183.10                   0                                        204                                                     IncidentProcAlg1                                                           
2026-02-12 18:37:10,953 PerfMonMTSvc                                         INFO =======================================================================================
2026-02-12 18:37:10,954 PerfMonMTSvc                                         INFO Finalize   1               304.44                    0                                        -667818                                                 ConditionStore                                                             
2026-02-12 18:37:10,954 PerfMonMTSvc                                         INFO Finalize   1               187.35                    -64                                      -246792                                                 DetectorStore                                                              
2026-02-12 18:37:10,954 PerfMonMTSvc                                         INFO Finalize   1               127.14                    -65544                                   -307655                                                 ToolSvc                                                                    
2026-02-12 18:37:10,954 PerfMonMTSvc                                         INFO Finalize   1               60.84                     0                                        -64959                                                  RDBAccessSvc                                                               
2026-02-12 18:37:10,954 PerfMonMTSvc                                         INFO Finalize   1               13.34                     0                                        -16979                                                  StoreGateSvc                                                               
2026-02-12 18:37:10,954 PerfMonMTSvc                                         INFO Finalize   1               9.40                      0                                        -15605                                                  ToolSvc.DiTauIDDecoratorWrapper.DiTauRec_OnnxScoreCalculator               
2026-02-12 18:37:10,954 PerfMonMTSvc                                         INFO Finalize   1               7.11                      0                                        -51128                                                  Gaudi::MultiFileCatalog                                                    
2026-02-12 18:37:10,954 PerfMonMTSvc                                         INFO Finalize   1               4.02                      0                                        -13565                                                  MetaDataStore                                                              
2026-02-12 18:37:10,954 PerfMonMTSvc                                         INFO Finalize   1               2.64                      0                                        -3104                                                   DetDescrCnvSvc                                                             
2026-02-12 18:37:10,954 PerfMonMTSvc                                         INFO Finalize   1               0.71                      0                                        -20                                                     ChronoStatSvc                                                              
2026-02-12 18:37:10,954 PerfMonMTSvc                                         INFO Finalize   1               0.61                      0                                        6                                                       AntiKt4TruthJets                                                           
2026-02-12 18:37:10,954 PerfMonMTSvc                                         INFO Finalize   1               0.57                      0                                        -768                                                    IOVDbSvc                                                                   
2026-02-12 18:37:10,954 PerfMonMTSvc                                         INFO Finalize   1               0.48                      0                                        0                                                       Athena::DelayedConditionsCleanerSvc                                        
2026-02-12 18:37:10,954 PerfMonMTSvc                                         INFO Finalize   1               0.36                      0                                        -5576                                                   InputMetaDataStore                                                         
2026-02-12 18:37:10,954 PerfMonMTSvc                                         INFO Finalize   1               0.34                      0                                        3                                                       AntiKt10UFOCSSKSoftDropBeta100Zcut10Jets                                   
2026-02-12 18:37:10,955 PerfMonMTSvc                                         INFO Finalize   1               0.27                      0                                        2                                                       AntiKt4EMTopoJets                                                          
2026-02-12 18:37:10,955 PerfMonMTSvc                                         INFO Finalize   1               0.26                      0                                        -0                                                      EGammaCommonKernel                                                         
2026-02-12 18:37:10,955 PerfMonMTSvc                                         INFO Finalize   1               0.22                      0                                        2                                                       EventCleanSeq                                                              
2026-02-12 18:37:10,955 PerfMonMTSvc                                         INFO Finalize   1               0.18                      0                                        1                                                       AntiKt4EMPFlowJets                                                         
2026-02-12 18:37:10,955 PerfMonMTSvc                                         INFO Finalize   1               0.13                      0                                        -1                                                      AthenaPoolSharedIOCnvSvc                                                   
2026-02-12 18:37:10,955 PerfMonMTSvc                                         INFO Finalize   1               0.12                      0                                        1                                                       AntiKtVR30Rmax4Rmin02PV0TrackJets                                          
2026-02-12 18:37:10,955 PerfMonMTSvc                                         INFO Finalize   1               0.11                      0                                        0                                                       FourLeptonVertexAlg                                                        
2026-02-12 18:37:10,955 PerfMonMTSvc                                         INFO Finalize   1               0.10                      0                                        1                                                       AntiKt10LCTopoJets                                                         
2026-02-12 18:37:10,955 PerfMonMTSvc                                         INFO Finalize   1               0.10                      0                                        -4                                                      ToolSvc.PHYSDiTauLowPtTPThinningTool                                       
2026-02-12 18:37:10,955 PerfMonMTSvc                                         INFO Finalize   1               0.10                      0                                        1                                                       AntiKtVR30Rmax4Rmin02TruthChargedJets                                      
2026-02-12 18:37:10,955 PerfMonMTSvc                                         INFO Finalize   1               0.10                      0                                        1                                                       AntiKt4TruthWZJets                                                         
2026-02-12 18:37:10,955 PerfMonMTSvc                                         INFO Finalize   1               0.10                      0                                        1                                                       AntiKt4TruthDressedWZJets                                                  
2026-02-12 18:37:10,955 PerfMonMTSvc                                         INFO Finalize   1               0.09                      0                                        -11                                                     EventSelector                                                              
2026-02-12 18:37:10,955 PerfMonMTSvc                                         INFO Finalize   1               0.09                      0                                        1                                                       AntiKt10TruthSoftDropBeta100Zcut10Jets                                     
2026-02-12 18:37:10,955 PerfMonMTSvc                                         INFO Finalize   1               0.09                      0                                        -0                                                      TruthCategoriesDecorator.xAODToHepMCTool                                   
2026-02-12 18:37:10,955 PerfMonMTSvc                                         INFO Finalize   1               0.08                      0                                        -0                                                      PHYSKernel                                                                 
2026-02-12 18:37:10,955 PerfMonMTSvc                                         INFO Finalize   1               0.07                      0                                        -0                                                      antikt10ufocssksoftdropbeta100zcut10_sv1flip_secvtxfinding.IDVKalVxInJetFlip
2026-02-12 18:37:10,955 PerfMonMTSvc                                         INFO Finalize   1               0.07                      0                                        -0                                                      InDetUsedInFitDecorator_0Alg                                               
2026-02-12 18:37:10,955 PerfMonMTSvc                                         INFO Finalize   1               0.07                      0                                        -0                                                      ToolSvc.TrigDecisionTool                                                   
2026-02-12 18:37:10,956 PerfMonMTSvc                                         INFO Finalize   1               0.07                      0                                        -0                                                      TruthCategoriesDecorator.HiggsTruthCategoryTool                            
2026-02-12 18:37:10,956 PerfMonMTSvc                                         INFO Finalize   1               0.07                      0                                        0                                                       AllExecutedEventsCounterAlg                                                
2026-02-12 18:37:10,956 PerfMonMTSvc                                         INFO Finalize   1               0.06                      0                                        -0                                                      CondInputLoader                                                            
2026-02-12 18:37:10,956 PerfMonMTSvc                                         INFO Finalize   1               0.05                      0                                        -0                                                      MCTruthClassificationKernel                                                
2026-02-12 18:37:10,956 PerfMonMTSvc                                         INFO Finalize   1               0.05                      0                                        -24                                                     ToolSvc.CaloSurfaceBuilder                                                 
2026-02-12 18:37:10,956 PerfMonMTSvc                                         INFO Finalize   1               0.05                      0                                        -0                                                      ToolSvc.PHYSTrackParticleThinningTool                                      
2026-02-12 18:37:10,956 PerfMonMTSvc                                         INFO Finalize   1               0.05                      0                                        -0                                                      DFCommonMuonsKernel                                                        
2026-02-12 18:37:10,956 PerfMonMTSvc                                         INFO Finalize   1               0.05                      0                                        -0                                                      TauRNNLooseAugmentationKernel                                              
2026-02-12 18:37:10,956 PerfMonMTSvc                                         INFO Finalize   1               0.05                      0                                        -0                                                      TauJets_TauIDDecorKernel                                                   
2026-02-12 18:37:10,956 PerfMonMTSvc                                         INFO Finalize   1               0.05                      0                                        -0                                                      DiTauJets_DiTauIDDecorKernel                                               
2026-02-12 18:37:10,956 PerfMonMTSvc                                         INFO Finalize   1               0.05                      0                                        -0                                                      HFClassificationCommonKernel                                               
2026-02-12 18:37:10,956 PerfMonMTSvc                                         INFO Finalize   1               0.05                      0                                        -0                                                      BadBatmanAugmentation                                                      
2026-02-12 18:37:10,956 PerfMonMTSvc                                         INFO Finalize   1               0.05                      0                                        -0                                                      TauTruthCommonKernel2                                                      
2026-02-12 18:37:10,956 PerfMonMTSvc                                         INFO Finalize   1               0.05                      0                                        -0                                                      DiTauIDDecorKernel                                                         
2026-02-12 18:37:10,956 PerfMonMTSvc                                         INFO Finalize   1               0.05                      0                                        -0                                                      MCTruthCommonPreJetKernelNo12                                              
2026-02-12 18:37:10,956 PerfMonMTSvc                                         INFO Finalize   1               0.04                      0                                        -0                                                      MCTruthCommonPreJetKernelNo5                                               
2026-02-12 18:37:10,956 PerfMonMTSvc                                         INFO =======================================================================================
2026-02-12 18:37:10,956 PerfMonMTSvc                                         INFO preLoadProxy 1               25.14                     0                                        40                                                      loadCachesOverhead:COOLOFL_INDET/OFLP200                                   
2026-02-12 18:37:10,956 PerfMonMTSvc                                         INFO preLoadProxy 1               19.54                     1024                                     3                                                       loadCachesOverhead:COOLOFL_LAR/OFLP200                                     
2026-02-12 18:37:10,957 PerfMonMTSvc                                         INFO preLoadProxy 1               16.31                     0                                        13                                                      loadCachesOverhead:COOLOFL_TRT/OFLP200                                     
2026-02-12 18:37:10,957 PerfMonMTSvc                                         INFO preLoadProxy 1               15.34                     1024                                     1156                                                    FldrCache:/LAR/Align                                                       
2026-02-12 18:37:10,957 PerfMonMTSvc                                         INFO preLoadProxy 1               14.01                     0                                        3                                                       loadCachesOverhead:COOLOFL_GLOBAL/OFLP200                                  
2026-02-12 18:37:10,957 PerfMonMTSvc                                         INFO preLoadProxy 1               13.66                     0                                        2                                                       loadCachesOverhead:COOLOFL_DCS/OFLP200                                     
2026-02-12 18:37:10,957 PerfMonMTSvc                                         INFO preLoadProxy 1               13.58                     0                                        542                                                     FldrCache:/Indet/Align                                                     
2026-02-12 18:37:10,957 PerfMonMTSvc                                         INFO preLoadProxy 1               13.21                     0                                        898                                                     FldrCache:/EXT/DCS/MAGNETS/SENSORDATA                                      
2026-02-12 18:37:10,957 PerfMonMTSvc                                         INFO preLoadProxy 1               11.99                     3072                                     673                                                     loadCachesOverhead:COOLOFL_MDT/OFLP200                                     
2026-02-12 18:37:10,957 PerfMonMTSvc                                         INFO preLoadProxy 1               11.65                     3072                                     1431                                                    FldrCache:/MDT/MM/PASSIVATION                                              
2026-02-12 18:37:10,957 PerfMonMTSvc                                         INFO preLoadProxy 1               11.38                     0                                        753                                                     FldrCache:/TRT/Align                                                       
2026-02-12 18:37:10,957 PerfMonMTSvc                                         INFO preLoadProxy 1               9.93                      0                                        821                                                     FldrCache:/GLOBAL/BField/Maps                                              
2026-02-12 18:37:10,957 PerfMonMTSvc                                         INFO preLoadProxy 1               7.07                      0                                        21                                                      FldrCache:/Indet/Beampos                                                   
2026-02-12 18:37:10,957 PerfMonMTSvc                                         INFO preLoadProxy 1               4.34                      0                                        9                                                       FldrCache:/TRT/Calib/DX                                                    
2026-02-12 18:37:10,957 PerfMonMTSvc                                         INFO preLoadProxy 1               4.13                      0                                        18                                                      FldrCache:/Indet/IBLDist                                                   
2026-02-12 18:37:10,957 PerfMonMTSvc                                         INFO preLoadProxy 1               3.70                      0                                        3                                                       FldrCache:/GLOBAL/TrackingGeo/LayerMaterialV2                              
2026-02-12 18:37:10,957 PerfMonMTSvc                                         INFO preLoadProxy 1               3.61                      0                                        8                                                       FldrCache:/LAR/LArCellPositionShift                                        
2026-02-12 18:37:10,957 PerfMonMTSvc                                         INFO preLoadProxy 1               0.74                      0                                        14                                                      UpdateAddr::/TagInfo                                                       
2026-02-12 18:37:10,957 PerfMonMTSvc                                         INFO preLoadProxy 1               0.40                      0                                        13                                                      FldrSetup:/TagInfo                                                         
2026-02-12 18:37:10,957 PerfMonMTSvc                                         INFO preLoadProxy 1               0.13                      0                                        12                                                      FldrSetup:/Indet/Align                                                     
2026-02-12 18:37:10,957 PerfMonMTSvc                                         INFO preLoadProxy 1               0.10                      0                                        0                                                       FldrSetup:/GLOBAL/TrackingGeo/LayerMaterialV2                              
2026-02-12 18:37:10,958 PerfMonMTSvc                                         INFO preLoadProxy 1               0.10                      0                                        22                                                      FldrSetup:/Digitization/Parameters                                         
2026-02-12 18:37:10,958 PerfMonMTSvc                                         INFO preLoadProxy 1               0.07                      0                                        9                                                       FldrSetup:/TRT/Align                                                       
2026-02-12 18:37:10,958 PerfMonMTSvc                                         INFO preLoadProxy 1               0.07                      0                                        10                                                      FldrSetup:/Indet/IBLDist                                                   
2026-02-12 18:37:10,958 PerfMonMTSvc                                         INFO preLoadProxy 1               0.07                      0                                        0                                                       FldrSetup:LArCellPositionShift                                             
2026-02-12 18:37:10,958 PerfMonMTSvc                                         INFO preLoadProxy 1               0.06                      0                                        2                                                       FldrSetup:/EXT/DCS/MAGNETS/SENSORDATA                                      
2026-02-12 18:37:10,958 PerfMonMTSvc                                         INFO preLoadProxy 1               0.05                      0                                        3                                                       FldrSetup:/GLOBAL/BField/Maps                                              
2026-02-12 18:37:10,958 PerfMonMTSvc                                         INFO preLoadProxy 1               0.04                      0                                        0                                                       FldrSetup:/TRT/Calib/DX                                                    
2026-02-12 18:37:10,958 PerfMonMTSvc                                         INFO preLoadProxy 1               0.04                      0                                        -0                                                      AthenaAttributeList[/Digitization/Parameters]                              
2026-02-12 18:37:10,958 PerfMonMTSvc                                         INFO preLoadProxy 1               0.03                      0                                        1                                                       FldrSetup:/MDT/MM/PASSIVATION                                              
2026-02-12 18:37:10,958 PerfMonMTSvc                                         INFO preLoadProxy 1               0.02                      0                                        2                                                       FldrSetup:/Indet/Beampos                                                   
2026-02-12 18:37:10,958 PerfMonMTSvc                                         INFO preLoadProxy 1               0.02                      0                                        -0                                                      UpdateAddr::AthenaMPEventQueue_1488672_718c774b-951a-43fe-a022-00a6cff534bf
2026-02-12 18:37:10,958 PerfMonMTSvc                                         INFO preLoadProxy 1               0.02                      0                                        -0                                                      UpdateAddr::PRESAMPLER_B_POS                                               
2026-02-12 18:37:10,958 PerfMonMTSvc                                         INFO preLoadProxy 1               0.01                      0                                        0                                                       FldrSetup:/LAR/Align                                                       
2026-02-12 18:37:10,958 PerfMonMTSvc                                         INFO preLoadProxy 1               0.01                      0                                        -0                                                      TRTCond::StrawDxContainer[/TRT/Calib/DX]                                   
2026-02-12 18:37:10,958 PerfMonMTSvc                                         INFO preLoadProxy 1               0.01                      0                                        -0                                                      AthenaAttributeList[/Indet/Beampos]                                        
2026-02-12 18:37:10,958 PerfMonMTSvc                                         INFO preLoadProxy 1               0.01                      0                                        -0                                                      CondAttrListCollection[/EXT/DCS/MAGNETS/SENSORDATA]                        
2026-02-12 18:37:10,958 PerfMonMTSvc                                         INFO preLoadProxy 1               0.01                      0                                        -0                                                      AlignableTransformContainer[/TRT/Align]                                    
2026-02-12 18:37:10,958 PerfMonMTSvc                                         INFO preLoadProxy 1               0.01                      0                                        -0                                                      CondAttrListCollection[/GLOBAL/BField/Maps]                                
2026-02-12 18:37:10,958 PerfMonMTSvc                                         INFO preLoadProxy 1               0.01                      0                                        -0                                                      AlignableTransformContainer[/Indet/Align]                                  
2026-02-12 18:37:10,958 PerfMonMTSvc                                         INFO preLoadProxy 1               0.01                      0                                        -0                                                      UpdateAddr::HEC_NEG                                                        
2026-02-12 18:37:10,959 PerfMonMTSvc                                         INFO preLoadProxy 1               0.01                      0                                        -0                                                      CondAttrListCollection[/MDT/MM/PASSIVATION]                                
2026-02-12 18:37:10,959 PerfMonMTSvc                                         INFO preLoadProxy 1               0.01                      0                                        -0                                                      UpdateAddr::PRESAMPLER_B_NEG                                               
2026-02-12 18:37:10,959 PerfMonMTSvc                                         INFO preLoadProxy 1               0.01                      0                                        -0                                                      CaloRec::CaloCellPositionShift[LArCellPositionShift]                       
2026-02-12 18:37:10,959 PerfMonMTSvc                                         INFO preLoadProxy 1               0.01                      0                                        -0                                                      UpdateAddr::PRESAMPLER_EC_POS                                              
2026-02-12 18:37:10,959 PerfMonMTSvc                                         INFO preLoadProxy 1               0.01                      0                                        -0                                                      UpdateAddr::HEC_POS                                                        
2026-02-12 18:37:10,959 PerfMonMTSvc                                         INFO preLoadProxy 1               0.01                      0                                        -0                                                      DetCondKeyTrans[/LAR/Align]                                                
2026-02-12 18:37:10,959 PerfMonMTSvc                                         INFO preLoadProxy 1               0.01                      0                                        -0                                                      CondAttrListCollection[/Indet/IBLDist]                                     
2026-02-12 18:37:10,959 PerfMonMTSvc                                         INFO preLoadProxy 1               0.01                      0                                        -0                                                      CondAttrListCollection[/TagInfo]                                           
2026-02-12 18:37:10,959 PerfMonMTSvc                                         INFO preLoadProxy 1               0.01                      0                                        -0                                                      UpdateAddr::PRESAMPLER_EC_NEG                                              
2026-02-12 18:37:10,959 PerfMonMTSvc                                         INFO =======================================================================================
2026-02-12 18:37:10,959 PerfMonMTSvc                                         INFO                                 Event Level Monitoring                                 
2026-02-12 18:37:10,959 PerfMonMTSvc                                         INFO         (Only the first 10 and the last measurements are explicitly printed)
2026-02-12 18:37:10,959 PerfMonMTSvc                                         INFO =======================================================================================
2026-02-12 18:37:10,959 PerfMonMTSvc                                         INFO Event            CPU [s]      Wall [s]     Vmem [kB]    Rss [kB]     Pss [kB]     Swap [kB]   
2026-02-12 18:37:10,959 PerfMonMTSvc                                         INFO ---------------------------------------------------------------------------------------
2026-02-12 18:37:10,959 PerfMonMTSvc                                         INFO 1                        1.46        61.67      4458708      2764408       730272            0
2026-02-12 18:37:10,959 PerfMonMTSvc                                         INFO 19                      31.15        92.54      4925944      3548060      1419702            0
2026-02-12 18:37:10,959 PerfMonMTSvc                                         INFO 45                      62.00       123.72      4933464      3559532      1431649            0
2026-02-12 18:37:10,959 PerfMonMTSvc                                         INFO 69                      92.55       154.69      4948072      3567888      1440101            0
2026-02-12 18:37:10,960 PerfMonMTSvc                                         INFO 93                     123.05       185.57      4948072      3568260      1440566            0
2026-02-12 18:37:10,960 PerfMonMTSvc                                         INFO 114                    152.55       215.68      4955960      3573792      1446070            0
2026-02-12 18:37:10,960 PerfMonMTSvc                                         INFO 134                    182.49       245.99      4955960      3575736      1448188            0
2026-02-12 18:37:10,960 PerfMonMTSvc                                         INFO 155                    212.60       276.45      4955960      3576076      1448531            0
2026-02-12 18:37:10,960 PerfMonMTSvc                                         INFO 175                    242.86       306.99      4955960      3574864      1447323            0
2026-02-12 18:37:10,960 PerfMonMTSvc                                         INFO 196                    272.89       337.56      4955960      3577252      1449777            0
2026-02-12 18:37:10,960 PerfMonMTSvc                                         INFO ...====================================================================================
2026-02-12 18:37:10,960 PerfMonMTSvc                                         INFO 300                    426.02       492.77      4966696      3592324      1910347            0
2026-02-12 18:37:10,960 PerfMonMTSvc                                         INFO =======================================================================================
2026-02-12 18:37:10,960 PerfMonMTSvc                                         INFO                                 Snapshots Summary                                      
2026-02-12 18:37:10,960 PerfMonMTSvc                                         INFO =======================================================================================
2026-02-12 18:37:10,960 PerfMonMTSvc                                         INFO Step          dCPU [s]     dWall [s]    <CPU>   dVmem [kB]  dRss [kB]   dPss [kB]   dSwap [kB] 
2026-02-12 18:37:10,960 PerfMonMTSvc                                         INFO ---------------------------------------------------------------------------------------
2026-02-12 18:37:10,960 PerfMonMTSvc                                         INFO Configure     13.78        16.37        0.84    1469164     1154304     859563      0          
2026-02-12 18:37:10,960 PerfMonMTSvc                                         INFO Initialize    12.28        25.37        0.48    1884676     1342692     1327765     0          
2026-02-12 18:37:10,960 PerfMonMTSvc                                         INFO FirstEvent    9.67         28.86        0.34    4905380     3528000     1400985     0          
2026-02-12 18:37:10,960 PerfMonMTSvc                                         INFO Execute       417.88       423.59       0.99    61316       63988       509026      0          
2026-02-12 18:37:10,960 PerfMonMTSvc                                         INFO Finalize      0.79         0.82         0.96    -65608      24856       627833      0          
2026-02-12 18:37:10,960 PerfMonMTSvc                                         INFO ***************************************************************************************
2026-02-12 18:37:10,960 PerfMonMTSvc                                         INFO Number of events processed:         300
2026-02-12 18:37:10,961 PerfMonMTSvc                                         INFO CPU usage per event [ms]:           1425
2026-02-12 18:37:10,961 PerfMonMTSvc                                         INFO Events per second:                  0.663
2026-02-12 18:37:10,961 PerfMonMTSvc                                         INFO CPU utilization efficiency [%]:     91
2026-02-12 18:37:10,961 PerfMonMTSvc                                         INFO ***************************************************************************************
2026-02-12 18:37:10,961 PerfMonMTSvc                                         INFO Max Vmem:                           4.74 GB
2026-02-12 18:37:10,961 PerfMonMTSvc                                         INFO Max Rss:                            3.43 GB
2026-02-12 18:37:10,961 PerfMonMTSvc                                         INFO Max Pss:                            1.82 GB
2026-02-12 18:37:10,961 PerfMonMTSvc                                         INFO Max Swap:                           0.00 KB
2026-02-12 18:37:10,961 PerfMonMTSvc                                         INFO ***************************************************************************************
2026-02-12 18:37:10,961 PerfMonMTSvc                                         INFO Leak estimate per event Vmem:       105.00 KB
2026-02-12 18:37:10,961 PerfMonMTSvc                                         INFO Leak estimate per event Pss:        1.88 MB
2026-02-12 18:37:10,961 PerfMonMTSvc                                         INFO   >> Estimated using the last 13 measurements from the Event Level Monitoring
2026-02-12 18:37:10,961 PerfMonMTSvc                                         INFO   >> Events prior to the first 25 are omitted...
2026-02-12 18:37:10,961 PerfMonMTSvc                                         INFO =======================================================================================
2026-02-12 18:37:10,961 PerfMonMTSvc                                         INFO                                   System Information                                   
2026-02-12 18:37:10,961 PerfMonMTSvc                                         INFO =======================================================================================
2026-02-12 18:37:10,962 PerfMonMTSvc                                         INFO CPU Model:                          Intel(R) Xeon(R) Gold 6326 CPU @ 2.90GHz 24576 KB
2026-02-12 18:37:10,963 PerfMonMTSvc                                         INFO Number of Available Cores:          32
2026-02-12 18:37:10,963 PerfMonMTSvc                                         INFO Total Memory:                       251.00 GB
2026-02-12 18:37:10,963 PerfMonMTSvc                                         INFO =======================================================================================
2026-02-12 18:37:10,963 PerfMonMTSvc                                         INFO                                Environment Information                                 
2026-02-12 18:37:10,963 PerfMonMTSvc                                         INFO =======================================================================================
2026-02-12 18:37:10,963 PerfMonMTSvc                                         INFO Malloc Library:                     libtcmalloc_minimal.so
2026-02-12 18:37:10,963 PerfMonMTSvc                                         INFO Math Library:                       libimf.so
2026-02-12 18:37:10,963 PerfMonMTSvc                                         INFO =======================================================================================
2026-02-12 18:37:11,153 ApplicationMgr                                       INFO Application Manager Finalized successfully
