2026-02-12 19:19:32,514 AthMpEvtLoopMgr.SharedEvtQueueConsumer               INFO Logs redirected in the AthenaMP event worker PID=1499678
2026-02-12 19:19:32,514 AthMpEvtLoopMgr.SharedEvtQueueConsumer               INFO Io registry updated in the AthenaMP event worker PID=1499678
2026-02-12 19:19:32,563 AthMpEvtLoopMgr.SharedEvtQueueConsumer               INFO File descriptors re-opened in the AthenaMP event worker PID=1499678
2026-02-12 19:19:32,563 PoolSvc                                              INFO I/O reinitialization...
2026-02-12 19:19:32,564 PoolSvc                                              INFO Setting up APR FileCatalog and Streams
2026-02-12 19:19:32,574 PoolSvc                                              INFO Resolved path (via ATLAS_POOLCOND_PATH) is /cvmfs/atlas-condb.cern.ch/repo/conditions/poolcond/PoolFileCatalog.xml
2026-02-12 19:19:32,597 PoolSvc                                              INFO Unable find catalog apcfile:poolcond/PoolCat_oflcond.xml in $ATLAS_POOLCOND_PATH and $DATAPATH
2026-02-12 19:19:32,597 PoolSvc                                              INFO POOL WriteCatalog is xmlcatalog_file:PoolFileCatalog.xml
2026-02-12 19:19:32,829 DbSession                                            INFO     Open     DbSession
2026-02-12 19:19:32,830 Domain[ROOT_All]                                     INFO >   Access   DbDomain     READ      [ROOT_All]
2026-02-12 19:19:32,830 DbSession                                            INFO     Open     DbSession
2026-02-12 19:19:32,830 Domain[ROOT_All]                                     INFO >   Access   DbDomain     READ      [ROOT_All]
2026-02-12 19:19:32,830 MetaDataSvc                                          INFO I/O reinitialization...
2026-02-12 19:19:32,830 MetaDataSvc                                          INFO Attached MetaDataTool: ToolSvc.IOVDbMetaDataTool
2026-02-12 19:19:32,830 MetaDataSvc                                          INFO Attached MetaDataTool: ToolSvc.BookkeeperTool
2026-02-12 19:19:32,830 MetaDataSvc                                          INFO Attached MetaDataTool: ToolSvc.StreamDAOD_PHYS_CopyEventStreamInfo
2026-02-12 19:19:32,830 MetaDataSvc                                          INFO Attached MetaDataTool: ToolSvc.TriggerMenuMetaDataTool
2026-02-12 19:19:32,830 MetaDataSvc                                          INFO Attached MetaDataTool: ToolSvc.TruthMetaDataTool
2026-02-12 19:19:32,830 MetaDataSvc                                          INFO Attached MetaDataTool: ToolSvc.xAODMaker::FileMetaDataTool
2026-02-12 19:19:32,830 MetaDataSvc                                          INFO Attached MetaDataTool: ToolSvc.xAODMaker::EventFormatMetaDataTool
2026-02-12 19:19:32,830 EventSelector                                        INFO I/O reinitialization...
2026-02-12 19:19:32,830 /eos/home-b/bkamgama/draft/Run_sleep_10000/...root   INFO ->  Access   DbDatabase   READ      [ROOT_All] AA21FB28-2672-434E-9813-0D7BE842151D
2026-02-12 19:19:32,858 RootDatabase                                         INFO /eos/home-b/bkamgama/draft/Run_sleep_10000/Compression_QT/DAOD_Compression_Analysis/workspaces/zstd_level1/data/zstd_rntuple_level1.AOD.pool.root File version:1063901
2026-02-12 19:19:32,875 StreamDAOD_PHYS                                      INFO I/O reinitialization...
2026-02-12 19:19:32,875 /eos/home-b/bkamgama/draft/Run_sleep_10000/...root   INFO Database being retired...
2026-02-12 19:19:32,876 /eos/home-b/bkamgama/draft/Run_sleep_10000/...root   INFO ->  Deaccess DbDatabase   READ      [ROOT_All] AA21FB28-2672-434E-9813-0D7BE842151D
2026-02-12 19:19:32,876 Domain[ROOT_All]                                     INFO >   Deaccess DbDomain     READ      [ROOT_All]
2026-02-12 19:19:32,876 DbSession                                            INFO     Open     DbSession
2026-02-12 19:19:32,876 Domain[ROOT_All]                                     INFO >   Access   DbDomain     READ      [ROOT_All]
2026-02-12 19:19:32,876 /eos/home-b/bkamgama/draft/Run_sleep_10000/...root   INFO ->  Access   DbDatabase   READ      [ROOT_All] AA21FB28-2672-434E-9813-0D7BE842151D
2026-02-12 19:19:32,880 RootDatabase                                         INFO /eos/home-b/bkamgama/draft/Run_sleep_10000/Compression_QT/DAOD_Compression_Analysis/workspaces/zstd_level1/data/zstd_rntuple_level1.AOD.pool.root File version:1063901
2026-02-12 19:19:32,894 AthMpEvtLoopMgr.SharedEvtQueueConsumer               INFO Exec function in the AthenaMP worker PID=1499678
2026-02-12 19:19:34,397 AthMpEvtLoopMgr.SharedEvtQueueConsumer               INFO Received from the queue: event num=2 chunk size=1
2026-02-12 19:19:34,398 AthMpEvtLoopMgr.SharedEvtQueueConsumer               INFO Seek to 2 succeeded
2026-02-12 19:19:34,411 ToolSvc.BookkeeperTool                               INFO Preparing local cache for source 'AA21FB28-2672-434E-9813-0D7BE842151D' with 194 variations
2026-02-12 19:19:34,413 ToolSvc.BookkeeperTool                               INFO No incomplete bookkeepers with name 'IncompleteCutBookkeepers' in this file
2026-02-12 19:19:34,413 ToolSvc.BookkeeperTool                               INFO No complete bookkeepers with name 'CutBookkeepers' in this file
2026-02-12 19:19:36,905 AthenaEventLoopMgr                                   INFO   ===>>>  start processing event #334732016, run #450000 0 events processed so far  <<<===
2026-02-12 19:19:37,029 xAODConfigSvc                                        INFO TrigConfxAOD/src/xAODConfigSvc.cxx:940 (StatusCode TrigConf::xAODConfigSvc::prepareEventxAODTriggerMenuJson(const xAOD::TrigConfKeys*, const xAOD::BunchConfKey*, const EventContext&)): Loaded xAOD::TriggerMenuJson configuration:  SMK = 2130037424, L1PSK = 3785439411, HLTPSK = 266086103, BGSK = 707058941
2026-02-12 19:19:37,135 PerfMonMTSvc                                         INFO Event [    1] CPU Time: 00h00m01s, Wall Time: 00h02m03s, Vmem: 5.30 GB, Rss: 3.70 GB, Pss: 1.68 GB, Swap: 0.00 KB
2026-02-12 19:19:37,135 ToolSvc.TrigDecisionTool                             INFO Updating config in slot 0 with SMK: 2130037424 and L1PSK: 3785439411 and HLTPSK: 266086103 and BGSK: 707058941 getForceConfigUpdate()=1 HLT Chains: 2535
2026-02-12 19:19:37,461 ToolSvc.PhysCommonTruthCharmTool                  WARNING Found xAODTruthMetaDataContainer empty! Configuring to be NOT Sherpa.
2026-02-12 19:19:37,462 ToolSvc.PhysCommonTruthCharmTool                     INFO From metadata configured: Sherpa? 0
2026-02-12 19:19:43,654 ToolSvc.DFCommonBornLeptonCollTool                   INFO From metadata configured: Sherpa? 0
2026-02-12 19:19:45,838 ToolSvc.xAODTrackParticleCompressorTool              INFO Initialising
2026-02-12 19:19:45,838 ToolSvc.xAODTrackParticleCompressorTool              INFO   OffDiagCovMatrixBits = 23
2026-02-12 19:19:45,838 ToolSvc.xAODTrackParticleCompressorTool              INFO   DiagCovMatrixBits    = 23
2026-02-12 19:19:45,839 ToolSvc.xAODTrackParticleCompressorTool              INFO   UseOffDiagCompr = 0
2026-02-12 19:19:45,925 ToolSvc.DFCommonMuonsSelector                     WARNING MuonSelectionTool currently supports Loose, Medium, Tight, HighPt, and LowPtEfficiency WPs for Run3; all other WPs can only be used in ExpertDevelopMode mode
2026-02-12 19:19:45,991 xAODClusterCompressor                                INFO Compression of ClusterMoments to 16 bits enabled
2026-02-12 19:19:45,991 AthenaPoolConverter                                  INFO Retrieved compression tool
WARNING from FastJet: Recluster: the original cluster sequence is lacking explicit ghosts; area support will no longer be available after re-clustering
WARNING from FastJet: Recluster: the original cluster sequence is lacking explicit ghosts; area support will no longer be available after re-clustering
WARNING from FastJet: Recluster: the original cluster sequence is lacking explicit ghosts; area support will no longer be available after re-clustering
2026-02-12 19:19:48,175 ClassIDSvc                                           INFO getRegistryEntries: read 2784 CLIDRegistry entries for module ALL
xAOD::AuxSelection WARNING Selected dynamic Aux atribute "DFCommonJets_eventClean_LooseBadLLP" not found in the registry
xAOD::AuxSelection WARNING Selected dynamic Aux atribute "HTXS_Higgs_decay_eta" not found in the registry
xAOD::AuxSelection WARNING Selected dynamic Aux atribute "HTXS_Higgs_decay_m" not found in the registry
xAOD::AuxSelection WARNING Selected dynamic Aux atribute "HTXS_Higgs_decay_phi" not found in the registry
xAOD::AuxSelection WARNING Selected dynamic Aux atribute "HTXS_Higgs_decay_pt" not found in the registry
xAOD::AuxSelection WARNING Selected dynamic Aux atribute "HTXS_Higgs_eta" not found in the registry
xAOD::AuxSelection WARNING Selected dynamic Aux atribute "HTXS_Higgs_m" not found in the registry
xAOD::AuxSelection WARNING Selected dynamic Aux atribute "HTXS_Higgs_phi" not found in the registry
xAOD::AuxSelection WARNING Selected dynamic Aux atribute "HTXS_Higgs_pt" not found in the registry
xAOD::AuxSelection WARNING Selected dynamic Aux atribute "HTXS_Njets_pTjet25" not found in the registry
xAOD::AuxSelection WARNING Selected dynamic Aux atribute "HTXS_Njets_pTjet30" not found in the registry
xAOD::AuxSelection WARNING Selected dynamic Aux atribute "HTXS_Stage0_Category" not found in the registry
xAOD::AuxSelection WARNING Selected dynamic Aux atribute "HTXS_Stage1_2_Category_pTjet25" not found in the registry
xAOD::AuxSelection WARNING Selected dynamic Aux atribute "HTXS_Stage1_2_Category_pTjet30" not found in the registry
xAOD::AuxSelection WARNING Selected dynamic Aux atribute "HTXS_Stage1_2_FineIndex_pTjet25" not found in the registry
xAOD::AuxSelection WARNING Selected dynamic Aux atribute "HTXS_Stage1_2_FineIndex_pTjet30" not found in the registry
xAOD::AuxSelection WARNING Selected dynamic Aux atribute "HTXS_Stage1_2_Fine_Category_pTjet25" not found in the registry
xAOD::AuxSelection WARNING Selected dynamic Aux atribute "HTXS_Stage1_2_Fine_Category_pTjet30" not found in the registry
xAOD::AuxSelection WARNING Selected dynamic Aux atribute "HTXS_Stage1_2_Fine_FineIndex_pTjet25" not found in the registry
xAOD::AuxSelection WARNING Selected dynamic Aux atribute "HTXS_Stage1_2_Fine_FineIndex_pTjet30" not found in the registry
xAOD::AuxSelection WARNING Selected dynamic Aux atribute "HTXS_Stage1_Category_pTjet25" not found in the registry
xAOD::AuxSelection WARNING Selected dynamic Aux atribute "HTXS_Stage1_Category_pTjet30" not found in the registry
xAOD::AuxSelection WARNING Selected dynamic Aux atribute "HTXS_Stage1_FineIndex_pTjet25" not found in the registry
xAOD::AuxSelection WARNING Selected dynamic Aux atribute "HTXS_Stage1_FineIndex_pTjet30" not found in the registry
xAOD::AuxSelection WARNING Selected dynamic Aux atribute "HTXS_V_decay_eta" not found in the registry
xAOD::AuxSelection WARNING Selected dynamic Aux atribute "HTXS_V_decay_m" not found in the registry
xAOD::AuxSelection WARNING Selected dynamic Aux atribute "HTXS_V_decay_phi" not found in the registry
xAOD::AuxSelection WARNING Selected dynamic Aux atribute "HTXS_V_decay_pt" not found in the registry
xAOD::AuxSelection WARNING Selected dynamic Aux atribute "HTXS_V_eta" not found in the registry
xAOD::AuxSelection WARNING Selected dynamic Aux atribute "HTXS_V_jets25_eta" not found in the registry
xAOD::AuxSelection WARNING Selected dynamic Aux atribute "HTXS_V_jets25_m" not found in the registry
xAOD::AuxSelection WARNING Selected dynamic Aux atribute "HTXS_V_jets25_phi" not found in the registry
xAOD::AuxSelection WARNING Selected dynamic Aux atribute "HTXS_V_jets25_pt" not found in the registry
xAOD::AuxSelection WARNING Selected dynamic Aux atribute "HTXS_V_jets30_eta" not found in the registry
xAOD::AuxSelection WARNING Selected dynamic Aux atribute "HTXS_V_jets30_m" not found in the registry
xAOD::AuxSelection WARNING Selected dynamic Aux atribute "HTXS_V_jets30_phi" not found in the registry
xAOD::AuxSelection WARNING Selected dynamic Aux atribute "HTXS_V_jets30_pt" not found in the registry
xAOD::AuxSelection WARNING Selected dynamic Aux atribute "HTXS_V_m" not found in the registry
xAOD::AuxSelection WARNING Selected dynamic Aux atribute "HTXS_V_phi" not found in the registry
xAOD::AuxSelection WARNING Selected dynamic Aux atribute "HTXS_V_pt" not found in the registry
xAOD::AuxSelection WARNING Selected dynamic Aux atribute "HTXS_errorCode" not found in the registry
xAOD::AuxSelection WARNING Selected dynamic Aux atribute "HTXS_isZ2vvDecay" not found in the registry
xAOD::AuxSelection WARNING Selected dynamic Aux atribute "truthClassification" not found in the registry
xAOD::AuxSelection WARNING Selected dynamic Aux atribute "DFCommonGoodMuon" not found in the registry
xAOD::AuxSelection WARNING Selected dynamic Aux atribute "DecayModeVector" not found in the registry
xAOD::AuxSelection WARNING Selected dynamic Aux atribute "IsHadronicTau" not found in the registry
xAOD::AuxSelection WARNING Selected dynamic Aux atribute "decay_vertex_x" not found in the registry
xAOD::AuxSelection WARNING Selected dynamic Aux atribute "decay_vertex_y" not found in the registry
xAOD::AuxSelection WARNING Selected dynamic Aux atribute "decay_vertex_z" not found in the registry
xAOD::AuxSelection WARNING Selected dynamic Aux atribute "eta_invis" not found in the registry
xAOD::AuxSelection WARNING Selected dynamic Aux atribute "eta_vis_neutral" not found in the registry
xAOD::AuxSelection WARNING Selected dynamic Aux atribute "m_invis" not found in the registry
xAOD::AuxSelection WARNING Selected dynamic Aux atribute "m_vis_neutral" not found in the registry
xAOD::AuxSelection WARNING Selected dynamic Aux atribute "numCharged" not found in the registry
xAOD::AuxSelection WARNING Selected dynamic Aux atribute "numChargedPion" not found in the registry
xAOD::AuxSelection WARNING Selected dynamic Aux atribute "numNeutral" not found in the registry
xAOD::AuxSelection WARNING Selected dynamic Aux atribute "numNeutralPion" not found in the registry
xAOD::AuxSelection WARNING Selected dynamic Aux atribute "phi_invis" not found in the registry
xAOD::AuxSelection WARNING Selected dynamic Aux atribute "phi_vis_neutral" not found in the registry
xAOD::AuxSelection WARNING Selected dynamic Aux atribute "prod_vertex_x" not found in the registry
xAOD::AuxSelection WARNING Selected dynamic Aux atribute "prod_vertex_y" not found in the registry
xAOD::AuxSelection WARNING Selected dynamic Aux atribute "prod_vertex_z" not found in the registry
xAOD::AuxSelection WARNING Selected dynamic Aux atribute "pt_invis" not found in the registry
xAOD::AuxSelection WARNING Selected dynamic Aux atribute "pt_vis_neutral" not found in the registry
xAOD::AuxSelection WARNING Selected dynamic Aux atribute "GN3XPV01_pqcd" not found in the registry
xAOD::AuxSelection WARNING Selected dynamic Aux atribute "bJR10v00_mass" not found in the registry
xAOD::AuxSelection WARNING Selected dynamic Aux atribute "bJR10v00_pt" not found in the registry
xAOD::AuxSelection WARNING Selected dynamic Aux atribute "PartonTruthLabelTruthLabelBarcode" not found in the registry
xAOD::AuxSelection WARNING Selected dynamic Aux atribute "PartonTruthLabelTruthLabelDR" not found in the registry
xAOD::AuxSelection WARNING Selected dynamic Aux atribute "PartonTruthLabelTruthLabelID" not found in the registry
xAOD::AuxSelection WARNING Selected dynamic Aux atribute "PartonTruthLabelTruthLabelLxy" not found in the registry
xAOD::AuxSelection WARNING Selected dynamic Aux atribute "PartonTruthLabelTruthLabelPdgId" not found in the registry
xAOD::AuxSelection WARNING Selected dynamic Aux atribute "PartonTruthLabelTruthLabelPt" not found in the registry
2026-02-12 19:19:54,333 copyAuxStoreThinned                               WARNING AthContainers/src/copyAuxStoreThinned.cxx:138: unlocked decoration UEcorr_Pt (955) in object of type xAOD::ElectronAuxContainer_v3
2026-02-12 19:19:54,342 copyAuxStoreThinned                               WARNING AthContainers/src/copyAuxStoreThinned.cxx:138: unlocked decoration UEcorr_Pt (955) in object of type xAOD::MuonAuxContainer_v5
2026-02-12 19:19:54,364 ClassIDSvc                                           INFO getRegistryEntries: read 471 CLIDRegistry entries for module ALL
2026-02-12 19:19:54,475 AthenaEventLoopMgr                                   INFO   ===>>>  done processing event #334732016, run #450000 1 events processed so far  <<<===
2026-02-12 19:19:54,490 PoolSvc                                           WARNING connect: Using default input Stream instead of id = 4294967295
2026-02-12 19:19:54,491 AthMpEvtLoopMgr.SharedEvtQueueConsumer               INFO Received from the queue: event num=7 chunk size=1
2026-02-12 19:19:54,491 AthMpEvtLoopMgr.SharedEvtQueueConsumer               INFO Seek to 7 succeeded
WARNING from FastJet: Recluster: the original cluster sequence is lacking explicit ghosts; area support will no longer be available after re-clustering
WARNING from FastJet: Recluster: the original cluster sequence is lacking explicit ghosts; area support will no longer be available after re-clustering (LAST SUCH WARNING)
2026-02-12 19:19:55,351 copyAuxStoreThinned                               WARNING AthContainers/src/copyAuxStoreThinned.cxx:138: unlocked decoration UEcorr_Pt (955) in object of type xAOD::ElectronAuxContainer_v3
2026-02-12 19:19:55,372 AthMpEvtLoopMgr.SharedEvtQueueConsumer               INFO Received from the queue: event num=11 chunk size=1
2026-02-12 19:19:55,372 AthMpEvtLoopMgr.SharedEvtQueueConsumer               INFO Seek to 11 succeeded
2026-02-12 19:19:56,255 copyAuxStoreThinned                               WARNING AthContainers/src/copyAuxStoreThinned.cxx:138: unlocked decoration UEcorr_Pt (955) in object of type xAOD::ElectronAuxContainer_v3
2026-02-12 19:19:56,259 copyAuxStoreThinned                               WARNING AthContainers/src/copyAuxStoreThinned.cxx:138: unlocked decoration UEcorr_Pt (955) in object of type xAOD::MuonAuxContainer_v5
2026-02-12 19:19:56,277 AthMpEvtLoopMgr.SharedEvtQueueConsumer               INFO Received from the queue: event num=15 chunk size=1
2026-02-12 19:19:56,277 AthMpEvtLoopMgr.SharedEvtQueueConsumer               INFO Seek to 15 succeeded
2026-02-12 19:19:57,289 copyAuxStoreThinned                               WARNING AthContainers/src/copyAuxStoreThinned.cxx:138: unlocked decoration UEcorr_Pt (955) in object of type xAOD::ElectronAuxContainer_v3
2026-02-12 19:19:57,293 copyAuxStoreThinned                               WARNING AthContainers/src/copyAuxStoreThinned.cxx:138: unlocked decoration UEcorr_Pt (955) in object of type xAOD::MuonAuxContainer_v5
2026-02-12 19:19:57,313 AthMpEvtLoopMgr.SharedEvtQueueConsumer               INFO Received from the queue: event num=19 chunk size=1
2026-02-12 19:19:57,313 AthMpEvtLoopMgr.SharedEvtQueueConsumer               INFO Seek to 19 succeeded
2026-02-12 19:19:59,418 copyAuxStoreThinned                               WARNING AthContainers/src/copyAuxStoreThinned.cxx:138: unlocked decoration UEcorr_Pt (955) in object of type xAOD::ElectronAuxContainer_v3
2026-02-12 19:19:59,422 copyAuxStoreThinned                               WARNING AthContainers/src/copyAuxStoreThinned.cxx:138: unlocked decoration UEcorr_Pt (955) in object of type xAOD::MuonAuxContainer_v5
2026-02-12 19:19:59,440 AthMpEvtLoopMgr.SharedEvtQueueConsumer               INFO Received from the queue: event num=26 chunk size=1
2026-02-12 19:19:59,440 AthMpEvtLoopMgr.SharedEvtQueueConsumer               INFO Seek to 26 succeeded
2026-02-12 19:20:00,598 copyAuxStoreThinned                               WARNING AthContainers/src/copyAuxStoreThinned.cxx:138: unlocked decoration UEcorr_Pt (955) in object of type xAOD::ElectronAuxContainer_v3
2026-02-12 19:20:00,601 copyAuxStoreThinned                               WARNING AthContainers/src/copyAuxStoreThinned.cxx:138: unlocked decoration UEcorr_Pt (955) in object of type xAOD::MuonAuxContainer_v5
2026-02-12 19:20:00,622 AthMpEvtLoopMgr.SharedEvtQueueConsumer               INFO Received from the queue: event num=31 chunk size=1
2026-02-12 19:20:00,622 AthMpEvtLoopMgr.SharedEvtQueueConsumer               INFO Seek to 31 succeeded
2026-02-12 19:20:01,506 copyAuxStoreThinned                               WARNING AthContainers/src/copyAuxStoreThinned.cxx:138: unlocked decoration UEcorr_Pt (955) in object of type xAOD::ElectronAuxContainer_v3
2026-02-12 19:20:01,527 AthMpEvtLoopMgr.SharedEvtQueueConsumer               INFO Received from the queue: event num=35 chunk size=1
2026-02-12 19:20:01,527 AthMpEvtLoopMgr.SharedEvtQueueConsumer               INFO Seek to 35 succeeded
2026-02-12 19:20:02,953 copyAuxStoreThinned                               WARNING AthContainers/src/copyAuxStoreThinned.cxx:138: unlocked decoration UEcorr_Pt (955) in object of type xAOD::ElectronAuxContainer_v3
2026-02-12 19:20:02,957 copyAuxStoreThinned                               WARNING AthContainers/src/copyAuxStoreThinned.cxx:138: unlocked decoration UEcorr_Pt (955) in object of type xAOD::MuonAuxContainer_v5
2026-02-12 19:20:02,977 AthMpEvtLoopMgr.SharedEvtQueueConsumer               INFO Received from the queue: event num=39 chunk size=1
2026-02-12 19:20:02,977 AthMpEvtLoopMgr.SharedEvtQueueConsumer               INFO Seek to 39 succeeded
2026-02-12 19:20:03,883 copyAuxStoreThinned                               WARNING AthContainers/src/copyAuxStoreThinned.cxx:138: unlocked decoration UEcorr_Pt (955) in object of type xAOD::ElectronAuxContainer_v3
2026-02-12 19:20:03,887 copyAuxStoreThinned                               WARNING AthContainers/src/copyAuxStoreThinned.cxx:138: unlocked decoration UEcorr_Pt (955) in object of type xAOD::MuonAuxContainer_v5
2026-02-12 19:20:03,905 AthMpEvtLoopMgr.SharedEvtQueueConsumer               INFO Received from the queue: event num=42 chunk size=1
2026-02-12 19:20:03,905 AthMpEvtLoopMgr.SharedEvtQueueConsumer               INFO Seek to 42 succeeded
2026-02-12 19:20:04,888 copyAuxStoreThinned                               WARNING AthContainers/src/copyAuxStoreThinned.cxx:138: unlocked decoration UEcorr_Pt (955) in object of type xAOD::ElectronAuxContainer_v3
2026-02-12 19:20:04,892 copyAuxStoreThinned                               WARNING AthContainers/src/copyAuxStoreThinned.cxx:138: unlocked decoration UEcorr_Pt (955) in object of type xAOD::MuonAuxContainer_v5
2026-02-12 19:20:04,912 AthMpEvtLoopMgr.SharedEvtQueueConsumer               INFO Received from the queue: event num=46 chunk size=1
2026-02-12 19:20:04,912 AthMpEvtLoopMgr.SharedEvtQueueConsumer               INFO Seek to 46 succeeded
2026-02-12 19:20:05,707 copyAuxStoreThinned                               WARNING AthContainers/src/copyAuxStoreThinned.cxx:138: unlocked decoration UEcorr_Pt (955) in object of type xAOD::ElectronAuxContainer_v3
2026-02-12 19:20:05,710 copyAuxStoreThinned                               WARNING AthContainers/src/copyAuxStoreThinned.cxx:138: unlocked decoration UEcorr_Pt (955) in object of type xAOD::MuonAuxContainer_v5
2026-02-12 19:20:05,729 AthMpEvtLoopMgr.SharedEvtQueueConsumer               INFO Received from the queue: event num=50 chunk size=1
2026-02-12 19:20:05,729 AthMpEvtLoopMgr.SharedEvtQueueConsumer               INFO Seek to 50 succeeded
2026-02-12 19:20:06,511 copyAuxStoreThinned                               WARNING AthContainers/src/copyAuxStoreThinned.cxx:138: unlocked decoration UEcorr_Pt (955) in object of type xAOD::ElectronAuxContainer_v3
2026-02-12 19:20:06,515 copyAuxStoreThinned                               WARNING AthContainers/src/copyAuxStoreThinned.cxx:138: unlocked decoration UEcorr_Pt (955) in object of type xAOD::MuonAuxContainer_v5
2026-02-12 19:20:06,533 AthMpEvtLoopMgr.SharedEvtQueueConsumer               INFO Received from the queue: event num=53 chunk size=1
2026-02-12 19:20:06,534 AthMpEvtLoopMgr.SharedEvtQueueConsumer               INFO Seek to 53 succeeded
2026-02-12 19:20:07,950 copyAuxStoreThinned                               WARNING AthContainers/src/copyAuxStoreThinned.cxx:138: unlocked decoration UEcorr_Pt (955) in object of type xAOD::ElectronAuxContainer_v3
2026-02-12 19:20:07,954 copyAuxStoreThinned                               WARNING AthContainers/src/copyAuxStoreThinned.cxx:138: unlocked decoration UEcorr_Pt (955) in object of type xAOD::MuonAuxContainer_v5
2026-02-12 19:20:07,975 AthMpEvtLoopMgr.SharedEvtQueueConsumer               INFO Received from the queue: event num=58 chunk size=1
2026-02-12 19:20:07,976 AthMpEvtLoopMgr.SharedEvtQueueConsumer               INFO Seek to 58 succeeded
2026-02-12 19:20:08,091 PerfMonMTSvc                                         INFO Event [   14] CPU Time: 00h00m24s, Wall Time: 00h02m34s, Vmem: 5.95 GB, Rss: 4.66 GB, Pss: 2.63 GB, Swap: 0.00 KB
2026-02-12 19:20:08,881 copyAuxStoreThinned                               WARNING AthContainers/src/copyAuxStoreThinned.cxx:138: unlocked decoration UEcorr_Pt (955) in object of type xAOD::ElectronAuxContainer_v3
2026-02-12 19:20:08,903 AthMpEvtLoopMgr.SharedEvtQueueConsumer               INFO Received from the queue: event num=62 chunk size=1
2026-02-12 19:20:08,903 AthMpEvtLoopMgr.SharedEvtQueueConsumer               INFO Seek to 62 succeeded
2026-02-12 19:20:09,996 copyAuxStoreThinned                               WARNING AthContainers/src/copyAuxStoreThinned.cxx:138: unlocked decoration UEcorr_Pt (955) in object of type xAOD::ElectronAuxContainer_v3
2026-02-12 19:20:10,000 copyAuxStoreThinned                               WARNING AthContainers/src/copyAuxStoreThinned.cxx:138: unlocked decoration UEcorr_Pt (955) in object of type xAOD::MuonAuxContainer_v5
2026-02-12 19:20:10,019 AthMpEvtLoopMgr.SharedEvtQueueConsumer               INFO Received from the queue: event num=67 chunk size=1
2026-02-12 19:20:10,019 AthMpEvtLoopMgr.SharedEvtQueueConsumer               INFO Seek to 67 succeeded
2026-02-12 19:20:11,424 copyAuxStoreThinned                               WARNING AthContainers/src/copyAuxStoreThinned.cxx:138: unlocked decoration UEcorr_Pt (955) in object of type xAOD::ElectronAuxContainer_v3
2026-02-12 19:20:11,427 copyAuxStoreThinned                               WARNING AthContainers/src/copyAuxStoreThinned.cxx:138: unlocked decoration UEcorr_Pt (955) in object of type xAOD::MuonAuxContainer_v5
2026-02-12 19:20:11,445 AthMpEvtLoopMgr.SharedEvtQueueConsumer               INFO Received from the queue: event num=72 chunk size=1
2026-02-12 19:20:11,445 AthMpEvtLoopMgr.SharedEvtQueueConsumer               INFO Seek to 72 succeeded
2026-02-12 19:20:12,760 copyAuxStoreThinned                               WARNING AthContainers/src/copyAuxStoreThinned.cxx:138: unlocked decoration UEcorr_Pt (955) in object of type xAOD::ElectronAuxContainer_v3
2026-02-12 19:20:12,764 copyAuxStoreThinned                               WARNING AthContainers/src/copyAuxStoreThinned.cxx:138: unlocked decoration UEcorr_Pt (955) in object of type xAOD::MuonAuxContainer_v5
2026-02-12 19:20:12,784 AthMpEvtLoopMgr.SharedEvtQueueConsumer               INFO Received from the queue: event num=76 chunk size=1
2026-02-12 19:20:12,784 AthMpEvtLoopMgr.SharedEvtQueueConsumer               INFO Seek to 76 succeeded
2026-02-12 19:20:13,736 copyAuxStoreThinned                               WARNING AthContainers/src/copyAuxStoreThinned.cxx:138: unlocked decoration UEcorr_Pt (955) in object of type xAOD::ElectronAuxContainer_v3
2026-02-12 19:20:13,740 copyAuxStoreThinned                               WARNING AthContainers/src/copyAuxStoreThinned.cxx:138: unlocked decoration UEcorr_Pt (955) in object of type xAOD::MuonAuxContainer_v5
2026-02-12 19:20:13,759 AthMpEvtLoopMgr.SharedEvtQueueConsumer               INFO Received from the queue: event num=80 chunk size=1
2026-02-12 19:20:13,760 AthMpEvtLoopMgr.SharedEvtQueueConsumer               INFO Seek to 80 succeeded
2026-02-12 19:20:15,226 copyAuxStoreThinned                               WARNING AthContainers/src/copyAuxStoreThinned.cxx:138: unlocked decoration UEcorr_Pt (955) in object of type xAOD::ElectronAuxContainer_v3
2026-02-12 19:20:15,230 copyAuxStoreThinned                               WARNING AthContainers/src/copyAuxStoreThinned.cxx:138: unlocked decoration UEcorr_Pt (955) in object of type xAOD::MuonAuxContainer_v5
2026-02-12 19:20:15,249 AthMpEvtLoopMgr.SharedEvtQueueConsumer               INFO Received from the queue: event num=85 chunk size=1
2026-02-12 19:20:15,249 AthMpEvtLoopMgr.SharedEvtQueueConsumer               INFO Seek to 85 succeeded
2026-02-12 19:20:16,301 copyAuxStoreThinned                               WARNING AthContainers/src/copyAuxStoreThinned.cxx:138: unlocked decoration UEcorr_Pt (955) in object of type xAOD::ElectronAuxContainer_v3
2026-02-12 19:20:16,305 copyAuxStoreThinned                               WARNING AthContainers/src/copyAuxStoreThinned.cxx:138: unlocked decoration UEcorr_Pt (955) in object of type xAOD::MuonAuxContainer_v5
2026-02-12 19:20:16,324 AthMpEvtLoopMgr.SharedEvtQueueConsumer               INFO Received from the queue: event num=88 chunk size=1
2026-02-12 19:20:16,324 AthMpEvtLoopMgr.SharedEvtQueueConsumer               INFO Seek to 88 succeeded
2026-02-12 19:20:17,749 copyAuxStoreThinned                               WARNING AthContainers/src/copyAuxStoreThinned.cxx:138: unlocked decoration UEcorr_Pt (955) in object of type xAOD::ElectronAuxContainer_v3
2026-02-12 19:20:17,774 AthMpEvtLoopMgr.SharedEvtQueueConsumer               INFO Received from the queue: event num=94 chunk size=1
2026-02-12 19:20:17,774 AthMpEvtLoopMgr.SharedEvtQueueConsumer               INFO Seek to 94 succeeded
2026-02-12 19:20:18,974 copyAuxStoreThinned                               WARNING AthContainers/src/copyAuxStoreThinned.cxx:138: unlocked decoration UEcorr_Pt (955) in object of type xAOD::ElectronAuxContainer_v3
2026-02-12 19:20:18,978 copyAuxStoreThinned                               WARNING AthContainers/src/copyAuxStoreThinned.cxx:138: unlocked decoration UEcorr_Pt (955) in object of type xAOD::MuonAuxContainer_v5
2026-02-12 19:20:18,998 AthMpEvtLoopMgr.SharedEvtQueueConsumer               INFO Received from the queue: event num=98 chunk size=1
2026-02-12 19:20:18,998 AthMpEvtLoopMgr.SharedEvtQueueConsumer               INFO Seek to 98 succeeded
2026-02-12 19:20:20,337 copyAuxStoreThinned                               WARNING AthContainers/src/copyAuxStoreThinned.cxx:138: unlocked decoration UEcorr_Pt (955) in object of type xAOD::ElectronAuxContainer_v3
2026-02-12 19:20:20,341 copyAuxStoreThinned                               WARNING AthContainers/src/copyAuxStoreThinned.cxx:138: unlocked decoration UEcorr_Pt (955) in object of type xAOD::MuonAuxContainer_v5
2026-02-12 19:20:20,361 AthMpEvtLoopMgr.SharedEvtQueueConsumer               INFO Received from the queue: event num=102 chunk size=1
2026-02-12 19:20:20,361 AthMpEvtLoopMgr.SharedEvtQueueConsumer               INFO Seek to 102 succeeded
2026-02-12 19:20:21,622 copyAuxStoreThinned                               WARNING AthContainers/src/copyAuxStoreThinned.cxx:138: unlocked decoration UEcorr_Pt (955) in object of type xAOD::ElectronAuxContainer_v3
2026-02-12 19:20:21,626 copyAuxStoreThinned                               WARNING AthContainers/src/copyAuxStoreThinned.cxx:138: unlocked decoration UEcorr_Pt (955) in object of type xAOD::MuonAuxContainer_v5
2026-02-12 19:20:21,646 AthMpEvtLoopMgr.SharedEvtQueueConsumer               INFO Received from the queue: event num=106 chunk size=1
2026-02-12 19:20:21,647 AthMpEvtLoopMgr.SharedEvtQueueConsumer               INFO Seek to 106 succeeded
2026-02-12 19:20:22,757 copyAuxStoreThinned                               WARNING AthContainers/src/copyAuxStoreThinned.cxx:138: unlocked decoration UEcorr_Pt (955) in object of type xAOD::ElectronAuxContainer_v3
2026-02-12 19:20:22,760 copyAuxStoreThinned                               WARNING AthContainers/src/copyAuxStoreThinned.cxx:138: unlocked decoration UEcorr_Pt (955) in object of type xAOD::MuonAuxContainer_v5
2026-02-12 19:20:22,779 AthMpEvtLoopMgr.SharedEvtQueueConsumer               INFO Received from the queue: event num=110 chunk size=1
2026-02-12 19:20:22,779 AthMpEvtLoopMgr.SharedEvtQueueConsumer               INFO Seek to 110 succeeded
2026-02-12 19:20:23,793 copyAuxStoreThinned                               WARNING AthContainers/src/copyAuxStoreThinned.cxx:138: unlocked decoration UEcorr_Pt (955) in object of type xAOD::ElectronAuxContainer_v3
2026-02-12 19:20:23,798 copyAuxStoreThinned                               WARNING AthContainers/src/copyAuxStoreThinned.cxx:138: unlocked decoration UEcorr_Pt (955) in object of type xAOD::MuonAuxContainer_v5
2026-02-12 19:20:23,817 AthMpEvtLoopMgr.SharedEvtQueueConsumer               INFO Received from the queue: event num=114 chunk size=1
2026-02-12 19:20:23,818 AthMpEvtLoopMgr.SharedEvtQueueConsumer               INFO Seek to 114 succeeded
2026-02-12 19:20:24,773 copyAuxStoreThinned                               WARNING AthContainers/src/copyAuxStoreThinned.cxx:138: unlocked decoration UEcorr_Pt (955) in object of type xAOD::ElectronAuxContainer_v3
2026-02-12 19:20:24,794 AthMpEvtLoopMgr.SharedEvtQueueConsumer               INFO Received from the queue: event num=115 chunk size=1
2026-02-12 19:20:24,795 AthMpEvtLoopMgr.SharedEvtQueueConsumer               INFO Seek to 115 succeeded
2026-02-12 19:20:26,037 copyAuxStoreThinned                               WARNING AthContainers/src/copyAuxStoreThinned.cxx:138: unlocked decoration UEcorr_Pt (955) in object of type xAOD::ElectronAuxContainer_v3
2026-02-12 19:20:26,041 copyAuxStoreThinned                               WARNING AthContainers/src/copyAuxStoreThinned.cxx:138: unlocked decoration UEcorr_Pt (955) in object of type xAOD::MuonAuxContainer_v5
2026-02-12 19:20:26,061 AthMpEvtLoopMgr.SharedEvtQueueConsumer               INFO Received from the queue: event num=120 chunk size=1
2026-02-12 19:20:26,062 AthMpEvtLoopMgr.SharedEvtQueueConsumer               INFO Seek to 120 succeeded
2026-02-12 19:20:26,973 copyAuxStoreThinned                               WARNING AthContainers/src/copyAuxStoreThinned.cxx:138: unlocked decoration UEcorr_Pt (955) in object of type xAOD::ElectronAuxContainer_v3
2026-02-12 19:20:26,976 copyAuxStoreThinned                               WARNING AthContainers/src/copyAuxStoreThinned.cxx:138: unlocked decoration UEcorr_Pt (955) in object of type xAOD::MuonAuxContainer_v5
2026-02-12 19:20:26,995 AthMpEvtLoopMgr.SharedEvtQueueConsumer               INFO Received from the queue: event num=123 chunk size=1
2026-02-12 19:20:26,995 AthMpEvtLoopMgr.SharedEvtQueueConsumer               INFO Seek to 123 succeeded
2026-02-12 19:20:28,036 copyAuxStoreThinned                               WARNING AthContainers/src/copyAuxStoreThinned.cxx:138: unlocked decoration UEcorr_Pt (955) in object of type xAOD::ElectronAuxContainer_v3
2026-02-12 19:20:28,040 copyAuxStoreThinned                               WARNING AthContainers/src/copyAuxStoreThinned.cxx:138: unlocked decoration UEcorr_Pt (955) in object of type xAOD::MuonAuxContainer_v5
2026-02-12 19:20:28,060 AthMpEvtLoopMgr.SharedEvtQueueConsumer               INFO Received from the queue: event num=128 chunk size=1
2026-02-12 19:20:28,060 AthMpEvtLoopMgr.SharedEvtQueueConsumer               INFO Seek to 128 succeeded
2026-02-12 19:20:30,387 copyAuxStoreThinned                               WARNING AthContainers/src/copyAuxStoreThinned.cxx:138: unlocked decoration UEcorr_Pt (955) in object of type xAOD::ElectronAuxContainer_v3
2026-02-12 19:20:30,391 copyAuxStoreThinned                               WARNING AthContainers/src/copyAuxStoreThinned.cxx:138: unlocked decoration UEcorr_Pt (955) in object of type xAOD::MuonAuxContainer_v5
2026-02-12 19:20:30,413 AthMpEvtLoopMgr.SharedEvtQueueConsumer               INFO Received from the queue: event num=135 chunk size=1
2026-02-12 19:20:30,413 AthMpEvtLoopMgr.SharedEvtQueueConsumer               INFO Seek to 135 succeeded
2026-02-12 19:20:31,269 copyAuxStoreThinned                               WARNING AthContainers/src/copyAuxStoreThinned.cxx:138: unlocked decoration UEcorr_Pt (955) in object of type xAOD::ElectronAuxContainer_v3
2026-02-12 19:20:31,272 copyAuxStoreThinned                               WARNING AthContainers/src/copyAuxStoreThinned.cxx:138: unlocked decoration UEcorr_Pt (955) in object of type xAOD::MuonAuxContainer_v5
2026-02-12 19:20:31,290 AthMpEvtLoopMgr.SharedEvtQueueConsumer               INFO Received from the queue: event num=138 chunk size=1
2026-02-12 19:20:31,290 AthMpEvtLoopMgr.SharedEvtQueueConsumer               INFO Seek to 138 succeeded
2026-02-12 19:20:32,350 copyAuxStoreThinned                               WARNING AthContainers/src/copyAuxStoreThinned.cxx:138: unlocked decoration UEcorr_Pt (955) in object of type xAOD::ElectronAuxContainer_v3
2026-02-12 19:20:32,353 copyAuxStoreThinned                               WARNING AthContainers/src/copyAuxStoreThinned.cxx:138: unlocked decoration UEcorr_Pt (955) in object of type xAOD::MuonAuxContainer_v5
2026-02-12 19:20:32,371 AthMpEvtLoopMgr.SharedEvtQueueConsumer               INFO Received from the queue: event num=142 chunk size=1
2026-02-12 19:20:32,372 AthMpEvtLoopMgr.SharedEvtQueueConsumer               INFO Seek to 142 succeeded
2026-02-12 19:20:33,408 copyAuxStoreThinned                               WARNING AthContainers/src/copyAuxStoreThinned.cxx:138: unlocked decoration UEcorr_Pt (955) in object of type xAOD::ElectronAuxContainer_v3
2026-02-12 19:20:33,412 copyAuxStoreThinned                               WARNING AthContainers/src/copyAuxStoreThinned.cxx:138: unlocked decoration UEcorr_Pt (955) in object of type xAOD::MuonAuxContainer_v5
2026-02-12 19:20:33,431 AthMpEvtLoopMgr.SharedEvtQueueConsumer               INFO Received from the queue: event num=146 chunk size=1
2026-02-12 19:20:33,431 AthMpEvtLoopMgr.SharedEvtQueueConsumer               INFO Seek to 146 succeeded
2026-02-12 19:20:34,856 copyAuxStoreThinned                               WARNING AthContainers/src/copyAuxStoreThinned.cxx:138: unlocked decoration UEcorr_Pt (955) in object of type xAOD::ElectronAuxContainer_v3
2026-02-12 19:20:34,859 copyAuxStoreThinned                               WARNING AthContainers/src/copyAuxStoreThinned.cxx:138: unlocked decoration UEcorr_Pt (955) in object of type xAOD::MuonAuxContainer_v5
2026-02-12 19:20:34,878 AthMpEvtLoopMgr.SharedEvtQueueConsumer               INFO Received from the queue: event num=151 chunk size=1
2026-02-12 19:20:34,879 AthMpEvtLoopMgr.SharedEvtQueueConsumer               INFO Seek to 151 succeeded
2026-02-12 19:20:36,275 copyAuxStoreThinned                               WARNING AthContainers/src/copyAuxStoreThinned.cxx:138: unlocked decoration UEcorr_Pt (955) in object of type xAOD::ElectronAuxContainer_v3
2026-02-12 19:20:36,279 copyAuxStoreThinned                               WARNING AthContainers/src/copyAuxStoreThinned.cxx:138: unlocked decoration UEcorr_Pt (955) in object of type xAOD::MuonAuxContainer_v5
2026-02-12 19:20:36,300 AthMpEvtLoopMgr.SharedEvtQueueConsumer               INFO Received from the queue: event num=155 chunk size=1
2026-02-12 19:20:36,300 AthMpEvtLoopMgr.SharedEvtQueueConsumer               INFO Seek to 155 succeeded
2026-02-12 19:20:37,553 copyAuxStoreThinned                               WARNING AthContainers/src/copyAuxStoreThinned.cxx:138: unlocked decoration UEcorr_Pt (955) in object of type xAOD::ElectronAuxContainer_v3
2026-02-12 19:20:37,557 copyAuxStoreThinned                               WARNING AthContainers/src/copyAuxStoreThinned.cxx:138: unlocked decoration UEcorr_Pt (955) in object of type xAOD::MuonAuxContainer_v5
2026-02-12 19:20:37,576 AthMpEvtLoopMgr.SharedEvtQueueConsumer               INFO Received from the queue: event num=159 chunk size=1
2026-02-12 19:20:37,577 AthMpEvtLoopMgr.SharedEvtQueueConsumer               INFO Seek to 159 succeeded
2026-02-12 19:20:38,811 copyAuxStoreThinned                               WARNING AthContainers/src/copyAuxStoreThinned.cxx:138: unlocked decoration UEcorr_Pt (955) in object of type xAOD::ElectronAuxContainer_v3
2026-02-12 19:20:38,815 copyAuxStoreThinned                               WARNING AthContainers/src/copyAuxStoreThinned.cxx:138: unlocked decoration UEcorr_Pt (955) in object of type xAOD::MuonAuxContainer_v5
2026-02-12 19:20:38,834 AthMpEvtLoopMgr.SharedEvtQueueConsumer               INFO Received from the queue: event num=164 chunk size=1
2026-02-12 19:20:38,834 AthMpEvtLoopMgr.SharedEvtQueueConsumer               INFO Seek to 164 succeeded
2026-02-12 19:20:38,949 PerfMonMTSvc                                         INFO Event [   39] CPU Time: 00h00m55s, Wall Time: 00h03m04s, Vmem: 5.98 GB, Rss: 4.70 GB, Pss: 2.67 GB, Swap: 0.00 KB
2026-02-12 19:20:40,468 copyAuxStoreThinned                               WARNING AthContainers/src/copyAuxStoreThinned.cxx:138: unlocked decoration UEcorr_Pt (955) in object of type xAOD::ElectronAuxContainer_v3
2026-02-12 19:20:40,472 copyAuxStoreThinned                               WARNING AthContainers/src/copyAuxStoreThinned.cxx:138: unlocked decoration UEcorr_Pt (955) in object of type xAOD::MuonAuxContainer_v5
2026-02-12 19:20:40,492 AthMpEvtLoopMgr.SharedEvtQueueConsumer               INFO Received from the queue: event num=169 chunk size=1
2026-02-12 19:20:40,492 AthMpEvtLoopMgr.SharedEvtQueueConsumer               INFO Seek to 169 succeeded
2026-02-12 19:20:41,650 copyAuxStoreThinned                               WARNING AthContainers/src/copyAuxStoreThinned.cxx:138: unlocked decoration UEcorr_Pt (955) in object of type xAOD::ElectronAuxContainer_v3
2026-02-12 19:20:41,672 AthMpEvtLoopMgr.SharedEvtQueueConsumer               INFO Received from the queue: event num=171 chunk size=1
2026-02-12 19:20:41,672 AthMpEvtLoopMgr.SharedEvtQueueConsumer               INFO Seek to 171 succeeded
2026-02-12 19:20:43,320 copyAuxStoreThinned                               WARNING AthContainers/src/copyAuxStoreThinned.cxx:138: unlocked decoration UEcorr_Pt (955) in object of type xAOD::ElectronAuxContainer_v3
2026-02-12 19:20:43,323 copyAuxStoreThinned                               WARNING AthContainers/src/copyAuxStoreThinned.cxx:138: unlocked decoration UEcorr_Pt (955) in object of type xAOD::MuonAuxContainer_v5
2026-02-12 19:20:43,342 AthMpEvtLoopMgr.SharedEvtQueueConsumer               INFO Received from the queue: event num=177 chunk size=1
2026-02-12 19:20:43,342 AthMpEvtLoopMgr.SharedEvtQueueConsumer               INFO Seek to 177 succeeded
2026-02-12 19:20:44,534 copyAuxStoreThinned                               WARNING AthContainers/src/copyAuxStoreThinned.cxx:138: unlocked decoration UEcorr_Pt (955) in object of type xAOD::ElectronAuxContainer_v3
2026-02-12 19:20:44,538 copyAuxStoreThinned                               WARNING AthContainers/src/copyAuxStoreThinned.cxx:138: unlocked decoration UEcorr_Pt (955) in object of type xAOD::MuonAuxContainer_v5
2026-02-12 19:20:44,558 AthMpEvtLoopMgr.SharedEvtQueueConsumer               INFO Received from the queue: event num=180 chunk size=1
2026-02-12 19:20:44,558 AthMpEvtLoopMgr.SharedEvtQueueConsumer               INFO Seek to 180 succeeded
2026-02-12 19:20:45,582 copyAuxStoreThinned                               WARNING AthContainers/src/copyAuxStoreThinned.cxx:138: unlocked decoration UEcorr_Pt (955) in object of type xAOD::ElectronAuxContainer_v3
2026-02-12 19:20:45,586 copyAuxStoreThinned                               WARNING AthContainers/src/copyAuxStoreThinned.cxx:138: unlocked decoration UEcorr_Pt (955) in object of type xAOD::MuonAuxContainer_v5
2026-02-12 19:20:45,606 AthMpEvtLoopMgr.SharedEvtQueueConsumer               INFO Received from the queue: event num=184 chunk size=1
2026-02-12 19:20:45,606 AthMpEvtLoopMgr.SharedEvtQueueConsumer               INFO Seek to 184 succeeded
2026-02-12 19:20:47,241 copyAuxStoreThinned                               WARNING AthContainers/src/copyAuxStoreThinned.cxx:138: unlocked decoration UEcorr_Pt (955) in object of type xAOD::ElectronAuxContainer_v3
2026-02-12 19:20:47,266 AthMpEvtLoopMgr.SharedEvtQueueConsumer               INFO Received from the queue: event num=190 chunk size=1
2026-02-12 19:20:47,266 AthMpEvtLoopMgr.SharedEvtQueueConsumer               INFO Seek to 190 succeeded
2026-02-12 19:20:48,422 copyAuxStoreThinned                               WARNING AthContainers/src/copyAuxStoreThinned.cxx:138: unlocked decoration UEcorr_Pt (955) in object of type xAOD::ElectronAuxContainer_v3
2026-02-12 19:20:48,425 copyAuxStoreThinned                               WARNING AthContainers/src/copyAuxStoreThinned.cxx:138: unlocked decoration UEcorr_Pt (955) in object of type xAOD::MuonAuxContainer_v5
2026-02-12 19:20:48,443 AthMpEvtLoopMgr.SharedEvtQueueConsumer               INFO Received from the queue: event num=194 chunk size=1
2026-02-12 19:20:48,443 AthMpEvtLoopMgr.SharedEvtQueueConsumer               INFO Seek to 194 succeeded
2026-02-12 19:20:49,445 copyAuxStoreThinned                               WARNING AthContainers/src/copyAuxStoreThinned.cxx:138: unlocked decoration UEcorr_Pt (955) in object of type xAOD::ElectronAuxContainer_v3
2026-02-12 19:20:49,449 copyAuxStoreThinned                               WARNING AthContainers/src/copyAuxStoreThinned.cxx:138: unlocked decoration UEcorr_Pt (955) in object of type xAOD::MuonAuxContainer_v5
2026-02-12 19:20:49,466 AthMpEvtLoopMgr.SharedEvtQueueConsumer               INFO Received from the queue: event num=198 chunk size=1
2026-02-12 19:20:49,466 AthMpEvtLoopMgr.SharedEvtQueueConsumer               INFO Seek to 198 succeeded
2026-02-12 19:20:50,744 copyAuxStoreThinned                               WARNING AthContainers/src/copyAuxStoreThinned.cxx:138: unlocked decoration UEcorr_Pt (955) in object of type xAOD::ElectronAuxContainer_v3
2026-02-12 19:20:50,748 copyAuxStoreThinned                               WARNING AthContainers/src/copyAuxStoreThinned.cxx:138: unlocked decoration UEcorr_Pt (955) in object of type xAOD::MuonAuxContainer_v5
2026-02-12 19:20:50,768 AthMpEvtLoopMgr.SharedEvtQueueConsumer               INFO Received from the queue: event num=202 chunk size=1
2026-02-12 19:20:50,768 AthMpEvtLoopMgr.SharedEvtQueueConsumer               INFO Seek to 202 succeeded
2026-02-12 19:20:51,897 copyAuxStoreThinned                               WARNING AthContainers/src/copyAuxStoreThinned.cxx:138: unlocked decoration UEcorr_Pt (955) in object of type xAOD::ElectronAuxContainer_v3
2026-02-12 19:20:51,901 copyAuxStoreThinned                               WARNING AthContainers/src/copyAuxStoreThinned.cxx:138: unlocked decoration UEcorr_Pt (955) in object of type xAOD::MuonAuxContainer_v5
2026-02-12 19:20:51,921 AthMpEvtLoopMgr.SharedEvtQueueConsumer               INFO Received from the queue: event num=206 chunk size=1
2026-02-12 19:20:51,921 AthMpEvtLoopMgr.SharedEvtQueueConsumer               INFO Seek to 206 succeeded
2026-02-12 19:20:52,953 copyAuxStoreThinned                               WARNING AthContainers/src/copyAuxStoreThinned.cxx:138: unlocked decoration UEcorr_Pt (955) in object of type xAOD::ElectronAuxContainer_v3
2026-02-12 19:20:52,956 copyAuxStoreThinned                               WARNING AthContainers/src/copyAuxStoreThinned.cxx:138: unlocked decoration UEcorr_Pt (955) in object of type xAOD::MuonAuxContainer_v5
2026-02-12 19:20:52,974 AthMpEvtLoopMgr.SharedEvtQueueConsumer               INFO Received from the queue: event num=209 chunk size=1
2026-02-12 19:20:52,974 AthMpEvtLoopMgr.SharedEvtQueueConsumer               INFO Seek to 209 succeeded
2026-02-12 19:20:54,752 ClassIDSvc                                           INFO getRegistryEntries: read 68 CLIDRegistry entries for module ALL
2026-02-12 19:20:54,761 copyAuxStoreThinned                               WARNING AthContainers/src/copyAuxStoreThinned.cxx:138: unlocked decoration UEcorr_Pt (955) in object of type xAOD::ElectronAuxContainer_v3
2026-02-12 19:20:54,765 copyAuxStoreThinned                               WARNING AthContainers/src/copyAuxStoreThinned.cxx:138: unlocked decoration UEcorr_Pt (955) in object of type xAOD::MuonAuxContainer_v5
2026-02-12 19:20:54,785 AthMpEvtLoopMgr.SharedEvtQueueConsumer               INFO Received from the queue: event num=214 chunk size=1
2026-02-12 19:20:54,786 AthMpEvtLoopMgr.SharedEvtQueueConsumer               INFO Seek to 214 succeeded
2026-02-12 19:20:55,749 copyAuxStoreThinned                               WARNING AthContainers/src/copyAuxStoreThinned.cxx:138: unlocked decoration UEcorr_Pt (955) in object of type xAOD::ElectronAuxContainer_v3
2026-02-12 19:20:55,753 copyAuxStoreThinned                               WARNING AthContainers/src/copyAuxStoreThinned.cxx:138: unlocked decoration UEcorr_Pt (955) in object of type xAOD::MuonAuxContainer_v5
2026-02-12 19:20:55,773 AthMpEvtLoopMgr.SharedEvtQueueConsumer               INFO Received from the queue: event num=217 chunk size=1
2026-02-12 19:20:55,774 AthMpEvtLoopMgr.SharedEvtQueueConsumer               INFO Seek to 217 succeeded
2026-02-12 19:20:56,731 copyAuxStoreThinned                               WARNING AthContainers/src/copyAuxStoreThinned.cxx:138: unlocked decoration UEcorr_Pt (955) in object of type xAOD::ElectronAuxContainer_v3
2026-02-12 19:20:56,735 copyAuxStoreThinned                               WARNING AthContainers/src/copyAuxStoreThinned.cxx:138: unlocked decoration UEcorr_Pt (955) in object of type xAOD::MuonAuxContainer_v5
2026-02-12 19:20:56,752 AthMpEvtLoopMgr.SharedEvtQueueConsumer               INFO Received from the queue: event num=220 chunk size=1
2026-02-12 19:20:56,752 AthMpEvtLoopMgr.SharedEvtQueueConsumer               INFO Seek to 220 succeeded
2026-02-12 19:20:58,231 copyAuxStoreThinned                               WARNING AthContainers/src/copyAuxStoreThinned.cxx:138: unlocked decoration UEcorr_Pt (955) in object of type xAOD::ElectronAuxContainer_v3
2026-02-12 19:20:58,235 copyAuxStoreThinned                               WARNING AthContainers/src/copyAuxStoreThinned.cxx:138: unlocked decoration UEcorr_Pt (955) in object of type xAOD::MuonAuxContainer_v5
2026-02-12 19:20:58,255 AthMpEvtLoopMgr.SharedEvtQueueConsumer               INFO Received from the queue: event num=225 chunk size=1
2026-02-12 19:20:58,255 AthMpEvtLoopMgr.SharedEvtQueueConsumer               INFO Seek to 225 succeeded
2026-02-12 19:20:59,344 copyAuxStoreThinned                               WARNING AthContainers/src/copyAuxStoreThinned.cxx:138: unlocked decoration UEcorr_Pt (955) in object of type xAOD::ElectronAuxContainer_v3
2026-02-12 19:20:59,348 copyAuxStoreThinned                               WARNING AthContainers/src/copyAuxStoreThinned.cxx:138: unlocked decoration UEcorr_Pt (955) in object of type xAOD::MuonAuxContainer_v5
2026-02-12 19:20:59,368 AthMpEvtLoopMgr.SharedEvtQueueConsumer               INFO Received from the queue: event num=228 chunk size=1
2026-02-12 19:20:59,368 AthMpEvtLoopMgr.SharedEvtQueueConsumer               INFO Seek to 228 succeeded
2026-02-12 19:21:00,525 copyAuxStoreThinned                               WARNING AthContainers/src/copyAuxStoreThinned.cxx:138: unlocked decoration UEcorr_Pt (955) in object of type xAOD::ElectronAuxContainer_v3
2026-02-12 19:21:00,546 AthMpEvtLoopMgr.SharedEvtQueueConsumer               INFO Received from the queue: event num=232 chunk size=1
2026-02-12 19:21:00,546 AthMpEvtLoopMgr.SharedEvtQueueConsumer               INFO Seek to 232 succeeded
2026-02-12 19:21:01,787 copyAuxStoreThinned                               WARNING AthContainers/src/copyAuxStoreThinned.cxx:138: unlocked decoration UEcorr_Pt (955) in object of type xAOD::ElectronAuxContainer_v3
2026-02-12 19:21:01,791 copyAuxStoreThinned                               WARNING AthContainers/src/copyAuxStoreThinned.cxx:138: unlocked decoration UEcorr_Pt (955) in object of type xAOD::MuonAuxContainer_v5
2026-02-12 19:21:01,810 AthMpEvtLoopMgr.SharedEvtQueueConsumer               INFO Received from the queue: event num=236 chunk size=1
2026-02-12 19:21:01,810 AthMpEvtLoopMgr.SharedEvtQueueConsumer               INFO Seek to 236 succeeded
2026-02-12 19:21:03,393 copyAuxStoreThinned                               WARNING AthContainers/src/copyAuxStoreThinned.cxx:138: unlocked decoration UEcorr_Pt (955) in object of type xAOD::ElectronAuxContainer_v3
2026-02-12 19:21:03,397 copyAuxStoreThinned                               WARNING AthContainers/src/copyAuxStoreThinned.cxx:138: unlocked decoration UEcorr_Pt (955) in object of type xAOD::MuonAuxContainer_v5
2026-02-12 19:21:03,417 AthMpEvtLoopMgr.SharedEvtQueueConsumer               INFO Received from the queue: event num=240 chunk size=1
2026-02-12 19:21:03,418 AthMpEvtLoopMgr.SharedEvtQueueConsumer               INFO Seek to 240 succeeded
2026-02-12 19:21:04,397 copyAuxStoreThinned                               WARNING AthContainers/src/copyAuxStoreThinned.cxx:138: unlocked decoration UEcorr_Pt (955) in object of type xAOD::ElectronAuxContainer_v3
2026-02-12 19:21:04,401 copyAuxStoreThinned                               WARNING AthContainers/src/copyAuxStoreThinned.cxx:138: unlocked decoration UEcorr_Pt (955) in object of type xAOD::MuonAuxContainer_v5
2026-02-12 19:21:04,422 AthMpEvtLoopMgr.SharedEvtQueueConsumer               INFO Received from the queue: event num=242 chunk size=1
2026-02-12 19:21:04,422 AthMpEvtLoopMgr.SharedEvtQueueConsumer               INFO Seek to 242 succeeded
2026-02-12 19:21:05,415 copyAuxStoreThinned                               WARNING AthContainers/src/copyAuxStoreThinned.cxx:138: unlocked decoration UEcorr_Pt (955) in object of type xAOD::ElectronAuxContainer_v3
2026-02-12 19:21:05,419 copyAuxStoreThinned                               WARNING AthContainers/src/copyAuxStoreThinned.cxx:138: unlocked decoration UEcorr_Pt (955) in object of type xAOD::MuonAuxContainer_v5
2026-02-12 19:21:05,438 AthMpEvtLoopMgr.SharedEvtQueueConsumer               INFO Received from the queue: event num=246 chunk size=1
2026-02-12 19:21:05,439 AthMpEvtLoopMgr.SharedEvtQueueConsumer               INFO Seek to 246 succeeded
2026-02-12 19:21:06,446 copyAuxStoreThinned                               WARNING AthContainers/src/copyAuxStoreThinned.cxx:138: unlocked decoration UEcorr_Pt (955) in object of type xAOD::ElectronAuxContainer_v3
2026-02-12 19:21:06,450 copyAuxStoreThinned                               WARNING AthContainers/src/copyAuxStoreThinned.cxx:138: unlocked decoration UEcorr_Pt (955) in object of type xAOD::MuonAuxContainer_v5
2026-02-12 19:21:06,469 AthMpEvtLoopMgr.SharedEvtQueueConsumer               INFO Received from the queue: event num=250 chunk size=1
2026-02-12 19:21:06,469 AthMpEvtLoopMgr.SharedEvtQueueConsumer               INFO Seek to 250 succeeded
2026-02-12 19:21:07,547 copyAuxStoreThinned                               WARNING AthContainers/src/copyAuxStoreThinned.cxx:138: unlocked decoration UEcorr_Pt (955) in object of type xAOD::ElectronAuxContainer_v3
2026-02-12 19:21:07,551 copyAuxStoreThinned                               WARNING AthContainers/src/copyAuxStoreThinned.cxx:138: unlocked decoration UEcorr_Pt (955) in object of type xAOD::MuonAuxContainer_v5
2026-02-12 19:21:07,569 AthMpEvtLoopMgr.SharedEvtQueueConsumer               INFO Received from the queue: event num=253 chunk size=1
2026-02-12 19:21:07,569 AthMpEvtLoopMgr.SharedEvtQueueConsumer               INFO Seek to 253 succeeded
2026-02-12 19:21:08,932 copyAuxStoreThinned                               WARNING AthContainers/src/copyAuxStoreThinned.cxx:138: unlocked decoration UEcorr_Pt (955) in object of type xAOD::ElectronAuxContainer_v3
2026-02-12 19:21:08,936 copyAuxStoreThinned                               WARNING AthContainers/src/copyAuxStoreThinned.cxx:138: unlocked decoration UEcorr_Pt (955) in object of type xAOD::MuonAuxContainer_v5
2026-02-12 19:21:08,955 AthMpEvtLoopMgr.SharedEvtQueueConsumer               INFO Received from the queue: event num=256 chunk size=1
2026-02-12 19:21:08,955 AthMpEvtLoopMgr.SharedEvtQueueConsumer               INFO Seek to 256 succeeded
2026-02-12 19:21:09,073 PerfMonMTSvc                                         INFO Event [   63] CPU Time: 00h01m25s, Wall Time: 00h03m35s, Vmem: 5.98 GB, Rss: 4.70 GB, Pss: 2.67 GB, Swap: 0.00 KB
2026-02-12 19:21:10,199 copyAuxStoreThinned                               WARNING AthContainers/src/copyAuxStoreThinned.cxx:138: unlocked decoration UEcorr_Pt (955) in object of type xAOD::ElectronAuxContainer_v3
2026-02-12 19:21:10,203 copyAuxStoreThinned                               WARNING AthContainers/src/copyAuxStoreThinned.cxx:138: unlocked decoration UEcorr_Pt (955) in object of type xAOD::MuonAuxContainer_v5
2026-02-12 19:21:10,222 AthMpEvtLoopMgr.SharedEvtQueueConsumer               INFO Received from the queue: event num=258 chunk size=1
2026-02-12 19:21:10,222 AthMpEvtLoopMgr.SharedEvtQueueConsumer               INFO Seek to 258 succeeded
2026-02-12 19:21:11,176 copyAuxStoreThinned                               WARNING AthContainers/src/copyAuxStoreThinned.cxx:138: unlocked decoration UEcorr_Pt (955) in object of type xAOD::ElectronAuxContainer_v3
2026-02-12 19:21:11,180 copyAuxStoreThinned                               WARNING AthContainers/src/copyAuxStoreThinned.cxx:138: unlocked decoration UEcorr_Pt (955) in object of type xAOD::MuonAuxContainer_v5
2026-02-12 19:21:11,199 AthMpEvtLoopMgr.SharedEvtQueueConsumer               INFO Received from the queue: event num=262 chunk size=1
2026-02-12 19:21:11,199 AthMpEvtLoopMgr.SharedEvtQueueConsumer               INFO Seek to 262 succeeded
2026-02-12 19:21:12,175 copyAuxStoreThinned                               WARNING AthContainers/src/copyAuxStoreThinned.cxx:138: unlocked decoration UEcorr_Pt (955) in object of type xAOD::ElectronAuxContainer_v3
2026-02-12 19:21:12,179 copyAuxStoreThinned                               WARNING AthContainers/src/copyAuxStoreThinned.cxx:138: unlocked decoration UEcorr_Pt (955) in object of type xAOD::MuonAuxContainer_v5
2026-02-12 19:21:12,197 AthMpEvtLoopMgr.SharedEvtQueueConsumer               INFO Received from the queue: event num=265 chunk size=1
2026-02-12 19:21:12,197 AthMpEvtLoopMgr.SharedEvtQueueConsumer               INFO Seek to 265 succeeded
2026-02-12 19:21:13,454 copyAuxStoreThinned                               WARNING AthContainers/src/copyAuxStoreThinned.cxx:138: unlocked decoration UEcorr_Pt (955) in object of type xAOD::ElectronAuxContainer_v3
2026-02-12 19:21:13,457 copyAuxStoreThinned                               WARNING AthContainers/src/copyAuxStoreThinned.cxx:138: unlocked decoration UEcorr_Pt (955) in object of type xAOD::MuonAuxContainer_v5
2026-02-12 19:21:13,477 AthMpEvtLoopMgr.SharedEvtQueueConsumer               INFO Received from the queue: event num=269 chunk size=1
2026-02-12 19:21:13,477 AthMpEvtLoopMgr.SharedEvtQueueConsumer               INFO Seek to 269 succeeded
2026-02-12 19:21:15,032 copyAuxStoreThinned                               WARNING AthContainers/src/copyAuxStoreThinned.cxx:138: unlocked decoration UEcorr_Pt (955) in object of type xAOD::ElectronAuxContainer_v3
2026-02-12 19:21:15,036 copyAuxStoreThinned                               WARNING AthContainers/src/copyAuxStoreThinned.cxx:138: unlocked decoration UEcorr_Pt (955) in object of type xAOD::MuonAuxContainer_v5
2026-02-12 19:21:15,055 AthMpEvtLoopMgr.SharedEvtQueueConsumer               INFO Received from the queue: event num=273 chunk size=1
2026-02-12 19:21:15,056 AthMpEvtLoopMgr.SharedEvtQueueConsumer               INFO Seek to 273 succeeded
2026-02-12 19:21:16,387 copyAuxStoreThinned                               WARNING AthContainers/src/copyAuxStoreThinned.cxx:138: unlocked decoration UEcorr_Pt (955) in object of type xAOD::ElectronAuxContainer_v3
2026-02-12 19:21:16,391 copyAuxStoreThinned                               WARNING AthContainers/src/copyAuxStoreThinned.cxx:138: unlocked decoration UEcorr_Pt (955) in object of type xAOD::MuonAuxContainer_v5
2026-02-12 19:21:16,410 AthMpEvtLoopMgr.SharedEvtQueueConsumer               INFO Received from the queue: event num=276 chunk size=1
2026-02-12 19:21:16,411 AthMpEvtLoopMgr.SharedEvtQueueConsumer               INFO Seek to 276 succeeded
2026-02-12 19:21:17,676 copyAuxStoreThinned                               WARNING AthContainers/src/copyAuxStoreThinned.cxx:138: unlocked decoration UEcorr_Pt (955) in object of type xAOD::ElectronAuxContainer_v3
2026-02-12 19:21:17,700 AthMpEvtLoopMgr.SharedEvtQueueConsumer               INFO Received from the queue: event num=281 chunk size=1
2026-02-12 19:21:17,701 AthMpEvtLoopMgr.SharedEvtQueueConsumer               INFO Seek to 281 succeeded
2026-02-12 19:21:19,362 copyAuxStoreThinned                               WARNING AthContainers/src/copyAuxStoreThinned.cxx:138: unlocked decoration UEcorr_Pt (955) in object of type xAOD::ElectronAuxContainer_v3
2026-02-12 19:21:19,392 AthMpEvtLoopMgr.SharedEvtQueueConsumer               INFO Received from the queue: event num=286 chunk size=1
2026-02-12 19:21:19,393 AthMpEvtLoopMgr.SharedEvtQueueConsumer               INFO Seek to 286 succeeded
2026-02-12 19:21:20,380 copyAuxStoreThinned                               WARNING AthContainers/src/copyAuxStoreThinned.cxx:138: unlocked decoration UEcorr_Pt (955) in object of type xAOD::ElectronAuxContainer_v3
2026-02-12 19:21:20,384 copyAuxStoreThinned                               WARNING AthContainers/src/copyAuxStoreThinned.cxx:138: unlocked decoration UEcorr_Pt (955) in object of type xAOD::MuonAuxContainer_v5
2026-02-12 19:21:20,402 AthMpEvtLoopMgr.SharedEvtQueueConsumer               INFO Received from the queue: event num=289 chunk size=1
2026-02-12 19:21:20,402 AthMpEvtLoopMgr.SharedEvtQueueConsumer               INFO Seek to 289 succeeded
2026-02-12 19:21:21,424 copyAuxStoreThinned                               WARNING AthContainers/src/copyAuxStoreThinned.cxx:138: unlocked decoration UEcorr_Pt (955) in object of type xAOD::ElectronAuxContainer_v3
2026-02-12 19:21:21,428 copyAuxStoreThinned                               WARNING AthContainers/src/copyAuxStoreThinned.cxx:138: unlocked decoration UEcorr_Pt (955) in object of type xAOD::MuonAuxContainer_v5
2026-02-12 19:21:21,446 AthMpEvtLoopMgr.SharedEvtQueueConsumer               INFO Received from the queue: event num=292 chunk size=1
2026-02-12 19:21:21,446 AthMpEvtLoopMgr.SharedEvtQueueConsumer               INFO Seek to 292 succeeded
2026-02-12 19:21:22,909 copyAuxStoreThinned                               WARNING AthContainers/src/copyAuxStoreThinned.cxx:138: unlocked decoration UEcorr_Pt (955) in object of type xAOD::ElectronAuxContainer_v3
2026-02-12 19:21:22,930 AthMpEvtLoopMgr.SharedEvtQueueConsumer               INFO Received from the queue: event num=296 chunk size=1
2026-02-12 19:21:22,931 AthMpEvtLoopMgr.SharedEvtQueueConsumer               INFO Seek to 296 succeeded
2026-02-12 19:21:24,007 copyAuxStoreThinned                               WARNING AthContainers/src/copyAuxStoreThinned.cxx:138: unlocked decoration UEcorr_Pt (955) in object of type xAOD::ElectronAuxContainer_v3
2026-02-12 19:21:24,011 copyAuxStoreThinned                               WARNING AthContainers/src/copyAuxStoreThinned.cxx:138: unlocked decoration UEcorr_Pt (955) in object of type xAOD::MuonAuxContainer_v5
2026-02-12 19:21:24,030 AthMpEvtLoopMgr.SharedEvtQueueConsumer               INFO Received from the queue: event num=299 chunk size=1
2026-02-12 19:21:24,030 AthMpEvtLoopMgr.SharedEvtQueueConsumer               INFO Seek to 299 succeeded
2026-02-12 19:21:24,925 copyAuxStoreThinned                               WARNING AthContainers/src/copyAuxStoreThinned.cxx:138: unlocked decoration UEcorr_Pt (955) in object of type xAOD::ElectronAuxContainer_v3
2026-02-12 19:21:24,929 copyAuxStoreThinned                               WARNING AthContainers/src/copyAuxStoreThinned.cxx:138: unlocked decoration UEcorr_Pt (955) in object of type xAOD::MuonAuxContainer_v5
2026-02-12 19:21:24,948 AthMpEvtLoopMgr.SharedEvtQueueConsumer               INFO Received from the queue: event num=302 chunk size=1
2026-02-12 19:21:24,948 AthMpEvtLoopMgr.SharedEvtQueueConsumer               INFO Seek to 302 succeeded
2026-02-12 19:21:26,003 copyAuxStoreThinned                               WARNING AthContainers/src/copyAuxStoreThinned.cxx:138: unlocked decoration UEcorr_Pt (955) in object of type xAOD::ElectronAuxContainer_v3
2026-02-12 19:21:26,007 copyAuxStoreThinned                               WARNING AthContainers/src/copyAuxStoreThinned.cxx:138: unlocked decoration UEcorr_Pt (955) in object of type xAOD::MuonAuxContainer_v5
2026-02-12 19:21:26,026 AthMpEvtLoopMgr.SharedEvtQueueConsumer               INFO Received from the queue: event num=306 chunk size=1
2026-02-12 19:21:26,026 AthMpEvtLoopMgr.SharedEvtQueueConsumer               INFO Seek to 306 succeeded
2026-02-12 19:21:27,216 copyAuxStoreThinned                               WARNING AthContainers/src/copyAuxStoreThinned.cxx:138: unlocked decoration UEcorr_Pt (955) in object of type xAOD::ElectronAuxContainer_v3
2026-02-12 19:21:27,237 AthMpEvtLoopMgr.SharedEvtQueueConsumer               INFO Received from the queue: event num=309 chunk size=1
2026-02-12 19:21:27,238 AthMpEvtLoopMgr.SharedEvtQueueConsumer               INFO Seek to 309 succeeded
2026-02-12 19:21:28,064 copyAuxStoreThinned                               WARNING AthContainers/src/copyAuxStoreThinned.cxx:138: unlocked decoration UEcorr_Pt (955) in object of type xAOD::ElectronAuxContainer_v3
2026-02-12 19:21:28,068 copyAuxStoreThinned                               WARNING AthContainers/src/copyAuxStoreThinned.cxx:138: unlocked decoration UEcorr_Pt (955) in object of type xAOD::MuonAuxContainer_v5
2026-02-12 19:21:28,088 AthMpEvtLoopMgr.SharedEvtQueueConsumer               INFO Received from the queue: event num=312 chunk size=1
2026-02-12 19:21:28,088 AthMpEvtLoopMgr.SharedEvtQueueConsumer               INFO Seek to 312 succeeded
2026-02-12 19:21:29,288 copyAuxStoreThinned                               WARNING AthContainers/src/copyAuxStoreThinned.cxx:138: unlocked decoration UEcorr_Pt (955) in object of type xAOD::ElectronAuxContainer_v3
2026-02-12 19:21:29,292 copyAuxStoreThinned                               WARNING AthContainers/src/copyAuxStoreThinned.cxx:138: unlocked decoration UEcorr_Pt (955) in object of type xAOD::MuonAuxContainer_v5
2026-02-12 19:21:29,313 AthMpEvtLoopMgr.SharedEvtQueueConsumer               INFO Received from the queue: event num=316 chunk size=1
2026-02-12 19:21:29,313 AthMpEvtLoopMgr.SharedEvtQueueConsumer               INFO Seek to 316 succeeded
2026-02-12 19:21:30,800 copyAuxStoreThinned                               WARNING AthContainers/src/copyAuxStoreThinned.cxx:138: unlocked decoration UEcorr_Pt (955) in object of type xAOD::ElectronAuxContainer_v3
2026-02-12 19:21:30,804 copyAuxStoreThinned                               WARNING AthContainers/src/copyAuxStoreThinned.cxx:138: unlocked decoration UEcorr_Pt (955) in object of type xAOD::MuonAuxContainer_v5
2026-02-12 19:21:30,825 AthMpEvtLoopMgr.SharedEvtQueueConsumer               INFO Received from the queue: event num=321 chunk size=1
2026-02-12 19:21:30,825 AthMpEvtLoopMgr.SharedEvtQueueConsumer               INFO Seek to 321 succeeded
2026-02-12 19:21:31,937 copyAuxStoreThinned                               WARNING AthContainers/src/copyAuxStoreThinned.cxx:138: unlocked decoration UEcorr_Pt (955) in object of type xAOD::ElectronAuxContainer_v3
2026-02-12 19:21:31,941 copyAuxStoreThinned                               WARNING AthContainers/src/copyAuxStoreThinned.cxx:138: unlocked decoration UEcorr_Pt (955) in object of type xAOD::MuonAuxContainer_v5
2026-02-12 19:21:31,960 AthMpEvtLoopMgr.SharedEvtQueueConsumer               INFO Received from the queue: event num=325 chunk size=1
2026-02-12 19:21:31,960 AthMpEvtLoopMgr.SharedEvtQueueConsumer               INFO Seek to 325 succeeded
WARNING from FastJet: ClusterSequenceAreaBase::get_median_rho_and_sigma(...): the estimated empty area is suspiciously large and negative and may lead to an over-estimation of rho. This may be due to (i) a rare statistical fluctuation or (ii) too small a range used to estimate the background properties.
2026-02-12 19:21:33,616 copyAuxStoreThinned                               WARNING AthContainers/src/copyAuxStoreThinned.cxx:138: unlocked decoration UEcorr_Pt (955) in object of type xAOD::ElectronAuxContainer_v3
2026-02-12 19:21:33,620 copyAuxStoreThinned                               WARNING AthContainers/src/copyAuxStoreThinned.cxx:138: unlocked decoration UEcorr_Pt (955) in object of type xAOD::MuonAuxContainer_v5
2026-02-12 19:21:33,641 AthMpEvtLoopMgr.SharedEvtQueueConsumer               INFO Received from the queue: event num=329 chunk size=1
2026-02-12 19:21:33,642 AthMpEvtLoopMgr.SharedEvtQueueConsumer               INFO Seek to 329 succeeded
2026-02-12 19:21:34,977 copyAuxStoreThinned                               WARNING AthContainers/src/copyAuxStoreThinned.cxx:138: unlocked decoration UEcorr_Pt (955) in object of type xAOD::ElectronAuxContainer_v3
2026-02-12 19:21:34,999 AthMpEvtLoopMgr.SharedEvtQueueConsumer               INFO Received from the queue: event num=333 chunk size=1
2026-02-12 19:21:35,000 AthMpEvtLoopMgr.SharedEvtQueueConsumer               INFO Seek to 333 succeeded
2026-02-12 19:21:36,213 copyAuxStoreThinned                               WARNING AthContainers/src/copyAuxStoreThinned.cxx:138: unlocked decoration UEcorr_Pt (955) in object of type xAOD::ElectronAuxContainer_v3
2026-02-12 19:21:36,217 copyAuxStoreThinned                               WARNING AthContainers/src/copyAuxStoreThinned.cxx:138: unlocked decoration UEcorr_Pt (955) in object of type xAOD::MuonAuxContainer_v5
2026-02-12 19:21:36,237 AthMpEvtLoopMgr.SharedEvtQueueConsumer               INFO Received from the queue: event num=337 chunk size=1
2026-02-12 19:21:36,237 AthMpEvtLoopMgr.SharedEvtQueueConsumer               INFO Seek to 337 succeeded
2026-02-12 19:21:37,785 copyAuxStoreThinned                               WARNING AthContainers/src/copyAuxStoreThinned.cxx:138: unlocked decoration UEcorr_Pt (955) in object of type xAOD::ElectronAuxContainer_v3
2026-02-12 19:21:37,789 copyAuxStoreThinned                               WARNING AthContainers/src/copyAuxStoreThinned.cxx:138: unlocked decoration UEcorr_Pt (955) in object of type xAOD::MuonAuxContainer_v5
2026-02-12 19:21:37,810 AthMpEvtLoopMgr.SharedEvtQueueConsumer               INFO Received from the queue: event num=342 chunk size=1
2026-02-12 19:21:37,810 AthMpEvtLoopMgr.SharedEvtQueueConsumer               INFO Seek to 342 succeeded
2026-02-12 19:21:39,321 copyAuxStoreThinned                               WARNING AthContainers/src/copyAuxStoreThinned.cxx:138: unlocked decoration UEcorr_Pt (955) in object of type xAOD::ElectronAuxContainer_v3
2026-02-12 19:21:39,325 copyAuxStoreThinned                               WARNING AthContainers/src/copyAuxStoreThinned.cxx:138: unlocked decoration UEcorr_Pt (955) in object of type xAOD::MuonAuxContainer_v5
2026-02-12 19:21:39,345 AthMpEvtLoopMgr.SharedEvtQueueConsumer               INFO Received from the queue: event num=346 chunk size=1
2026-02-12 19:21:39,345 AthMpEvtLoopMgr.SharedEvtQueueConsumer               INFO Seek to 346 succeeded
2026-02-12 19:21:39,463 PerfMonMTSvc                                         INFO Event [   87] CPU Time: 00h01m55s, Wall Time: 00h04m05s, Vmem: 6.12 GB, Rss: 4.83 GB, Pss: 2.80 GB, Swap: 0.00 KB
2026-02-12 19:21:40,714 copyAuxStoreThinned                               WARNING AthContainers/src/copyAuxStoreThinned.cxx:138: unlocked decoration UEcorr_Pt (955) in object of type xAOD::ElectronAuxContainer_v3
2026-02-12 19:21:40,718 copyAuxStoreThinned                               WARNING AthContainers/src/copyAuxStoreThinned.cxx:138: unlocked decoration UEcorr_Pt (955) in object of type xAOD::MuonAuxContainer_v5
2026-02-12 19:21:40,739 AthMpEvtLoopMgr.SharedEvtQueueConsumer               INFO Received from the queue: event num=351 chunk size=1
2026-02-12 19:21:40,739 AthMpEvtLoopMgr.SharedEvtQueueConsumer               INFO Seek to 351 succeeded
2026-02-12 19:21:41,859 copyAuxStoreThinned                               WARNING AthContainers/src/copyAuxStoreThinned.cxx:138: unlocked decoration UEcorr_Pt (955) in object of type xAOD::ElectronAuxContainer_v3
2026-02-12 19:21:41,863 copyAuxStoreThinned                               WARNING AthContainers/src/copyAuxStoreThinned.cxx:138: unlocked decoration UEcorr_Pt (955) in object of type xAOD::MuonAuxContainer_v5
2026-02-12 19:21:41,882 AthMpEvtLoopMgr.SharedEvtQueueConsumer               INFO Received from the queue: event num=355 chunk size=1
2026-02-12 19:21:41,882 AthMpEvtLoopMgr.SharedEvtQueueConsumer               INFO Seek to 355 succeeded
2026-02-12 19:21:43,094 copyAuxStoreThinned                               WARNING AthContainers/src/copyAuxStoreThinned.cxx:138: unlocked decoration UEcorr_Pt (955) in object of type xAOD::ElectronAuxContainer_v3
2026-02-12 19:21:43,098 copyAuxStoreThinned                               WARNING AthContainers/src/copyAuxStoreThinned.cxx:138: unlocked decoration UEcorr_Pt (955) in object of type xAOD::MuonAuxContainer_v5
2026-02-12 19:21:43,118 AthMpEvtLoopMgr.SharedEvtQueueConsumer               INFO Received from the queue: event num=358 chunk size=1
2026-02-12 19:21:43,118 AthMpEvtLoopMgr.SharedEvtQueueConsumer               INFO Seek to 358 succeeded
2026-02-12 19:21:44,361 copyAuxStoreThinned                               WARNING AthContainers/src/copyAuxStoreThinned.cxx:138: unlocked decoration UEcorr_Pt (955) in object of type xAOD::ElectronAuxContainer_v3
2026-02-12 19:21:44,365 copyAuxStoreThinned                               WARNING AthContainers/src/copyAuxStoreThinned.cxx:138: unlocked decoration UEcorr_Pt (955) in object of type xAOD::MuonAuxContainer_v5
2026-02-12 19:21:44,384 AthMpEvtLoopMgr.SharedEvtQueueConsumer               INFO Received from the queue: event num=362 chunk size=1
2026-02-12 19:21:44,384 AthMpEvtLoopMgr.SharedEvtQueueConsumer               INFO Seek to 362 succeeded
2026-02-12 19:21:45,651 copyAuxStoreThinned                               WARNING AthContainers/src/copyAuxStoreThinned.cxx:138: unlocked decoration UEcorr_Pt (955) in object of type xAOD::ElectronAuxContainer_v3
2026-02-12 19:21:45,655 copyAuxStoreThinned                               WARNING AthContainers/src/copyAuxStoreThinned.cxx:138: unlocked decoration UEcorr_Pt (955) in object of type xAOD::MuonAuxContainer_v5
2026-02-12 19:21:45,674 AthMpEvtLoopMgr.SharedEvtQueueConsumer               INFO Received from the queue: event num=366 chunk size=1
2026-02-12 19:21:45,674 AthMpEvtLoopMgr.SharedEvtQueueConsumer               INFO Seek to 366 succeeded
2026-02-12 19:21:47,363 copyAuxStoreThinned                               WARNING AthContainers/src/copyAuxStoreThinned.cxx:138: unlocked decoration UEcorr_Pt (955) in object of type xAOD::ElectronAuxContainer_v3
2026-02-12 19:21:47,368 copyAuxStoreThinned                               WARNING AthContainers/src/copyAuxStoreThinned.cxx:138: unlocked decoration UEcorr_Pt (955) in object of type xAOD::MuonAuxContainer_v5
2026-02-12 19:21:47,388 AthMpEvtLoopMgr.SharedEvtQueueConsumer               INFO Received from the queue: event num=371 chunk size=1
2026-02-12 19:21:47,389 AthMpEvtLoopMgr.SharedEvtQueueConsumer               INFO Seek to 371 succeeded
2026-02-12 19:21:48,706 copyAuxStoreThinned                               WARNING AthContainers/src/copyAuxStoreThinned.cxx:138: unlocked decoration UEcorr_Pt (955) in object of type xAOD::ElectronAuxContainer_v3
2026-02-12 19:21:48,710 copyAuxStoreThinned                               WARNING AthContainers/src/copyAuxStoreThinned.cxx:138: unlocked decoration UEcorr_Pt (955) in object of type xAOD::MuonAuxContainer_v5
2026-02-12 19:21:48,730 AthMpEvtLoopMgr.SharedEvtQueueConsumer               INFO Received from the queue: event num=375 chunk size=1
2026-02-12 19:21:48,730 AthMpEvtLoopMgr.SharedEvtQueueConsumer               INFO Seek to 375 succeeded
2026-02-12 19:21:49,834 copyAuxStoreThinned                               WARNING AthContainers/src/copyAuxStoreThinned.cxx:138: unlocked decoration UEcorr_Pt (955) in object of type xAOD::ElectronAuxContainer_v3
2026-02-12 19:21:49,838 copyAuxStoreThinned                               WARNING AthContainers/src/copyAuxStoreThinned.cxx:138: unlocked decoration UEcorr_Pt (955) in object of type xAOD::MuonAuxContainer_v5
2026-02-12 19:21:49,857 AthMpEvtLoopMgr.SharedEvtQueueConsumer               INFO Received from the queue: event num=379 chunk size=1
2026-02-12 19:21:49,857 AthMpEvtLoopMgr.SharedEvtQueueConsumer               INFO Seek to 379 succeeded
2026-02-12 19:21:51,399 copyAuxStoreThinned                               WARNING AthContainers/src/copyAuxStoreThinned.cxx:138: unlocked decoration UEcorr_Pt (955) in object of type xAOD::ElectronAuxContainer_v3
2026-02-12 19:21:51,403 copyAuxStoreThinned                               WARNING AthContainers/src/copyAuxStoreThinned.cxx:138: unlocked decoration UEcorr_Pt (955) in object of type xAOD::MuonAuxContainer_v5
2026-02-12 19:21:51,422 AthMpEvtLoopMgr.SharedEvtQueueConsumer               INFO Received from the queue: event num=383 chunk size=1
2026-02-12 19:21:51,423 AthMpEvtLoopMgr.SharedEvtQueueConsumer               INFO Seek to 383 succeeded
2026-02-12 19:21:52,616 copyAuxStoreThinned                               WARNING AthContainers/src/copyAuxStoreThinned.cxx:138: unlocked decoration UEcorr_Pt (955) in object of type xAOD::ElectronAuxContainer_v3
2026-02-12 19:21:52,619 copyAuxStoreThinned                               WARNING AthContainers/src/copyAuxStoreThinned.cxx:138: unlocked decoration UEcorr_Pt (955) in object of type xAOD::MuonAuxContainer_v5
2026-02-12 19:21:52,637 AthMpEvtLoopMgr.SharedEvtQueueConsumer               INFO Received from the queue: event num=387 chunk size=1
2026-02-12 19:21:52,637 AthMpEvtLoopMgr.SharedEvtQueueConsumer               INFO Seek to 387 succeeded
2026-02-12 19:21:53,787 copyAuxStoreThinned                               WARNING AthContainers/src/copyAuxStoreThinned.cxx:138: unlocked decoration UEcorr_Pt (955) in object of type xAOD::ElectronAuxContainer_v3
2026-02-12 19:21:53,791 copyAuxStoreThinned                               WARNING AthContainers/src/copyAuxStoreThinned.cxx:138: unlocked decoration UEcorr_Pt (955) in object of type xAOD::MuonAuxContainer_v5
2026-02-12 19:21:53,810 AthMpEvtLoopMgr.SharedEvtQueueConsumer               INFO Received from the queue: event num=390 chunk size=1
2026-02-12 19:21:53,810 AthMpEvtLoopMgr.SharedEvtQueueConsumer               INFO Seek to 390 succeeded
2026-02-12 19:21:55,099 copyAuxStoreThinned                               WARNING AthContainers/src/copyAuxStoreThinned.cxx:138: unlocked decoration UEcorr_Pt (955) in object of type xAOD::ElectronAuxContainer_v3
2026-02-12 19:21:55,103 copyAuxStoreThinned                               WARNING AthContainers/src/copyAuxStoreThinned.cxx:138: unlocked decoration UEcorr_Pt (955) in object of type xAOD::MuonAuxContainer_v5
2026-02-12 19:21:55,122 AthMpEvtLoopMgr.SharedEvtQueueConsumer               INFO Received from the queue: event num=393 chunk size=1
2026-02-12 19:21:55,123 AthMpEvtLoopMgr.SharedEvtQueueConsumer               INFO Seek to 393 succeeded
2026-02-12 19:21:55,954 copyAuxStoreThinned                               WARNING AthContainers/src/copyAuxStoreThinned.cxx:138: unlocked decoration UEcorr_Pt (955) in object of type xAOD::ElectronAuxContainer_v3
2026-02-12 19:21:55,958 copyAuxStoreThinned                               WARNING AthContainers/src/copyAuxStoreThinned.cxx:138: unlocked decoration UEcorr_Pt (955) in object of type xAOD::MuonAuxContainer_v5
2026-02-12 19:21:55,976 AthMpEvtLoopMgr.SharedEvtQueueConsumer               INFO Received from the queue: event num=396 chunk size=1
2026-02-12 19:21:55,977 AthMpEvtLoopMgr.SharedEvtQueueConsumer               INFO Seek to 396 succeeded
2026-02-12 19:21:57,563 copyAuxStoreThinned                               WARNING AthContainers/src/copyAuxStoreThinned.cxx:138: unlocked decoration UEcorr_Pt (955) in object of type xAOD::ElectronAuxContainer_v3
2026-02-12 19:21:57,567 copyAuxStoreThinned                               WARNING AthContainers/src/copyAuxStoreThinned.cxx:138: unlocked decoration UEcorr_Pt (955) in object of type xAOD::MuonAuxContainer_v5
2026-02-12 19:21:57,587 AthMpEvtLoopMgr.SharedEvtQueueConsumer               INFO Received from the queue: event num=401 chunk size=1
2026-02-12 19:21:57,587 AthMpEvtLoopMgr.SharedEvtQueueConsumer               INFO Seek to 401 succeeded
2026-02-12 19:21:57,588 AthenaEventLoopMgr                                   INFO   ===>>>  start processing event #334732399, run #450000 100 events processed so far  <<<===
2026-02-12 19:21:59,065 copyAuxStoreThinned                               WARNING AthContainers/src/copyAuxStoreThinned.cxx:138: unlocked decoration UEcorr_Pt (955) in object of type xAOD::ElectronAuxContainer_v3
2026-02-12 19:21:59,069 copyAuxStoreThinned                               WARNING AthContainers/src/copyAuxStoreThinned.cxx:138: unlocked decoration UEcorr_Pt (955) in object of type xAOD::MuonAuxContainer_v5
2026-02-12 19:21:59,084 AthenaEventLoopMgr                                   INFO   ===>>>  done processing event #334732399, run #450000 101 events processed so far  <<<===
2026-02-12 19:22:00,580 AthMpEvtLoopMgr.SharedEvtQueueConsumer               INFO Received from the queue: event num=406 chunk size=1
2026-02-12 19:22:00,580 AthMpEvtLoopMgr.SharedEvtQueueConsumer               INFO Seek to 406 succeeded
2026-02-12 19:22:01,468 copyAuxStoreThinned                               WARNING AthContainers/src/copyAuxStoreThinned.cxx:138: unlocked decoration UEcorr_Pt (955) in object of type xAOD::ElectronAuxContainer_v3
2026-02-12 19:22:01,473 copyAuxStoreThinned                               WARNING AthContainers/src/copyAuxStoreThinned.cxx:138: unlocked decoration UEcorr_Pt (955) in object of type xAOD::MuonAuxContainer_v5
2026-02-12 19:22:01,492 AthMpEvtLoopMgr.SharedEvtQueueConsumer               INFO Received from the queue: event num=410 chunk size=1
2026-02-12 19:22:01,493 AthMpEvtLoopMgr.SharedEvtQueueConsumer               INFO Seek to 410 succeeded
2026-02-12 19:22:03,002 copyAuxStoreThinned                               WARNING AthContainers/src/copyAuxStoreThinned.cxx:138: unlocked decoration UEcorr_Pt (955) in object of type xAOD::ElectronAuxContainer_v3
2026-02-12 19:22:03,006 copyAuxStoreThinned                               WARNING AthContainers/src/copyAuxStoreThinned.cxx:138: unlocked decoration UEcorr_Pt (955) in object of type xAOD::MuonAuxContainer_v5
2026-02-12 19:22:03,027 AthMpEvtLoopMgr.SharedEvtQueueConsumer               INFO Received from the queue: event num=415 chunk size=1
2026-02-12 19:22:03,027 AthMpEvtLoopMgr.SharedEvtQueueConsumer               INFO Seek to 415 succeeded
2026-02-12 19:22:04,487 copyAuxStoreThinned                               WARNING AthContainers/src/copyAuxStoreThinned.cxx:138: unlocked decoration UEcorr_Pt (955) in object of type xAOD::ElectronAuxContainer_v3
2026-02-12 19:22:04,509 AthMpEvtLoopMgr.SharedEvtQueueConsumer               INFO Received from the queue: event num=420 chunk size=1
2026-02-12 19:22:04,509 AthMpEvtLoopMgr.SharedEvtQueueConsumer               INFO Seek to 420 succeeded
2026-02-12 19:22:06,023 copyAuxStoreThinned                               WARNING AthContainers/src/copyAuxStoreThinned.cxx:138: unlocked decoration UEcorr_Pt (955) in object of type xAOD::ElectronAuxContainer_v3
2026-02-12 19:22:06,027 copyAuxStoreThinned                               WARNING AthContainers/src/copyAuxStoreThinned.cxx:138: unlocked decoration UEcorr_Pt (955) in object of type xAOD::MuonAuxContainer_v5
2026-02-12 19:22:06,046 AthMpEvtLoopMgr.SharedEvtQueueConsumer               INFO Received from the queue: event num=424 chunk size=1
2026-02-12 19:22:06,047 AthMpEvtLoopMgr.SharedEvtQueueConsumer               INFO Seek to 424 succeeded
2026-02-12 19:22:07,254 copyAuxStoreThinned                               WARNING AthContainers/src/copyAuxStoreThinned.cxx:138: unlocked decoration UEcorr_Pt (955) in object of type xAOD::ElectronAuxContainer_v3
2026-02-12 19:22:07,258 copyAuxStoreThinned                               WARNING AthContainers/src/copyAuxStoreThinned.cxx:138: unlocked decoration UEcorr_Pt (955) in object of type xAOD::MuonAuxContainer_v5
2026-02-12 19:22:07,278 AthMpEvtLoopMgr.SharedEvtQueueConsumer               INFO Received from the queue: event num=428 chunk size=1
2026-02-12 19:22:07,278 AthMpEvtLoopMgr.SharedEvtQueueConsumer               INFO Seek to 428 succeeded
2026-02-12 19:22:08,251 copyAuxStoreThinned                               WARNING AthContainers/src/copyAuxStoreThinned.cxx:138: unlocked decoration UEcorr_Pt (955) in object of type xAOD::ElectronAuxContainer_v3
2026-02-12 19:22:08,254 copyAuxStoreThinned                               WARNING AthContainers/src/copyAuxStoreThinned.cxx:138: unlocked decoration UEcorr_Pt (955) in object of type xAOD::MuonAuxContainer_v5
2026-02-12 19:22:08,274 AthMpEvtLoopMgr.SharedEvtQueueConsumer               INFO Received from the queue: event num=430 chunk size=1
2026-02-12 19:22:08,275 AthMpEvtLoopMgr.SharedEvtQueueConsumer               INFO Seek to 430 succeeded
2026-02-12 19:22:10,067 copyAuxStoreThinned                               WARNING AthContainers/src/copyAuxStoreThinned.cxx:138: unlocked decoration UEcorr_Pt (955) in object of type xAOD::ElectronAuxContainer_v3
2026-02-12 19:22:10,071 copyAuxStoreThinned                               WARNING AthContainers/src/copyAuxStoreThinned.cxx:138: unlocked decoration UEcorr_Pt (955) in object of type xAOD::MuonAuxContainer_v5
2026-02-12 19:22:10,093 AthMpEvtLoopMgr.SharedEvtQueueConsumer               INFO Received from the queue: event num=435 chunk size=1
2026-02-12 19:22:10,093 AthMpEvtLoopMgr.SharedEvtQueueConsumer               INFO Seek to 435 succeeded
2026-02-12 19:22:10,209 PerfMonMTSvc                                         INFO Event [  109] CPU Time: 00h02m24s, Wall Time: 00h04m36s, Vmem: 6.13 GB, Rss: 4.84 GB, Pss: 2.81 GB, Swap: 0.00 KB
2026-02-12 19:22:11,364 copyAuxStoreThinned                               WARNING AthContainers/src/copyAuxStoreThinned.cxx:138: unlocked decoration UEcorr_Pt (955) in object of type xAOD::ElectronAuxContainer_v3
2026-02-12 19:22:11,368 copyAuxStoreThinned                               WARNING AthContainers/src/copyAuxStoreThinned.cxx:138: unlocked decoration UEcorr_Pt (955) in object of type xAOD::MuonAuxContainer_v5
2026-02-12 19:22:11,387 AthMpEvtLoopMgr.SharedEvtQueueConsumer               INFO Received from the queue: event num=439 chunk size=1
2026-02-12 19:22:11,387 AthMpEvtLoopMgr.SharedEvtQueueConsumer               INFO Seek to 439 succeeded
2026-02-12 19:22:12,689 copyAuxStoreThinned                               WARNING AthContainers/src/copyAuxStoreThinned.cxx:138: unlocked decoration UEcorr_Pt (955) in object of type xAOD::ElectronAuxContainer_v3
2026-02-12 19:22:12,711 AthMpEvtLoopMgr.SharedEvtQueueConsumer               INFO Received from the queue: event num=442 chunk size=1
2026-02-12 19:22:12,711 AthMpEvtLoopMgr.SharedEvtQueueConsumer               INFO Seek to 442 succeeded
2026-02-12 19:22:13,631 copyAuxStoreThinned                               WARNING AthContainers/src/copyAuxStoreThinned.cxx:138: unlocked decoration UEcorr_Pt (955) in object of type xAOD::ElectronAuxContainer_v3
2026-02-12 19:22:13,634 copyAuxStoreThinned                               WARNING AthContainers/src/copyAuxStoreThinned.cxx:138: unlocked decoration UEcorr_Pt (955) in object of type xAOD::MuonAuxContainer_v5
2026-02-12 19:22:13,652 AthMpEvtLoopMgr.SharedEvtQueueConsumer               INFO Received from the queue: event num=445 chunk size=1
2026-02-12 19:22:13,652 AthMpEvtLoopMgr.SharedEvtQueueConsumer               INFO Seek to 445 succeeded
2026-02-12 19:22:14,954 copyAuxStoreThinned                               WARNING AthContainers/src/copyAuxStoreThinned.cxx:138: unlocked decoration UEcorr_Pt (955) in object of type xAOD::ElectronAuxContainer_v3
2026-02-12 19:22:14,958 copyAuxStoreThinned                               WARNING AthContainers/src/copyAuxStoreThinned.cxx:138: unlocked decoration UEcorr_Pt (955) in object of type xAOD::MuonAuxContainer_v5
2026-02-12 19:22:14,978 AthMpEvtLoopMgr.SharedEvtQueueConsumer               INFO Received from the queue: event num=449 chunk size=1
2026-02-12 19:22:14,978 AthMpEvtLoopMgr.SharedEvtQueueConsumer               INFO Seek to 449 succeeded
2026-02-12 19:22:16,356 copyAuxStoreThinned                               WARNING AthContainers/src/copyAuxStoreThinned.cxx:138: unlocked decoration UEcorr_Pt (955) in object of type xAOD::ElectronAuxContainer_v3
2026-02-12 19:22:16,359 copyAuxStoreThinned                               WARNING AthContainers/src/copyAuxStoreThinned.cxx:138: unlocked decoration UEcorr_Pt (955) in object of type xAOD::MuonAuxContainer_v5
2026-02-12 19:22:16,379 AthMpEvtLoopMgr.SharedEvtQueueConsumer               INFO Received from the queue: event num=454 chunk size=1
2026-02-12 19:22:16,379 AthMpEvtLoopMgr.SharedEvtQueueConsumer               INFO Seek to 454 succeeded
2026-02-12 19:22:17,520 copyAuxStoreThinned                               WARNING AthContainers/src/copyAuxStoreThinned.cxx:138: unlocked decoration UEcorr_Pt (955) in object of type xAOD::ElectronAuxContainer_v3
2026-02-12 19:22:17,524 copyAuxStoreThinned                               WARNING AthContainers/src/copyAuxStoreThinned.cxx:138: unlocked decoration UEcorr_Pt (955) in object of type xAOD::MuonAuxContainer_v5
2026-02-12 19:22:17,543 AthMpEvtLoopMgr.SharedEvtQueueConsumer               INFO Received from the queue: event num=458 chunk size=1
2026-02-12 19:22:17,544 AthMpEvtLoopMgr.SharedEvtQueueConsumer               INFO Seek to 458 succeeded
2026-02-12 19:22:19,102 copyAuxStoreThinned                               WARNING AthContainers/src/copyAuxStoreThinned.cxx:138: unlocked decoration UEcorr_Pt (955) in object of type xAOD::ElectronAuxContainer_v3
2026-02-12 19:22:19,105 copyAuxStoreThinned                               WARNING AthContainers/src/copyAuxStoreThinned.cxx:138: unlocked decoration UEcorr_Pt (955) in object of type xAOD::MuonAuxContainer_v5
2026-02-12 19:22:19,125 AthMpEvtLoopMgr.SharedEvtQueueConsumer               INFO Received from the queue: event num=462 chunk size=1
2026-02-12 19:22:19,125 AthMpEvtLoopMgr.SharedEvtQueueConsumer               INFO Seek to 462 succeeded
2026-02-12 19:22:20,288 copyAuxStoreThinned                               WARNING AthContainers/src/copyAuxStoreThinned.cxx:138: unlocked decoration UEcorr_Pt (955) in object of type xAOD::ElectronAuxContainer_v3
2026-02-12 19:22:20,292 copyAuxStoreThinned                               WARNING AthContainers/src/copyAuxStoreThinned.cxx:138: unlocked decoration UEcorr_Pt (955) in object of type xAOD::MuonAuxContainer_v5
2026-02-12 19:22:20,312 AthMpEvtLoopMgr.SharedEvtQueueConsumer               INFO Received from the queue: event num=464 chunk size=1
2026-02-12 19:22:20,312 AthMpEvtLoopMgr.SharedEvtQueueConsumer               INFO Seek to 464 succeeded
2026-02-12 19:22:22,205 copyAuxStoreThinned                               WARNING AthContainers/src/copyAuxStoreThinned.cxx:138: unlocked decoration UEcorr_Pt (955) in object of type xAOD::ElectronAuxContainer_v3
2026-02-12 19:22:22,228 AthMpEvtLoopMgr.SharedEvtQueueConsumer               INFO Received from the queue: event num=471 chunk size=1
2026-02-12 19:22:22,229 AthMpEvtLoopMgr.SharedEvtQueueConsumer               INFO Seek to 471 succeeded
2026-02-12 19:22:23,648 copyAuxStoreThinned                               WARNING AthContainers/src/copyAuxStoreThinned.cxx:138: unlocked decoration UEcorr_Pt (955) in object of type xAOD::ElectronAuxContainer_v3
2026-02-12 19:22:23,652 copyAuxStoreThinned                               WARNING AthContainers/src/copyAuxStoreThinned.cxx:138: unlocked decoration UEcorr_Pt (955) in object of type xAOD::MuonAuxContainer_v5
2026-02-12 19:22:23,672 AthMpEvtLoopMgr.SharedEvtQueueConsumer               INFO Received from the queue: event num=475 chunk size=1
2026-02-12 19:22:23,672 AthMpEvtLoopMgr.SharedEvtQueueConsumer               INFO Seek to 475 succeeded
2026-02-12 19:22:24,719 copyAuxStoreThinned                               WARNING AthContainers/src/copyAuxStoreThinned.cxx:138: unlocked decoration UEcorr_Pt (955) in object of type xAOD::ElectronAuxContainer_v3
2026-02-12 19:22:24,722 copyAuxStoreThinned                               WARNING AthContainers/src/copyAuxStoreThinned.cxx:138: unlocked decoration UEcorr_Pt (955) in object of type xAOD::MuonAuxContainer_v5
2026-02-12 19:22:24,741 AthMpEvtLoopMgr.SharedEvtQueueConsumer               INFO Received from the queue: event num=477 chunk size=1
2026-02-12 19:22:24,741 AthMpEvtLoopMgr.SharedEvtQueueConsumer               INFO Seek to 477 succeeded
2026-02-12 19:22:25,779 copyAuxStoreThinned                               WARNING AthContainers/src/copyAuxStoreThinned.cxx:138: unlocked decoration UEcorr_Pt (955) in object of type xAOD::ElectronAuxContainer_v3
2026-02-12 19:22:25,783 copyAuxStoreThinned                               WARNING AthContainers/src/copyAuxStoreThinned.cxx:138: unlocked decoration UEcorr_Pt (955) in object of type xAOD::MuonAuxContainer_v5
2026-02-12 19:22:25,803 AthMpEvtLoopMgr.SharedEvtQueueConsumer               INFO Received from the queue: event num=480 chunk size=1
2026-02-12 19:22:25,804 AthMpEvtLoopMgr.SharedEvtQueueConsumer               INFO Seek to 480 succeeded
2026-02-12 19:22:27,230 copyAuxStoreThinned                               WARNING AthContainers/src/copyAuxStoreThinned.cxx:138: unlocked decoration UEcorr_Pt (955) in object of type xAOD::ElectronAuxContainer_v3
2026-02-12 19:22:27,234 copyAuxStoreThinned                               WARNING AthContainers/src/copyAuxStoreThinned.cxx:138: unlocked decoration UEcorr_Pt (955) in object of type xAOD::MuonAuxContainer_v5
2026-02-12 19:22:27,253 AthMpEvtLoopMgr.SharedEvtQueueConsumer               INFO Received from the queue: event num=485 chunk size=1
2026-02-12 19:22:27,253 AthMpEvtLoopMgr.SharedEvtQueueConsumer               INFO Seek to 485 succeeded
2026-02-12 19:22:28,714 copyAuxStoreThinned                               WARNING AthContainers/src/copyAuxStoreThinned.cxx:138: unlocked decoration UEcorr_Pt (955) in object of type xAOD::ElectronAuxContainer_v3
2026-02-12 19:22:28,718 copyAuxStoreThinned                               WARNING AthContainers/src/copyAuxStoreThinned.cxx:138: unlocked decoration UEcorr_Pt (955) in object of type xAOD::MuonAuxContainer_v5
2026-02-12 19:22:28,739 AthMpEvtLoopMgr.SharedEvtQueueConsumer               INFO Received from the queue: event num=489 chunk size=1
2026-02-12 19:22:28,739 AthMpEvtLoopMgr.SharedEvtQueueConsumer               INFO Seek to 489 succeeded
2026-02-12 19:22:29,923 copyAuxStoreThinned                               WARNING AthContainers/src/copyAuxStoreThinned.cxx:138: unlocked decoration UEcorr_Pt (955) in object of type xAOD::ElectronAuxContainer_v3
2026-02-12 19:22:29,927 copyAuxStoreThinned                               WARNING AthContainers/src/copyAuxStoreThinned.cxx:138: unlocked decoration UEcorr_Pt (955) in object of type xAOD::MuonAuxContainer_v5
2026-02-12 19:22:29,949 AthMpEvtLoopMgr.SharedEvtQueueConsumer               INFO Received from the queue: event num=493 chunk size=1
2026-02-12 19:22:29,949 AthMpEvtLoopMgr.SharedEvtQueueConsumer               INFO Seek to 493 succeeded
2026-02-12 19:22:31,037 copyAuxStoreThinned                               WARNING AthContainers/src/copyAuxStoreThinned.cxx:138: unlocked decoration UEcorr_Pt (955) in object of type xAOD::ElectronAuxContainer_v3
2026-02-12 19:22:31,042 copyAuxStoreThinned                               WARNING AthContainers/src/copyAuxStoreThinned.cxx:138: unlocked decoration UEcorr_Pt (955) in object of type xAOD::MuonAuxContainer_v5
2026-02-12 19:22:31,060 AthMpEvtLoopMgr.SharedEvtQueueConsumer               INFO Received from the queue: event num=497 chunk size=1
2026-02-12 19:22:31,060 AthMpEvtLoopMgr.SharedEvtQueueConsumer               INFO Seek to 497 succeeded
2026-02-12 19:22:32,185 copyAuxStoreThinned                               WARNING AthContainers/src/copyAuxStoreThinned.cxx:138: unlocked decoration UEcorr_Pt (955) in object of type xAOD::ElectronAuxContainer_v3
2026-02-12 19:22:32,191 copyAuxStoreThinned                               WARNING AthContainers/src/copyAuxStoreThinned.cxx:138: unlocked decoration UEcorr_Pt (955) in object of type xAOD::MuonAuxContainer_v5
2026-02-12 19:22:32,212 AthMpEvtLoopMgr.SharedEvtQueueConsumer               INFO Received from the queue: event num=499 chunk size=1
2026-02-12 19:22:32,212 AthMpEvtLoopMgr.SharedEvtQueueConsumer               INFO Seek to 499 succeeded
2026-02-12 19:22:33,461 copyAuxStoreThinned                               WARNING AthContainers/src/copyAuxStoreThinned.cxx:138: unlocked decoration UEcorr_Pt (955) in object of type xAOD::ElectronAuxContainer_v3
2026-02-12 19:22:33,465 copyAuxStoreThinned                               WARNING AthContainers/src/copyAuxStoreThinned.cxx:138: unlocked decoration UEcorr_Pt (955) in object of type xAOD::MuonAuxContainer_v5
2026-02-12 19:22:33,485 AthMpEvtLoopMgr.SharedEvtQueueConsumer               INFO Received from the queue: event num=503 chunk size=1
2026-02-12 19:22:33,485 AthMpEvtLoopMgr.SharedEvtQueueConsumer               INFO Seek to 503 succeeded
2026-02-12 19:22:35,286 copyAuxStoreThinned                               WARNING AthContainers/src/copyAuxStoreThinned.cxx:138: unlocked decoration UEcorr_Pt (955) in object of type xAOD::ElectronAuxContainer_v3
2026-02-12 19:22:35,290 copyAuxStoreThinned                               WARNING AthContainers/src/copyAuxStoreThinned.cxx:138: unlocked decoration UEcorr_Pt (955) in object of type xAOD::MuonAuxContainer_v5
2026-02-12 19:22:35,314 AthMpEvtLoopMgr.SharedEvtQueueConsumer               INFO Received from the queue: event num=507 chunk size=1
2026-02-12 19:22:35,314 AthMpEvtLoopMgr.SharedEvtQueueConsumer               INFO Seek to 507 succeeded
2026-02-12 19:22:37,369 copyAuxStoreThinned                               WARNING AthContainers/src/copyAuxStoreThinned.cxx:138: unlocked decoration UEcorr_Pt (955) in object of type xAOD::ElectronAuxContainer_v3
2026-02-12 19:22:37,373 copyAuxStoreThinned                               WARNING AthContainers/src/copyAuxStoreThinned.cxx:138: unlocked decoration UEcorr_Pt (955) in object of type xAOD::MuonAuxContainer_v5
2026-02-12 19:22:37,396 AthMpEvtLoopMgr.SharedEvtQueueConsumer               INFO Received from the queue: event num=513 chunk size=1
2026-02-12 19:22:37,397 AthMpEvtLoopMgr.SharedEvtQueueConsumer               INFO Seek to 513 succeeded
2026-02-12 19:22:38,580 copyAuxStoreThinned                               WARNING AthContainers/src/copyAuxStoreThinned.cxx:138: unlocked decoration UEcorr_Pt (955) in object of type xAOD::ElectronAuxContainer_v3
2026-02-12 19:22:38,585 copyAuxStoreThinned                               WARNING AthContainers/src/copyAuxStoreThinned.cxx:138: unlocked decoration UEcorr_Pt (955) in object of type xAOD::MuonAuxContainer_v5
2026-02-12 19:22:38,604 AthMpEvtLoopMgr.SharedEvtQueueConsumer               INFO Received from the queue: event num=517 chunk size=1
2026-02-12 19:22:38,605 AthMpEvtLoopMgr.SharedEvtQueueConsumer               INFO Seek to 517 succeeded
2026-02-12 19:22:39,734 copyAuxStoreThinned                               WARNING AthContainers/src/copyAuxStoreThinned.cxx:138: unlocked decoration UEcorr_Pt (955) in object of type xAOD::ElectronAuxContainer_v3
2026-02-12 19:22:39,738 copyAuxStoreThinned                               WARNING AthContainers/src/copyAuxStoreThinned.cxx:138: unlocked decoration UEcorr_Pt (955) in object of type xAOD::MuonAuxContainer_v5
2026-02-12 19:22:39,756 AthMpEvtLoopMgr.SharedEvtQueueConsumer               INFO Received from the queue: event num=520 chunk size=1
2026-02-12 19:22:39,756 AthMpEvtLoopMgr.SharedEvtQueueConsumer               INFO Seek to 520 succeeded
2026-02-12 19:22:41,140 copyAuxStoreThinned                               WARNING AthContainers/src/copyAuxStoreThinned.cxx:138: unlocked decoration UEcorr_Pt (955) in object of type xAOD::ElectronAuxContainer_v3
2026-02-12 19:22:41,144 copyAuxStoreThinned                               WARNING AthContainers/src/copyAuxStoreThinned.cxx:138: unlocked decoration UEcorr_Pt (955) in object of type xAOD::MuonAuxContainer_v5
2026-02-12 19:22:41,163 AthMpEvtLoopMgr.SharedEvtQueueConsumer               INFO Received from the queue: event num=523 chunk size=1
2026-02-12 19:22:41,164 AthMpEvtLoopMgr.SharedEvtQueueConsumer               INFO Seek to 523 succeeded
2026-02-12 19:22:41,281 PerfMonMTSvc                                         INFO Event [  132] CPU Time: 00h02m55s, Wall Time: 00h05m07s, Vmem: 6.13 GB, Rss: 4.84 GB, Pss: 2.81 GB, Swap: 0.00 KB
2026-02-12 19:22:42,702 copyAuxStoreThinned                               WARNING AthContainers/src/copyAuxStoreThinned.cxx:138: unlocked decoration UEcorr_Pt (955) in object of type xAOD::ElectronAuxContainer_v3
2026-02-12 19:22:42,725 AthMpEvtLoopMgr.SharedEvtQueueConsumer               INFO Received from the queue: event num=527 chunk size=1
2026-02-12 19:22:42,725 AthMpEvtLoopMgr.SharedEvtQueueConsumer               INFO Seek to 527 succeeded
2026-02-12 19:22:44,306 copyAuxStoreThinned                               WARNING AthContainers/src/copyAuxStoreThinned.cxx:138: unlocked decoration UEcorr_Pt (955) in object of type xAOD::ElectronAuxContainer_v3
2026-02-12 19:22:44,310 copyAuxStoreThinned                               WARNING AthContainers/src/copyAuxStoreThinned.cxx:138: unlocked decoration UEcorr_Pt (955) in object of type xAOD::MuonAuxContainer_v5
2026-02-12 19:22:44,329 AthMpEvtLoopMgr.SharedEvtQueueConsumer               INFO Received from the queue: event num=531 chunk size=1
2026-02-12 19:22:44,330 AthMpEvtLoopMgr.SharedEvtQueueConsumer               INFO Seek to 531 succeeded
2026-02-12 19:22:45,467 copyAuxStoreThinned                               WARNING AthContainers/src/copyAuxStoreThinned.cxx:138: unlocked decoration UEcorr_Pt (955) in object of type xAOD::ElectronAuxContainer_v3
2026-02-12 19:22:45,471 copyAuxStoreThinned                               WARNING AthContainers/src/copyAuxStoreThinned.cxx:138: unlocked decoration UEcorr_Pt (955) in object of type xAOD::MuonAuxContainer_v5
2026-02-12 19:22:45,490 AthMpEvtLoopMgr.SharedEvtQueueConsumer               INFO Received from the queue: event num=535 chunk size=1
2026-02-12 19:22:45,491 AthMpEvtLoopMgr.SharedEvtQueueConsumer               INFO Seek to 535 succeeded
2026-02-12 19:22:47,250 copyAuxStoreThinned                               WARNING AthContainers/src/copyAuxStoreThinned.cxx:138: unlocked decoration UEcorr_Pt (955) in object of type xAOD::ElectronAuxContainer_v3
2026-02-12 19:22:47,254 copyAuxStoreThinned                               WARNING AthContainers/src/copyAuxStoreThinned.cxx:138: unlocked decoration UEcorr_Pt (955) in object of type xAOD::MuonAuxContainer_v5
2026-02-12 19:22:47,276 AthMpEvtLoopMgr.SharedEvtQueueConsumer               INFO Received from the queue: event num=539 chunk size=1
2026-02-12 19:22:47,277 AthMpEvtLoopMgr.SharedEvtQueueConsumer               INFO Seek to 539 succeeded
2026-02-12 19:22:48,607 copyAuxStoreThinned                               WARNING AthContainers/src/copyAuxStoreThinned.cxx:138: unlocked decoration UEcorr_Pt (955) in object of type xAOD::ElectronAuxContainer_v3
2026-02-12 19:22:48,628 AthMpEvtLoopMgr.SharedEvtQueueConsumer               INFO Received from the queue: event num=543 chunk size=1
2026-02-12 19:22:48,628 AthMpEvtLoopMgr.SharedEvtQueueConsumer               INFO Seek to 543 succeeded
2026-02-12 19:22:49,901 copyAuxStoreThinned                               WARNING AthContainers/src/copyAuxStoreThinned.cxx:138: unlocked decoration UEcorr_Pt (955) in object of type xAOD::ElectronAuxContainer_v3
2026-02-12 19:22:49,904 copyAuxStoreThinned                               WARNING AthContainers/src/copyAuxStoreThinned.cxx:138: unlocked decoration UEcorr_Pt (955) in object of type xAOD::MuonAuxContainer_v5
2026-02-12 19:22:49,923 AthMpEvtLoopMgr.SharedEvtQueueConsumer               INFO Received from the queue: event num=547 chunk size=1
2026-02-12 19:22:49,924 AthMpEvtLoopMgr.SharedEvtQueueConsumer               INFO Seek to 547 succeeded
2026-02-12 19:22:51,325 copyAuxStoreThinned                               WARNING AthContainers/src/copyAuxStoreThinned.cxx:138: unlocked decoration UEcorr_Pt (955) in object of type xAOD::ElectronAuxContainer_v3
2026-02-12 19:22:51,329 copyAuxStoreThinned                               WARNING AthContainers/src/copyAuxStoreThinned.cxx:138: unlocked decoration UEcorr_Pt (955) in object of type xAOD::MuonAuxContainer_v5
2026-02-12 19:22:51,349 AthMpEvtLoopMgr.SharedEvtQueueConsumer               INFO Received from the queue: event num=551 chunk size=1
2026-02-12 19:22:51,349 AthMpEvtLoopMgr.SharedEvtQueueConsumer               INFO Seek to 551 succeeded
2026-02-12 19:22:52,432 copyAuxStoreThinned                               WARNING AthContainers/src/copyAuxStoreThinned.cxx:138: unlocked decoration UEcorr_Pt (955) in object of type xAOD::ElectronAuxContainer_v3
2026-02-12 19:22:52,435 copyAuxStoreThinned                               WARNING AthContainers/src/copyAuxStoreThinned.cxx:138: unlocked decoration UEcorr_Pt (955) in object of type xAOD::MuonAuxContainer_v5
2026-02-12 19:22:52,453 AthMpEvtLoopMgr.SharedEvtQueueConsumer               INFO Received from the queue: event num=554 chunk size=1
2026-02-12 19:22:52,454 AthMpEvtLoopMgr.SharedEvtQueueConsumer               INFO Seek to 554 succeeded
2026-02-12 19:22:53,817 copyAuxStoreThinned                               WARNING AthContainers/src/copyAuxStoreThinned.cxx:138: unlocked decoration UEcorr_Pt (955) in object of type xAOD::ElectronAuxContainer_v3
2026-02-12 19:22:53,821 copyAuxStoreThinned                               WARNING AthContainers/src/copyAuxStoreThinned.cxx:138: unlocked decoration UEcorr_Pt (955) in object of type xAOD::MuonAuxContainer_v5
2026-02-12 19:22:53,841 AthMpEvtLoopMgr.SharedEvtQueueConsumer               INFO Received from the queue: event num=558 chunk size=1
2026-02-12 19:22:53,842 AthMpEvtLoopMgr.SharedEvtQueueConsumer               INFO Seek to 558 succeeded
2026-02-12 19:22:55,070 copyAuxStoreThinned                               WARNING AthContainers/src/copyAuxStoreThinned.cxx:138: unlocked decoration UEcorr_Pt (955) in object of type xAOD::ElectronAuxContainer_v3
2026-02-12 19:22:55,074 copyAuxStoreThinned                               WARNING AthContainers/src/copyAuxStoreThinned.cxx:138: unlocked decoration UEcorr_Pt (955) in object of type xAOD::MuonAuxContainer_v5
2026-02-12 19:22:55,093 AthMpEvtLoopMgr.SharedEvtQueueConsumer               INFO Received from the queue: event num=562 chunk size=1
2026-02-12 19:22:55,093 AthMpEvtLoopMgr.SharedEvtQueueConsumer               INFO Seek to 562 succeeded
2026-02-12 19:22:56,621 copyAuxStoreThinned                               WARNING AthContainers/src/copyAuxStoreThinned.cxx:138: unlocked decoration UEcorr_Pt (955) in object of type xAOD::ElectronAuxContainer_v3
2026-02-12 19:22:56,625 copyAuxStoreThinned                               WARNING AthContainers/src/copyAuxStoreThinned.cxx:138: unlocked decoration UEcorr_Pt (955) in object of type xAOD::MuonAuxContainer_v5
2026-02-12 19:22:56,644 AthMpEvtLoopMgr.SharedEvtQueueConsumer               INFO Received from the queue: event num=566 chunk size=1
2026-02-12 19:22:56,645 AthMpEvtLoopMgr.SharedEvtQueueConsumer               INFO Seek to 566 succeeded
2026-02-12 19:22:58,495 copyAuxStoreThinned                               WARNING AthContainers/src/copyAuxStoreThinned.cxx:138: unlocked decoration UEcorr_Pt (955) in object of type xAOD::ElectronAuxContainer_v3
2026-02-12 19:22:58,499 copyAuxStoreThinned                               WARNING AthContainers/src/copyAuxStoreThinned.cxx:138: unlocked decoration UEcorr_Pt (955) in object of type xAOD::MuonAuxContainer_v5
2026-02-12 19:22:58,522 AthMpEvtLoopMgr.SharedEvtQueueConsumer               INFO Received from the queue: event num=570 chunk size=1
2026-02-12 19:22:58,522 AthMpEvtLoopMgr.SharedEvtQueueConsumer               INFO Seek to 570 succeeded
2026-02-12 19:22:59,564 copyAuxStoreThinned                               WARNING AthContainers/src/copyAuxStoreThinned.cxx:138: unlocked decoration UEcorr_Pt (955) in object of type xAOD::ElectronAuxContainer_v3
2026-02-12 19:22:59,568 copyAuxStoreThinned                               WARNING AthContainers/src/copyAuxStoreThinned.cxx:138: unlocked decoration UEcorr_Pt (955) in object of type xAOD::MuonAuxContainer_v5
2026-02-12 19:22:59,588 AthMpEvtLoopMgr.SharedEvtQueueConsumer               INFO Received from the queue: event num=573 chunk size=1
2026-02-12 19:22:59,588 AthMpEvtLoopMgr.SharedEvtQueueConsumer               INFO Seek to 573 succeeded
2026-02-12 19:23:00,647 copyAuxStoreThinned                               WARNING AthContainers/src/copyAuxStoreThinned.cxx:138: unlocked decoration UEcorr_Pt (955) in object of type xAOD::ElectronAuxContainer_v3
2026-02-12 19:23:00,651 copyAuxStoreThinned                               WARNING AthContainers/src/copyAuxStoreThinned.cxx:138: unlocked decoration UEcorr_Pt (955) in object of type xAOD::MuonAuxContainer_v5
2026-02-12 19:23:00,671 AthMpEvtLoopMgr.SharedEvtQueueConsumer               INFO Received from the queue: event num=577 chunk size=1
2026-02-12 19:23:00,671 AthMpEvtLoopMgr.SharedEvtQueueConsumer               INFO Seek to 577 succeeded
2026-02-12 19:23:02,362 copyAuxStoreThinned                               WARNING AthContainers/src/copyAuxStoreThinned.cxx:138: unlocked decoration UEcorr_Pt (955) in object of type xAOD::ElectronAuxContainer_v3
2026-02-12 19:23:02,366 copyAuxStoreThinned                               WARNING AthContainers/src/copyAuxStoreThinned.cxx:138: unlocked decoration UEcorr_Pt (955) in object of type xAOD::MuonAuxContainer_v5
2026-02-12 19:23:02,388 AthMpEvtLoopMgr.SharedEvtQueueConsumer               INFO Received from the queue: event num=582 chunk size=1
2026-02-12 19:23:02,388 AthMpEvtLoopMgr.SharedEvtQueueConsumer               INFO Seek to 582 succeeded
2026-02-12 19:23:03,568 copyAuxStoreThinned                               WARNING AthContainers/src/copyAuxStoreThinned.cxx:138: unlocked decoration UEcorr_Pt (955) in object of type xAOD::ElectronAuxContainer_v3
2026-02-12 19:23:03,572 copyAuxStoreThinned                               WARNING AthContainers/src/copyAuxStoreThinned.cxx:138: unlocked decoration UEcorr_Pt (955) in object of type xAOD::MuonAuxContainer_v5
2026-02-12 19:23:03,592 AthMpEvtLoopMgr.SharedEvtQueueConsumer               INFO Received from the queue: event num=585 chunk size=1
2026-02-12 19:23:03,592 AthMpEvtLoopMgr.SharedEvtQueueConsumer               INFO Seek to 585 succeeded
2026-02-12 19:23:04,885 copyAuxStoreThinned                               WARNING AthContainers/src/copyAuxStoreThinned.cxx:138: unlocked decoration UEcorr_Pt (955) in object of type xAOD::ElectronAuxContainer_v3
2026-02-12 19:23:04,889 copyAuxStoreThinned                               WARNING AthContainers/src/copyAuxStoreThinned.cxx:138: unlocked decoration UEcorr_Pt (955) in object of type xAOD::MuonAuxContainer_v5
2026-02-12 19:23:04,909 AthMpEvtLoopMgr.SharedEvtQueueConsumer               INFO Received from the queue: event num=589 chunk size=1
2026-02-12 19:23:04,909 AthMpEvtLoopMgr.SharedEvtQueueConsumer               INFO Seek to 589 succeeded
2026-02-12 19:23:06,359 copyAuxStoreThinned                               WARNING AthContainers/src/copyAuxStoreThinned.cxx:138: unlocked decoration UEcorr_Pt (955) in object of type xAOD::ElectronAuxContainer_v3
2026-02-12 19:23:06,363 copyAuxStoreThinned                               WARNING AthContainers/src/copyAuxStoreThinned.cxx:138: unlocked decoration UEcorr_Pt (955) in object of type xAOD::MuonAuxContainer_v5
2026-02-12 19:23:06,382 AthMpEvtLoopMgr.SharedEvtQueueConsumer               INFO Received from the queue: event num=593 chunk size=1
2026-02-12 19:23:06,383 AthMpEvtLoopMgr.SharedEvtQueueConsumer               INFO Seek to 593 succeeded
2026-02-12 19:23:08,125 copyAuxStoreThinned                               WARNING AthContainers/src/copyAuxStoreThinned.cxx:138: unlocked decoration UEcorr_Pt (955) in object of type xAOD::ElectronAuxContainer_v3
2026-02-12 19:23:08,149 AthMpEvtLoopMgr.SharedEvtQueueConsumer               INFO Received from the queue: event num=597 chunk size=1
2026-02-12 19:23:08,149 AthMpEvtLoopMgr.SharedEvtQueueConsumer               INFO Seek to 597 succeeded
2026-02-12 19:23:09,580 copyAuxStoreThinned                               WARNING AthContainers/src/copyAuxStoreThinned.cxx:138: unlocked decoration UEcorr_Pt (955) in object of type xAOD::ElectronAuxContainer_v3
2026-02-12 19:23:09,604 AthMpEvtLoopMgr.SharedEvtQueueConsumer               INFO Received from the queue: event num=601 chunk size=1
2026-02-12 19:23:09,604 AthMpEvtLoopMgr.SharedEvtQueueConsumer               INFO Seek to 601 succeeded
2026-02-12 19:23:10,607 copyAuxStoreThinned                               WARNING AthContainers/src/copyAuxStoreThinned.cxx:138: unlocked decoration UEcorr_Pt (955) in object of type xAOD::ElectronAuxContainer_v3
2026-02-12 19:23:10,611 copyAuxStoreThinned                               WARNING AthContainers/src/copyAuxStoreThinned.cxx:138: unlocked decoration UEcorr_Pt (955) in object of type xAOD::MuonAuxContainer_v5
2026-02-12 19:23:10,629 AthMpEvtLoopMgr.SharedEvtQueueConsumer               INFO Received from the queue: event num=605 chunk size=1
2026-02-12 19:23:10,629 AthMpEvtLoopMgr.SharedEvtQueueConsumer               INFO Seek to 605 succeeded
WARNING from FastJet: ClusterSequenceAreaBase::get_median_rho_and_sigma(...): the estimated empty area is suspiciously large and negative and may lead to an over-estimation of rho. This may be due to (i) a rare statistical fluctuation or (ii) too small a range used to estimate the background properties.
2026-02-12 19:23:14,713 copyAuxStoreThinned                               WARNING AthContainers/src/copyAuxStoreThinned.cxx:138: unlocked decoration UEcorr_Pt (955) in object of type xAOD::ElectronAuxContainer_v3
2026-02-12 19:23:14,717 copyAuxStoreThinned                               WARNING AthContainers/src/copyAuxStoreThinned.cxx:138: unlocked decoration UEcorr_Pt (955) in object of type xAOD::MuonAuxContainer_v5
2026-02-12 19:23:14,742 AthMpEvtLoopMgr.SharedEvtQueueConsumer               INFO Received from the queue: event num=614 chunk size=1
2026-02-12 19:23:14,742 AthMpEvtLoopMgr.SharedEvtQueueConsumer               INFO Seek to 614 succeeded
2026-02-12 19:23:14,859 PerfMonMTSvc                                         INFO Event [  154] CPU Time: 00h03m29s, Wall Time: 00h05m40s, Vmem: 6.13 GB, Rss: 4.84 GB, Pss: 2.81 GB, Swap: 0.00 KB
2026-02-12 19:23:15,820 copyAuxStoreThinned                               WARNING AthContainers/src/copyAuxStoreThinned.cxx:138: unlocked decoration UEcorr_Pt (955) in object of type xAOD::ElectronAuxContainer_v3
2026-02-12 19:23:15,824 copyAuxStoreThinned                               WARNING AthContainers/src/copyAuxStoreThinned.cxx:138: unlocked decoration UEcorr_Pt (955) in object of type xAOD::MuonAuxContainer_v5
2026-02-12 19:23:15,843 AthMpEvtLoopMgr.SharedEvtQueueConsumer               INFO Received from the queue: event num=617 chunk size=1
2026-02-12 19:23:15,844 AthMpEvtLoopMgr.SharedEvtQueueConsumer               INFO Seek to 617 succeeded
2026-02-12 19:23:16,857 copyAuxStoreThinned                               WARNING AthContainers/src/copyAuxStoreThinned.cxx:138: unlocked decoration UEcorr_Pt (955) in object of type xAOD::ElectronAuxContainer_v3
2026-02-12 19:23:16,860 copyAuxStoreThinned                               WARNING AthContainers/src/copyAuxStoreThinned.cxx:138: unlocked decoration UEcorr_Pt (955) in object of type xAOD::MuonAuxContainer_v5
2026-02-12 19:23:16,878 AthMpEvtLoopMgr.SharedEvtQueueConsumer               INFO Received from the queue: event num=621 chunk size=1
2026-02-12 19:23:16,878 AthMpEvtLoopMgr.SharedEvtQueueConsumer               INFO Seek to 621 succeeded
2026-02-12 19:23:19,033 copyAuxStoreThinned                               WARNING AthContainers/src/copyAuxStoreThinned.cxx:138: unlocked decoration UEcorr_Pt (955) in object of type xAOD::ElectronAuxContainer_v3
2026-02-12 19:23:19,038 copyAuxStoreThinned                               WARNING AthContainers/src/copyAuxStoreThinned.cxx:138: unlocked decoration UEcorr_Pt (955) in object of type xAOD::MuonAuxContainer_v5
2026-02-12 19:23:19,061 AthMpEvtLoopMgr.SharedEvtQueueConsumer               INFO Received from the queue: event num=625 chunk size=1
2026-02-12 19:23:19,061 AthMpEvtLoopMgr.SharedEvtQueueConsumer               INFO Seek to 625 succeeded
2026-02-12 19:23:21,241 copyAuxStoreThinned                               WARNING AthContainers/src/copyAuxStoreThinned.cxx:138: unlocked decoration UEcorr_Pt (955) in object of type xAOD::ElectronAuxContainer_v3
2026-02-12 19:23:21,246 copyAuxStoreThinned                               WARNING AthContainers/src/copyAuxStoreThinned.cxx:138: unlocked decoration UEcorr_Pt (955) in object of type xAOD::MuonAuxContainer_v5
2026-02-12 19:23:21,267 AthMpEvtLoopMgr.SharedEvtQueueConsumer               INFO Received from the queue: event num=630 chunk size=1
2026-02-12 19:23:21,268 AthMpEvtLoopMgr.SharedEvtQueueConsumer               INFO Seek to 630 succeeded
2026-02-12 19:23:22,526 copyAuxStoreThinned                               WARNING AthContainers/src/copyAuxStoreThinned.cxx:138: unlocked decoration UEcorr_Pt (955) in object of type xAOD::ElectronAuxContainer_v3
2026-02-12 19:23:22,529 copyAuxStoreThinned                               WARNING AthContainers/src/copyAuxStoreThinned.cxx:138: unlocked decoration UEcorr_Pt (955) in object of type xAOD::MuonAuxContainer_v5
2026-02-12 19:23:22,549 AthMpEvtLoopMgr.SharedEvtQueueConsumer               INFO Received from the queue: event num=634 chunk size=1
2026-02-12 19:23:22,549 AthMpEvtLoopMgr.SharedEvtQueueConsumer               INFO Seek to 634 succeeded
2026-02-12 19:23:24,286 copyAuxStoreThinned                               WARNING AthContainers/src/copyAuxStoreThinned.cxx:138: unlocked decoration UEcorr_Pt (955) in object of type xAOD::ElectronAuxContainer_v3
2026-02-12 19:23:24,289 copyAuxStoreThinned                               WARNING AthContainers/src/copyAuxStoreThinned.cxx:138: unlocked decoration UEcorr_Pt (955) in object of type xAOD::MuonAuxContainer_v5
2026-02-12 19:23:24,308 AthMpEvtLoopMgr.SharedEvtQueueConsumer               INFO Received from the queue: event num=640 chunk size=1
2026-02-12 19:23:24,309 AthMpEvtLoopMgr.SharedEvtQueueConsumer               INFO Seek to 640 succeeded
2026-02-12 19:23:25,818 copyAuxStoreThinned                               WARNING AthContainers/src/copyAuxStoreThinned.cxx:138: unlocked decoration UEcorr_Pt (955) in object of type xAOD::ElectronAuxContainer_v3
2026-02-12 19:23:25,822 copyAuxStoreThinned                               WARNING AthContainers/src/copyAuxStoreThinned.cxx:138: unlocked decoration UEcorr_Pt (955) in object of type xAOD::MuonAuxContainer_v5
2026-02-12 19:23:25,843 AthMpEvtLoopMgr.SharedEvtQueueConsumer               INFO Received from the queue: event num=644 chunk size=1
2026-02-12 19:23:25,843 AthMpEvtLoopMgr.SharedEvtQueueConsumer               INFO Seek to 644 succeeded
2026-02-12 19:23:27,498 copyAuxStoreThinned                               WARNING AthContainers/src/copyAuxStoreThinned.cxx:138: unlocked decoration UEcorr_Pt (955) in object of type xAOD::ElectronAuxContainer_v3
2026-02-12 19:23:27,502 copyAuxStoreThinned                               WARNING AthContainers/src/copyAuxStoreThinned.cxx:138: unlocked decoration UEcorr_Pt (955) in object of type xAOD::MuonAuxContainer_v5
2026-02-12 19:23:27,522 AthMpEvtLoopMgr.SharedEvtQueueConsumer               INFO Received from the queue: event num=648 chunk size=1
2026-02-12 19:23:27,522 AthMpEvtLoopMgr.SharedEvtQueueConsumer               INFO Seek to 648 succeeded
2026-02-12 19:23:29,037 copyAuxStoreThinned                               WARNING AthContainers/src/copyAuxStoreThinned.cxx:138: unlocked decoration UEcorr_Pt (955) in object of type xAOD::ElectronAuxContainer_v3
2026-02-12 19:23:29,047 copyAuxStoreThinned                               WARNING AthContainers/src/copyAuxStoreThinned.cxx:138: unlocked decoration UEcorr_Pt (955) in object of type xAOD::MuonAuxContainer_v5
2026-02-12 19:23:29,070 AthMpEvtLoopMgr.SharedEvtQueueConsumer               INFO Received from the queue: event num=652 chunk size=1
2026-02-12 19:23:29,070 AthMpEvtLoopMgr.SharedEvtQueueConsumer               INFO Seek to 652 succeeded
2026-02-12 19:23:29,967 copyAuxStoreThinned                               WARNING AthContainers/src/copyAuxStoreThinned.cxx:138: unlocked decoration UEcorr_Pt (955) in object of type xAOD::ElectronAuxContainer_v3
2026-02-12 19:23:29,971 copyAuxStoreThinned                               WARNING AthContainers/src/copyAuxStoreThinned.cxx:138: unlocked decoration UEcorr_Pt (955) in object of type xAOD::MuonAuxContainer_v5
2026-02-12 19:23:29,988 AthMpEvtLoopMgr.SharedEvtQueueConsumer               INFO Received from the queue: event num=655 chunk size=1
2026-02-12 19:23:29,988 AthMpEvtLoopMgr.SharedEvtQueueConsumer               INFO Seek to 655 succeeded
2026-02-12 19:23:31,427 copyAuxStoreThinned                               WARNING AthContainers/src/copyAuxStoreThinned.cxx:138: unlocked decoration UEcorr_Pt (955) in object of type xAOD::ElectronAuxContainer_v3
2026-02-12 19:23:31,431 copyAuxStoreThinned                               WARNING AthContainers/src/copyAuxStoreThinned.cxx:138: unlocked decoration UEcorr_Pt (955) in object of type xAOD::MuonAuxContainer_v5
2026-02-12 19:23:31,450 AthMpEvtLoopMgr.SharedEvtQueueConsumer               INFO Received from the queue: event num=659 chunk size=1
2026-02-12 19:23:31,450 AthMpEvtLoopMgr.SharedEvtQueueConsumer               INFO Seek to 659 succeeded
2026-02-12 19:23:32,537 copyAuxStoreThinned                               WARNING AthContainers/src/copyAuxStoreThinned.cxx:138: unlocked decoration UEcorr_Pt (955) in object of type xAOD::ElectronAuxContainer_v3
2026-02-12 19:23:32,541 copyAuxStoreThinned                               WARNING AthContainers/src/copyAuxStoreThinned.cxx:138: unlocked decoration UEcorr_Pt (955) in object of type xAOD::MuonAuxContainer_v5
2026-02-12 19:23:32,559 AthMpEvtLoopMgr.SharedEvtQueueConsumer               INFO Received from the queue: event num=662 chunk size=1
2026-02-12 19:23:32,559 AthMpEvtLoopMgr.SharedEvtQueueConsumer               INFO Seek to 662 succeeded
2026-02-12 19:23:34,192 copyAuxStoreThinned                               WARNING AthContainers/src/copyAuxStoreThinned.cxx:138: unlocked decoration UEcorr_Pt (955) in object of type xAOD::ElectronAuxContainer_v3
2026-02-12 19:23:34,215 AthMpEvtLoopMgr.SharedEvtQueueConsumer               INFO Received from the queue: event num=666 chunk size=1
2026-02-12 19:23:34,216 AthMpEvtLoopMgr.SharedEvtQueueConsumer               INFO Seek to 666 succeeded
2026-02-12 19:23:35,384 copyAuxStoreThinned                               WARNING AthContainers/src/copyAuxStoreThinned.cxx:138: unlocked decoration UEcorr_Pt (955) in object of type xAOD::ElectronAuxContainer_v3
2026-02-12 19:23:35,388 copyAuxStoreThinned                               WARNING AthContainers/src/copyAuxStoreThinned.cxx:138: unlocked decoration UEcorr_Pt (955) in object of type xAOD::MuonAuxContainer_v5
2026-02-12 19:23:35,406 AthMpEvtLoopMgr.SharedEvtQueueConsumer               INFO Received from the queue: event num=669 chunk size=1
2026-02-12 19:23:35,406 AthMpEvtLoopMgr.SharedEvtQueueConsumer               INFO Seek to 669 succeeded
2026-02-12 19:23:36,858 copyAuxStoreThinned                               WARNING AthContainers/src/copyAuxStoreThinned.cxx:138: unlocked decoration UEcorr_Pt (955) in object of type xAOD::ElectronAuxContainer_v3
2026-02-12 19:23:36,864 copyAuxStoreThinned                               WARNING AthContainers/src/copyAuxStoreThinned.cxx:138: unlocked decoration UEcorr_Pt (955) in object of type xAOD::MuonAuxContainer_v5
2026-02-12 19:23:36,885 AthMpEvtLoopMgr.SharedEvtQueueConsumer               INFO Received from the queue: event num=673 chunk size=1
2026-02-12 19:23:36,886 AthMpEvtLoopMgr.SharedEvtQueueConsumer               INFO Seek to 673 succeeded
2026-02-12 19:23:37,659 copyAuxStoreThinned                               WARNING AthContainers/src/copyAuxStoreThinned.cxx:138: unlocked decoration UEcorr_Pt (955) in object of type xAOD::ElectronAuxContainer_v3
2026-02-12 19:23:37,662 copyAuxStoreThinned                               WARNING AthContainers/src/copyAuxStoreThinned.cxx:138: unlocked decoration UEcorr_Pt (955) in object of type xAOD::MuonAuxContainer_v5
2026-02-12 19:23:37,680 AthMpEvtLoopMgr.SharedEvtQueueConsumer               INFO Received from the queue: event num=676 chunk size=1
2026-02-12 19:23:37,681 AthMpEvtLoopMgr.SharedEvtQueueConsumer               INFO Seek to 676 succeeded
2026-02-12 19:23:39,416 copyAuxStoreThinned                               WARNING AthContainers/src/copyAuxStoreThinned.cxx:138: unlocked decoration UEcorr_Pt (955) in object of type xAOD::ElectronAuxContainer_v3
2026-02-12 19:23:39,419 copyAuxStoreThinned                               WARNING AthContainers/src/copyAuxStoreThinned.cxx:138: unlocked decoration UEcorr_Pt (955) in object of type xAOD::MuonAuxContainer_v5
2026-02-12 19:23:39,440 AthMpEvtLoopMgr.SharedEvtQueueConsumer               INFO Received from the queue: event num=681 chunk size=1
2026-02-12 19:23:39,440 AthMpEvtLoopMgr.SharedEvtQueueConsumer               INFO Seek to 681 succeeded
2026-02-12 19:23:41,289 copyAuxStoreThinned                               WARNING AthContainers/src/copyAuxStoreThinned.cxx:138: unlocked decoration UEcorr_Pt (955) in object of type xAOD::ElectronAuxContainer_v3
2026-02-12 19:23:41,292 copyAuxStoreThinned                               WARNING AthContainers/src/copyAuxStoreThinned.cxx:138: unlocked decoration UEcorr_Pt (955) in object of type xAOD::MuonAuxContainer_v5
2026-02-12 19:23:41,313 AthMpEvtLoopMgr.SharedEvtQueueConsumer               INFO Received from the queue: event num=686 chunk size=1
2026-02-12 19:23:41,313 AthMpEvtLoopMgr.SharedEvtQueueConsumer               INFO Seek to 686 succeeded
2026-02-12 19:23:42,284 copyAuxStoreThinned                               WARNING AthContainers/src/copyAuxStoreThinned.cxx:138: unlocked decoration UEcorr_Pt (955) in object of type xAOD::ElectronAuxContainer_v3
2026-02-12 19:23:42,288 copyAuxStoreThinned                               WARNING AthContainers/src/copyAuxStoreThinned.cxx:138: unlocked decoration UEcorr_Pt (955) in object of type xAOD::MuonAuxContainer_v5
2026-02-12 19:23:42,305 AthMpEvtLoopMgr.SharedEvtQueueConsumer               INFO Received from the queue: event num=690 chunk size=1
2026-02-12 19:23:42,306 AthMpEvtLoopMgr.SharedEvtQueueConsumer               INFO Seek to 690 succeeded
2026-02-12 19:23:43,821 copyAuxStoreThinned                               WARNING AthContainers/src/copyAuxStoreThinned.cxx:138: unlocked decoration UEcorr_Pt (955) in object of type xAOD::ElectronAuxContainer_v3
2026-02-12 19:23:43,825 copyAuxStoreThinned                               WARNING AthContainers/src/copyAuxStoreThinned.cxx:138: unlocked decoration UEcorr_Pt (955) in object of type xAOD::MuonAuxContainer_v5
2026-02-12 19:23:43,846 AthMpEvtLoopMgr.SharedEvtQueueConsumer               INFO Received from the queue: event num=694 chunk size=1
2026-02-12 19:23:43,847 AthMpEvtLoopMgr.SharedEvtQueueConsumer               INFO Seek to 694 succeeded
2026-02-12 19:23:45,314 copyAuxStoreThinned                               WARNING AthContainers/src/copyAuxStoreThinned.cxx:138: unlocked decoration UEcorr_Pt (955) in object of type xAOD::ElectronAuxContainer_v3
2026-02-12 19:23:45,338 AthMpEvtLoopMgr.SharedEvtQueueConsumer               INFO Received from the queue: event num=698 chunk size=1
2026-02-12 19:23:45,338 AthMpEvtLoopMgr.SharedEvtQueueConsumer               INFO Seek to 698 succeeded
2026-02-12 19:23:45,453 PerfMonMTSvc                                         INFO Event [  175] CPU Time: 00h03m59s, Wall Time: 00h06m11s, Vmem: 6.25 GB, Rss: 4.95 GB, Pss: 2.92 GB, Swap: 0.00 KB
2026-02-12 19:23:47,469 copyAuxStoreThinned                               WARNING AthContainers/src/copyAuxStoreThinned.cxx:138: unlocked decoration UEcorr_Pt (955) in object of type xAOD::ElectronAuxContainer_v3
2026-02-12 19:23:47,472 copyAuxStoreThinned                               WARNING AthContainers/src/copyAuxStoreThinned.cxx:138: unlocked decoration UEcorr_Pt (955) in object of type xAOD::MuonAuxContainer_v5
2026-02-12 19:23:47,493 AthMpEvtLoopMgr.SharedEvtQueueConsumer               INFO Received from the queue: event num=705 chunk size=1
2026-02-12 19:23:47,493 AthMpEvtLoopMgr.SharedEvtQueueConsumer               INFO Seek to 705 succeeded
2026-02-12 19:23:49,362 copyAuxStoreThinned                               WARNING AthContainers/src/copyAuxStoreThinned.cxx:138: unlocked decoration UEcorr_Pt (955) in object of type xAOD::ElectronAuxContainer_v3
2026-02-12 19:23:49,366 copyAuxStoreThinned                               WARNING AthContainers/src/copyAuxStoreThinned.cxx:138: unlocked decoration UEcorr_Pt (955) in object of type xAOD::MuonAuxContainer_v5
2026-02-12 19:23:49,389 AthMpEvtLoopMgr.SharedEvtQueueConsumer               INFO Received from the queue: event num=709 chunk size=1
2026-02-12 19:23:49,389 AthMpEvtLoopMgr.SharedEvtQueueConsumer               INFO Seek to 709 succeeded
2026-02-12 19:23:51,031 copyAuxStoreThinned                               WARNING AthContainers/src/copyAuxStoreThinned.cxx:138: unlocked decoration UEcorr_Pt (955) in object of type xAOD::ElectronAuxContainer_v3
2026-02-12 19:23:51,054 AthMpEvtLoopMgr.SharedEvtQueueConsumer               INFO Received from the queue: event num=713 chunk size=1
2026-02-12 19:23:51,054 AthMpEvtLoopMgr.SharedEvtQueueConsumer               INFO Seek to 713 succeeded
2026-02-12 19:23:52,542 copyAuxStoreThinned                               WARNING AthContainers/src/copyAuxStoreThinned.cxx:138: unlocked decoration UEcorr_Pt (955) in object of type xAOD::ElectronAuxContainer_v3
2026-02-12 19:23:52,546 copyAuxStoreThinned                               WARNING AthContainers/src/copyAuxStoreThinned.cxx:138: unlocked decoration UEcorr_Pt (955) in object of type xAOD::MuonAuxContainer_v5
2026-02-12 19:23:52,566 AthMpEvtLoopMgr.SharedEvtQueueConsumer               INFO Received from the queue: event num=717 chunk size=1
2026-02-12 19:23:52,566 AthMpEvtLoopMgr.SharedEvtQueueConsumer               INFO Seek to 717 succeeded
2026-02-12 19:23:53,757 copyAuxStoreThinned                               WARNING AthContainers/src/copyAuxStoreThinned.cxx:138: unlocked decoration UEcorr_Pt (955) in object of type xAOD::ElectronAuxContainer_v3
2026-02-12 19:23:53,761 copyAuxStoreThinned                               WARNING AthContainers/src/copyAuxStoreThinned.cxx:138: unlocked decoration UEcorr_Pt (955) in object of type xAOD::MuonAuxContainer_v5
2026-02-12 19:23:53,780 AthMpEvtLoopMgr.SharedEvtQueueConsumer               INFO Received from the queue: event num=721 chunk size=1
2026-02-12 19:23:53,781 AthMpEvtLoopMgr.SharedEvtQueueConsumer               INFO Seek to 721 succeeded
2026-02-12 19:23:54,988 copyAuxStoreThinned                               WARNING AthContainers/src/copyAuxStoreThinned.cxx:138: unlocked decoration UEcorr_Pt (955) in object of type xAOD::ElectronAuxContainer_v3
2026-02-12 19:23:54,991 copyAuxStoreThinned                               WARNING AthContainers/src/copyAuxStoreThinned.cxx:138: unlocked decoration UEcorr_Pt (955) in object of type xAOD::MuonAuxContainer_v5
2026-02-12 19:23:55,010 AthMpEvtLoopMgr.SharedEvtQueueConsumer               INFO Received from the queue: event num=725 chunk size=1
2026-02-12 19:23:55,010 AthMpEvtLoopMgr.SharedEvtQueueConsumer               INFO Seek to 725 succeeded
2026-02-12 19:23:56,175 copyAuxStoreThinned                               WARNING AthContainers/src/copyAuxStoreThinned.cxx:138: unlocked decoration UEcorr_Pt (955) in object of type xAOD::ElectronAuxContainer_v3
2026-02-12 19:23:56,179 copyAuxStoreThinned                               WARNING AthContainers/src/copyAuxStoreThinned.cxx:138: unlocked decoration UEcorr_Pt (955) in object of type xAOD::MuonAuxContainer_v5
2026-02-12 19:23:56,199 AthMpEvtLoopMgr.SharedEvtQueueConsumer               INFO Received from the queue: event num=728 chunk size=1
2026-02-12 19:23:56,199 AthMpEvtLoopMgr.SharedEvtQueueConsumer               INFO Seek to 728 succeeded
2026-02-12 19:23:57,847 copyAuxStoreThinned                               WARNING AthContainers/src/copyAuxStoreThinned.cxx:138: unlocked decoration UEcorr_Pt (955) in object of type xAOD::ElectronAuxContainer_v3
2026-02-12 19:23:57,851 copyAuxStoreThinned                               WARNING AthContainers/src/copyAuxStoreThinned.cxx:138: unlocked decoration UEcorr_Pt (955) in object of type xAOD::MuonAuxContainer_v5
2026-02-12 19:23:57,871 AthMpEvtLoopMgr.SharedEvtQueueConsumer               INFO Received from the queue: event num=732 chunk size=1
2026-02-12 19:23:57,871 AthMpEvtLoopMgr.SharedEvtQueueConsumer               INFO Seek to 732 succeeded
2026-02-12 19:23:59,133 copyAuxStoreThinned                               WARNING AthContainers/src/copyAuxStoreThinned.cxx:138: unlocked decoration UEcorr_Pt (955) in object of type xAOD::ElectronAuxContainer_v3
2026-02-12 19:23:59,137 copyAuxStoreThinned                               WARNING AthContainers/src/copyAuxStoreThinned.cxx:138: unlocked decoration UEcorr_Pt (955) in object of type xAOD::MuonAuxContainer_v5
2026-02-12 19:23:59,156 AthMpEvtLoopMgr.SharedEvtQueueConsumer               INFO Received from the queue: event num=736 chunk size=1
2026-02-12 19:23:59,157 AthMpEvtLoopMgr.SharedEvtQueueConsumer               INFO Seek to 736 succeeded
2026-02-12 19:24:00,322 copyAuxStoreThinned                               WARNING AthContainers/src/copyAuxStoreThinned.cxx:138: unlocked decoration UEcorr_Pt (955) in object of type xAOD::ElectronAuxContainer_v3
2026-02-12 19:24:00,343 AthMpEvtLoopMgr.SharedEvtQueueConsumer               INFO Received from the queue: event num=738 chunk size=1
2026-02-12 19:24:00,343 AthMpEvtLoopMgr.SharedEvtQueueConsumer               INFO Seek to 738 succeeded
2026-02-12 19:24:02,888 copyAuxStoreThinned                               WARNING AthContainers/src/copyAuxStoreThinned.cxx:138: unlocked decoration UEcorr_Pt (955) in object of type xAOD::ElectronAuxContainer_v3
2026-02-12 19:24:02,893 copyAuxStoreThinned                               WARNING AthContainers/src/copyAuxStoreThinned.cxx:138: unlocked decoration UEcorr_Pt (955) in object of type xAOD::MuonAuxContainer_v5
2026-02-12 19:24:02,916 AthMpEvtLoopMgr.SharedEvtQueueConsumer               INFO Received from the queue: event num=742 chunk size=1
2026-02-12 19:24:02,917 AthMpEvtLoopMgr.SharedEvtQueueConsumer               INFO Seek to 742 succeeded
2026-02-12 19:24:04,417 copyAuxStoreThinned                               WARNING AthContainers/src/copyAuxStoreThinned.cxx:138: unlocked decoration UEcorr_Pt (955) in object of type xAOD::ElectronAuxContainer_v3
2026-02-12 19:24:04,421 copyAuxStoreThinned                               WARNING AthContainers/src/copyAuxStoreThinned.cxx:138: unlocked decoration UEcorr_Pt (955) in object of type xAOD::MuonAuxContainer_v5
2026-02-12 19:24:04,441 AthMpEvtLoopMgr.SharedEvtQueueConsumer               INFO Received from the queue: event num=746 chunk size=1
2026-02-12 19:24:04,442 AthMpEvtLoopMgr.SharedEvtQueueConsumer               INFO Seek to 746 succeeded
2026-02-12 19:24:06,076 copyAuxStoreThinned                               WARNING AthContainers/src/copyAuxStoreThinned.cxx:138: unlocked decoration UEcorr_Pt (955) in object of type xAOD::ElectronAuxContainer_v3
2026-02-12 19:24:06,080 copyAuxStoreThinned                               WARNING AthContainers/src/copyAuxStoreThinned.cxx:138: unlocked decoration UEcorr_Pt (955) in object of type xAOD::MuonAuxContainer_v5
2026-02-12 19:24:06,101 AthMpEvtLoopMgr.SharedEvtQueueConsumer               INFO Received from the queue: event num=750 chunk size=1
2026-02-12 19:24:06,101 AthMpEvtLoopMgr.SharedEvtQueueConsumer               INFO Seek to 750 succeeded
2026-02-12 19:24:07,473 copyAuxStoreThinned                               WARNING AthContainers/src/copyAuxStoreThinned.cxx:138: unlocked decoration UEcorr_Pt (955) in object of type xAOD::ElectronAuxContainer_v3
2026-02-12 19:24:07,477 copyAuxStoreThinned                               WARNING AthContainers/src/copyAuxStoreThinned.cxx:138: unlocked decoration UEcorr_Pt (955) in object of type xAOD::MuonAuxContainer_v5
2026-02-12 19:24:07,495 AthMpEvtLoopMgr.SharedEvtQueueConsumer               INFO Received from the queue: event num=755 chunk size=1
2026-02-12 19:24:07,496 AthMpEvtLoopMgr.SharedEvtQueueConsumer               INFO Seek to 755 succeeded
2026-02-12 19:24:09,032 copyAuxStoreThinned                               WARNING AthContainers/src/copyAuxStoreThinned.cxx:138: unlocked decoration UEcorr_Pt (955) in object of type xAOD::ElectronAuxContainer_v3
2026-02-12 19:24:09,036 copyAuxStoreThinned                               WARNING AthContainers/src/copyAuxStoreThinned.cxx:138: unlocked decoration UEcorr_Pt (955) in object of type xAOD::MuonAuxContainer_v5
2026-02-12 19:24:09,056 AthMpEvtLoopMgr.SharedEvtQueueConsumer               INFO Received from the queue: event num=758 chunk size=1
2026-02-12 19:24:09,056 AthMpEvtLoopMgr.SharedEvtQueueConsumer               INFO Seek to 758 succeeded
2026-02-12 19:24:10,490 copyAuxStoreThinned                               WARNING AthContainers/src/copyAuxStoreThinned.cxx:138: unlocked decoration UEcorr_Pt (955) in object of type xAOD::ElectronAuxContainer_v3
2026-02-12 19:24:10,494 copyAuxStoreThinned                               WARNING AthContainers/src/copyAuxStoreThinned.cxx:138: unlocked decoration UEcorr_Pt (955) in object of type xAOD::MuonAuxContainer_v5
2026-02-12 19:24:10,514 AthMpEvtLoopMgr.SharedEvtQueueConsumer               INFO Received from the queue: event num=762 chunk size=1
2026-02-12 19:24:10,515 AthMpEvtLoopMgr.SharedEvtQueueConsumer               INFO Seek to 762 succeeded
2026-02-12 19:24:11,813 copyAuxStoreThinned                               WARNING AthContainers/src/copyAuxStoreThinned.cxx:138: unlocked decoration UEcorr_Pt (955) in object of type xAOD::ElectronAuxContainer_v3
2026-02-12 19:24:11,816 copyAuxStoreThinned                               WARNING AthContainers/src/copyAuxStoreThinned.cxx:138: unlocked decoration UEcorr_Pt (955) in object of type xAOD::MuonAuxContainer_v5
2026-02-12 19:24:11,835 AthMpEvtLoopMgr.SharedEvtQueueConsumer               INFO Received from the queue: event num=766 chunk size=1
2026-02-12 19:24:11,836 AthMpEvtLoopMgr.SharedEvtQueueConsumer               INFO Seek to 766 succeeded
2026-02-12 19:24:13,552 copyAuxStoreThinned                               WARNING AthContainers/src/copyAuxStoreThinned.cxx:138: unlocked decoration UEcorr_Pt (955) in object of type xAOD::ElectronAuxContainer_v3
2026-02-12 19:24:13,556 copyAuxStoreThinned                               WARNING AthContainers/src/copyAuxStoreThinned.cxx:138: unlocked decoration UEcorr_Pt (955) in object of type xAOD::MuonAuxContainer_v5
2026-02-12 19:24:13,577 AthMpEvtLoopMgr.SharedEvtQueueConsumer               INFO Received from the queue: event num=771 chunk size=1
2026-02-12 19:24:13,577 AthMpEvtLoopMgr.SharedEvtQueueConsumer               INFO Seek to 771 succeeded
2026-02-12 19:24:15,427 copyAuxStoreThinned                               WARNING AthContainers/src/copyAuxStoreThinned.cxx:138: unlocked decoration UEcorr_Pt (955) in object of type xAOD::ElectronAuxContainer_v3
2026-02-12 19:24:15,431 copyAuxStoreThinned                               WARNING AthContainers/src/copyAuxStoreThinned.cxx:138: unlocked decoration UEcorr_Pt (955) in object of type xAOD::MuonAuxContainer_v5
2026-02-12 19:24:15,451 AthMpEvtLoopMgr.SharedEvtQueueConsumer               INFO Received from the queue: event num=777 chunk size=1
2026-02-12 19:24:15,451 AthMpEvtLoopMgr.SharedEvtQueueConsumer               INFO Seek to 777 succeeded
2026-02-12 19:24:15,564 PerfMonMTSvc                                         INFO Event [  194] CPU Time: 00h04m29s, Wall Time: 00h06m41s, Vmem: 6.25 GB, Rss: 4.95 GB, Pss: 2.92 GB, Swap: 0.00 KB
2026-02-12 19:24:16,938 copyAuxStoreThinned                               WARNING AthContainers/src/copyAuxStoreThinned.cxx:138: unlocked decoration UEcorr_Pt (955) in object of type xAOD::ElectronAuxContainer_v3
2026-02-12 19:24:16,941 copyAuxStoreThinned                               WARNING AthContainers/src/copyAuxStoreThinned.cxx:138: unlocked decoration UEcorr_Pt (955) in object of type xAOD::MuonAuxContainer_v5
2026-02-12 19:24:16,961 AthMpEvtLoopMgr.SharedEvtQueueConsumer               INFO Received from the queue: event num=780 chunk size=1
2026-02-12 19:24:16,961 AthMpEvtLoopMgr.SharedEvtQueueConsumer               INFO Seek to 780 succeeded
2026-02-12 19:24:18,507 copyAuxStoreThinned                               WARNING AthContainers/src/copyAuxStoreThinned.cxx:138: unlocked decoration UEcorr_Pt (955) in object of type xAOD::ElectronAuxContainer_v3
2026-02-12 19:24:18,511 copyAuxStoreThinned                               WARNING AthContainers/src/copyAuxStoreThinned.cxx:138: unlocked decoration UEcorr_Pt (955) in object of type xAOD::MuonAuxContainer_v5
2026-02-12 19:24:18,532 AthMpEvtLoopMgr.SharedEvtQueueConsumer               INFO Received from the queue: event num=783 chunk size=1
2026-02-12 19:24:18,533 AthMpEvtLoopMgr.SharedEvtQueueConsumer               INFO Seek to 783 succeeded
2026-02-12 19:24:20,103 copyAuxStoreThinned                               WARNING AthContainers/src/copyAuxStoreThinned.cxx:138: unlocked decoration UEcorr_Pt (955) in object of type xAOD::ElectronAuxContainer_v3
2026-02-12 19:24:20,107 copyAuxStoreThinned                               WARNING AthContainers/src/copyAuxStoreThinned.cxx:138: unlocked decoration UEcorr_Pt (955) in object of type xAOD::MuonAuxContainer_v5
2026-02-12 19:24:20,127 AthMpEvtLoopMgr.SharedEvtQueueConsumer               INFO Received from the queue: event num=787 chunk size=1
2026-02-12 19:24:20,129 AthMpEvtLoopMgr.SharedEvtQueueConsumer               INFO Seek to 787 succeeded
2026-02-12 19:24:21,870 copyAuxStoreThinned                               WARNING AthContainers/src/copyAuxStoreThinned.cxx:138: unlocked decoration UEcorr_Pt (955) in object of type xAOD::ElectronAuxContainer_v3
2026-02-12 19:24:21,874 copyAuxStoreThinned                               WARNING AthContainers/src/copyAuxStoreThinned.cxx:138: unlocked decoration UEcorr_Pt (955) in object of type xAOD::MuonAuxContainer_v5
2026-02-12 19:24:21,895 AthMpEvtLoopMgr.SharedEvtQueueConsumer               INFO Received from the queue: event num=791 chunk size=1
2026-02-12 19:24:21,895 AthMpEvtLoopMgr.SharedEvtQueueConsumer               INFO Seek to 791 succeeded
2026-02-12 19:24:23,432 copyAuxStoreThinned                               WARNING AthContainers/src/copyAuxStoreThinned.cxx:138: unlocked decoration UEcorr_Pt (955) in object of type xAOD::ElectronAuxContainer_v3
2026-02-12 19:24:23,436 copyAuxStoreThinned                               WARNING AthContainers/src/copyAuxStoreThinned.cxx:138: unlocked decoration UEcorr_Pt (955) in object of type xAOD::MuonAuxContainer_v5
2026-02-12 19:24:23,455 AthMpEvtLoopMgr.SharedEvtQueueConsumer               INFO Received from the queue: event num=796 chunk size=1
2026-02-12 19:24:23,456 AthMpEvtLoopMgr.SharedEvtQueueConsumer               INFO Seek to 796 succeeded
2026-02-12 19:24:24,558 copyAuxStoreThinned                               WARNING AthContainers/src/copyAuxStoreThinned.cxx:138: unlocked decoration UEcorr_Pt (955) in object of type xAOD::ElectronAuxContainer_v3
2026-02-12 19:24:24,579 AthMpEvtLoopMgr.SharedEvtQueueConsumer               INFO Received from the queue: event num=799 chunk size=1
2026-02-12 19:24:24,579 AthMpEvtLoopMgr.SharedEvtQueueConsumer               INFO Seek to 799 succeeded
2026-02-12 19:24:25,832 copyAuxStoreThinned                               WARNING AthContainers/src/copyAuxStoreThinned.cxx:138: unlocked decoration UEcorr_Pt (955) in object of type xAOD::ElectronAuxContainer_v3
2026-02-12 19:24:25,836 copyAuxStoreThinned                               WARNING AthContainers/src/copyAuxStoreThinned.cxx:138: unlocked decoration UEcorr_Pt (955) in object of type xAOD::MuonAuxContainer_v5
2026-02-12 19:24:25,855 AthMpEvtLoopMgr.SharedEvtQueueConsumer               INFO Received from the queue: event num=804 chunk size=1
2026-02-12 19:24:25,855 AthMpEvtLoopMgr.SharedEvtQueueConsumer               INFO Seek to 804 succeeded
2026-02-12 19:24:25,856 AthenaEventLoopMgr                                   INFO   ===>>>  start processing event #334736364, run #450000 200 events processed so far  <<<===
2026-02-12 19:24:26,893 copyAuxStoreThinned                               WARNING AthContainers/src/copyAuxStoreThinned.cxx:138: unlocked decoration UEcorr_Pt (955) in object of type xAOD::ElectronAuxContainer_v3
2026-02-12 19:24:26,896 copyAuxStoreThinned                               WARNING AthContainers/src/copyAuxStoreThinned.cxx:138: unlocked decoration UEcorr_Pt (955) in object of type xAOD::MuonAuxContainer_v5
2026-02-12 19:24:26,911 AthenaEventLoopMgr                                   INFO   ===>>>  done processing event #334736364, run #450000 201 events processed so far  <<<===
2026-02-12 19:24:28,238 AthMpEvtLoopMgr.SharedEvtQueueConsumer               INFO Received from the queue: event num=807 chunk size=1
2026-02-12 19:24:28,238 AthMpEvtLoopMgr.SharedEvtQueueConsumer               INFO Seek to 807 succeeded
2026-02-12 19:24:29,815 copyAuxStoreThinned                               WARNING AthContainers/src/copyAuxStoreThinned.cxx:138: unlocked decoration UEcorr_Pt (955) in object of type xAOD::ElectronAuxContainer_v3
2026-02-12 19:24:29,819 copyAuxStoreThinned                               WARNING AthContainers/src/copyAuxStoreThinned.cxx:138: unlocked decoration UEcorr_Pt (955) in object of type xAOD::MuonAuxContainer_v5
2026-02-12 19:24:29,838 AthMpEvtLoopMgr.SharedEvtQueueConsumer               INFO Received from the queue: event num=813 chunk size=1
2026-02-12 19:24:29,839 AthMpEvtLoopMgr.SharedEvtQueueConsumer               INFO Seek to 813 succeeded
WARNING from FastJet: ClusterSequenceAreaBase::get_median_rho_and_sigma(...): the estimated empty area is suspiciously large and negative and may lead to an over-estimation of rho. This may be due to (i) a rare statistical fluctuation or (ii) too small a range used to estimate the background properties.
2026-02-12 19:24:31,900 copyAuxStoreThinned                               WARNING AthContainers/src/copyAuxStoreThinned.cxx:138: unlocked decoration UEcorr_Pt (955) in object of type xAOD::ElectronAuxContainer_v3
2026-02-12 19:24:31,904 copyAuxStoreThinned                               WARNING AthContainers/src/copyAuxStoreThinned.cxx:138: unlocked decoration UEcorr_Pt (955) in object of type xAOD::MuonAuxContainer_v5
2026-02-12 19:24:31,926 AthMpEvtLoopMgr.SharedEvtQueueConsumer               INFO Received from the queue: event num=818 chunk size=1
2026-02-12 19:24:31,926 AthMpEvtLoopMgr.SharedEvtQueueConsumer               INFO Seek to 818 succeeded
2026-02-12 19:24:33,912 copyAuxStoreThinned                               WARNING AthContainers/src/copyAuxStoreThinned.cxx:138: unlocked decoration UEcorr_Pt (955) in object of type xAOD::ElectronAuxContainer_v3
2026-02-12 19:24:33,915 copyAuxStoreThinned                               WARNING AthContainers/src/copyAuxStoreThinned.cxx:138: unlocked decoration UEcorr_Pt (955) in object of type xAOD::MuonAuxContainer_v5
2026-02-12 19:24:33,935 AthMpEvtLoopMgr.SharedEvtQueueConsumer               INFO Received from the queue: event num=823 chunk size=1
2026-02-12 19:24:33,935 AthMpEvtLoopMgr.SharedEvtQueueConsumer               INFO Seek to 823 succeeded
2026-02-12 19:24:35,503 copyAuxStoreThinned                               WARNING AthContainers/src/copyAuxStoreThinned.cxx:138: unlocked decoration UEcorr_Pt (955) in object of type xAOD::ElectronAuxContainer_v3
2026-02-12 19:24:35,507 copyAuxStoreThinned                               WARNING AthContainers/src/copyAuxStoreThinned.cxx:138: unlocked decoration UEcorr_Pt (955) in object of type xAOD::MuonAuxContainer_v5
2026-02-12 19:24:35,528 AthMpEvtLoopMgr.SharedEvtQueueConsumer               INFO Received from the queue: event num=826 chunk size=1
2026-02-12 19:24:35,528 AthMpEvtLoopMgr.SharedEvtQueueConsumer               INFO Seek to 826 succeeded
2026-02-12 19:24:37,261 copyAuxStoreThinned                               WARNING AthContainers/src/copyAuxStoreThinned.cxx:138: unlocked decoration UEcorr_Pt (955) in object of type xAOD::ElectronAuxContainer_v3
2026-02-12 19:24:37,265 copyAuxStoreThinned                               WARNING AthContainers/src/copyAuxStoreThinned.cxx:138: unlocked decoration UEcorr_Pt (955) in object of type xAOD::MuonAuxContainer_v5
2026-02-12 19:24:37,286 AthMpEvtLoopMgr.SharedEvtQueueConsumer               INFO Received from the queue: event num=830 chunk size=1
2026-02-12 19:24:37,287 AthMpEvtLoopMgr.SharedEvtQueueConsumer               INFO Seek to 830 succeeded
2026-02-12 19:24:38,218 copyAuxStoreThinned                               WARNING AthContainers/src/copyAuxStoreThinned.cxx:138: unlocked decoration UEcorr_Pt (955) in object of type xAOD::ElectronAuxContainer_v3
2026-02-12 19:24:38,222 copyAuxStoreThinned                               WARNING AthContainers/src/copyAuxStoreThinned.cxx:138: unlocked decoration UEcorr_Pt (955) in object of type xAOD::MuonAuxContainer_v5
2026-02-12 19:24:38,240 AthMpEvtLoopMgr.SharedEvtQueueConsumer               INFO Received from the queue: event num=833 chunk size=1
2026-02-12 19:24:38,240 AthMpEvtLoopMgr.SharedEvtQueueConsumer               INFO Seek to 833 succeeded
2026-02-12 19:24:39,804 copyAuxStoreThinned                               WARNING AthContainers/src/copyAuxStoreThinned.cxx:138: unlocked decoration UEcorr_Pt (955) in object of type xAOD::ElectronAuxContainer_v3
2026-02-12 19:24:39,808 copyAuxStoreThinned                               WARNING AthContainers/src/copyAuxStoreThinned.cxx:138: unlocked decoration UEcorr_Pt (955) in object of type xAOD::MuonAuxContainer_v5
2026-02-12 19:24:39,828 AthMpEvtLoopMgr.SharedEvtQueueConsumer               INFO Received from the queue: event num=838 chunk size=1
2026-02-12 19:24:39,828 AthMpEvtLoopMgr.SharedEvtQueueConsumer               INFO Seek to 838 succeeded
2026-02-12 19:24:41,052 copyAuxStoreThinned                               WARNING AthContainers/src/copyAuxStoreThinned.cxx:138: unlocked decoration UEcorr_Pt (955) in object of type xAOD::ElectronAuxContainer_v3
2026-02-12 19:24:41,057 copyAuxStoreThinned                               WARNING AthContainers/src/copyAuxStoreThinned.cxx:138: unlocked decoration UEcorr_Pt (955) in object of type xAOD::MuonAuxContainer_v5
2026-02-12 19:24:41,076 AthMpEvtLoopMgr.SharedEvtQueueConsumer               INFO Received from the queue: event num=841 chunk size=1
2026-02-12 19:24:41,077 AthMpEvtLoopMgr.SharedEvtQueueConsumer               INFO Seek to 841 succeeded
2026-02-12 19:24:42,278 copyAuxStoreThinned                               WARNING AthContainers/src/copyAuxStoreThinned.cxx:138: unlocked decoration UEcorr_Pt (955) in object of type xAOD::ElectronAuxContainer_v3
2026-02-12 19:24:42,281 copyAuxStoreThinned                               WARNING AthContainers/src/copyAuxStoreThinned.cxx:138: unlocked decoration UEcorr_Pt (955) in object of type xAOD::MuonAuxContainer_v5
2026-02-12 19:24:42,301 AthMpEvtLoopMgr.SharedEvtQueueConsumer               INFO Received from the queue: event num=845 chunk size=1
2026-02-12 19:24:42,302 AthMpEvtLoopMgr.SharedEvtQueueConsumer               INFO Seek to 845 succeeded
2026-02-12 19:24:45,268 copyAuxStoreThinned                               WARNING AthContainers/src/copyAuxStoreThinned.cxx:138: unlocked decoration UEcorr_Pt (955) in object of type xAOD::ElectronAuxContainer_v3
2026-02-12 19:24:45,274 copyAuxStoreThinned                               WARNING AthContainers/src/copyAuxStoreThinned.cxx:138: unlocked decoration UEcorr_Pt (955) in object of type xAOD::MuonAuxContainer_v5
2026-02-12 19:24:45,297 AthMpEvtLoopMgr.SharedEvtQueueConsumer               INFO Received from the queue: event num=852 chunk size=1
2026-02-12 19:24:45,297 AthMpEvtLoopMgr.SharedEvtQueueConsumer               INFO Seek to 852 succeeded
2026-02-12 19:24:46,594 copyAuxStoreThinned                               WARNING AthContainers/src/copyAuxStoreThinned.cxx:138: unlocked decoration UEcorr_Pt (955) in object of type xAOD::ElectronAuxContainer_v3
2026-02-12 19:24:46,598 copyAuxStoreThinned                               WARNING AthContainers/src/copyAuxStoreThinned.cxx:138: unlocked decoration UEcorr_Pt (955) in object of type xAOD::MuonAuxContainer_v5
2026-02-12 19:24:46,617 AthMpEvtLoopMgr.SharedEvtQueueConsumer               INFO Received from the queue: event num=856 chunk size=1
2026-02-12 19:24:46,618 AthMpEvtLoopMgr.SharedEvtQueueConsumer               INFO Seek to 856 succeeded
2026-02-12 19:24:48,467 copyAuxStoreThinned                               WARNING AthContainers/src/copyAuxStoreThinned.cxx:138: unlocked decoration UEcorr_Pt (955) in object of type xAOD::ElectronAuxContainer_v3
2026-02-12 19:24:48,471 copyAuxStoreThinned                               WARNING AthContainers/src/copyAuxStoreThinned.cxx:138: unlocked decoration UEcorr_Pt (955) in object of type xAOD::MuonAuxContainer_v5
2026-02-12 19:24:48,490 AthMpEvtLoopMgr.SharedEvtQueueConsumer               INFO Received from the queue: event num=860 chunk size=1
2026-02-12 19:24:48,491 AthMpEvtLoopMgr.SharedEvtQueueConsumer               INFO Seek to 860 succeeded
2026-02-12 19:24:49,806 copyAuxStoreThinned                               WARNING AthContainers/src/copyAuxStoreThinned.cxx:138: unlocked decoration UEcorr_Pt (955) in object of type xAOD::ElectronAuxContainer_v3
2026-02-12 19:24:49,810 copyAuxStoreThinned                               WARNING AthContainers/src/copyAuxStoreThinned.cxx:138: unlocked decoration UEcorr_Pt (955) in object of type xAOD::MuonAuxContainer_v5
2026-02-12 19:24:49,829 AthMpEvtLoopMgr.SharedEvtQueueConsumer               INFO Received from the queue: event num=864 chunk size=1
2026-02-12 19:24:49,830 AthMpEvtLoopMgr.SharedEvtQueueConsumer               INFO Seek to 864 succeeded
2026-02-12 19:24:51,321 copyAuxStoreThinned                               WARNING AthContainers/src/copyAuxStoreThinned.cxx:138: unlocked decoration UEcorr_Pt (955) in object of type xAOD::ElectronAuxContainer_v3
2026-02-12 19:24:51,325 copyAuxStoreThinned                               WARNING AthContainers/src/copyAuxStoreThinned.cxx:138: unlocked decoration UEcorr_Pt (955) in object of type xAOD::MuonAuxContainer_v5
2026-02-12 19:24:51,343 AthMpEvtLoopMgr.SharedEvtQueueConsumer               INFO Received from the queue: event num=869 chunk size=1
2026-02-12 19:24:51,344 AthMpEvtLoopMgr.SharedEvtQueueConsumer               INFO Seek to 869 succeeded
2026-02-12 19:24:52,764 copyAuxStoreThinned                               WARNING AthContainers/src/copyAuxStoreThinned.cxx:138: unlocked decoration UEcorr_Pt (955) in object of type xAOD::ElectronAuxContainer_v3
2026-02-12 19:24:52,768 copyAuxStoreThinned                               WARNING AthContainers/src/copyAuxStoreThinned.cxx:138: unlocked decoration UEcorr_Pt (955) in object of type xAOD::MuonAuxContainer_v5
2026-02-12 19:24:52,788 AthMpEvtLoopMgr.SharedEvtQueueConsumer               INFO Received from the queue: event num=873 chunk size=1
2026-02-12 19:24:52,788 AthMpEvtLoopMgr.SharedEvtQueueConsumer               INFO Seek to 873 succeeded
2026-02-12 19:24:54,212 copyAuxStoreThinned                               WARNING AthContainers/src/copyAuxStoreThinned.cxx:138: unlocked decoration UEcorr_Pt (955) in object of type xAOD::ElectronAuxContainer_v3
2026-02-12 19:24:54,216 copyAuxStoreThinned                               WARNING AthContainers/src/copyAuxStoreThinned.cxx:138: unlocked decoration UEcorr_Pt (955) in object of type xAOD::MuonAuxContainer_v5
2026-02-12 19:24:54,236 AthMpEvtLoopMgr.SharedEvtQueueConsumer               INFO Received from the queue: event num=877 chunk size=1
2026-02-12 19:24:54,236 AthMpEvtLoopMgr.SharedEvtQueueConsumer               INFO Seek to 877 succeeded
2026-02-12 19:24:55,869 copyAuxStoreThinned                               WARNING AthContainers/src/copyAuxStoreThinned.cxx:138: unlocked decoration UEcorr_Pt (955) in object of type xAOD::ElectronAuxContainer_v3
2026-02-12 19:24:55,873 copyAuxStoreThinned                               WARNING AthContainers/src/copyAuxStoreThinned.cxx:138: unlocked decoration UEcorr_Pt (955) in object of type xAOD::MuonAuxContainer_v5
2026-02-12 19:24:55,893 AthMpEvtLoopMgr.SharedEvtQueueConsumer               INFO Received from the queue: event num=881 chunk size=1
2026-02-12 19:24:55,894 AthMpEvtLoopMgr.SharedEvtQueueConsumer               INFO Seek to 881 succeeded
2026-02-12 19:24:56,757 copyAuxStoreThinned                               WARNING AthContainers/src/copyAuxStoreThinned.cxx:138: unlocked decoration UEcorr_Pt (955) in object of type xAOD::ElectronAuxContainer_v3
2026-02-12 19:24:56,760 copyAuxStoreThinned                               WARNING AthContainers/src/copyAuxStoreThinned.cxx:138: unlocked decoration UEcorr_Pt (955) in object of type xAOD::MuonAuxContainer_v5
2026-02-12 19:24:56,779 AthMpEvtLoopMgr.SharedEvtQueueConsumer               INFO Received from the queue: event num=884 chunk size=1
2026-02-12 19:24:56,779 AthMpEvtLoopMgr.SharedEvtQueueConsumer               INFO Seek to 884 succeeded
2026-02-12 19:24:58,850 copyAuxStoreThinned                               WARNING AthContainers/src/copyAuxStoreThinned.cxx:138: unlocked decoration UEcorr_Pt (955) in object of type xAOD::ElectronAuxContainer_v3
2026-02-12 19:24:58,855 copyAuxStoreThinned                               WARNING AthContainers/src/copyAuxStoreThinned.cxx:138: unlocked decoration UEcorr_Pt (955) in object of type xAOD::MuonAuxContainer_v5
2026-02-12 19:24:58,877 AthMpEvtLoopMgr.SharedEvtQueueConsumer               INFO Received from the queue: event num=889 chunk size=1
2026-02-12 19:24:58,877 AthMpEvtLoopMgr.SharedEvtQueueConsumer               INFO Seek to 889 succeeded
2026-02-12 19:24:59,926 copyAuxStoreThinned                               WARNING AthContainers/src/copyAuxStoreThinned.cxx:138: unlocked decoration UEcorr_Pt (955) in object of type xAOD::ElectronAuxContainer_v3
2026-02-12 19:24:59,930 copyAuxStoreThinned                               WARNING AthContainers/src/copyAuxStoreThinned.cxx:138: unlocked decoration UEcorr_Pt (955) in object of type xAOD::MuonAuxContainer_v5
2026-02-12 19:24:59,949 AthMpEvtLoopMgr.SharedEvtQueueConsumer               INFO Received from the queue: event num=893 chunk size=1
2026-02-12 19:24:59,949 AthMpEvtLoopMgr.SharedEvtQueueConsumer               INFO Seek to 893 succeeded
2026-02-12 19:25:01,134 copyAuxStoreThinned                               WARNING AthContainers/src/copyAuxStoreThinned.cxx:138: unlocked decoration UEcorr_Pt (955) in object of type xAOD::ElectronAuxContainer_v3
2026-02-12 19:25:01,137 copyAuxStoreThinned                               WARNING AthContainers/src/copyAuxStoreThinned.cxx:138: unlocked decoration UEcorr_Pt (955) in object of type xAOD::MuonAuxContainer_v5
2026-02-12 19:25:01,156 AthMpEvtLoopMgr.SharedEvtQueueConsumer               INFO Received from the queue: event num=897 chunk size=1
2026-02-12 19:25:01,157 AthMpEvtLoopMgr.SharedEvtQueueConsumer               INFO Seek to 897 succeeded
2026-02-12 19:25:02,570 copyAuxStoreThinned                               WARNING AthContainers/src/copyAuxStoreThinned.cxx:138: unlocked decoration UEcorr_Pt (955) in object of type xAOD::ElectronAuxContainer_v3
2026-02-12 19:25:02,574 copyAuxStoreThinned                               WARNING AthContainers/src/copyAuxStoreThinned.cxx:138: unlocked decoration UEcorr_Pt (955) in object of type xAOD::MuonAuxContainer_v5
2026-02-12 19:25:02,593 AthMpEvtLoopMgr.SharedEvtQueueConsumer               INFO Received from the queue: event num=901 chunk size=1
2026-02-12 19:25:02,594 AthMpEvtLoopMgr.SharedEvtQueueConsumer               INFO Seek to 901 succeeded
2026-02-12 19:25:04,466 copyAuxStoreThinned                               WARNING AthContainers/src/copyAuxStoreThinned.cxx:138: unlocked decoration UEcorr_Pt (955) in object of type xAOD::ElectronAuxContainer_v3
2026-02-12 19:25:04,470 copyAuxStoreThinned                               WARNING AthContainers/src/copyAuxStoreThinned.cxx:138: unlocked decoration UEcorr_Pt (955) in object of type xAOD::MuonAuxContainer_v5
2026-02-12 19:25:04,491 AthMpEvtLoopMgr.SharedEvtQueueConsumer               INFO Received from the queue: event num=907 chunk size=1
2026-02-12 19:25:04,491 AthMpEvtLoopMgr.SharedEvtQueueConsumer               INFO Seek to 907 succeeded
2026-02-12 19:25:05,674 copyAuxStoreThinned                               WARNING AthContainers/src/copyAuxStoreThinned.cxx:138: unlocked decoration UEcorr_Pt (955) in object of type xAOD::ElectronAuxContainer_v3
2026-02-12 19:25:05,678 copyAuxStoreThinned                               WARNING AthContainers/src/copyAuxStoreThinned.cxx:138: unlocked decoration UEcorr_Pt (955) in object of type xAOD::MuonAuxContainer_v5
2026-02-12 19:25:05,698 AthMpEvtLoopMgr.SharedEvtQueueConsumer               INFO Received from the queue: event num=910 chunk size=1
2026-02-12 19:25:05,698 AthMpEvtLoopMgr.SharedEvtQueueConsumer               INFO Seek to 910 succeeded
2026-02-12 19:25:06,756 copyAuxStoreThinned                               WARNING AthContainers/src/copyAuxStoreThinned.cxx:138: unlocked decoration UEcorr_Pt (955) in object of type xAOD::ElectronAuxContainer_v3
2026-02-12 19:25:06,760 copyAuxStoreThinned                               WARNING AthContainers/src/copyAuxStoreThinned.cxx:138: unlocked decoration UEcorr_Pt (955) in object of type xAOD::MuonAuxContainer_v5
2026-02-12 19:25:06,779 AthMpEvtLoopMgr.SharedEvtQueueConsumer               INFO Received from the queue: event num=913 chunk size=1
2026-02-12 19:25:06,779 AthMpEvtLoopMgr.SharedEvtQueueConsumer               INFO Seek to 913 succeeded
2026-02-12 19:25:09,779 copyAuxStoreThinned                               WARNING AthContainers/src/copyAuxStoreThinned.cxx:138: unlocked decoration UEcorr_Pt (955) in object of type xAOD::ElectronAuxContainer_v3
2026-02-12 19:25:09,783 copyAuxStoreThinned                               WARNING AthContainers/src/copyAuxStoreThinned.cxx:138: unlocked decoration UEcorr_Pt (955) in object of type xAOD::MuonAuxContainer_v5
2026-02-12 19:25:09,808 AthMpEvtLoopMgr.SharedEvtQueueConsumer               INFO Received from the queue: event num=919 chunk size=1
2026-02-12 19:25:09,808 AthMpEvtLoopMgr.SharedEvtQueueConsumer               INFO Seek to 919 succeeded
2026-02-12 19:25:11,354 copyAuxStoreThinned                               WARNING AthContainers/src/copyAuxStoreThinned.cxx:138: unlocked decoration UEcorr_Pt (955) in object of type xAOD::ElectronAuxContainer_v3
2026-02-12 19:25:11,358 copyAuxStoreThinned                               WARNING AthContainers/src/copyAuxStoreThinned.cxx:138: unlocked decoration UEcorr_Pt (955) in object of type xAOD::MuonAuxContainer_v5
2026-02-12 19:25:11,380 AthMpEvtLoopMgr.SharedEvtQueueConsumer               INFO Received from the queue: event num=924 chunk size=1
2026-02-12 19:25:11,380 AthMpEvtLoopMgr.SharedEvtQueueConsumer               INFO Seek to 924 succeeded
2026-02-12 19:25:13,255 copyAuxStoreThinned                               WARNING AthContainers/src/copyAuxStoreThinned.cxx:138: unlocked decoration UEcorr_Pt (955) in object of type xAOD::ElectronAuxContainer_v3
2026-02-12 19:25:13,259 copyAuxStoreThinned                               WARNING AthContainers/src/copyAuxStoreThinned.cxx:138: unlocked decoration UEcorr_Pt (955) in object of type xAOD::MuonAuxContainer_v5
2026-02-12 19:25:13,281 AthMpEvtLoopMgr.SharedEvtQueueConsumer               INFO Received from the queue: event num=929 chunk size=1
2026-02-12 19:25:13,281 AthMpEvtLoopMgr.SharedEvtQueueConsumer               INFO Seek to 929 succeeded
2026-02-12 19:25:14,403 copyAuxStoreThinned                               WARNING AthContainers/src/copyAuxStoreThinned.cxx:138: unlocked decoration UEcorr_Pt (955) in object of type xAOD::ElectronAuxContainer_v3
2026-02-12 19:25:14,407 copyAuxStoreThinned                               WARNING AthContainers/src/copyAuxStoreThinned.cxx:138: unlocked decoration UEcorr_Pt (955) in object of type xAOD::MuonAuxContainer_v5
2026-02-12 19:25:14,424 AthMpEvtLoopMgr.SharedEvtQueueConsumer               INFO Received from the queue: event num=933 chunk size=1
2026-02-12 19:25:14,424 AthMpEvtLoopMgr.SharedEvtQueueConsumer               INFO Seek to 933 succeeded
2026-02-12 19:25:16,042 copyAuxStoreThinned                               WARNING AthContainers/src/copyAuxStoreThinned.cxx:138: unlocked decoration UEcorr_Pt (955) in object of type xAOD::ElectronAuxContainer_v3
2026-02-12 19:25:16,046 copyAuxStoreThinned                               WARNING AthContainers/src/copyAuxStoreThinned.cxx:138: unlocked decoration UEcorr_Pt (955) in object of type xAOD::MuonAuxContainer_v5
2026-02-12 19:25:16,063 AthMpEvtLoopMgr.SharedEvtQueueConsumer               INFO Received from the queue: event num=937 chunk size=1
2026-02-12 19:25:16,064 AthMpEvtLoopMgr.SharedEvtQueueConsumer               INFO Seek to 937 succeeded
2026-02-12 19:25:17,416 copyAuxStoreThinned                               WARNING AthContainers/src/copyAuxStoreThinned.cxx:138: unlocked decoration UEcorr_Pt (955) in object of type xAOD::ElectronAuxContainer_v3
2026-02-12 19:25:17,420 copyAuxStoreThinned                               WARNING AthContainers/src/copyAuxStoreThinned.cxx:138: unlocked decoration UEcorr_Pt (955) in object of type xAOD::MuonAuxContainer_v5
2026-02-12 19:25:17,438 AthMpEvtLoopMgr.SharedEvtQueueConsumer               INFO Received from the queue: event num=941 chunk size=1
2026-02-12 19:25:17,439 AthMpEvtLoopMgr.SharedEvtQueueConsumer               INFO Seek to 941 succeeded
2026-02-12 19:25:18,763 copyAuxStoreThinned                               WARNING AthContainers/src/copyAuxStoreThinned.cxx:138: unlocked decoration UEcorr_Pt (955) in object of type xAOD::ElectronAuxContainer_v3
2026-02-12 19:25:18,767 copyAuxStoreThinned                               WARNING AthContainers/src/copyAuxStoreThinned.cxx:138: unlocked decoration UEcorr_Pt (955) in object of type xAOD::MuonAuxContainer_v5
2026-02-12 19:25:18,784 AthMpEvtLoopMgr.SharedEvtQueueConsumer               INFO Received from the queue: event num=944 chunk size=1
2026-02-12 19:25:18,785 AthMpEvtLoopMgr.SharedEvtQueueConsumer               INFO Seek to 944 succeeded
2026-02-12 19:25:20,038 copyAuxStoreThinned                               WARNING AthContainers/src/copyAuxStoreThinned.cxx:138: unlocked decoration UEcorr_Pt (955) in object of type xAOD::ElectronAuxContainer_v3
2026-02-12 19:25:20,042 copyAuxStoreThinned                               WARNING AthContainers/src/copyAuxStoreThinned.cxx:138: unlocked decoration UEcorr_Pt (955) in object of type xAOD::MuonAuxContainer_v5
2026-02-12 19:25:20,060 AthMpEvtLoopMgr.SharedEvtQueueConsumer               INFO Received from the queue: event num=948 chunk size=1
2026-02-12 19:25:20,060 AthMpEvtLoopMgr.SharedEvtQueueConsumer               INFO Seek to 948 succeeded
2026-02-12 19:25:21,106 copyAuxStoreThinned                               WARNING AthContainers/src/copyAuxStoreThinned.cxx:138: unlocked decoration UEcorr_Pt (955) in object of type xAOD::ElectronAuxContainer_v3
2026-02-12 19:25:21,109 copyAuxStoreThinned                               WARNING AthContainers/src/copyAuxStoreThinned.cxx:138: unlocked decoration UEcorr_Pt (955) in object of type xAOD::MuonAuxContainer_v5
2026-02-12 19:25:21,127 AthMpEvtLoopMgr.SharedEvtQueueConsumer               INFO Received from the queue: event num=951 chunk size=1
2026-02-12 19:25:21,127 AthMpEvtLoopMgr.SharedEvtQueueConsumer               INFO Seek to 951 succeeded
2026-02-12 19:25:22,861 copyAuxStoreThinned                               WARNING AthContainers/src/copyAuxStoreThinned.cxx:138: unlocked decoration UEcorr_Pt (955) in object of type xAOD::ElectronAuxContainer_v3
2026-02-12 19:25:22,866 copyAuxStoreThinned                               WARNING AthContainers/src/copyAuxStoreThinned.cxx:138: unlocked decoration UEcorr_Pt (955) in object of type xAOD::MuonAuxContainer_v5
2026-02-12 19:25:22,888 AthMpEvtLoopMgr.SharedEvtQueueConsumer               INFO Received from the queue: event num=956 chunk size=1
2026-02-12 19:25:22,888 AthMpEvtLoopMgr.SharedEvtQueueConsumer               INFO Seek to 956 succeeded
2026-02-12 19:25:24,306 copyAuxStoreThinned                               WARNING AthContainers/src/copyAuxStoreThinned.cxx:138: unlocked decoration UEcorr_Pt (955) in object of type xAOD::ElectronAuxContainer_v3
2026-02-12 19:25:24,310 copyAuxStoreThinned                               WARNING AthContainers/src/copyAuxStoreThinned.cxx:138: unlocked decoration UEcorr_Pt (955) in object of type xAOD::MuonAuxContainer_v5
2026-02-12 19:25:24,330 AthMpEvtLoopMgr.SharedEvtQueueConsumer               INFO Received from the queue: event num=959 chunk size=1
2026-02-12 19:25:24,330 AthMpEvtLoopMgr.SharedEvtQueueConsumer               INFO Seek to 959 succeeded
2026-02-12 19:25:25,544 copyAuxStoreThinned                               WARNING AthContainers/src/copyAuxStoreThinned.cxx:138: unlocked decoration UEcorr_Pt (955) in object of type xAOD::ElectronAuxContainer_v3
2026-02-12 19:25:25,547 copyAuxStoreThinned                               WARNING AthContainers/src/copyAuxStoreThinned.cxx:138: unlocked decoration UEcorr_Pt (955) in object of type xAOD::MuonAuxContainer_v5
2026-02-12 19:25:25,567 AthMpEvtLoopMgr.SharedEvtQueueConsumer               INFO Received from the queue: event num=963 chunk size=1
2026-02-12 19:25:25,567 AthMpEvtLoopMgr.SharedEvtQueueConsumer               INFO Seek to 963 succeeded
2026-02-12 19:25:26,714 copyAuxStoreThinned                               WARNING AthContainers/src/copyAuxStoreThinned.cxx:138: unlocked decoration UEcorr_Pt (955) in object of type xAOD::ElectronAuxContainer_v3
2026-02-12 19:25:26,718 copyAuxStoreThinned                               WARNING AthContainers/src/copyAuxStoreThinned.cxx:138: unlocked decoration UEcorr_Pt (955) in object of type xAOD::MuonAuxContainer_v5
2026-02-12 19:25:26,734 AthMpEvtLoopMgr.SharedEvtQueueConsumer               INFO Received from the queue: event num=966 chunk size=1
2026-02-12 19:25:26,734 AthMpEvtLoopMgr.SharedEvtQueueConsumer               INFO Seek to 966 succeeded
2026-02-12 19:25:27,849 copyAuxStoreThinned                               WARNING AthContainers/src/copyAuxStoreThinned.cxx:138: unlocked decoration UEcorr_Pt (955) in object of type xAOD::ElectronAuxContainer_v3
2026-02-12 19:25:27,853 copyAuxStoreThinned                               WARNING AthContainers/src/copyAuxStoreThinned.cxx:138: unlocked decoration UEcorr_Pt (955) in object of type xAOD::MuonAuxContainer_v5
2026-02-12 19:25:27,871 AthMpEvtLoopMgr.SharedEvtQueueConsumer               INFO Received from the queue: event num=970 chunk size=1
2026-02-12 19:25:27,871 AthMpEvtLoopMgr.SharedEvtQueueConsumer               INFO Seek to 970 succeeded
2026-02-12 19:25:29,381 copyAuxStoreThinned                               WARNING AthContainers/src/copyAuxStoreThinned.cxx:138: unlocked decoration UEcorr_Pt (955) in object of type xAOD::ElectronAuxContainer_v3
2026-02-12 19:25:29,385 copyAuxStoreThinned                               WARNING AthContainers/src/copyAuxStoreThinned.cxx:138: unlocked decoration UEcorr_Pt (955) in object of type xAOD::MuonAuxContainer_v5
2026-02-12 19:25:29,405 AthMpEvtLoopMgr.SharedEvtQueueConsumer               INFO Received from the queue: event num=974 chunk size=1
2026-02-12 19:25:29,405 AthMpEvtLoopMgr.SharedEvtQueueConsumer               INFO Seek to 974 succeeded
WARNING from FastJet: ClusterSequenceAreaBase::get_median_rho_and_sigma(...): the estimated empty area is suspiciously large and negative and may lead to an over-estimation of rho. This may be due to (i) a rare statistical fluctuation or (ii) too small a range used to estimate the background properties.
2026-02-12 19:25:30,791 copyAuxStoreThinned                               WARNING AthContainers/src/copyAuxStoreThinned.cxx:138: unlocked decoration UEcorr_Pt (955) in object of type xAOD::ElectronAuxContainer_v3
2026-02-12 19:25:30,795 copyAuxStoreThinned                               WARNING AthContainers/src/copyAuxStoreThinned.cxx:138: unlocked decoration UEcorr_Pt (955) in object of type xAOD::MuonAuxContainer_v5
2026-02-12 19:25:30,813 AthMpEvtLoopMgr.SharedEvtQueueConsumer               INFO Received from the queue: event num=978 chunk size=1
2026-02-12 19:25:30,813 AthMpEvtLoopMgr.SharedEvtQueueConsumer               INFO Seek to 978 succeeded
2026-02-12 19:25:32,600 copyAuxStoreThinned                               WARNING AthContainers/src/copyAuxStoreThinned.cxx:138: unlocked decoration UEcorr_Pt (955) in object of type xAOD::ElectronAuxContainer_v3
2026-02-12 19:25:32,604 copyAuxStoreThinned                               WARNING AthContainers/src/copyAuxStoreThinned.cxx:138: unlocked decoration UEcorr_Pt (955) in object of type xAOD::MuonAuxContainer_v5
2026-02-12 19:25:32,624 AthMpEvtLoopMgr.SharedEvtQueueConsumer               INFO Received from the queue: event num=984 chunk size=1
2026-02-12 19:25:32,624 AthMpEvtLoopMgr.SharedEvtQueueConsumer               INFO Seek to 984 succeeded
2026-02-12 19:25:33,745 copyAuxStoreThinned                               WARNING AthContainers/src/copyAuxStoreThinned.cxx:138: unlocked decoration UEcorr_Pt (955) in object of type xAOD::ElectronAuxContainer_v3
2026-02-12 19:25:33,749 copyAuxStoreThinned                               WARNING AthContainers/src/copyAuxStoreThinned.cxx:138: unlocked decoration UEcorr_Pt (955) in object of type xAOD::MuonAuxContainer_v5
2026-02-12 19:25:33,767 AthMpEvtLoopMgr.SharedEvtQueueConsumer               INFO Received from the queue: event num=986 chunk size=1
2026-02-12 19:25:33,768 AthMpEvtLoopMgr.SharedEvtQueueConsumer               INFO Seek to 986 succeeded
2026-02-12 19:25:35,134 copyAuxStoreThinned                               WARNING AthContainers/src/copyAuxStoreThinned.cxx:138: unlocked decoration UEcorr_Pt (955) in object of type xAOD::ElectronAuxContainer_v3
2026-02-12 19:25:35,156 AthMpEvtLoopMgr.SharedEvtQueueConsumer               INFO Received from the queue: event num=990 chunk size=1
2026-02-12 19:25:35,156 AthMpEvtLoopMgr.SharedEvtQueueConsumer               INFO Seek to 990 succeeded
2026-02-12 19:25:36,804 copyAuxStoreThinned                               WARNING AthContainers/src/copyAuxStoreThinned.cxx:138: unlocked decoration UEcorr_Pt (955) in object of type xAOD::ElectronAuxContainer_v3
2026-02-12 19:25:36,814 copyAuxStoreThinned                               WARNING AthContainers/src/copyAuxStoreThinned.cxx:138: unlocked decoration UEcorr_Pt (955) in object of type xAOD::MuonAuxContainer_v5
2026-02-12 19:25:36,837 AthMpEvtLoopMgr.SharedEvtQueueConsumer               INFO Received from the queue: event num=993 chunk size=1
AthMpEvtLoopMgr... WARNING INFO message limit (500) reached for AthMpEvtLoopMgr.SharedEvtQueueConsumer. Suppressing further output.
2026-02-12 19:25:38,217 copyAuxStoreThinned                               WARNING AthContainers/src/copyAuxStoreThinned.cxx:138: unlocked decoration UEcorr_Pt (955) in object of type xAOD::ElectronAuxContainer_v3
2026-02-12 19:25:38,221 copyAuxStoreThinned                               WARNING AthContainers/src/copyAuxStoreThinned.cxx:138: unlocked decoration UEcorr_Pt (955) in object of type xAOD::MuonAuxContainer_v5
2026-02-12 19:25:39,989 copyAuxStoreThinned                               WARNING AthContainers/src/copyAuxStoreThinned.cxx:138: unlocked decoration UEcorr_Pt (955) in object of type xAOD::ElectronAuxContainer_v3
2026-02-12 19:25:39,993 copyAuxStoreThinned                               WARNING AthContainers/src/copyAuxStoreThinned.cxx:138: unlocked decoration UEcorr_Pt (955) in object of type xAOD::MuonAuxContainer_v5
2026-02-12 19:25:45,483 ToolSvc.BookkeeperTool                               INFO Successfully copied CutBookkeepers to the output MetaDataStore
2026-02-12 19:25:45,530 /eos/home-b/bkamgama/draft/Run_sleep_10000/...root   INFO Database being retired...
2026-02-12 19:25:45,981 /eos/home-b/bkamgama/draft/Run_sleep_10000/...root   INFO ->  Deaccess DbDatabase   READ      [ROOT_All] AA21FB28-2672-434E-9813-0D7BE842151D
2026-02-12 19:25:45,982 AthenaPoolSharedIOCnvSvc.OutputStreamingTool         INFO in stop()
2026-02-12 19:25:45,982 AthenaPoolSharedIOCnvSvc.OutputStreamingTool         INFO Client stop() inform Server: 3
2026-02-12 19:25:46,011 ApplicationMgr                                       INFO Application Manager Stopped successfully
2026-02-12 19:25:46,137 CondInputLoader                                      INFO Finalizing CondInputLoader...
2026-02-12 19:25:46,137 MCTruthClassificationKernel                          INFO ============================================================================
2026-02-12 19:25:46,138 MCTruthClassificationKernel                          INFO  The following CP tools were called by MCTruthClassificationKernel for the whole train:
2026-02-12 19:25:46,138 MCTruthClassificationKernel                          INFO ToolSvc.DFCommonTruthClassificationTool
2026-02-12 19:25:46,138 MCTruthClassificationKernel                          INFO ============================================================================
2026-02-12 19:25:46,138 PhysCommonTruthCharmKernel                           INFO ============================================================================
2026-02-12 19:25:46,138 PhysCommonTruthCharmKernel                           INFO  The following CP tools were called by PhysCommonTruthCharmKernel for the whole train:
2026-02-12 19:25:46,138 PhysCommonTruthCharmKernel                           INFO ToolSvc.PhysCommonTruthCharmTool
2026-02-12 19:25:46,138 PhysCommonTruthCharmKernel                           INFO ============================================================================
2026-02-12 19:25:46,138 MCTruthCommonHFAndDecaysKernel                       INFO ============================================================================
2026-02-12 19:25:46,138 MCTruthCommonHFAndDecaysKernel                       INFO  The following CP tools were called by MCTruthCommonHFAndDecaysKernel for the whole train:
2026-02-12 19:25:46,138 MCTruthCommonHFAndDecaysKernel                       INFO ToolSvc.DFCommonHFAndDecaysTool
2026-02-12 19:25:46,138 MCTruthCommonHFAndDecaysKernel                       INFO ============================================================================
2026-02-12 19:25:46,138 DFCommonTruthMetaDataWriterKernel                    INFO ============================================================================
2026-02-12 19:25:46,139 DFCommonTruthMetaDataWriterKernel                    INFO  The following CP tools were called by DFCommonTruthMetaDataWriterKernel for the whole train:
2026-02-12 19:25:46,139 DFCommonTruthMetaDataWriterKernel                    INFO ToolSvc.DFCommonTruthMetaDataWriter
2026-02-12 19:25:46,139 DFCommonTruthMetaDataWriterKernel                    INFO ============================================================================
2026-02-12 19:25:46,139 MCTruthCommonPreJetKernelNo1                         INFO ============================================================================
2026-02-12 19:25:46,139 MCTruthCommonPreJetKernelNo1                         INFO  The following CP tools were called by MCTruthCommonPreJetKernelNo1 for the whole train:
2026-02-12 19:25:46,139 MCTruthCommonPreJetKernelNo1                         INFO ToolSvc.DFCommonTruthMuonTool
2026-02-12 19:25:46,139 MCTruthCommonPreJetKernelNo1                         INFO ============================================================================
2026-02-12 19:25:46,139 MCTruthCommonPreJetKernelNo2                         INFO ============================================================================
2026-02-12 19:25:46,139 MCTruthCommonPreJetKernelNo2                         INFO  The following CP tools were called by MCTruthCommonPreJetKernelNo2 for the whole train:
2026-02-12 19:25:46,139 MCTruthCommonPreJetKernelNo2                         INFO ToolSvc.DFCommonTruthElectronTool
2026-02-12 19:25:46,139 MCTruthCommonPreJetKernelNo2                         INFO ============================================================================
2026-02-12 19:25:46,139 MCTruthCommonPreJetKernelNo3                         INFO ============================================================================
2026-02-12 19:25:46,139 MCTruthCommonPreJetKernelNo3                         INFO  The following CP tools were called by MCTruthCommonPreJetKernelNo3 for the whole train:
2026-02-12 19:25:46,139 MCTruthCommonPreJetKernelNo3                         INFO ToolSvc.DFCommonTruthPhotonToolSim
2026-02-12 19:25:46,139 MCTruthCommonPreJetKernelNo3                         INFO ============================================================================
2026-02-12 19:25:46,139 MCTruthCommonPreJetKernelNo4                         INFO ============================================================================
2026-02-12 19:25:46,139 MCTruthCommonPreJetKernelNo4                         INFO  The following CP tools were called by MCTruthCommonPreJetKernelNo4 for the whole train:
2026-02-12 19:25:46,139 MCTruthCommonPreJetKernelNo4                         INFO ToolSvc.DFCommonTruthNeutrinoTool
2026-02-12 19:25:46,139 MCTruthCommonPreJetKernelNo4                         INFO ============================================================================
2026-02-12 19:25:46,140 MCTruthCommonPreJetKernelNo5                         INFO ============================================================================
2026-02-12 19:25:46,140 MCTruthCommonPreJetKernelNo5                         INFO  The following CP tools were called by MCTruthCommonPreJetKernelNo5 for the whole train:
2026-02-12 19:25:46,140 MCTruthCommonPreJetKernelNo5                         INFO ToolSvc.DFCommonTruthBottomTool
2026-02-12 19:25:46,140 MCTruthCommonPreJetKernelNo5                         INFO ============================================================================
2026-02-12 19:25:46,140 MCTruthCommonPreJetKernelNo6                         INFO ============================================================================
2026-02-12 19:25:46,140 MCTruthCommonPreJetKernelNo6                         INFO  The following CP tools were called by MCTruthCommonPreJetKernelNo6 for the whole train:
2026-02-12 19:25:46,140 MCTruthCommonPreJetKernelNo6                         INFO ToolSvc.DFCommonTruthTopTool
2026-02-12 19:25:46,140 MCTruthCommonPreJetKernelNo6                         INFO ============================================================================
2026-02-12 19:25:46,140 MCTruthCommonPreJetKernelNo7                         INFO ============================================================================
2026-02-12 19:25:46,140 MCTruthCommonPreJetKernelNo7                         INFO  The following CP tools were called by MCTruthCommonPreJetKernelNo7 for the whole train:
2026-02-12 19:25:46,140 MCTruthCommonPreJetKernelNo7                         INFO ToolSvc.DFCommonTruthBosonTool
2026-02-12 19:25:46,140 MCTruthCommonPreJetKernelNo7                         INFO ============================================================================
2026-02-12 19:25:46,140 MCTruthCommonPreJetKernelNo8                         INFO ============================================================================
2026-02-12 19:25:46,140 MCTruthCommonPreJetKernelNo8                         INFO  The following CP tools were called by MCTruthCommonPreJetKernelNo8 for the whole train:
2026-02-12 19:25:46,140 MCTruthCommonPreJetKernelNo8                         INFO ToolSvc.DFCommonTruthBSMTool
2026-02-12 19:25:46,140 MCTruthCommonPreJetKernelNo8                         INFO ============================================================================
2026-02-12 19:25:46,140 MCTruthCommonPreJetKernelNo9                         INFO ============================================================================
2026-02-12 19:25:46,140 MCTruthCommonPreJetKernelNo9                         INFO  The following CP tools were called by MCTruthCommonPreJetKernelNo9 for the whole train:
2026-02-12 19:25:46,140 MCTruthCommonPreJetKernelNo9                         INFO ToolSvc.DFCommonTruthElectronIsolationTool1
2026-02-12 19:25:46,140 MCTruthCommonPreJetKernelNo9                         INFO ============================================================================
2026-02-12 19:25:46,141 MCTruthCommonPreJetKernelNo10                        INFO ============================================================================
2026-02-12 19:25:46,141 MCTruthCommonPreJetKernelNo10                        INFO  The following CP tools were called by MCTruthCommonPreJetKernelNo10 for the whole train:
2026-02-12 19:25:46,141 MCTruthCommonPreJetKernelNo10                        INFO ToolSvc.DFCommonTruthElectronIsolationTool2
2026-02-12 19:25:46,141 MCTruthCommonPreJetKernelNo10                        INFO ============================================================================
2026-02-12 19:25:46,141 MCTruthCommonPreJetKernelNo11                        INFO ============================================================================
2026-02-12 19:25:46,141 MCTruthCommonPreJetKernelNo11                        INFO  The following CP tools were called by MCTruthCommonPreJetKernelNo11 for the whole train:
2026-02-12 19:25:46,141 MCTruthCommonPreJetKernelNo11                        INFO ToolSvc.DFCommonTruthMuonIsolationTool1
2026-02-12 19:25:46,141 MCTruthCommonPreJetKernelNo11                        INFO ============================================================================
2026-02-12 19:25:46,141 MCTruthCommonPreJetKernelNo12                        INFO ============================================================================
2026-02-12 19:25:46,141 MCTruthCommonPreJetKernelNo12                        INFO  The following CP tools were called by MCTruthCommonPreJetKernelNo12 for the whole train:
2026-02-12 19:25:46,141 MCTruthCommonPreJetKernelNo12                        INFO ToolSvc.DFCommonTruthMuonIsolationTool2
2026-02-12 19:25:46,141 MCTruthCommonPreJetKernelNo12                        INFO ============================================================================
2026-02-12 19:25:46,141 MCTruthCommonPreJetKernelNo13                        INFO ============================================================================
2026-02-12 19:25:46,141 MCTruthCommonPreJetKernelNo13                        INFO  The following CP tools were called by MCTruthCommonPreJetKernelNo13 for the whole train:
2026-02-12 19:25:46,141 MCTruthCommonPreJetKernelNo13                        INFO ToolSvc.DFCommonTruthPhotonIsolationTool1
2026-02-12 19:25:46,141 MCTruthCommonPreJetKernelNo13                        INFO ============================================================================
2026-02-12 19:25:46,141 MCTruthCommonPreJetKernelNo14                        INFO ============================================================================
2026-02-12 19:25:46,141 MCTruthCommonPreJetKernelNo14                        INFO  The following CP tools were called by MCTruthCommonPreJetKernelNo14 for the whole train:
2026-02-12 19:25:46,141 MCTruthCommonPreJetKernelNo14                        INFO ToolSvc.DFCommonTruthPhotonIsolationTool2
2026-02-12 19:25:46,142 MCTruthCommonPreJetKernelNo14                        INFO ============================================================================
2026-02-12 19:25:46,142 MCTruthCommonPreJetKernelNo15                        INFO ============================================================================
2026-02-12 19:25:46,142 MCTruthCommonPreJetKernelNo15                        INFO  The following CP tools were called by MCTruthCommonPreJetKernelNo15 for the whole train:
2026-02-12 19:25:46,142 MCTruthCommonPreJetKernelNo15                        INFO ToolSvc.DFCommonTruthPhotonIsolationTool3
2026-02-12 19:25:46,142 MCTruthCommonPreJetKernelNo15                        INFO ============================================================================
2026-02-12 19:25:46,142 MCTruthCommonPreJetKernelNo16                        INFO ============================================================================
2026-02-12 19:25:46,142 MCTruthCommonPreJetKernelNo16                        INFO  The following CP tools were called by MCTruthCommonPreJetKernelNo16 for the whole train:
2026-02-12 19:25:46,142 MCTruthCommonPreJetKernelNo16                        INFO ToolSvc.DFCommonTruthForwardProtonTool
2026-02-12 19:25:46,142 MCTruthCommonPreJetKernelNo16                        INFO ============================================================================
2026-02-12 19:25:46,142 MCTruthCommonPreJetKernelNo17                        INFO ============================================================================
2026-02-12 19:25:46,142 MCTruthCommonPreJetKernelNo17                        INFO  The following CP tools were called by MCTruthCommonPreJetKernelNo17 for the whole train:
2026-02-12 19:25:46,142 MCTruthCommonPreJetKernelNo17                        INFO ToolSvc.DFCommonTruthElectronDressingTool
2026-02-12 19:25:46,142 MCTruthCommonPreJetKernelNo17                        INFO ============================================================================
2026-02-12 19:25:46,142 MCTruthCommonPreJetKernelNo18                        INFO ============================================================================
2026-02-12 19:25:46,142 MCTruthCommonPreJetKernelNo18                        INFO  The following CP tools were called by MCTruthCommonPreJetKernelNo18 for the whole train:
2026-02-12 19:25:46,142 MCTruthCommonPreJetKernelNo18                        INFO ToolSvc.DFCommonTruthMuonDressingTool
2026-02-12 19:25:46,142 MCTruthCommonPreJetKernelNo18                        INFO ============================================================================
2026-02-12 19:25:46,143 TauTruthCommonKernel2                                INFO ============================================================================
2026-02-12 19:25:46,144 TauTruthCommonKernel2                                INFO  The following CP tools were called by TauTruthCommonKernel2 for the whole train:
2026-02-12 19:25:46,144 TauTruthCommonKernel2                                INFO ToolSvc.DFCommonTauJetsTruthMatchingWrapper
2026-02-12 19:25:46,144 TauTruthCommonKernel2                                INFO ============================================================================
2026-02-12 19:25:46,144 MCTruthCommonPostJetKernelNo1                        INFO ============================================================================
2026-02-12 19:25:46,144 MCTruthCommonPostJetKernelNo1                        INFO  The following CP tools were called by MCTruthCommonPostJetKernelNo1 for the whole train:
2026-02-12 19:25:46,144 MCTruthCommonPostJetKernelNo1                        INFO ToolSvc.DFCommonTruthTauDressingTool
2026-02-12 19:25:46,144 MCTruthCommonPostJetKernelNo1                        INFO ============================================================================
2026-02-12 19:25:46,144 MCTruthCommonPostJetKernelNo2                        INFO ============================================================================
2026-02-12 19:25:46,144 MCTruthCommonPostJetKernelNo2                        INFO  The following CP tools were called by MCTruthCommonPostJetKernelNo2 for the whole train:
2026-02-12 19:25:46,144 MCTruthCommonPostJetKernelNo2                        INFO ToolSvc.DFCommonTruthGenFilt
2026-02-12 19:25:46,144 MCTruthCommonPostJetKernelNo2                        INFO ============================================================================
2026-02-12 19:25:46,144 MCTruthCommonPostJetKernelNo3                        INFO ============================================================================
2026-02-12 19:25:46,144 MCTruthCommonPostJetKernelNo3                        INFO  The following CP tools were called by MCTruthCommonPostJetKernelNo3 for the whole train:
2026-02-12 19:25:46,144 MCTruthCommonPostJetKernelNo3                        INFO ToolSvc.DFCommonTruthDressedWZQGLabelTool
2026-02-12 19:25:46,144 MCTruthCommonPostJetKernelNo3                        INFO ============================================================================
2026-02-12 19:25:46,144 MCTruthNavigationDecoratorKernel                     INFO ============================================================================
2026-02-12 19:25:46,144 MCTruthNavigationDecoratorKernel                     INFO  The following CP tools were called by MCTruthNavigationDecoratorKernel for the whole train:
2026-02-12 19:25:46,144 MCTruthNavigationDecoratorKernel                     INFO ToolSvc.DFCommonTruthNavigationDecorator
2026-02-12 19:25:46,144 MCTruthNavigationDecoratorKernel                     INFO ============================================================================
2026-02-12 19:25:46,144 MCTruthCommonBosonsAndDecaysKernel                   INFO ============================================================================
2026-02-12 19:25:46,144 MCTruthCommonBosonsAndDecaysKernel                   INFO  The following CP tools were called by MCTruthCommonBosonsAndDecaysKernel for the whole train:
2026-02-12 19:25:46,145 MCTruthCommonBosonsAndDecaysKernel                   INFO ToolSvc.DFCommonBosonsAndDecaysTool
2026-02-12 19:25:46,145 MCTruthCommonBosonsAndDecaysKernel                   INFO ============================================================================
2026-02-12 19:25:46,145 MCTruthCommonBSMAndDecaysKernel                      INFO ============================================================================
2026-02-12 19:25:46,145 MCTruthCommonBSMAndDecaysKernel                      INFO  The following CP tools were called by MCTruthCommonBSMAndDecaysKernel for the whole train:
2026-02-12 19:25:46,145 MCTruthCommonBSMAndDecaysKernel                      INFO ToolSvc.DFCommonBSMAndDecaysTool
2026-02-12 19:25:46,145 MCTruthCommonBSMAndDecaysKernel                      INFO ============================================================================
2026-02-12 19:25:46,145 MCTruthCommonBornLeptonsKernel                       INFO ============================================================================
2026-02-12 19:25:46,145 MCTruthCommonBornLeptonsKernel                       INFO  The following CP tools were called by MCTruthCommonBornLeptonsKernel for the whole train:
2026-02-12 19:25:46,145 MCTruthCommonBornLeptonsKernel                       INFO ToolSvc.DFCommonBornLeptonCollTool
2026-02-12 19:25:46,145 MCTruthCommonBornLeptonsKernel                       INFO ============================================================================
2026-02-12 19:25:46,145 MiniCollectionTruthLinkKernelNo1                     INFO ============================================================================
2026-02-12 19:25:46,145 MiniCollectionTruthLinkKernelNo1                     INFO  The following CP tools were called by MiniCollectionTruthLinkKernelNo1 for the whole train:
2026-02-12 19:25:46,145 MiniCollectionTruthLinkKernelNo1                     INFO ToolSvc.ElMiniCollectionTruthLinkTool
2026-02-12 19:25:46,145 MiniCollectionTruthLinkKernelNo1                     INFO ============================================================================
2026-02-12 19:25:46,145 MiniCollectionTruthLinkKernelNo2                     INFO ============================================================================
2026-02-12 19:25:46,145 MiniCollectionTruthLinkKernelNo2                     INFO  The following CP tools were called by MiniCollectionTruthLinkKernelNo2 for the whole train:
2026-02-12 19:25:46,145 MiniCollectionTruthLinkKernelNo2                     INFO ToolSvc.PhMiniCollectionTruthLinkTool
2026-02-12 19:25:46,145 MiniCollectionTruthLinkKernelNo2                     INFO ============================================================================
2026-02-12 19:25:46,145 MiniCollectionTruthLinkKernelNo3                     INFO ============================================================================
2026-02-12 19:25:46,145 MiniCollectionTruthLinkKernelNo3                     INFO  The following CP tools were called by MiniCollectionTruthLinkKernelNo3 for the whole train:
2026-02-12 19:25:46,145 MiniCollectionTruthLinkKernelNo3                     INFO ToolSvc.MuMiniCollectionTruthLinkTool
2026-02-12 19:25:46,146 MiniCollectionTruthLinkKernelNo3                     INFO ============================================================================
2026-02-12 19:25:46,146 MCTruthCommonTruthPVCollKernel                       INFO ============================================================================
2026-02-12 19:25:46,146 MCTruthCommonTruthPVCollKernel                       INFO  The following CP tools were called by MCTruthCommonTruthPVCollKernel for the whole train:
2026-02-12 19:25:46,146 MCTruthCommonTruthPVCollKernel                       INFO ToolSvc.DFCommonTruthPVCollTool
2026-02-12 19:25:46,146 MCTruthCommonTruthPVCollKernel                       INFO ============================================================================
2026-02-12 19:25:46,146 DFCommonHSDecorator                                  INFO ============================================================================
2026-02-12 19:25:46,146 DFCommonHSDecorator                                  INFO  The following CP tools were called by DFCommonHSDecorator for the whole train:
2026-02-12 19:25:46,146 DFCommonHSDecorator                                  INFO ToolSvc.HardScatterDecorTool
2026-02-12 19:25:46,146 DFCommonHSDecorator                                  INFO ============================================================================
2026-02-12 19:25:46,146 InDetCommonKernelDFCommonTrackSelection              INFO ============================================================================
2026-02-12 19:25:46,146 InDetCommonKernelDFCommonTrackSelection              INFO  The following CP tools were called by InDetCommonKernelDFCommonTrackSelection for the whole train:
2026-02-12 19:25:46,146 InDetCommonKernelDFCommonTrackSelection              INFO ToolSvc.DFCommonTrackSelection
2026-02-12 19:25:46,146 InDetCommonKernelDFCommonTrackSelection              INFO ============================================================================
2026-02-12 19:25:46,146 InDetCommonKernelDFCommonZ0AtPV                      INFO ============================================================================
2026-02-12 19:25:46,146 InDetCommonKernelDFCommonZ0AtPV                      INFO  The following CP tools were called by InDetCommonKernelDFCommonZ0AtPV for the whole train:
2026-02-12 19:25:46,146 InDetCommonKernelDFCommonZ0AtPV                      INFO ToolSvc.DFCommonZ0AtPV
2026-02-12 19:25:46,146 InDetCommonKernelDFCommonZ0AtPV                      INFO ============================================================================
2026-02-12 19:25:46,146 InDetCommonKernelDFCommonUsedInFitDecorator          INFO ============================================================================
2026-02-12 19:25:46,146 InDetCommonKernelDFCommonUsedInFitDecorator          INFO  The following CP tools were called by InDetCommonKernelDFCommonUsedInFitDecorator for the whole train:
2026-02-12 19:25:46,146 InDetCommonKernelDFCommonUsedInFitDecorator          INFO ToolSvc.DFCommonUsedInFitDecorator
2026-02-12 19:25:46,147 InDetCommonKernelDFCommonUsedInFitDecorator          INFO ============================================================================
2026-02-12 19:25:46,147 DFCommonMuonsKernel                                  INFO ============================================================================
2026-02-12 19:25:46,147 DFCommonMuonsKernel                                  INFO  The following CP tools were called by DFCommonMuonsKernel for the whole train:
2026-02-12 19:25:46,147 DFCommonMuonsKernel                                  INFO ToolSvc.DFCommonMuonToolWrapperIDCuts
2026-02-12 19:25:46,147 DFCommonMuonsKernel                                  INFO ToolSvc.DFCommonMuonToolWrapperPreselection
2026-02-12 19:25:46,147 DFCommonMuonsKernel                                  INFO ============================================================================
2026-02-12 19:25:46,147 IsolationBuilderNonpro...All_MaxWeightLooseCone500   INFO Finalizing IsolationBuilderNonprompt_All_MaxWeightLooseCone500...
2026-02-12 19:25:46,147 IsolationBuilderNonprompt_All_MaxWeight500           INFO Finalizing IsolationBuilderNonprompt_All_MaxWeight500...
2026-02-12 19:25:46,147 IsolationBuilderNonpro...ll_MaxWeightLooseCone1000   INFO Finalizing IsolationBuilderNonprompt_All_MaxWeightLooseCone1000...
2026-02-12 19:25:46,147 IsolationBuilderNonprompt_All_MaxWeight1000          INFO Finalizing IsolationBuilderNonprompt_All_MaxWeight1000...
2026-02-12 19:25:46,147 EGammaCommonKernel                                   INFO ============================================================================
2026-02-12 19:25:46,147 EGammaCommonKernel                                   INFO  The following CP tools were called by EGammaCommonKernel for the whole train:
2026-02-12 19:25:46,147 EGammaCommonKernel                                   INFO ToolSvc.DFCommonPhotonsDirection
2026-02-12 19:25:46,147 EGammaCommonKernel                                   INFO ToolSvc.ElectronPassLHVeryLoose
2026-02-12 19:25:46,147 EGammaCommonKernel                                   INFO ToolSvc.ElectronPassLHLoose
2026-02-12 19:25:46,147 EGammaCommonKernel                                   INFO ToolSvc.ElectronPassLHLooseBL
2026-02-12 19:25:46,147 EGammaCommonKernel                                   INFO ToolSvc.ElectronPassLHMedium
2026-02-12 19:25:46,148 EGammaCommonKernel                                   INFO ToolSvc.ElectronPassLHTight
2026-02-12 19:25:46,148 EGammaCommonKernel                                   INFO ToolSvc.ElectronPassDNNLoose
2026-02-12 19:25:46,148 EGammaCommonKernel                                   INFO ToolSvc.ElectronPassDNNMedium
2026-02-12 19:25:46,148 EGammaCommonKernel                                   INFO ToolSvc.ElectronPassDNNTight
2026-02-12 19:25:46,148 EGammaCommonKernel                                   INFO ToolSvc.ElectronPassDNNVeryLooseNoCF97
2026-02-12 19:25:46,148 EGammaCommonKernel                                   INFO ToolSvc.ElectronPassDNNLooseNoCF
2026-02-12 19:25:46,148 EGammaCommonKernel                                   INFO ToolSvc.ElectronPassDNNMediumNoCF
2026-02-12 19:25:46,148 EGammaCommonKernel                                   INFO ToolSvc.ElectronPassDNNTightNoCF
2026-02-12 19:25:46,148 EGammaCommonKernel                                   INFO ToolSvc.PhotonPassIsEMLoose
2026-02-12 19:25:46,148 EGammaCommonKernel                                   INFO ToolSvc.PhotonPassIsEMMedium
2026-02-12 19:25:46,148 EGammaCommonKernel                                   INFO ToolSvc.PhotonPassIsEMTight
2026-02-12 19:25:46,148 EGammaCommonKernel                                   INFO ToolSvc.PhotonPassCleaning
2026-02-12 19:25:46,148 EGammaCommonKernel                                   INFO ToolSvc.ElectronAdditionnalAmbiguity
2026-02-12 19:25:46,148 EGammaCommonKernel                                   INFO ToolSvc.ElectronPassECIDS
2026-02-12 19:25:46,148 EGammaCommonKernel                                   INFO ToolSvc.ForwardElectronPassLHLoose
2026-02-12 19:25:46,148 EGammaCommonKernel                                   INFO ToolSvc.ForwardElectronPassLHMedium
2026-02-12 19:25:46,148 EGammaCommonKernel                                   INFO ToolSvc.ForwardElectronPassLHTight
2026-02-12 19:25:46,148 EGammaCommonKernel                                   INFO ToolSvc.DerivationFramework::EGammaClusterCoreCellRecovery
2026-02-12 19:25:46,148 EGammaCommonKernel                                   INFO ToolSvc.BkgElectronClassificationTool
2026-02-12 19:25:46,148 EGammaCommonKernel                                   INFO ToolSvc.TruthEgetIsolationTool
2026-02-12 19:25:46,148 EGammaCommonKernel                                   INFO ToolSvc.TruthEgptIsolationTool
2026-02-12 19:25:46,148 EGammaCommonKernel                                   INFO ============================================================================
2026-02-12 19:25:46,149 PFlowIsolationBuilder                                INFO Finalizing PFlowIsolationBuilder...
2026-02-12 19:25:46,150 BadBatmanAugmentation                                INFO ============================================================================
2026-02-12 19:25:46,150 BadBatmanAugmentation                                INFO  The following CP tools were called by BadBatmanAugmentation for the whole train:
2026-02-12 19:25:46,150 BadBatmanAugmentation                                INFO ToolSvc.BadBatmanAugmentationTool
2026-02-12 19:25:46,150 BadBatmanAugmentation                                INFO ============================================================================
2026-02-12 19:25:46,150 DistanceInTrainAugmentation                          INFO ============================================================================
2026-02-12 19:25:46,150 DistanceInTrainAugmentation                          INFO  The following CP tools were called by DistanceInTrainAugmentation for the whole train:
2026-02-12 19:25:46,150 DistanceInTrainAugmentation                          INFO ToolSvc.DistanceInTrainAugmentationTool
2026-02-12 19:25:46,150 DistanceInTrainAugmentation                          INFO ============================================================================
2026-02-12 19:25:46,150 TauJets_TauIDDecorKernel                             INFO ============================================================================
2026-02-12 19:25:46,150 TauJets_TauIDDecorKernel                             INFO  The following CP tools were called by TauJets_TauIDDecorKernel for the whole train:
2026-02-12 19:25:46,150 TauJets_TauIDDecorKernel                             INFO ToolSvc.TauJets_TauIDDecoratorWrapper
2026-02-12 19:25:46,150 TauJets_TauIDDecorKernel                             INFO ============================================================================
2026-02-12 19:25:46,150 TauRNNLooseAugmentationKernel                        INFO ============================================================================
2026-02-12 19:25:46,150 TauRNNLooseAugmentationKernel                        INFO  The following CP tools were called by TauRNNLooseAugmentationKernel for the whole train:
2026-02-12 19:25:46,150 TauRNNLooseAugmentationKernel                        INFO ToolSvc.TauRNNLooseWrapper
2026-02-12 19:25:46,151 TauRNNLooseAugmentationKernel                        INFO ============================================================================
2026-02-12 19:25:46,151 DFCommonMuonsKernel2                                 INFO ============================================================================
2026-02-12 19:25:46,151 DFCommonMuonsKernel2                                 INFO  The following CP tools were called by DFCommonMuonsKernel2 for the whole train:
2026-02-12 19:25:46,151 DFCommonMuonsKernel2                                 INFO ToolSvc.MuonJetDrTool
2026-02-12 19:25:46,151 DFCommonMuonsKernel2                                 INFO ============================================================================
2026-02-12 19:25:46,151 DiTauLowPtBuilder                                    INFO Finalizing DiTauLowPtBuilder...
2026-02-12 19:25:46,151 TauJets_MuonRM_TauIDDecorKernel                      INFO ============================================================================
2026-02-12 19:25:46,151 TauJets_MuonRM_TauIDDecorKernel                      INFO  The following CP tools were called by TauJets_MuonRM_TauIDDecorKernel for the whole train:
2026-02-12 19:25:46,151 TauJets_MuonRM_TauIDDecorKernel                      INFO ToolSvc.TauJets_MuonRM_TauIDDecoratorWrapper
2026-02-12 19:25:46,151 TauJets_MuonRM_TauIDDecorKernel                      INFO ============================================================================
2026-02-12 19:25:46,151 DiTauIDDecorKernel                                   INFO ============================================================================
2026-02-12 19:25:46,152 DiTauIDDecorKernel                                   INFO  The following CP tools were called by DiTauIDDecorKernel for the whole train:
2026-02-12 19:25:46,152 DiTauIDDecorKernel                                   INFO ToolSvc.DiTauIDDecoratorWrapper
2026-02-12 19:25:46,152 DiTauIDDecorKernel                                   INFO ============================================================================
2026-02-12 19:25:46,152 DiTauJets_DiTauIDDecorKernel                         INFO ============================================================================
2026-02-12 19:25:46,152 DiTauJets_DiTauIDDecorKernel                         INFO  The following CP tools were called by DiTauJets_DiTauIDDecorKernel for the whole train:
2026-02-12 19:25:46,152 DiTauJets_DiTauIDDecorKernel                         INFO ToolSvc.DiTauJets_DiTauChargeDecorator
2026-02-12 19:25:46,152 DiTauJets_DiTauIDDecorKernel                         INFO ============================================================================
2026-02-12 19:25:46,152 DiTauJetsLowPt_DiTauIDDecorKernel                    INFO ============================================================================
2026-02-12 19:25:46,152 DiTauJetsLowPt_DiTauIDDecorKernel                    INFO  The following CP tools were called by DiTauJetsLowPt_DiTauIDDecorKernel for the whole train:
2026-02-12 19:25:46,152 DiTauJetsLowPt_DiTauIDDecorKernel                    INFO ToolSvc.DiTauJetsLowPt_DiTauChargeDecorator
2026-02-12 19:25:46,152 DiTauJetsLowPt_DiTauIDDecorKernel                    INFO ============================================================================
2026-02-12 19:25:46,153 PHYSKernel                                           INFO ============================================================================
2026-02-12 19:25:46,153 PHYSKernel                                           INFO || SUMMARY OF THE DERIVATION FRAMEWORK KERNEL WITH NAME PHYSKernel || 
2026-02-12 19:25:46,153 PHYSKernel                                           INFO ============================================================================
2026-02-12 19:25:46,153 PHYSKernel                                           INFO ============================================================================
2026-02-12 19:25:46,153 PHYSKernel                                           INFO Events analyzed: 248
2026-02-12 19:25:46,153 PHYSKernel                                           INFO Events accepted: 248
2026-02-12 19:25:46,153 PHYSKernel                                           INFO ============================================================================
2026-02-12 19:25:46,153 FourLeptonVertexAlg                                  INFO Proccessed in total 248 events. Lepton multiplicities observed:
2026-02-12 19:25:46,153 FourLeptonVertexAlg                                  INFO     ---- Events with 0 leptons: 142 (elec/muon) 165/218 (57.2581%)
2026-02-12 19:25:46,153 FourLeptonVertexAlg                                  INFO     ---- Events with 1 leptons: 86 (elec/muon) 69/29 (34.6774%)
2026-02-12 19:25:46,153 FourLeptonVertexAlg                                  INFO     ---- Events with 2 leptons: 17 (elec/muon) 13/1 (6.85484%)
2026-02-12 19:25:46,153 FourLeptonVertexAlg                                  INFO     ---- Events with 3 leptons: 3 (elec/muon) 1/0 (1.20968%)
2026-02-12 19:25:46,154 FourLeptonVertexAlg                                  INFO     ---- Events with 4 leptons: 0 (elec/muon) 0/0 (0%)
2026-02-12 19:25:46,154 FourLeptonVertexAlg                                  INFO     ---- Events with 5 leptons: 0 (elec/muon) 0/0 (0%)
2026-02-12 19:25:46,154 FourLeptonVertexAlg                                  INFO     ---- Events with 6 leptons: 0 (elec/muon) 0/0 (0%)
2026-02-12 19:25:46,154 FourLeptonVertexAlg                                  INFO     ---- Events with 7 leptons: 0 (elec/muon) 0/0 (0%)
2026-02-12 19:25:46,154 FourLeptonVertexAlg                                  INFO ---> Attempted fits 0 out of which 0 (0%) succeeded.
2026-02-12 19:25:46,154 HFClassificationCommonKernel                         INFO ============================================================================
2026-02-12 19:25:46,154 HFClassificationCommonKernel                         INFO  The following CP tools were called by HFClassificationCommonKernel for the whole train:
2026-02-12 19:25:46,154 HFClassificationCommonKernel                         INFO ToolSvc.DFCommonClassifyAndCalculateHFAugmentation
2026-02-12 19:25:46,154 HFClassificationCommonKernel                         INFO ============================================================================
2026-02-12 19:25:46,154 MCTruthCommonTausAndDecaysKernel                     INFO ============================================================================
2026-02-12 19:25:46,154 MCTruthCommonTausAndDecaysKernel                     INFO  The following CP tools were called by MCTruthCommonTausAndDecaysKernel for the whole train:
2026-02-12 19:25:46,154 MCTruthCommonTausAndDecaysKernel                     INFO ToolSvc.DFCommonTausAndDecaysTool
2026-02-12 19:25:46,154 MCTruthCommonTausAndDecaysKernel                     INFO ============================================================================
2026-02-12 19:25:46,154 AllExecutedEventsCounterAlg                          INFO accepted 248 out of 248 events for filter AllExecutedEvents (Number of processed events before any cut)
2026-02-12 19:25:46,155 DecisionSvc                                          INFO Finalized successfully.
2026-02-12 19:25:46,155 Athena::DelayedConditionsCleanerSvc                  INFO Conditions container statistics
2026-02-12 19:25:46,155 Athena::DelayedConditionsCleanerSvc                  INFO   Work q: Max size: 32  (1 queries) 
2026-02-12 19:25:46,155 Athena::DelayedConditionsCleanerSvc                  INFO           Avg size: 32.00 / Avg removed: 32.00
2026-02-12 19:25:46,155 Athena::DelayedConditionsCleanerSvc                  INFO   ConditionStore+/Digitization/Parameters nInserts      1 maxSize   1
2026-02-12 19:25:46,155 Athena::DelayedConditionsCleanerSvc                  INFO     nClean 1 avgRemoved 0.00 0/1/2+ 1/0/0
2026-02-12 19:25:46,155 Athena::DelayedConditionsCleanerSvc                  INFO   ConditionStore+/EXT/DCS/MAGNETS/SENSORDATA nInserts      1 maxSize   1
2026-02-12 19:25:46,155 Athena::DelayedConditionsCleanerSvc                  INFO     nClean 1 avgRemoved 0.00 0/1/2+ 1/0/0
2026-02-12 19:25:46,155 Athena::DelayedConditionsCleanerSvc                  INFO   ConditionStore+/GLOBAL/BField/Maps nInserts      1 maxSize   1
2026-02-12 19:25:46,155 Athena::DelayedConditionsCleanerSvc                  INFO     nClean 1 avgRemoved 0.00 0/1/2+ 1/0/0
2026-02-12 19:25:46,155 Athena::DelayedConditionsCleanerSvc                  INFO   ConditionStore+/GLOBAL/TrackingGeo/LayerMaterialV2 nInserts      1 maxSize   1
2026-02-12 19:25:46,155 Athena::DelayedConditionsCleanerSvc                  INFO     nClean 1 avgRemoved 0.00 0/1/2+ 1/0/0
2026-02-12 19:25:46,155 Athena::DelayedConditionsCleanerSvc                  INFO   ConditionStore+/Indet/Align nInserts      1 maxSize   1
2026-02-12 19:25:46,156 Athena::DelayedConditionsCleanerSvc                  INFO     nClean 1 avgRemoved 0.00 0/1/2+ 1/0/0
2026-02-12 19:25:46,156 Athena::DelayedConditionsCleanerSvc                  INFO   ConditionStore+/Indet/Beampos nInserts      1 maxSize   1
2026-02-12 19:25:46,156 Athena::DelayedConditionsCleanerSvc                  INFO     nClean 1 avgRemoved 0.00 0/1/2+ 1/0/0
2026-02-12 19:25:46,156 Athena::DelayedConditionsCleanerSvc                  INFO   ConditionStore+/Indet/IBLDist nInserts      1 maxSize   1
2026-02-12 19:25:46,156 Athena::DelayedConditionsCleanerSvc                  INFO     nClean 1 avgRemoved 0.00 0/1/2+ 1/0/0
2026-02-12 19:25:46,156 Athena::DelayedConditionsCleanerSvc                  INFO   ConditionStore+/LAR/Align nInserts      1 maxSize   1
2026-02-12 19:25:46,156 Athena::DelayedConditionsCleanerSvc                  INFO     nClean 1 avgRemoved 0.00 0/1/2+ 1/0/0
2026-02-12 19:25:46,156 Athena::DelayedConditionsCleanerSvc                  INFO   ConditionStore+/MDT/MM/PASSIVATION nInserts      1 maxSize   1
2026-02-12 19:25:46,156 Athena::DelayedConditionsCleanerSvc                  INFO     nClean 1 avgRemoved 0.00 0/1/2+ 1/0/0
2026-02-12 19:25:46,156 Athena::DelayedConditionsCleanerSvc                  INFO   ConditionStore+/TRT/Align nInserts      1 maxSize   1
2026-02-12 19:25:46,156 Athena::DelayedConditionsCleanerSvc                  INFO     nClean 1 avgRemoved 0.00 0/1/2+ 1/0/0
2026-02-12 19:25:46,156 Athena::DelayedConditionsCleanerSvc                  INFO   ConditionStore+/TRT/Calib/DX nInserts      1 maxSize   1
2026-02-12 19:25:46,156 Athena::DelayedConditionsCleanerSvc                  INFO     nClean 1 avgRemoved 0.00 0/1/2+ 1/0/0
2026-02-12 19:25:46,156 Athena::DelayedConditionsCleanerSvc                  INFO   ConditionStore+AtlasTrackingGeometry nInserts      1 maxSize   1
2026-02-12 19:25:46,156 Athena::DelayedConditionsCleanerSvc                  INFO     nClean 1 avgRemoved 0.00 0/1/2+ 1/0/0
2026-02-12 19:25:46,156 Athena::DelayedConditionsCleanerSvc                  INFO   ConditionStore+BeamSpotData nInserts      1 maxSize   1
2026-02-12 19:25:46,156 Athena::DelayedConditionsCleanerSvc                  INFO     nClean 1 avgRemoved 0.00 0/1/2+ 1/0/0
2026-02-12 19:25:46,156 Athena::DelayedConditionsCleanerSvc                  INFO   ConditionStore+BunchCrossingData nInserts      1 maxSize   1
2026-02-12 19:25:46,157 Athena::DelayedConditionsCleanerSvc                  INFO     nClean 1 avgRemoved 0.00 0/1/2+ 1/0/0
2026-02-12 19:25:46,157 Athena::DelayedConditionsCleanerSvc                  INFO   ConditionStore+CaloDetDescrManager nInserts      1 maxSize   1
2026-02-12 19:25:46,157 Athena::DelayedConditionsCleanerSvc                  INFO     nClean 1 avgRemoved 0.00 0/1/2+ 1/0/0
2026-02-12 19:25:46,157 Athena::DelayedConditionsCleanerSvc                  INFO   ConditionStore+CaloSuperCellDetDescrManager nInserts      1 maxSize   1
2026-02-12 19:25:46,157 Athena::DelayedConditionsCleanerSvc                  INFO     nClean 1 avgRemoved 0.00 0/1/2+ 1/0/0
2026-02-12 19:25:46,157 Athena::DelayedConditionsCleanerSvc                  INFO   ConditionStore+LArAlignmentStore nInserts      1 maxSize   1
2026-02-12 19:25:46,157 Athena::DelayedConditionsCleanerSvc                  INFO     nClean 1 avgRemoved 0.00 0/1/2+ 1/0/0
2026-02-12 19:25:46,157 Athena::DelayedConditionsCleanerSvc                  INFO   ConditionStore+LArCellPositionShift nInserts      1 maxSize   1
2026-02-12 19:25:46,157 Athena::DelayedConditionsCleanerSvc                  INFO     nClean 1 avgRemoved 0.00 0/1/2+ 1/0/0
2026-02-12 19:25:46,157 Athena::DelayedConditionsCleanerSvc                  INFO   ConditionStore+MuonDetectorManager nInserts      1 maxSize   1
2026-02-12 19:25:46,157 Athena::DelayedConditionsCleanerSvc                  INFO     nClean 1 avgRemoved 0.00 0/1/2+ 1/0/0
2026-02-12 19:25:46,157 Athena::DelayedConditionsCleanerSvc                  INFO   ConditionStore+NswPassivationDbData nInserts      1 maxSize   1
2026-02-12 19:25:46,157 Athena::DelayedConditionsCleanerSvc                  INFO     nClean 1 avgRemoved 0.00 0/1/2+ 1/0/0
2026-02-12 19:25:46,157 Athena::DelayedConditionsCleanerSvc                  INFO   ConditionStore+PixelAlignmentStore nInserts      1 maxSize   1
2026-02-12 19:25:46,157 Athena::DelayedConditionsCleanerSvc                  INFO     nClean 1 avgRemoved 0.00 0/1/2+ 1/0/0
2026-02-12 19:25:46,157 Athena::DelayedConditionsCleanerSvc                  INFO   ConditionStore+PixelDetectorElementCollection nInserts      1 maxSize   1
2026-02-12 19:25:46,157 Athena::DelayedConditionsCleanerSvc                  INFO     nClean 1 avgRemoved 0.00 0/1/2+ 1/0/0
2026-02-12 19:25:46,157 Athena::DelayedConditionsCleanerSvc                  INFO   ConditionStore+SCTAlignmentStore nInserts      1 maxSize   1
2026-02-12 19:25:46,157 Athena::DelayedConditionsCleanerSvc                  INFO     nClean 1 avgRemoved 0.00 0/1/2+ 1/0/0
2026-02-12 19:25:46,157 Athena::DelayedConditionsCleanerSvc                  INFO   ConditionStore+SCT_DetectorElementCollection nInserts      1 maxSize   1
2026-02-12 19:25:46,157 Athena::DelayedConditionsCleanerSvc                  INFO     nClean 1 avgRemoved 0.00 0/1/2+ 1/0/0
2026-02-12 19:25:46,157 Athena::DelayedConditionsCleanerSvc                  INFO   ConditionStore+TRT_DetElementContainer nInserts      1 maxSize   1
2026-02-12 19:25:46,157 Athena::DelayedConditionsCleanerSvc                  INFO     nClean 1 avgRemoved 0.00 0/1/2+ 1/0/0
2026-02-12 19:25:46,157 Athena::DelayedConditionsCleanerSvc                  INFO   ConditionStore+fieldCondObj nInserts      1 maxSize   1
2026-02-12 19:25:46,158 Athena::DelayedConditionsCleanerSvc                  INFO     nClean 1 avgRemoved 0.00 0/1/2+ 1/0/0
2026-02-12 19:25:46,158 Athena::DelayedConditionsCleanerSvc                  INFO   ConditionStore+fieldMapCondObj nInserts      1 maxSize   1
2026-02-12 19:25:46,158 Athena::DelayedConditionsCleanerSvc                  INFO     nClean 1 avgRemoved 0.00 0/1/2+ 1/0/0
2026-02-12 19:25:46,158 AthDictLoaderSvc                                     INFO in finalize...
2026-02-12 19:25:46,734 Domain[ROOT_All]                                     INFO >   Deaccess DbDomain     READ      [ROOT_All]
2026-02-12 19:25:46,734 AthenaPoolSharedIOCnvSvc                             INFO PerfStats ----------------------------------------
2026-02-12 19:25:46,735 AthenaPoolSharedIOCnvSvc                             INFO PerfStats Timing Measurements for AthenaPoolCnvSvc
2026-02-12 19:25:46,735 AthenaPoolSharedIOCnvSvc                             INFO PerfStats ----------------------------------------
2026-02-12 19:25:46,735 AthenaPoolSharedIOCnvSvc                             INFO PerfStats | cObjR_ALL       |           18865 ms |
2026-02-12 19:25:46,735 AthenaPoolSharedIOCnvSvc                             INFO PerfStats | fRep_ALL        |            7598 ms |
2026-02-12 19:25:46,735 AthenaPoolSharedIOCnvSvc                             INFO PerfStats | cObj_ALL        |           20707 ms |
2026-02-12 19:25:46,735 AthenaPoolSharedIOCnvSvc                             INFO PerfStats | cRep_ALL        |              65 ms |
2026-02-12 19:25:46,735 AthenaPoolSharedIOCnvSvc                             INFO PerfStats ----------------------------------------
2026-02-12 19:25:46,735 Domain[ROOT_All]                                     INFO >   Deaccess DbDomain     READ      [ROOT_All]
2026-02-12 19:25:46,742 IOVDbFolder                                          INFO Folder /Digitization/Parameters (AttrList) db-read 0/1 objs/chan/bytes 1/0/0 ((     0.00 ))s
2026-02-12 19:25:46,742 IOVDbFolder                                          INFO Folder /EXT/DCS/MAGNETS/SENSORDATA (AttrListColl) db-read 1/1 objs/chan/bytes 4/4/20 ((     0.03 ))s
2026-02-12 19:25:46,742 IOVDbFolder                                          INFO Folder /GLOBAL/BField/Maps (AttrListColl) db-read 1/1 objs/chan/bytes 3/3/202 ((     0.02 ))s
2026-02-12 19:25:46,742 IOVDbFolder                                          INFO Folder /GLOBAL/TrackingGeo/LayerMaterialV2 (PoolRef) db-read 1/1 objs/chan/bytes 1/1/231 ((     0.01 ))s
2026-02-12 19:25:46,742 IOVDbFolder                                          INFO Folder /Indet/Align (PoolRefColl) db-read 1/1 objs/chan/bytes 43/43/7009 ((     0.03 ))s
2026-02-12 19:25:46,742 IOVDbFolder                                          INFO Folder /Indet/Beampos (AttrList) db-read 1/1 objs/chan/bytes 6/1/456 ((     0.02 ))s
2026-02-12 19:25:46,742 IOVDbFolder                                          INFO Folder /Indet/IBLDist (AttrListColl) db-read 1/1 objs/chan/bytes 14/14/280 ((     0.01 ))s
2026-02-12 19:25:46,742 IOVDbFolder                                          INFO Folder /LAR/Align (PoolRef) db-read 1/1 objs/chan/bytes 1/1/170 ((     0.04 ))s
2026-02-12 19:25:46,742 IOVDbFolder                                          INFO Folder /MDT/MM/PASSIVATION (AttrListColl) db-read 1/1 objs/chan/bytes 1/1/680679 ((     0.04 ))s
2026-02-12 19:25:46,742 IOVDbFolder                                          INFO Folder /TRT/Align (PoolRefColl) db-read 1/1 objs/chan/bytes 32/32/5120 ((     0.03 ))s
2026-02-12 19:25:46,742 IOVDbFolder                                          INFO Folder /TRT/Calib/DX (PoolRef) db-read 1/1 objs/chan/bytes 1/1/183 ((     0.03 ))s
2026-02-12 19:25:46,742 IOVDbFolder                                          INFO Folder /TagInfo (AttrListColl) db-read 0/1 objs/chan/bytes 1/0/0 ((     0.00 ))s
2026-02-12 19:25:46,742 IOVDbFolder                                          INFO Folder /LAR/LArCellPositionShift (PoolRef) db-read 1/1 objs/chan/bytes 1/1/195 ((     0.01 ))s
2026-02-12 19:25:46,743 IOVDbSvc                                             INFO Total payload read from IOVDb: 694545 bytes in ((      0.26 ))s
2026-02-12 19:25:46,743 IOVDbSvc                                             INFO Connection sqlite://;schema=mycool.db;dbname=OFLP200 : nConnect: 0 nFolders: 0 ReadTime: ((     0.00 ))s
2026-02-12 19:25:46,743 IOVDbSvc                                             INFO Connection COOLOFL_LAR/OFLP200 : nConnect: 2 nFolders: 2 ReadTime: ((     0.05 ))s
2026-02-12 19:25:46,743 IOVDbSvc                                             INFO Connection COOLOFL_GLOBAL/OFLP200 : nConnect: 2 nFolders: 2 ReadTime: ((     0.03 ))s
2026-02-12 19:25:46,743 IOVDbSvc                                             INFO Connection COOLOFL_DCS/OFLP200 : nConnect: 2 nFolders: 1 ReadTime: ((     0.03 ))s
2026-02-12 19:25:46,743 IOVDbSvc                                             INFO Connection COOLOFL_INDET/OFLP200 : nConnect: 2 nFolders: 3 ReadTime: ((     0.06 ))s
2026-02-12 19:25:46,743 IOVDbSvc                                             INFO Connection COOLOFL_MDT/OFLP200 : nConnect: 2 nFolders: 1 ReadTime: ((     0.04 ))s
2026-02-12 19:25:46,743 IOVDbSvc                                             INFO Connection COOLOFL_TRT/OFLP200 : nConnect: 2 nFolders: 2 ReadTime: ((     0.06 ))s
2026-02-12 19:25:46,743 ToolSvc                                              INFO Removing all tools created by ToolSvc
2026-02-12 19:25:46,744 TruthCategoriesDecorator.HiggsTruthCategoryTool      INFO  ====================================================== 
2026-02-12 19:25:46,744 TruthCategoriesDecorator.HiggsTruthCategoryTool      INFO  ---- FinalizingTruthCategoriesDecorator.HiggsTruthCategoryTool...
2026-02-12 19:25:46,744 TruthCategoriesDecorator.HiggsTruthCategoryTool      INFO  ====================================================== 
2026-02-12 19:25:46,744 TruthCategoriesDecorator.HiggsTruthCategoryTool      INFO  ====================================================== 
2026-02-12 19:25:46,745 TruthCategoriesDecorator.xAODToHepMCTool             INFO ==============================================================
2026-02-12 19:25:46,745 TruthCategoriesDecorator.xAODToHepMCTool             INFO ==========    xAOD -> HepMC Tool :: Run Summary     ==========
2026-02-12 19:25:46,745 TruthCategoriesDecorator.xAODToHepMCTool             INFO ==============================================================
2026-02-12 19:25:46,745 TruthCategoriesDecorator.xAODToHepMCTool             INFO No missing production vertices
2026-02-12 19:25:46,745 TruthCategoriesDecorator.xAODToHepMCTool             INFO No events with undefined beams.
2026-02-12 19:25:46,745 TruthCategoriesDecorator.xAODToHepMCTool             INFO ==============================================================
2026-02-12 19:25:46,745 TruthCategoriesDecorator.xAODToHepMCTool             INFO ===================    End Run Summary     ===================
2026-02-12 19:25:46,745 TruthCategoriesDecorator.xAODToHepMCTool             INFO ==============================================================
2026-02-12 19:25:46,745 ToolSvc.PHYSDiTauLowPtTPThinningTool                 INFO Processed 149711 tracks, 2617 were retained 
2026-02-12 19:25:46,745 ToolSvc.PHYSDiTauLowPtThinningTool                   INFO Processed 411 objects, 200 were retained 
2026-02-12 19:25:46,745 ToolSvc.PHYSDiTauTPThinningTool                      INFO Processed 149711 tracks, 576 were retained 
2026-02-12 19:25:46,745 ToolSvc.PHYSDiTauThinningTool                        INFO Processed 35 objects, 26 were retained 
2026-02-12 19:25:46,745 ToolSvc.PHYSTauJets_MuonRMThinningTool               INFO Processed 91 taus, 63 were kept
2026-02-12 19:25:46,746 ToolSvc.PHYSTauJetThinningTool                       INFO Processed 2408 taus, 1236 were kept
2026-02-12 19:25:46,746 ToolSvc.PHYSMuonTPThinningTool                       INFO Processed 149711 tracks, 562 were retained 
2026-02-12 19:25:46,746 ToolSvc.PHYSTrackParticleThinningTool                INFO Processed 149711 tracks, 1601 were retained 
2026-02-12 19:25:46,746 ToolSvc.TrigDecisionTool                             INFO Finalized
2026-02-12 19:25:46,746 JetTagVertexDecoratorAlgAntiKt10UFO...JFVarFactory   INFO  Finalization of JetFitterVariablesFactory successful
2026-02-12 19:25:46,746 JetTagVertexDecoratorAlgAntiKt10...Analysis::SVTag   INFO #BTAG# Number of jets used for calibration for reference ALL : #b= 0 #light= 0 #charm= 0
2026-02-12 19:25:46,746 InDetVKalVxInJetTool                                 INFO Time User   : Tot= 2.49  [s] Ave/Min/Max=0.000476(+- 0.00213)/       0/    0.01  [s] #=5236
2026-02-12 19:25:46,746 InDetVKalVxInJetTool                                 INFO Time User   : Tot= 2.49  [s] Ave/Min/Max=0.000476(+- 0.00213)/       0/    0.01  [s] #=5236
2026-02-12 19:25:46,747 JetTagVertexDecoratorAlgAntiKt4EMPF...JFVarFactory   INFO  Finalization of JetFitterVariablesFactory successful
2026-02-12 19:25:46,747 JetTagVertexDecoratorAlgAntiKt4E...Analysis::SVTag   INFO #BTAG# Number of jets used for calibration for reference ALL : #b= 0 #light= 0 #charm= 0
2026-02-12 19:25:46,747 InDetVKalVxInJetTool                                 INFO Time User   : Tot= 2.49  [s] Ave/Min/Max=0.000476(+- 0.00213)/       0/    0.01  [s] #=5236
2026-02-12 19:25:46,747 InDetVKalVxInJetTool                                 INFO Time User   : Tot= 2.49  [s] Ave/Min/Max=0.000476(+- 0.00213)/       0/    0.01  [s] #=5236
2026-02-12 19:25:46,753 ToolSvc.DFCommonTruthForwardProtonTool               INFO Processed 424423 truth particles, 0 were retained 
2026-02-12 19:25:46,753 ToolSvc.DFCommonTruthBSMTool                         INFO Processed 424423 truth particles, 0 were retained 
2026-02-12 19:25:46,753 ToolSvc.DFCommonTruthBosonTool                       INFO Processed 424423 truth particles, 879 were retained 
2026-02-12 19:25:46,753 ToolSvc.DFCommonTruthTopTool                         INFO Processed 424423 truth particles, 995 were retained 
2026-02-12 19:25:46,754 ToolSvc.DFCommonTruthBottomTool                      INFO Processed 424423 truth particles, 1134 were retained 
2026-02-12 19:25:46,754 ToolSvc.DFCommonTruthNeutrinoTool                    INFO Processed 424423 truth particles, 365 were retained 
2026-02-12 19:25:46,754 ToolSvc.DFCommonTruthPhotonToolSim                   INFO Processed 424423 truth particles, 1508 were retained 
2026-02-12 19:25:46,754 ToolSvc.DFCommonTruthElectronTool                    INFO Processed 424423 truth particles, 974 were retained 
2026-02-12 19:25:46,754 ToolSvc.DFCommonTruthMuonTool                        INFO Processed 424423 truth particles, 157 were retained 
2026-02-12 19:25:46,754 ToolSvc.PhysCommonTruthCharmTool                     INFO Processed 424423 truth particles, 1127 were retained 
2026-02-12 19:25:46,754 ToolSvc.DFCommonTruthClassificationTool              INFO Processed and decorated 424423 truth particles
2026-02-12 19:25:46,754 AthenaPoolSharedIOCnvSvc.OutputStreamingTool         INFO in finalize()
2026-02-12 19:25:46,765 InDet_TrkInJetType                                   INFO Time User   : Tot= 1.56  [s] Ave/Min/Max=6.41e-05(+-0.000798)/       0/    0.01  [s] #=24325
2026-02-12 19:25:46,765 InDet_TrkInJetType                                   INFO Time User   : Tot= 1.56  [s] Ave/Min/Max=6.41e-05(+-0.000798)/       0/    0.01  [s] #=24325
2026-02-12 19:25:46,766 InDet_TrkInJetType                                   INFO Time User   : Tot= 1.56  [s] Ave/Min/Max=6.41e-05(+-0.000798)/       0/    0.01  [s] #=24325
2026-02-12 19:25:46,766 InDet_TrkInJetType                                   INFO Time User   : Tot= 1.56  [s] Ave/Min/Max=6.41e-05(+-0.000798)/       0/    0.01  [s] #=24325
2026-02-12 19:25:46,767 ToolSvc.DiTauIDDeco...DiTauRec_OnnxScoreCalculator   INFO Finalizing DiTauOnnxDiscriminantTool
2026-02-12 19:25:46,780 AtlasTrackingGeometryCond...MuonStationTypeBuilder   INFO  finalize() successful
2026-02-12 19:25:46,782 METAssociat...MET_AssociationTool_AntiKt4EMPFlowHR   INFO Finalizing METAssociation_AntiKt4EMPFlowHR.MET_AssociationTool_AntiKt4EMPFlowHR...
2026-02-12 19:25:46,782 METAssociatio...MET_AssociationTool_AntiKt4EMPFlow   INFO Finalizing METAssociation_AntiKt4EMPFlow.MET_AssociationTool_AntiKt4EMPFlow...
2026-02-12 19:25:46,782 METAssociation...MET_AssociationTool_AntiKt4EMTopo   INFO Finalizing METAssociation_AntiKt4EMTopo.MET_AssociationTool_AntiKt4EMTopo...
2026-02-12 19:25:46,782 METRecoAlg_Truth.MET_RegionTool_Truth                INFO Finalizing METRecoAlg_Truth.MET_RegionTool_Truth...
2026-02-12 19:25:46,783 METRecoAlg_Truth.MET_RecoTool_Truth                  INFO Finalizing METRecoAlg_Truth.MET_RecoTool_Truth...
2026-02-12 19:25:46,783 METRecoAlg_Truth.MET_R...MET_IntMuonsRegions_Truth   INFO Finalizing METRecoAlg_Truth.MET_RegionTool_Truth.MET_IntMuonsRegions_Truth...
2026-02-12 19:25:46,783 METRecoAlg_Truth.MET_Reg...MET_IntOutRegions_Truth   INFO Finalizing METRecoAlg_Truth.MET_RegionTool_Truth.MET_IntOutRegions_Truth...
2026-02-12 19:25:46,783 METRecoAlg_Truth.MET_Region...MET_IntRegions_Truth   INFO Finalizing METRecoAlg_Truth.MET_RegionTool_Truth.MET_IntRegions_Truth...
2026-02-12 19:25:46,783 METRecoAlg_Truth.MET_Reg...MET_NonIntRegions_Truth   INFO Finalizing METRecoAlg_Truth.MET_RegionTool_Truth.MET_NonIntRegions_Truth...

The MCnet usage guidelines apply to Rivet: see http://www.montecarlonet.org/GUIDELINES
Please acknowledge Rivet in results made using it, and cite https://arxiv.org/abs/2404.15984 and https://arxiv.org/abs/2312.15070
2026-02-12 19:25:46,872 PerfMonMTSvc                                         INFO Finalizing PerfMonMTSvc
2026-02-12 19:25:46,872 IdDictDetDescrCnv                                    INFO in finalize
2026-02-12 19:25:46,875 *****Chrono*****                                     INFO ****************************************************************************************************
2026-02-12 19:25:46,875 *****Chrono*****                                     INFO  The Final CPU consumption ( Chrono ) Table (ordered)
2026-02-12 19:25:46,875 *****Chrono*****                                     INFO ****************************************************************************************************
2026-02-12 19:25:46,875 DiTauJets_DiTauIDDecorKernel                         INFO Time User   : Tot=    0 [us] Ave/Min/Max=       0(+-       0)/       0/       0 [us] #=248
2026-02-12 19:25:46,875 DFCommonTruthMetaDataWriterKernel                    INFO Time User   : Tot=    0 [us] Ave/Min/Max=       0(+-       0)/       0/       0 [us] #=248
2026-02-12 19:25:46,875 MCTruthCommonPostJetKernelNo3                        INFO Time User   : Tot=    0 [us] Ave/Min/Max=       0(+-       0)/       0/       0 [us] #=248
2026-02-12 19:25:46,875 MCTruthCommonPreJetKernelNo11                        INFO Time User   : Tot=    0 [us] Ave/Min/Max=       0(+-       0)/       0/       0 [us] #=248
2026-02-12 19:25:46,875 DFCommonMuonsKernel2                                 INFO Time User   : Tot=    0 [us] Ave/Min/Max=       0(+-       0)/       0/       0 [us] #=248
2026-02-12 19:25:46,876 InDetCommonKernelDFCommonZ0AtPV                      INFO Time User   : Tot=    0 [us] Ave/Min/Max=       0(+-       0)/       0/       0 [us] #=248
2026-02-12 19:25:46,876 MCTruthCommonPreJetKernelNo9                         INFO Time User   : Tot=    0 [us] Ave/Min/Max=       0(+-       0)/       0/       0 [us] #=248
2026-02-12 19:25:46,876 MCTruthCommonPreJetKernelNo12                        INFO Time User   : Tot=    0 [us] Ave/Min/Max=       0(+-       0)/       0/       0 [us] #=248
2026-02-12 19:25:46,876 MCTruthCommonBornLeptonsKernel                       INFO Time User   : Tot=    0 [us] Ave/Min/Max=       0(+-       0)/       0/       0 [us] #=248
2026-02-12 19:25:46,876 MCTruthCommonPreJetKernelNo14                        INFO Time User   : Tot=    0 [us] Ave/Min/Max=       0(+-       0)/       0/       0 [us] #=248
2026-02-12 19:25:46,876 MCTruthCommonPreJetKernelNo17                        INFO Time User   : Tot=    0 [us] Ave/Min/Max=       0(+-       0)/       0/       0 [us] #=248
2026-02-12 19:25:46,876 BadBatmanAugmentation                                INFO Time User   : Tot=    0 [us] Ave/Min/Max=       0(+-       0)/       0/       0 [us] #=248
2026-02-12 19:25:46,876 AthenaMP_seek                                        INFO Time User   : Tot=    0 [us] Ave/Min/Max=       0(+-       0)/       0/       0 [us] #=248
2026-02-12 19:25:46,876 MCTruthCommonPreJetKernelNo18                        INFO Time User   : Tot=   10 [ms] Ave/Min/Max=  0.0403(+-   0.634)/       0/      10 [ms] #=248
2026-02-12 19:25:46,876 MCTruthCommonTruthPVCollKernel                       INFO Time User   : Tot=   10 [ms] Ave/Min/Max=  0.0403(+-   0.634)/       0/      10 [ms] #=248
2026-02-12 19:25:46,876 DistanceInTrainAugmentation                          INFO Time User   : Tot=   10 [ms] Ave/Min/Max=  0.0403(+-   0.634)/       0/      10 [ms] #=248
2026-02-12 19:25:46,876 TauRNNLooseAugmentationKernel                        INFO Time User   : Tot=   10 [ms] Ave/Min/Max=  0.0403(+-   0.634)/       0/      10 [ms] #=248
2026-02-12 19:25:46,876 MCTruthCommonPostJetKernelNo1                        INFO Time User   : Tot=   10 [ms] Ave/Min/Max=  0.0403(+-   0.634)/       0/      10 [ms] #=248
2026-02-12 19:25:46,876 MCTruthCommonPreJetKernelNo13                        INFO Time User   : Tot=   10 [ms] Ave/Min/Max=  0.0403(+-   0.634)/       0/      10 [ms] #=248
2026-02-12 19:25:46,876 MCTruthCommonPreJetKernelNo3                         INFO Time User   : Tot=   10 [ms] Ave/Min/Max=  0.0403(+-   0.634)/       0/      10 [ms] #=248
2026-02-12 19:25:46,876 MiniCollectionTruthLinkKernelNo2                     INFO Time User   : Tot=   10 [ms] Ave/Min/Max=  0.0403(+-   0.634)/       0/      10 [ms] #=248
2026-02-12 19:25:46,876 MCTruthCommonPreJetKernelNo15                        INFO Time User   : Tot=   20 [ms] Ave/Min/Max=  0.0806(+-   0.894)/       0/      10 [ms] #=248
2026-02-12 19:25:46,876 MCTruthCommonPreJetKernelNo16                        INFO Time User   : Tot=   20 [ms] Ave/Min/Max=  0.0806(+-   0.894)/       0/      10 [ms] #=248
2026-02-12 19:25:46,876 MCTruthCommonPreJetKernelNo4                         INFO Time User   : Tot=   20 [ms] Ave/Min/Max=  0.0806(+-   0.894)/       0/      10 [ms] #=248
2026-02-12 19:25:46,876 MCTruthCommonPreJetKernelNo6                         INFO Time User   : Tot=   20 [ms] Ave/Min/Max=  0.0806(+-   0.894)/       0/      10 [ms] #=248
2026-02-12 19:25:46,877 MCTruthCommonPreJetKernelNo10                        INFO Time User   : Tot=   20 [ms] Ave/Min/Max=  0.0806(+-   0.894)/       0/      10 [ms] #=248
2026-02-12 19:25:46,877 DiTauJetsLowPt_DiTauIDDecorKernel                    INFO Time User   : Tot=   30 [ms] Ave/Min/Max=   0.121(+-    1.09)/       0/      10 [ms] #=248
2026-02-12 19:25:46,877 MCTruthCommonPreJetKernelNo1                         INFO Time User   : Tot=   30 [ms] Ave/Min/Max=   0.121(+-    1.09)/       0/      10 [ms] #=248
2026-02-12 19:25:46,877 MCTruthCommonPreJetKernelNo2                         INFO Time User   : Tot=   30 [ms] Ave/Min/Max=   0.121(+-    1.09)/       0/      10 [ms] #=248
2026-02-12 19:25:46,877 MCTruthCommonPreJetKernelNo7                         INFO Time User   : Tot=   30 [ms] Ave/Min/Max=   0.121(+-    1.09)/       0/      10 [ms] #=248
2026-02-12 19:25:46,877 MCTruthCommonPostJetKernelNo2                        INFO Time User   : Tot=   30 [ms] Ave/Min/Max=   0.121(+-    1.09)/       0/      10 [ms] #=248
2026-02-12 19:25:46,877 MCTruthCommonBosonsAndDecaysKernel                   INFO Time User   : Tot=   30 [ms] Ave/Min/Max=   0.121(+-    1.09)/       0/      10 [ms] #=248
2026-02-12 19:25:46,877 MCTruthCommonTausAndDecaysKernel                     INFO Time User   : Tot=   40 [ms] Ave/Min/Max=   0.161(+-    1.26)/       0/      10 [ms] #=248
2026-02-12 19:25:46,877 MCTruthCommonPreJetKernelNo5                         INFO Time User   : Tot=   40 [ms] Ave/Min/Max=   0.161(+-    1.26)/       0/      10 [ms] #=248
2026-02-12 19:25:46,877 MCTruthCommonBSMAndDecaysKernel                      INFO Time User   : Tot=   50 [ms] Ave/Min/Max=   0.202(+-    1.41)/       0/      10 [ms] #=248
2026-02-12 19:25:46,877 DFCommonMuonsKernel                                  INFO Time User   : Tot=   60 [ms] Ave/Min/Max=   0.242(+-    1.78)/       0/      20 [ms] #=248
2026-02-12 19:25:46,877 DFCommonHSDecorator                                  INFO Time User   : Tot=   70 [ms] Ave/Min/Max=   0.282(+-    3.29)/       0/      50 [ms] #=248
2026-02-12 19:25:46,877 PhysCommonTruthCharmKernel                           INFO Time User   : Tot=   80 [ms] Ave/Min/Max=   0.323(+-    1.77)/       0/      10 [ms] #=248
2026-02-12 19:25:46,877 MCTruthCommonPreJetKernelNo8                         INFO Time User   : Tot=   80 [ms] Ave/Min/Max=   0.323(+-    1.77)/       0/      10 [ms] #=248
2026-02-12 19:25:46,877 PHYSKernel                                           INFO Time User   : Tot=  130 [ms] Ave/Min/Max=   0.524(+-    2.23)/       0/      10 [ms] #=248
2026-02-12 19:25:46,877 DiTauIDDecorKernel                                   INFO Time User   : Tot=  150 [ms] Ave/Min/Max=   0.605(+-    2.38)/       0/      10 [ms] #=248
2026-02-12 19:25:46,877 InDetCommonKernelDFCommonUsedInFitDecorator          INFO Time User   : Tot=  210 [ms] Ave/Min/Max=   0.847(+-    2.78)/       0/      10 [ms] #=248
2026-02-12 19:25:46,877 MCTruthNavigationDecoratorKernel                     INFO Time User   : Tot=  220 [ms] Ave/Min/Max=   0.887(+-    2.84)/       0/      10 [ms] #=248
2026-02-12 19:25:46,877 TauJets_MuonRM_TauIDDecorKernel                      INFO Time User   : Tot=  280 [ms] Ave/Min/Max=    1.13(+-    3.16)/       0/      10 [ms] #=248
2026-02-12 19:25:46,877 MCTruthCommonHFAndDecaysKernel                       INFO Time User   : Tot=  300 [ms] Ave/Min/Max=    1.21(+-    3.26)/       0/      10 [ms] #=248
2026-02-12 19:25:46,877 InDetCommonKernelDFCommonTrackSelection              INFO Time User   : Tot=  310 [ms] Ave/Min/Max=    1.25(+-    5.12)/       0/      50 [ms] #=248
2026-02-12 19:25:46,877 MiniCollectionTruthLinkKernelNo3                     INFO Time User   : Tot=  430 [ms] Ave/Min/Max=    1.73(+-      26)/       0/     410 [ms] #=248
2026-02-12 19:25:46,878 MiniCollectionTruthLinkKernelNo1                     INFO Time User   : Tot=  0.7  [s] Ave/Min/Max= 0.00282(+-  0.0418)/       0/    0.66  [s] #=248
2026-02-12 19:25:46,878 HFClassificationCommonKernel                         INFO Time User   : Tot= 1.12  [s] Ave/Min/Max= 0.00452(+- 0.00514)/       0/    0.02  [s] #=248
2026-02-12 19:25:46,878 InDet_TrkInJetType                                   INFO Time User   : Tot= 1.56  [s] Ave/Min/Max=6.41e-05(+-0.000798)/       0/    0.01  [s] #=24325
2026-02-12 19:25:46,878 MCTruthClassificationKernel                          INFO Time User   : Tot= 1.73  [s] Ave/Min/Max= 0.00698(+- 0.00719)/       0/    0.04  [s] #=248
2026-02-12 19:25:46,878 InDetVKalVxInJetTool                                 INFO Time User   : Tot= 2.49  [s] Ave/Min/Max=0.000476(+- 0.00213)/       0/    0.01  [s] #=5236
2026-02-12 19:25:46,878 EGammaCommonKernel                                   INFO Time User   : Tot=  4.6  [s] Ave/Min/Max=  0.0185(+-  0.0109)/       0/    0.07  [s] #=248
2026-02-12 19:25:46,878 TauJets_TauIDDecorKernel                             INFO Time User   : Tot= 5.74  [s] Ave/Min/Max=  0.0231(+- 0.00945)/       0/    0.06  [s] #=248
2026-02-12 19:25:46,878 TauTruthCommonKernel2                                INFO Time User   : Tot= 5.63  [s] Ave/Min/Max=  0.0227(+-   0.353)/       0/    5.57  [s] #=248
2026-02-12 19:25:46,878 ChronoStatSvc                                        INFO Time User   : Tot=  334  [s]  #=  1
2026-02-12 19:25:46,878 AthenaMP_nextEvent                                   INFO Time User   : Tot=  348  [s] Ave/Min/Max=    1.41(+-   0.718)/    0.68/    10.9  [s] #=248
2026-02-12 19:25:46,878 *****Chrono*****                                     INFO ****************************************************************************************************
2026-02-12 19:25:46,878 ChronoStatSvc.finalize()                             INFO  Service finalized successfully 
2026-02-12 19:25:46,878 FPEAuditor                                           INFO FPE summary for this job
2026-02-12 19:25:46,878 FPEAuditor                                           INFO  FPE OVERFLOWs  : 0
2026-02-12 19:25:46,878 FPEAuditor                                           INFO  FPE INVALIDs   : 0
2026-02-12 19:25:46,878 FPEAuditor                                           INFO  FPE DIVBYZEROs : 0
2026-02-12 19:25:48,494 PerfMonMTSvc                                         INFO =======================================================================================
2026-02-12 19:25:48,494 PerfMonMTSvc                                         INFO                                  PerfMonMTSvc Report                                   
2026-02-12 19:25:48,494 PerfMonMTSvc                                         INFO =======================================================================================
2026-02-12 19:25:48,495 PerfMonMTSvc                                         INFO *** Full set of information can also be found in: perfmonmt_Derivation.json
2026-02-12 19:25:48,495 PerfMonMTSvc                                         INFO *** In order to make plots using the results run the following commands:
2026-02-12 19:25:48,495 PerfMonMTSvc                                         INFO *** $ perfmonmt-plotter.py -i perfmonmt_Derivation.json
2026-02-12 19:25:48,495 PerfMonMTSvc                                         INFO *** In order to print tables using the results run the following commands:
2026-02-12 19:25:48,495 PerfMonMTSvc                                         INFO *** $ perfmonmt-printer.py -i perfmonmt_Derivation.json
2026-02-12 19:25:48,495 PerfMonMTSvc                                         INFO =======================================================================================
2026-02-12 19:25:48,495 PerfMonMTSvc                                         INFO =======================================================================================
2026-02-12 19:25:48,495 PerfMonMTSvc                                         INFO                              Component Level Monitoring                                
2026-02-12 19:25:48,495 PerfMonMTSvc                                         INFO =======================================================================================
2026-02-12 19:25:48,495 PerfMonMTSvc                                         INFO Step       Count           CPU Time [ms]             Vmem [kB]                                Malloc [kB]                                             Component                                                                  
2026-02-12 19:25:48,495 PerfMonMTSvc                                         INFO ---------------------------------------------------------------------------------------
2026-02-12 19:25:48,516 PerfMonMTSvc                                         INFO Initialize 1               3086.48                   128152                                   33760                                                   EGammaCommonKernel                                                         
2026-02-12 19:25:48,516 PerfMonMTSvc                                         INFO Initialize 1               627.92                    36620                                    13247                                                   MuonRemovalTauAODReRecoAlg                                                 
2026-02-12 19:25:48,516 PerfMonMTSvc                                         INFO Initialize 1               501.59                    34356                                    74752                                                   AntiKt10UFOCSSKSoftDropBeta100Zcut10Jets                                   
2026-02-12 19:25:48,516 PerfMonMTSvc                                         INFO Initialize 1               465.63                    11996                                    7584                                                    DFCommonMuonsKernel                                                        
2026-02-12 19:25:48,516 PerfMonMTSvc                                         INFO Initialize 1               446.61                    9448                                     7460                                                    ToolSvc.DFCommonMuonToolWrapperIDCuts                                      
2026-02-12 19:25:48,516 PerfMonMTSvc                                         INFO Initialize 1               440.03                    8856                                     7378                                                    ToolSvc.DFCommonMuonsSelector                                              
2026-02-12 19:25:48,516 PerfMonMTSvc                                         INFO Initialize 1               434.12                    27648                                    73350                                                   jetrecalg_AntiKt10UFOCSSKSoftDropBeta100Zcut10Jets                         
2026-02-12 19:25:48,516 PerfMonMTSvc                                         INFO Initialize 1               418.82                    46276                                    67585                                                   AntiKt4EMPFlowJets                                                         
2026-02-12 19:25:48,517 PerfMonMTSvc                                         INFO Initialize 1               415.71                    46276                                    67283                                                   jetrecalg_AntiKt4EMPFlowJets                                               
2026-02-12 19:25:48,517 PerfMonMTSvc                                         INFO Initialize 1               415.34                    46276                                    67247                                                   jetrecalg_AntiKt4EMPFlowJets.emscalemom_AntiKt4EMPFlow                     
2026-02-12 19:25:48,517 PerfMonMTSvc                                         INFO Initialize 1               414.97                    46276                                    67209                                                   jetrecalg_AntiKt4EMPFlowJets.jetens                                        
2026-02-12 19:25:48,517 PerfMonMTSvc                                         INFO Initialize 1               411.72                    46276                                    66960                                                   jetrecalg_AntiKt4EMPFlowJets.width                                         
2026-02-12 19:25:48,517 PerfMonMTSvc                                         INFO Initialize 1               411.51                    46276                                    66951                                                   jetrecalg_AntiKt4EMPFlowJets.caloqual                                      
2026-02-12 19:25:48,517 PerfMonMTSvc                                         INFO Initialize 1               410.84                    46276                                    66919                                                   jetrecalg_AntiKt4EMPFlowJets.trkmoms                                       
2026-02-12 19:25:48,517 PerfMonMTSvc                                         INFO Initialize 1               409.80                    46276                                    66847                                                   jetrecalg_AntiKt4EMPFlowJets.trksummoms                                    
2026-02-12 19:25:48,517 PerfMonMTSvc                                         INFO Initialize 1               409.35                    46276                                    66785                                                   jetrecalg_AntiKt4EMPFlowJets.jvf                                           
2026-02-12 19:25:48,517 PerfMonMTSvc                                         INFO Initialize 1               408.87                    46276                                    66724                                                   jetrecalg_AntiKt4EMPFlowJets.jvt                                           
2026-02-12 19:25:48,517 PerfMonMTSvc                                         INFO Initialize 1               406.85                    46276                                    66586                                                   jetrecalg_AntiKt4EMPFlowJets.larhvcorr                                     
2026-02-12 19:25:48,517 PerfMonMTSvc                                         INFO Initialize 1               406.68                    46276                                    66576                                                   jetrecalg_AntiKt4EMPFlowJets.iso                                           
2026-02-12 19:25:48,517 PerfMonMTSvc                                         INFO Initialize 1               406.45                    46276                                    66561                                                   jetrecalg_AntiKt4EMPFlowJets.jetPtAssociation                              
2026-02-12 19:25:48,517 PerfMonMTSvc                                         INFO Initialize 1               406.25                    46276                                    66542                                                   jetrecalg_AntiKt4EMPFlowJets.qgtagging                                     
2026-02-12 19:25:48,517 PerfMonMTSvc                                         INFO Initialize 1               405.23                    46276                                    66462                                                   jetrecalg_AntiKt4EMPFlowJets.nnjvt                                         
2026-02-12 19:25:48,517 PerfMonMTSvc                                         INFO Initialize 1               403.24                    46276                                    66424                                                   jetrecalg_AntiKt4EMPFlowJets.fJVT                                          
2026-02-12 19:25:48,517 PerfMonMTSvc                                         INFO Initialize 1               375.59                    27112                                    1972                                                    TrigNavSlimmingMTAlg_DAOD                                                  
2026-02-12 19:25:48,517 PerfMonMTSvc                                         INFO Initialize 1               368.94                    79640                                    3659                                                    ToolSvc.ElectronPassDNNLoose                                               
2026-02-12 19:25:48,517 PerfMonMTSvc                                         INFO Initialize 1               349.31                    78848                                    3449                                                    ToolSvc.ElectronPassDNNLoose.ElectronDNNSelectorLoose                      
2026-02-12 19:25:48,517 PerfMonMTSvc                                         INFO Initialize 1               345.95                    24132                                    1675                                                    ToolSvc.TrigDecisionTool.Navigation                                        
2026-02-12 19:25:48,518 PerfMonMTSvc                                         INFO Initialize 1               337.37                    8192                                     39912                                                   jetrecalg_AntiKt10UFOCSSKSoftDropBeta100Zcut10Jets.width                   
2026-02-12 19:25:48,518 PerfMonMTSvc                                         INFO Initialize 1               337.09                    8192                                     39895                                                   jetrecalg_AntiKt10UFOCSSKSoftDropBeta100Zcut10Jets.nsubjettiness           
2026-02-12 19:25:48,518 PerfMonMTSvc                                         INFO Initialize 1               335.97                    8192                                     39849                                                   jetrecalg_AntiKt10UFOCSSKSoftDropBeta100Zcut10Jets.ktsplitter              
2026-02-12 19:25:48,518 PerfMonMTSvc                                         INFO Initialize 1               335.48                    8192                                     39827                                                   jetrecalg_AntiKt10UFOCSSKSoftDropBeta100Zcut10Jets.ecorr                   
2026-02-12 19:25:48,518 PerfMonMTSvc                                         INFO Initialize 1               334.81                    8192                                     39796                                                   jetrecalg_AntiKt10UFOCSSKSoftDropBeta100Zcut10Jets.qw                      
2026-02-12 19:25:48,518 PerfMonMTSvc                                         INFO Initialize 1               334.31                    8192                                     39766                                                   jetrecalg_AntiKt10UFOCSSKSoftDropBeta100Zcut10Jets.comshapes               
2026-02-12 19:25:48,518 PerfMonMTSvc                                         INFO Initialize 1               333.44                    8192                                     39724                                                   jetrecalg_AntiKt10UFOCSSKSoftDropBeta100Zcut10Jets.ecorrgeneral            
2026-02-12 19:25:48,518 PerfMonMTSvc                                         INFO Initialize 1               332.41                    8192                                     39658                                                   jetrecalg_AntiKt10UFOCSSKSoftDropBeta100Zcut10Jets.truthlabeler_R10TruthLabel_R21Precision
2026-02-12 19:25:48,518 PerfMonMTSvc                                         INFO Initialize 1               331.52                    8192                                     39613                                                   jetrecalg_AntiKt10UFOCSSKSoftDropBeta100Zcut10Jets.truthlabeler_R10TruthLabel_R21Precision_2022v1
2026-02-12 19:25:48,518 PerfMonMTSvc                                         INFO Initialize 1               330.83                    2048                                     1383                                                    ToolSvc.ElectronPassDNNLooseNoCF                                           
2026-02-12 19:25:48,518 PerfMonMTSvc                                         INFO Initialize 1               330.73                    8192                                     39565                                                   jetrecalg_AntiKt10UFOCSSKSoftDropBeta100Zcut10Jets.truthlabeler_R10TruthLabel_R22v1
2026-02-12 19:25:48,518 PerfMonMTSvc                                         INFO Initialize 1               329.95                    8192                                     39518                                                   jetrecalg_AntiKt10UFOCSSKSoftDropBeta100Zcut10Jets.truthlabeler_R10WZTruthLabel_R22v1
2026-02-12 19:25:48,518 PerfMonMTSvc                                         INFO Initialize 1               329.22                    8192                                     39492                                                   jetrecalg_AntiKt10UFOCSSKSoftDropBeta100Zcut10Jets.emscalemom_AntiKt10UFOCSSKSoftDropBeta100Zcut10
2026-02-12 19:25:48,518 PerfMonMTSvc                                         INFO Initialize 1               328.88                    8192                                     39454                                                   jetrecalg_AntiKt10UFOCSSKSoftDropBeta100Zcut10Jets.jetenslargeR            
2026-02-12 19:25:48,518 PerfMonMTSvc                                         INFO Initialize 1               327.55                    8192                                     39409                                                   jetrecalg_AntiKt10UFOCSSKSoftDropBeta100Zcut10Jets.constitFrac             
2026-02-12 19:25:48,518 PerfMonMTSvc                                         INFO Initialize 1               327.27                    8192                                     39395                                                   jetrecalg_AntiKt10UFOCSSKSoftDropBeta100Zcut10Jets.groomMRatio             
2026-02-12 19:25:48,518 PerfMonMTSvc                                         INFO Initialize 1               327.11                    8192                                     39385                                                   jetrecalg_AntiKt10UFOCSSKSoftDropBeta100Zcut10Jets.BoostedJetTaggerTool-Top
2026-02-12 19:25:48,518 PerfMonMTSvc                                         INFO Initialize 1               326.72                    8192                                     39300                                                   jetrecalg_AntiKt10UFOCSSKSoftDropBeta100Zcut10Jets.BoostedJetTaggerTool-Top.MLHelper
2026-02-12 19:25:48,518 PerfMonMTSvc                                         INFO Initialize 1               325.36                    2048                                     1255                                                    ToolSvc.ElectronPassDNNLooseNoCF.ElectronDNNSelectorLooseNoCF              
2026-02-12 19:25:48,518 PerfMonMTSvc                                         INFO Initialize 1               318.07                    51200                                    52481                                                   FtagNN_AntiKt4EMPFlowJets_InDetTrackParticles_BTagging_20231205_GN2v01_antikt4empflow_STANDARD_Jet
2026-02-12 19:25:48,518 PerfMonMTSvc                                         INFO Initialize 1               317.15                    51200                                    52440                                                   FtagNN_AntiKt4EMPFlowJets_InDetTrackParticles_BTagging_20231205_GN2v01_antikt4empflow_STANDARD_Jet.multifold
2026-02-12 19:25:48,518 PerfMonMTSvc                                         INFO Initialize 1               312.41                    5120                                     1384                                                    ToolSvc.ElectronPassDNNMedium                                              
2026-02-12 19:25:48,519 PerfMonMTSvc                                         INFO Initialize 1               311.51                    1024                                     1384                                                    ToolSvc.ElectronPassDNNVeryLooseNoCF97                                     
2026-02-12 19:25:48,519 PerfMonMTSvc                                         INFO =======================================================================================
2026-02-12 19:25:48,519 PerfMonMTSvc                                         INFO FirstEvent 1               5950.35                   276568                                   327167                                                  TauTruthCommonKernel2                                                      
2026-02-12 19:25:48,519 PerfMonMTSvc                                         INFO FirstEvent 2               3010.20                   235716                                   228323                                                  CondInputLoader                                                            
2026-02-12 19:25:48,519 PerfMonMTSvc                                         INFO FirstEvent 1               1646.47                   75632                                    11059                                                   StreamDAOD_PHYS                                                            
2026-02-12 19:25:48,519 PerfMonMTSvc                                         INFO FirstEvent 2               1460.22                   143360                                   140696                                                  AtlasTrackingGeometryCondAlg                                               
2026-02-12 19:25:48,519 PerfMonMTSvc                                         INFO FirstEvent 2               1219.04                   262144                                   166070                                                  AtlasFieldMapCondAlg                                                       
2026-02-12 19:25:48,519 PerfMonMTSvc                                         INFO FirstEvent 1               681.96                    15552                                    21928                                                   MiniCollectionTruthLinkKernelNo1                                           
2026-02-12 19:25:48,519 PerfMonMTSvc                                         INFO FirstEvent 1               433.34                    9528                                     12702                                                   MiniCollectionTruthLinkKernelNo3                                           
2026-02-12 19:25:48,519 PerfMonMTSvc                                         INFO FirstEvent 2               390.39                    82944                                    178281                                                  MuonDetectorCondAlg                                                        
2026-02-12 19:25:48,519 PerfMonMTSvc                                         INFO FirstEvent 2               344.50                    116736                                   106955                                                  TRTAlignCondAlg                                                            
2026-02-12 19:25:48,519 PerfMonMTSvc                                         INFO FirstEvent 1               283.81                    1640                                     3710                                                    TrigBTagCopierAlg                                                          
2026-02-12 19:25:48,519 PerfMonMTSvc                                         INFO FirstEvent 1               224.33                    0                                        38795                                                   IncidentProcAlg1                                                           
2026-02-12 19:25:48,519 PerfMonMTSvc                                         INFO FirstEvent 1               128.40                    14608                                    13302                                                   AntiKt4EMPFlowJets                                                         
2026-02-12 19:25:48,519 PerfMonMTSvc                                         INFO FirstEvent 1               127.72                    17792                                    19006                                                   TrigNavSlimmingMTAlg_DAOD                                                  
2026-02-12 19:25:48,519 PerfMonMTSvc                                         INFO FirstEvent 2               125.73                    54720                                    58445                                                   CaloAlignCondAlg                                                           
2026-02-12 19:25:48,519 PerfMonMTSvc                                         INFO FirstEvent 1               110.19                    0                                        -0                                                      IncidentProcAlg3                                                           
2026-02-12 19:25:48,519 PerfMonMTSvc                                         INFO FirstEvent 1               108.91                    9488                                     3664                                                    AntiKt10UFOCSSKSoftDropBeta100Zcut10Jets                                   
2026-02-12 19:25:48,519 PerfMonMTSvc                                         INFO FirstEvent 1               106.53                    4368                                     1213                                                    jetrecalg_AntiKt4EMPFlowJets                                               
2026-02-12 19:25:48,519 PerfMonMTSvc                                         INFO FirstEvent 2               102.32                    6144                                     6054                                                    SCT_AlignCondAlg                                                           
2026-02-12 19:25:48,520 PerfMonMTSvc                                         INFO FirstEvent 1               82.32                     19068                                    15086                                                   EGammaCommonKernel                                                         
2026-02-12 19:25:48,520 PerfMonMTSvc                                         INFO FirstEvent 1               67.80                     0                                        102                                                     FtagNN_AntiKt4EMPFlowJets_InDetTrackParticles_BTagging_20250912_GN3EPCLV01_antikt4empflow_network_STANDARD_Jet
2026-02-12 19:25:48,520 PerfMonMTSvc                                         INFO FirstEvent 1               63.50                     0                                        88                                                      FtagNN_AntiKt4EMPFlowJets_InDetTrackParticles_BTagging_20250213_GN3PflowMuonsV00_antikt4empflow_network_STANDARD_Jet
2026-02-12 19:25:48,520 PerfMonMTSvc                                         INFO FirstEvent 1               56.86                     54564                                    54862                                                   InDetCommonKernelDFCommonTrackSelection                                    
2026-02-12 19:25:48,520 PerfMonMTSvc                                         INFO FirstEvent 1               56.33                     6992                                     527                                                     jetrecalg_AntiKt10UFOCSSKSoftDropBeta100Zcut10Jets                         
2026-02-12 19:25:48,520 PerfMonMTSvc                                         INFO FirstEvent 1               55.99                     1872                                     4                                                       FtagNN_AntiKt4EMPFlowJets_InDetTrackParticles_BTagging_20250912_GN3EPCLV01_antikt4empflow_network_SIMPLE_FLIP_Jet
2026-02-12 19:25:48,520 PerfMonMTSvc                                         INFO FirstEvent 1               51.53                     1544                                     3                                                       FtagNN_AntiKt4EMPFlowJets_InDetTrackParticles_BTagging_20250213_GN3PflowMuonsV00_antikt4empflow_network_SIMPLE_FLIP_Jet
2026-02-12 19:25:48,520 PerfMonMTSvc                                         INFO FirstEvent 1               50.91                     6836                                     4341                                                    DFCommonHSDecorator                                                        
2026-02-12 19:25:48,520 PerfMonMTSvc                                         INFO FirstEvent 1               49.25                     0                                        75                                                      FtagNN_AntiKt4EMPFlowJets_InDetTrackParticles_BTagging_20250213_GN3V00_antikt4empflow_network_STANDARD_Jet
2026-02-12 19:25:48,520 PerfMonMTSvc                                         INFO FirstEvent 1               48.27                     34200                                    33017                                                   AntiKt4EMTopoJets                                                          
2026-02-12 19:25:48,520 PerfMonMTSvc                                         INFO FirstEvent 1               45.21                     0                                        52139                                                   MCTruthClassificationKernel                                                
2026-02-12 19:25:48,520 PerfMonMTSvc                                         INFO FirstEvent 1               40.76                     33704                                    31591                                                   jetalg_ConstitModCorrectPFOCHS_EMPFlow                                     
2026-02-12 19:25:48,520 PerfMonMTSvc                                         INFO FirstEvent 1               39.97                     0                                        473                                                     AntiKtVR30Rmax4Rmin02TruthChargedJets                                      
2026-02-12 19:25:48,520 PerfMonMTSvc                                         INFO FirstEvent 1               39.83                     0                                        3                                                       FtagNN_AntiKt4EMPFlowJets_InDetTrackParticles_BTagging_20250213_GN3V00_antikt4empflow_network_SIMPLE_FLIP_Jet
2026-02-12 19:25:48,520 PerfMonMTSvc                                         INFO FirstEvent 1               39.43                     0                                        390                                                     jetrecalg_AntiKtVR30Rmax4Rmin02TruthChargedJets                            
2026-02-12 19:25:48,520 PerfMonMTSvc                                         INFO FirstEvent 1               36.11                     2224                                     199                                                     AntiKtVR30Rmax4Rmin02PV0TrackJets                                          
2026-02-12 19:25:48,520 PerfMonMTSvc                                         INFO FirstEvent 1               35.55                     2224                                     175                                                     jetrecalg_AntiKtVR30Rmax4Rmin02PV0TrackJets                                
2026-02-12 19:25:48,520 PerfMonMTSvc                                         INFO FirstEvent 2               35.20                     37172                                    56685                                                   AthReadAlg_AllCalo                                                         
2026-02-12 19:25:48,520 PerfMonMTSvc                                         INFO FirstEvent 1               30.72                     24744                                    25893                                                   PFlowIsolationBuilder                                                      
2026-02-12 19:25:48,520 PerfMonMTSvc                                         INFO FirstEvent 1               30.63                     0                                        1571                                                    CaloExtensionBuilderAlg                                                    
2026-02-12 19:25:48,520 PerfMonMTSvc                                         INFO FirstEvent 2               29.27                     5120                                     4942                                                    CaloSuperCellAlignCondAlg                                                  
2026-02-12 19:25:48,520 PerfMonMTSvc                                         INFO FirstEvent 1               28.15                     18888                                    20933                                                   MuonRemovalTauAODReRecoAlg                                                 
2026-02-12 19:25:48,520 PerfMonMTSvc                                         INFO FirstEvent 2               24.07                     0                                        1991                                                    PixelAlignCondAlg                                                          
2026-02-12 19:25:48,521 PerfMonMTSvc                                         INFO FirstEvent 1               22.58                     0                                        6465                                                    TauJets_TauIDDecorKernel                                                   
2026-02-12 19:25:48,521 PerfMonMTSvc                                         INFO FirstEvent 1               22.11                     0                                        6841                                                    AntiKt4TruthJets                                                           
2026-02-12 19:25:48,521 PerfMonMTSvc                                         INFO FirstEvent 1               18.88                     3072                                     190                                                     DiTauLowPtBuilder                                                          
2026-02-12 19:25:48,521 PerfMonMTSvc                                         INFO FirstEvent 1               18.80                     0                                        53                                                      FtagNN_AntiKt10UFOCSSKSoftDropBeta100Zcut10Jets_InDetTrackParticles_BTagging_20250912_GN3XPV01_antikt10ufo_network_STANDARD_Jet
2026-02-12 19:25:48,521 PerfMonMTSvc                                         INFO FirstEvent 1               18.62                     0                                        53                                                      FtagNN_AntiKt10UFOCSSKSoftDropBeta100Zcut10Jets_InDetTrackParticles_BTagging_20250310_GN2XTauV00_antikt10ufo_network_STANDARD_Jet
2026-02-12 19:25:48,521 PerfMonMTSvc                                         INFO FirstEvent 1               18.50                     0                                        26                                                      FtagNN_AntiKt10UFOCSSKSoftDropBeta100Zcut10Jets_InDetTrackParticles_BTagging_20240925_GN2Xv02_antikt10ufo_network_STANDARD_Jet
2026-02-12 19:25:48,521 PerfMonMTSvc                                         INFO FirstEvent 1               18.36                     0                                        52                                                      FtagNN_AntiKt10UFOCSSKSoftDropBeta100Zcut10Jets_InDetTrackParticles_JetCalibTools_CalibArea-00-04-83_CalibrationFactors_bbJESJMS_calibFactors_R22_MC20MC23_CSSKUFO_bJR10v01_20250212_STANDARD_Jet
2026-02-12 19:25:48,521 PerfMonMTSvc                                         INFO FirstEvent 1               18.25                     2568                                     4498                                                    DFCommonMuonsKernel                                                        
2026-02-12 19:25:48,521 PerfMonMTSvc                                         INFO FirstEvent 1               17.22                     4624                                     3287                                                    jetrecalg_AntiKt4EMTopoJets                                                
2026-02-12 19:25:48,521 PerfMonMTSvc                                         INFO =======================================================================================
2026-02-12 19:25:48,521 PerfMonMTSvc                                         INFO Execute    247             65005.03                  57920                                    1626241                                                 AntiKt10UFOCSSKSoftDropBeta100Zcut10Jets                                   
2026-02-12 19:25:48,521 PerfMonMTSvc                                         INFO Execute    247             49172.57                  3520                                     873048                                                  AntiKt4EMPFlowJets                                                         
2026-02-12 19:25:48,521 PerfMonMTSvc                                         INFO Execute    247             47628.84                  3520                                     437767                                                  jetrecalg_AntiKt4EMPFlowJets                                               
2026-02-12 19:25:48,521 PerfMonMTSvc                                         INFO Execute    247             47603.53                  0                                        954056                                                  CaloExtensionBuilderAlg                                                    
2026-02-12 19:25:48,521 PerfMonMTSvc                                         INFO Execute    247             22376.52                  0                                        2610                                                    FtagNN_AntiKt4EMPFlowJets_InDetTrackParticles_BTagging_20250912_GN3EPCLV01_antikt4empflow_network_STANDARD_Jet
2026-02-12 19:25:48,521 PerfMonMTSvc                                         INFO Execute    247             22326.17                  5776                                     1908                                                    FtagNN_AntiKt4EMPFlowJets_InDetTrackParticles_BTagging_20250912_GN3EPCLV01_antikt4empflow_network_SIMPLE_FLIP_Jet
2026-02-12 19:25:48,521 PerfMonMTSvc                                         INFO Execute    247             21388.01                  2048                                     2319                                                    FtagNN_AntiKt4EMPFlowJets_InDetTrackParticles_BTagging_20250213_GN3PflowMuonsV00_antikt4empflow_network_STANDARD_Jet
2026-02-12 19:25:48,521 PerfMonMTSvc                                         INFO Execute    247             21377.70                  10896                                    1689                                                    FtagNN_AntiKt4EMPFlowJets_InDetTrackParticles_BTagging_20250213_GN3PflowMuonsV00_antikt4empflow_network_SIMPLE_FLIP_Jet
2026-02-12 19:25:48,521 PerfMonMTSvc                                         INFO Execute    247             15109.10                  0                                        1728                                                    FtagNN_AntiKt4EMPFlowJets_InDetTrackParticles_BTagging_20250213_GN3V00_antikt4empflow_network_STANDARD_Jet
2026-02-12 19:25:48,521 PerfMonMTSvc                                         INFO Execute    247             15027.49                  5400                                     1698                                                    FtagNN_AntiKt4EMPFlowJets_InDetTrackParticles_BTagging_20250213_GN3V00_antikt4empflow_network_SIMPLE_FLIP_Jet
2026-02-12 19:25:48,522 PerfMonMTSvc                                         INFO Execute    247             10860.48                  0                                        191762                                                  AntiKtVR30Rmax4Rmin02TruthChargedJets                                      
2026-02-12 19:25:48,522 PerfMonMTSvc                                         INFO Execute    247             10644.50                  0                                        155507                                                  jetrecalg_AntiKtVR30Rmax4Rmin02TruthChargedJets                            
2026-02-12 19:25:48,522 PerfMonMTSvc                                         INFO Execute    247             8980.44                   0                                        60412                                                   AntiKtVR30Rmax4Rmin02PV0TrackJets                                          
2026-02-12 19:25:48,522 PerfMonMTSvc                                         INFO Execute    247             8936.02                   53920                                    107515                                                  jetrecalg_AntiKt10UFOCSSKSoftDropBeta100Zcut10Jets                         
2026-02-12 19:25:48,522 PerfMonMTSvc                                         INFO Execute    247             8833.13                   0                                        52056                                                   jetrecalg_AntiKtVR30Rmax4Rmin02PV0TrackJets                                
2026-02-12 19:25:48,522 PerfMonMTSvc                                         INFO Execute    247             7759.81                   0                                        46613                                                   DiTauLowPtBuilder                                                          
2026-02-12 19:25:48,522 PerfMonMTSvc                                         INFO Execute    247             6870.99                   0                                        215821                                                  StreamDAOD_PHYS                                                            
2026-02-12 19:25:48,522 PerfMonMTSvc                                         INFO Execute    247             5678.69                   0                                        38753                                                   TauJets_TauIDDecorKernel                                                   
2026-02-12 19:25:48,522 PerfMonMTSvc                                         INFO Execute    247             5470.28                   0                                        734189                                                  AntiKt4EMTopoJets                                                          
2026-02-12 19:25:48,522 PerfMonMTSvc                                         INFO Execute    247             4675.94                   0                                        462682                                                  jetrecalg_AntiKt4EMTopoJets                                                
2026-02-12 19:25:48,522 PerfMonMTSvc                                         INFO Execute    247             4516.88                   0                                        134353                                                  EGammaCommonKernel                                                         
2026-02-12 19:25:48,522 PerfMonMTSvc                                         INFO Execute    247             3741.44                   0                                        1874                                                    Electrons_decoratePLIT                                                     
2026-02-12 19:25:48,522 PerfMonMTSvc                                         INFO Execute    247             3649.01                   0                                        2395                                                    FtagNN_AntiKt4EMPFlowJets_InDetTrackParticles_BTagging_20231205_GN2v01_antikt4empflow_STANDARD_Jet
2026-02-12 19:25:48,522 PerfMonMTSvc                                         INFO Execute    247             3473.18                   0                                        1177                                                    FtagNN_AntiKt4EMPFlowJets_InDetTrackParticles_BTagging_20231205_GN2v01_antikt4empflow_SIMPLE_FLIP_Jet
2026-02-12 19:25:48,522 PerfMonMTSvc                                         INFO Execute    247             3211.14                   3648                                     233032                                                  AntiKt4TruthJets                                                           
2026-02-12 19:25:48,522 PerfMonMTSvc                                         INFO Execute    247             3104.60                   4000                                     151447                                                  jetrecalg_AntiKt10TruthDressedWZJets                                       
2026-02-12 19:25:48,522 PerfMonMTSvc                                         INFO Execute    247             2812.02                   0                                        192823                                                  AntiKt4TruthDressedWZJets                                                  
2026-02-12 19:25:48,522 PerfMonMTSvc                                         INFO Execute    247             2780.87                   0                                        192761                                                  AntiKt4TruthWZJets                                                         
2026-02-12 19:25:48,522 PerfMonMTSvc                                         INFO Execute    247             2625.34                   0                                        1370                                                    FtagNN_AntiKt10UFOCSSKSoftDropBeta100Zcut10Jets_InDetTrackParticles_JetCalibTools_CalibArea-00-04-83_CalibrationFactors_bbJESJMS_calibFactors_R22_MC20MC23_CSSKUFO_bJR10v01_20250212_STANDARD_Jet
2026-02-12 19:25:48,522 PerfMonMTSvc                                         INFO Execute    247             2606.83                   3648                                     155909                                                  jetrecalg_AntiKt4TruthJets                                                 
2026-02-12 19:25:48,522 PerfMonMTSvc                                         INFO Execute    247             2564.32                   0                                        156325                                                  jetrecalg_AntiKt4TruthWZJets                                               
2026-02-12 19:25:48,522 PerfMonMTSvc                                         INFO Execute    247             2557.18                   0                                        156355                                                  jetrecalg_AntiKt4TruthDressedWZJets                                        
2026-02-12 19:25:48,522 PerfMonMTSvc                                         INFO Execute    247             2492.04                   0                                        1548                                                    FtagNN_AntiKt10UFOCSSKSoftDropBeta100Zcut10Jets_InDetTrackParticles_BTagging_20250912_GN3XPV01_antikt10ufo_network_STANDARD_Jet
2026-02-12 19:25:48,523 PerfMonMTSvc                                         INFO Execute    247             2485.31                   0                                        1461                                                    FtagNN_AntiKt10UFOCSSKSoftDropBeta100Zcut10Jets_InDetTrackParticles_BTagging_20250310_GN2XTauV00_antikt10ufo_network_STANDARD_Jet
2026-02-12 19:25:48,523 PerfMonMTSvc                                         INFO Execute    247             2445.65                   0                                        720                                                     FtagNN_AntiKt10UFOCSSKSoftDropBeta100Zcut10Jets_InDetTrackParticles_BTagging_20240925_GN2Xv02_antikt10ufo_network_STANDARD_Jet
2026-02-12 19:25:48,523 PerfMonMTSvc                                         INFO Execute    247             2209.81                   0                                        14552                                                   TrackParticleClusterAssociationAlgUFO                                      
2026-02-12 19:25:48,523 PerfMonMTSvc                                         INFO Execute    247             2166.11                   0                                        74749                                                   METAssociation_AntiKt4EMPFlowHR                                            
2026-02-12 19:25:48,523 PerfMonMTSvc                                         INFO Execute    247             1856.08                   0                                        149344                                                  MCTruthClassificationKernel                                                
2026-02-12 19:25:48,523 PerfMonMTSvc                                         INFO Execute    247             1677.07                   0                                        140403                                                  AntiKt10TruthSoftDropBeta100Zcut10Jets                                     
2026-02-12 19:25:48,523 PerfMonMTSvc                                         INFO Execute    247             1403.17                   0                                        655                                                     FtagNN_AntiKt10UFOCSSKSoftDropBeta100Zcut10Jets_InDetTrackParticles_JetCalibTools_CalibArea-00-04-83_CalibrationFactors_bbJESJMS_calibFactors_R22_MC20_CSSKUFO_bJR10v00Ext_20250212_STANDARD_Jet
2026-02-12 19:25:48,523 PerfMonMTSvc                                         INFO Execute    247             1286.11                   131840                                   132067                                                  IncidentProcAlg1                                                           
2026-02-12 19:25:48,523 PerfMonMTSvc                                         INFO Execute    247             1150.05                   0                                        47786                                                   jetrecalg_AntiKt10TruthDressedWZSoftDropBeta100Zcut10Jets                  
2026-02-12 19:25:48,523 PerfMonMTSvc                                         INFO Execute    247             1121.53                   5744                                     37998                                                   antikt4empflow_sv1_secvtxfinding                                           
2026-02-12 19:25:48,523 PerfMonMTSvc                                         INFO Execute    247             1119.50                   0                                        250177                                                  AntiKt10LCTopoJets                                                         
2026-02-12 19:25:48,523 PerfMonMTSvc                                         INFO Execute    247             1118.69                   0                                        47208                                                   jetrecalg_AntiKt10TruthSoftDropBeta100Zcut10Jets                           
2026-02-12 19:25:48,523 PerfMonMTSvc                                         INFO Execute    247             1114.01                   0                                        16525                                                   HFClassificationCommonKernel                                               
2026-02-12 19:25:48,523 PerfMonMTSvc                                         INFO Execute    247             1055.34                   0                                        62543                                                   METAssociation_AntiKt4EMTopo                                               
2026-02-12 19:25:48,523 PerfMonMTSvc                                         INFO Execute    247             968.62                    0                                        155131                                                  jetrecalg_AntiKt10LCTopoJets                                               
2026-02-12 19:25:48,523 PerfMonMTSvc                                         INFO Execute    247             938.25                    0                                        260648                                                  pflowselalg                                                                
2026-02-12 19:25:48,523 PerfMonMTSvc                                         INFO Execute    247             859.06                    0                                        5531                                                    antikt4empflow_sv1flip_secvtxfinding                                       
2026-02-12 19:25:48,523 PerfMonMTSvc                                         INFO =======================================================================================
2026-02-12 19:25:48,524 PerfMonMTSvc                                         INFO Finalize   1               330.57                    0                                        -667818                                                 ConditionStore                                                             
2026-02-12 19:25:48,524 PerfMonMTSvc                                         INFO Finalize   1               182.25                    -64                                      -246792                                                 DetectorStore                                                              
2026-02-12 19:25:48,524 PerfMonMTSvc                                         INFO Finalize   1               120.04                    -65544                                   -307486                                                 ToolSvc                                                                    
2026-02-12 19:25:48,524 PerfMonMTSvc                                         INFO Finalize   1               61.33                     0                                        -64959                                                  RDBAccessSvc                                                               
2026-02-12 19:25:48,524 PerfMonMTSvc                                         INFO Finalize   1               15.61                     0                                        -16974                                                  StoreGateSvc                                                               
2026-02-12 19:25:48,524 PerfMonMTSvc                                         INFO Finalize   1               8.97                      0                                        -15605                                                  ToolSvc.DiTauIDDecoratorWrapper.DiTauRec_OnnxScoreCalculator               
2026-02-12 19:25:48,524 PerfMonMTSvc                                         INFO Finalize   1               5.97                      0                                        -51128                                                  Gaudi::MultiFileCatalog                                                    
2026-02-12 19:25:48,524 PerfMonMTSvc                                         INFO Finalize   1               3.77                      0                                        -13566                                                  MetaDataStore                                                              
2026-02-12 19:25:48,524 PerfMonMTSvc                                         INFO Finalize   1               2.31                      0                                        -3104                                                   DetDescrCnvSvc                                                             
2026-02-12 19:25:48,524 PerfMonMTSvc                                         INFO Finalize   1               0.60                      0                                        6                                                       AntiKt4TruthJets                                                           
2026-02-12 19:25:48,524 PerfMonMTSvc                                         INFO Finalize   1               0.60                      0                                        -20                                                     ChronoStatSvc                                                              
2026-02-12 19:25:48,524 PerfMonMTSvc                                         INFO Finalize   1               0.54                      0                                        -768                                                    IOVDbSvc                                                                   
2026-02-12 19:25:48,524 PerfMonMTSvc                                         INFO Finalize   1               0.41                      0                                        -5576                                                   InputMetaDataStore                                                         
2026-02-12 19:25:48,524 PerfMonMTSvc                                         INFO Finalize   1               0.39                      0                                        0                                                       Athena::DelayedConditionsCleanerSvc                                        
2026-02-12 19:25:48,524 PerfMonMTSvc                                         INFO Finalize   1               0.35                      0                                        3                                                       AntiKt10UFOCSSKSoftDropBeta100Zcut10Jets                                   
2026-02-12 19:25:48,524 PerfMonMTSvc                                         INFO Finalize   1               0.27                      0                                        2                                                       AntiKt4EMTopoJets                                                          
2026-02-12 19:25:48,524 PerfMonMTSvc                                         INFO Finalize   1               0.23                      0                                        -0                                                      EGammaCommonKernel                                                         
2026-02-12 19:25:48,524 PerfMonMTSvc                                         INFO Finalize   1               0.21                      0                                        2                                                       EventCleanSeq                                                              
2026-02-12 19:25:48,525 PerfMonMTSvc                                         INFO Finalize   1               0.18                      0                                        1                                                       AntiKt4EMPFlowJets                                                         
2026-02-12 19:25:48,525 PerfMonMTSvc                                         INFO Finalize   1               0.12                      0                                        1                                                       AntiKtVR30Rmax4Rmin02PV0TrackJets                                          
2026-02-12 19:25:48,525 PerfMonMTSvc                                         INFO Finalize   1               0.12                      0                                        -1                                                      AthenaPoolSharedIOCnvSvc                                                   
2026-02-12 19:25:48,525 PerfMonMTSvc                                         INFO Finalize   1               0.10                      0                                        -4                                                      ToolSvc.PHYSDiTauLowPtTPThinningTool                                       
2026-02-12 19:25:48,525 PerfMonMTSvc                                         INFO Finalize   1               0.10                      0                                        0                                                       FourLeptonVertexAlg                                                        
2026-02-12 19:25:48,525 PerfMonMTSvc                                         INFO Finalize   1               0.10                      0                                        1                                                       AntiKt4TruthWZJets                                                         
2026-02-12 19:25:48,525 PerfMonMTSvc                                         INFO Finalize   1               0.10                      0                                        1                                                       AntiKt4TruthDressedWZJets                                                  
2026-02-12 19:25:48,525 PerfMonMTSvc                                         INFO Finalize   1               0.10                      0                                        1                                                       AntiKtVR30Rmax4Rmin02TruthChargedJets                                      
2026-02-12 19:25:48,525 PerfMonMTSvc                                         INFO Finalize   1               0.10                      0                                        -11                                                     EventSelector                                                              
2026-02-12 19:25:48,525 PerfMonMTSvc                                         INFO Finalize   1               0.10                      0                                        1                                                       AntiKt10LCTopoJets                                                         
2026-02-12 19:25:48,525 PerfMonMTSvc                                         INFO Finalize   1               0.08                      0                                        1                                                       AntiKt10TruthSoftDropBeta100Zcut10Jets                                     
2026-02-12 19:25:48,525 PerfMonMTSvc                                         INFO Finalize   1               0.08                      0                                        -0                                                      TruthCategoriesDecorator.xAODToHepMCTool                                   
2026-02-12 19:25:48,525 PerfMonMTSvc                                         INFO Finalize   1               0.08                      0                                        -0                                                      PHYSKernel                                                                 
2026-02-12 19:25:48,525 PerfMonMTSvc                                         INFO Finalize   1               0.07                      0                                        -0                                                      antikt10ufocssksoftdropbeta100zcut10_sv1flip_secvtxfinding.IDVKalVxInJetFlip
2026-02-12 19:25:48,525 PerfMonMTSvc                                         INFO Finalize   1               0.07                      0                                        -0                                                      InDetUsedInFitDecorator_0Alg                                               
2026-02-12 19:25:48,525 PerfMonMTSvc                                         INFO Finalize   1               0.07                      0                                        -0                                                      ToolSvc.TrigDecisionTool                                                   
2026-02-12 19:25:48,525 PerfMonMTSvc                                         INFO Finalize   1               0.06                      0                                        -0                                                      TruthCategoriesDecorator.HiggsTruthCategoryTool                            
2026-02-12 19:25:48,525 PerfMonMTSvc                                         INFO Finalize   1               0.05                      0                                        -0                                                      MCTruthClassificationKernel                                                
2026-02-12 19:25:48,525 PerfMonMTSvc                                         INFO Finalize   1               0.05                      0                                        0                                                       AllExecutedEventsCounterAlg                                                
2026-02-12 19:25:48,525 PerfMonMTSvc                                         INFO Finalize   1               0.05                      0                                        -0                                                      CondInputLoader                                                            
2026-02-12 19:25:48,525 PerfMonMTSvc                                         INFO Finalize   1               0.05                      0                                        -0                                                      ToolSvc.PHYSTrackParticleThinningTool                                      
2026-02-12 19:25:48,525 PerfMonMTSvc                                         INFO Finalize   1               0.05                      0                                        -24                                                     ToolSvc.CaloSurfaceBuilder                                                 
2026-02-12 19:25:48,526 PerfMonMTSvc                                         INFO Finalize   1               0.05                      0                                        -0                                                      TauTruthCommonKernel2                                                      
2026-02-12 19:25:48,526 PerfMonMTSvc                                         INFO Finalize   1               0.04                      0                                        -0                                                      HFClassificationCommonKernel                                               
2026-02-12 19:25:48,526 PerfMonMTSvc                                         INFO Finalize   1               0.04                      0                                        -0                                                      DFCommonHSDecorator                                                        
2026-02-12 19:25:48,526 PerfMonMTSvc                                         INFO Finalize   1               0.04                      0                                        -0                                                      DFCommonMuonsKernel                                                        
2026-02-12 19:25:48,526 PerfMonMTSvc                                         INFO Finalize   1               0.04                      0                                        -0                                                      TauJets_MuonRM_TauIDDecorKernel                                            
2026-02-12 19:25:48,526 PerfMonMTSvc                                         INFO Finalize   1               0.04                      0                                        -5                                                      PoolSvc                                                                    
2026-02-12 19:25:48,526 PerfMonMTSvc                                         INFO Finalize   1               0.04                      0                                        -0                                                      jetrecalg_AntiKt10UFOCSSKSoftDropBeta100Zcut10Jets                         
2026-02-12 19:25:48,526 PerfMonMTSvc                                         INFO Finalize   1               0.04                      0                                        -0                                                      BadBatmanAugmentation                                                      
2026-02-12 19:25:48,526 PerfMonMTSvc                                         INFO Finalize   1               0.04                      0                                        -0                                                      TauRNNLooseAugmentationKernel                                              
2026-02-12 19:25:48,526 PerfMonMTSvc                                         INFO Finalize   1               0.04                      0                                        -0                                                      ToolSvc.DFCommonUsedInFitDecorator                                         
2026-02-12 19:25:48,526 PerfMonMTSvc                                         INFO =======================================================================================
2026-02-12 19:25:48,526 PerfMonMTSvc                                         INFO preLoadProxy 1               25.10                     0                                        40                                                      loadCachesOverhead:COOLOFL_INDET/OFLP200                                   
2026-02-12 19:25:48,526 PerfMonMTSvc                                         INFO preLoadProxy 1               19.87                     1024                                     3                                                       loadCachesOverhead:COOLOFL_LAR/OFLP200                                     
2026-02-12 19:25:48,526 PerfMonMTSvc                                         INFO preLoadProxy 1               16.37                     0                                        13                                                      loadCachesOverhead:COOLOFL_TRT/OFLP200                                     
2026-02-12 19:25:48,526 PerfMonMTSvc                                         INFO preLoadProxy 1               15.53                     1024                                     1156                                                    FldrCache:/LAR/Align                                                       
2026-02-12 19:25:48,526 PerfMonMTSvc                                         INFO preLoadProxy 1               14.72                     0                                        3                                                       loadCachesOverhead:COOLOFL_GLOBAL/OFLP200                                  
2026-02-12 19:25:48,526 PerfMonMTSvc                                         INFO preLoadProxy 1               14.33                     0                                        2                                                       loadCachesOverhead:COOLOFL_DCS/OFLP200                                     
2026-02-12 19:25:48,526 PerfMonMTSvc                                         INFO preLoadProxy 1               13.75                     0                                        898                                                     FldrCache:/EXT/DCS/MAGNETS/SENSORDATA                                      
2026-02-12 19:25:48,526 PerfMonMTSvc                                         INFO preLoadProxy 1               13.18                     0                                        542                                                     FldrCache:/Indet/Align                                                     
2026-02-12 19:25:48,526 PerfMonMTSvc                                         INFO preLoadProxy 1               12.87                     3072                                     673                                                     loadCachesOverhead:COOLOFL_MDT/OFLP200                                     
2026-02-12 19:25:48,526 PerfMonMTSvc                                         INFO preLoadProxy 1               12.15                     3072                                     1431                                                    FldrCache:/MDT/MM/PASSIVATION                                              
2026-02-12 19:25:48,526 PerfMonMTSvc                                         INFO preLoadProxy 1               11.68                     0                                        753                                                     FldrCache:/TRT/Align                                                       
2026-02-12 19:25:48,527 PerfMonMTSvc                                         INFO preLoadProxy 1               10.30                     0                                        821                                                     FldrCache:/GLOBAL/BField/Maps                                              
2026-02-12 19:25:48,527 PerfMonMTSvc                                         INFO preLoadProxy 1               7.21                      0                                        21                                                      FldrCache:/Indet/Beampos                                                   
2026-02-12 19:25:48,527 PerfMonMTSvc                                         INFO preLoadProxy 1               4.24                      0                                        18                                                      FldrCache:/Indet/IBLDist                                                   
2026-02-12 19:25:48,527 PerfMonMTSvc                                         INFO preLoadProxy 1               4.06                      0                                        9                                                       FldrCache:/TRT/Calib/DX                                                    
2026-02-12 19:25:48,527 PerfMonMTSvc                                         INFO preLoadProxy 1               3.89                      0                                        3                                                       FldrCache:/GLOBAL/TrackingGeo/LayerMaterialV2                              
2026-02-12 19:25:48,527 PerfMonMTSvc                                         INFO preLoadProxy 1               3.63                      0                                        8                                                       FldrCache:/LAR/LArCellPositionShift                                        
2026-02-12 19:25:48,527 PerfMonMTSvc                                         INFO preLoadProxy 1               0.72                      0                                        14                                                      UpdateAddr::/TagInfo                                                       
2026-02-12 19:25:48,527 PerfMonMTSvc                                         INFO preLoadProxy 1               0.40                      0                                        13                                                      FldrSetup:/TagInfo                                                         
2026-02-12 19:25:48,527 PerfMonMTSvc                                         INFO preLoadProxy 1               0.16                      0                                        12                                                      FldrSetup:/Indet/Align                                                     
2026-02-12 19:25:48,527 PerfMonMTSvc                                         INFO preLoadProxy 1               0.10                      0                                        22                                                      FldrSetup:/Digitization/Parameters                                         
2026-02-12 19:25:48,527 PerfMonMTSvc                                         INFO preLoadProxy 1               0.08                      0                                        0                                                       FldrSetup:/GLOBAL/TrackingGeo/LayerMaterialV2                              
2026-02-12 19:25:48,527 PerfMonMTSvc                                         INFO preLoadProxy 1               0.08                      0                                        0                                                       FldrSetup:LArCellPositionShift                                             
2026-02-12 19:25:48,527 PerfMonMTSvc                                         INFO preLoadProxy 1               0.08                      0                                        10                                                      FldrSetup:/Indet/IBLDist                                                   
2026-02-12 19:25:48,527 PerfMonMTSvc                                         INFO preLoadProxy 1               0.07                      0                                        9                                                       FldrSetup:/TRT/Align                                                       
2026-02-12 19:25:48,527 PerfMonMTSvc                                         INFO preLoadProxy 1               0.07                      0                                        2                                                       FldrSetup:/EXT/DCS/MAGNETS/SENSORDATA                                      
2026-02-12 19:25:48,527 PerfMonMTSvc                                         INFO preLoadProxy 1               0.05                      0                                        3                                                       FldrSetup:/GLOBAL/BField/Maps                                              
2026-02-12 19:25:48,527 PerfMonMTSvc                                         INFO preLoadProxy 1               0.05                      0                                        0                                                       FldrSetup:/TRT/Calib/DX                                                    
2026-02-12 19:25:48,527 PerfMonMTSvc                                         INFO preLoadProxy 1               0.04                      0                                        -0                                                      AthenaAttributeList[/Digitization/Parameters]                              
2026-02-12 19:25:48,527 PerfMonMTSvc                                         INFO preLoadProxy 1               0.04                      0                                        1                                                       FldrSetup:/MDT/MM/PASSIVATION                                              
2026-02-12 19:25:48,527 PerfMonMTSvc                                         INFO preLoadProxy 1               0.02                      0                                        2                                                       FldrSetup:/Indet/Beampos                                                   
2026-02-12 19:25:48,527 PerfMonMTSvc                                         INFO preLoadProxy 1               0.02                      0                                        -0                                                      UpdateAddr::AthenaMPEventQueue_1499410_ad110f49-fdb6-4fc2-b1d6-803dedaecabe
2026-02-12 19:25:48,527 PerfMonMTSvc                                         INFO preLoadProxy 1               0.02                      0                                        -0                                                      UpdateAddr::PRESAMPLER_B_POS                                               
2026-02-12 19:25:48,527 PerfMonMTSvc                                         INFO preLoadProxy 1               0.01                      0                                        0                                                       FldrSetup:/LAR/Align                                                       
2026-02-12 19:25:48,528 PerfMonMTSvc                                         INFO preLoadProxy 1               0.01                      0                                        -0                                                      CondAttrListCollection[/TagInfo]                                           
2026-02-12 19:25:48,528 PerfMonMTSvc                                         INFO preLoadProxy 1               0.01                      0                                        -0                                                      Trk::LayerMaterialMap[/GLOBAL/TrackingGeo/LayerMaterialV2]                 
2026-02-12 19:25:48,528 PerfMonMTSvc                                         INFO preLoadProxy 1               0.01                      0                                        -0                                                      AthenaAttributeList[/Indet/Beampos]                                        
2026-02-12 19:25:48,528 PerfMonMTSvc                                         INFO preLoadProxy 1               0.01                      0                                        -0                                                      CondAttrListCollection[/EXT/DCS/MAGNETS/SENSORDATA]                        
2026-02-12 19:25:48,528 PerfMonMTSvc                                         INFO preLoadProxy 1               0.01                      0                                        -0                                                      TRTCond::StrawDxContainer[/TRT/Calib/DX]                                   
2026-02-12 19:25:48,528 PerfMonMTSvc                                         INFO preLoadProxy 1               0.01                      0                                        -0                                                      UpdateAddr::PRESAMPLER_B_NEG                                               
2026-02-12 19:25:48,528 PerfMonMTSvc                                         INFO preLoadProxy 1               0.01                      0                                        -0                                                      UpdateAddr::HEC_POS                                                        
2026-02-12 19:25:48,528 PerfMonMTSvc                                         INFO preLoadProxy 1               0.01                      0                                        -0                                                      CaloRec::CaloCellPositionShift[LArCellPositionShift]                       
2026-02-12 19:25:48,528 PerfMonMTSvc                                         INFO preLoadProxy 1               0.01                      0                                        -0                                                      DetCondKeyTrans[/LAR/Align]                                                
2026-02-12 19:25:48,528 PerfMonMTSvc                                         INFO preLoadProxy 1               0.01                      0                                        -0                                                      UpdateAddr::PRESAMPLER_EC_NEG                                              
2026-02-12 19:25:48,528 PerfMonMTSvc                                         INFO preLoadProxy 1               0.01                      0                                        -0                                                      UpdateAddr::PRESAMPLER_EC_POS                                              
2026-02-12 19:25:48,528 PerfMonMTSvc                                         INFO preLoadProxy 1               0.01                      0                                        -0                                                      UpdateAddr::HEC_NEG                                                        
2026-02-12 19:25:48,528 PerfMonMTSvc                                         INFO preLoadProxy 1               0.01                      0                                        -0                                                      CondAttrListCollection[/MDT/MM/PASSIVATION]                                
2026-02-12 19:25:48,528 PerfMonMTSvc                                         INFO preLoadProxy 1               0.01                      0                                        -0                                                      CondAttrListCollection[/GLOBAL/BField/Maps]                                
2026-02-12 19:25:48,528 PerfMonMTSvc                                         INFO preLoadProxy 1               0.01                      0                                        -0                                                      CondAttrListCollection[/Indet/IBLDist]                                     
2026-02-12 19:25:48,528 PerfMonMTSvc                                         INFO preLoadProxy 1               0.01                      0                                        -0                                                      AlignableTransformContainer[/Indet/Align]                                  
2026-02-12 19:25:48,528 PerfMonMTSvc                                         INFO =======================================================================================
2026-02-12 19:25:48,528 PerfMonMTSvc                                         INFO                                 Event Level Monitoring                                 
2026-02-12 19:25:48,528 PerfMonMTSvc                                         INFO         (Only the first 10 and the last measurements are explicitly printed)
2026-02-12 19:25:48,528 PerfMonMTSvc                                         INFO =======================================================================================
2026-02-12 19:25:48,528 PerfMonMTSvc                                         INFO Event            CPU [s]      Wall [s]     Vmem [kB]    Rss [kB]     Pss [kB]     Swap [kB]   
2026-02-12 19:25:48,528 PerfMonMTSvc                                         INFO ---------------------------------------------------------------------------------------
2026-02-12 19:25:48,528 PerfMonMTSvc                                         INFO 1                        1.84       123.19      5557008      3875796      1763417            0
2026-02-12 19:25:48,529 PerfMonMTSvc                                         INFO 14                      24.67       154.14      6240596      4889776      2759072            0
2026-02-12 19:25:48,529 PerfMonMTSvc                                         INFO 39                      55.40       185.00      6274804      4925812      2795796            0
2026-02-12 19:25:48,529 PerfMonMTSvc                                         INFO 63                      85.41       215.12      6275696      4926548      2795625            0
2026-02-12 19:25:48,529 PerfMonMTSvc                                         INFO 87                     115.76       245.51      6418328      5069580      2938504            0
2026-02-12 19:25:48,529 PerfMonMTSvc                                         INFO 109                    144.90       276.25      6423720      5075928      2944852            0
2026-02-12 19:25:48,529 PerfMonMTSvc                                         INFO 132                    175.87       307.32      6423720      5075280      2944235            0
2026-02-12 19:25:48,529 PerfMonMTSvc                                         INFO 154                    209.30       340.90      6423720      5075752      2944817            0
2026-02-12 19:25:48,529 PerfMonMTSvc                                         INFO 175                    239.87       371.50      6556000      5190824      3059912            0
2026-02-12 19:25:48,529 PerfMonMTSvc                                         INFO 194                    269.85       401.61      6556000      5191292      3060379            0
2026-02-12 19:25:48,529 PerfMonMTSvc                                         INFO ...====================================================================================
2026-02-12 19:25:48,529 PerfMonMTSvc                                         INFO 233                    330.29       463.60      6556000      5191144      3060232            0
2026-02-12 19:25:48,529 PerfMonMTSvc                                         INFO =======================================================================================
2026-02-12 19:25:48,529 PerfMonMTSvc                                         INFO                                 Snapshots Summary                                      
2026-02-12 19:25:48,529 PerfMonMTSvc                                         INFO =======================================================================================
2026-02-12 19:25:48,529 PerfMonMTSvc                                         INFO Step          dCPU [s]     dWall [s]    <CPU>   dVmem [kB]  dRss [kB]   dPss [kB]   dSwap [kB] 
2026-02-12 19:25:48,529 PerfMonMTSvc                                         INFO ---------------------------------------------------------------------------------------
2026-02-12 19:25:48,529 PerfMonMTSvc                                         INFO Configure     12.74        19.03        0.67    1414636     1112212     813390      0          
2026-02-12 19:25:48,529 PerfMonMTSvc                                         INFO Initialize    12.68        81.66        0.16    1906852     1414392     1399552     0          
2026-02-12 19:25:48,529 PerfMonMTSvc                                         INFO FirstEvent    12.59        39.68        0.32    6192948     4840972     2711894     0          
2026-02-12 19:25:48,529 PerfMonMTSvc                                         INFO Execute       340.26       346.89       0.98    495748      482440      497532      0          
2026-02-12 19:25:48,529 PerfMonMTSvc                                         INFO Finalize      0.83         2.36         0.35    -65608      25552       708807      0          
2026-02-12 19:25:48,529 PerfMonMTSvc                                         INFO ***************************************************************************************
2026-02-12 19:25:48,530 PerfMonMTSvc                                         INFO Number of events processed:         248
2026-02-12 19:25:48,530 PerfMonMTSvc                                         INFO CPU usage per event [ms]:           1423
2026-02-12 19:25:48,530 PerfMonMTSvc                                         INFO Events per second:                  0.642
2026-02-12 19:25:48,530 PerfMonMTSvc                                         INFO CPU utilization efficiency [%]:     77
2026-02-12 19:25:48,530 PerfMonMTSvc                                         INFO ***************************************************************************************
2026-02-12 19:25:48,530 PerfMonMTSvc                                         INFO Max Vmem:                           6.25 GB
2026-02-12 19:25:48,530 PerfMonMTSvc                                         INFO Max Rss:                            4.95 GB
2026-02-12 19:25:48,530 PerfMonMTSvc                                         INFO Max Pss:                            2.92 GB
2026-02-12 19:25:48,530 PerfMonMTSvc                                         INFO Max Swap:                           0.00 KB
2026-02-12 19:25:48,530 PerfMonMTSvc                                         INFO ***************************************************************************************
2026-02-12 19:25:48,530 PerfMonMTSvc                                         INFO Leak estimate per event Vmem:       1.54 MB
2026-02-12 19:25:48,530 PerfMonMTSvc                                         INFO Leak estimate per event Pss:        1.43 MB
2026-02-12 19:25:48,530 PerfMonMTSvc                                         INFO   >> Estimated using the last 10 measurements from the Event Level Monitoring
2026-02-12 19:25:48,530 PerfMonMTSvc                                         INFO   >> Events prior to the first 25 are omitted...
2026-02-12 19:25:48,530 PerfMonMTSvc                                         INFO =======================================================================================
2026-02-12 19:25:48,530 PerfMonMTSvc                                         INFO                                   System Information                                   
2026-02-12 19:25:48,530 PerfMonMTSvc                                         INFO =======================================================================================
2026-02-12 19:25:48,531 PerfMonMTSvc                                         INFO CPU Model:                          Intel(R) Xeon(R) Gold 6326 CPU @ 2.90GHz 24576 KB
2026-02-12 19:25:48,532 PerfMonMTSvc                                         INFO Number of Available Cores:          32
2026-02-12 19:25:48,532 PerfMonMTSvc                                         INFO Total Memory:                       251.00 GB
2026-02-12 19:25:48,532 PerfMonMTSvc                                         INFO =======================================================================================
2026-02-12 19:25:48,532 PerfMonMTSvc                                         INFO                                Environment Information                                 
2026-02-12 19:25:48,532 PerfMonMTSvc                                         INFO =======================================================================================
2026-02-12 19:25:48,532 PerfMonMTSvc                                         INFO Malloc Library:                     libtcmalloc_minimal.so
2026-02-12 19:25:48,532 PerfMonMTSvc                                         INFO Math Library:                       libimf.so
2026-02-12 19:25:48,532 PerfMonMTSvc                                         INFO =======================================================================================
2026-02-12 19:25:50,189 ApplicationMgr                                       INFO Application Manager Finalized successfully
