2026-02-12 20:30:49,897 AthMpEvtLoopMgr.SharedEvtQueueConsumer               INFO Logs redirected in the AthenaMP event worker PID=1514924
2026-02-12 20:30:49,897 AthMpEvtLoopMgr.SharedEvtQueueConsumer               INFO Io registry updated in the AthenaMP event worker PID=1514924
2026-02-12 20:30:49,926 AthMpEvtLoopMgr.SharedEvtQueueConsumer               INFO File descriptors re-opened in the AthenaMP event worker PID=1514924
2026-02-12 20:30:49,927 PoolSvc                                              INFO I/O reinitialization...
2026-02-12 20:30:49,927 PoolSvc                                              INFO Setting up APR FileCatalog and Streams
2026-02-12 20:30:49,937 PoolSvc                                              INFO Resolved path (via ATLAS_POOLCOND_PATH) is /cvmfs/atlas-condb.cern.ch/repo/conditions/poolcond/PoolFileCatalog.xml
2026-02-12 20:30:49,946 PoolSvc                                              INFO Unable find catalog apcfile:poolcond/PoolCat_oflcond.xml in $ATLAS_POOLCOND_PATH and $DATAPATH
2026-02-12 20:30:49,946 PoolSvc                                              INFO POOL WriteCatalog is xmlcatalog_file:PoolFileCatalog.xml
2026-02-12 20:30:50,166 DbSession                                            INFO     Open     DbSession
2026-02-12 20:30:50,166 Domain[ROOT_All]                                     INFO >   Access   DbDomain     READ      [ROOT_All]
2026-02-12 20:30:50,167 DbSession                                            INFO     Open     DbSession
2026-02-12 20:30:50,167 Domain[ROOT_All]                                     INFO >   Access   DbDomain     READ      [ROOT_All]
2026-02-12 20:30:50,167 MetaDataSvc                                          INFO I/O reinitialization...
2026-02-12 20:30:50,167 MetaDataSvc                                          INFO Attached MetaDataTool: ToolSvc.IOVDbMetaDataTool
2026-02-12 20:30:50,167 MetaDataSvc                                          INFO Attached MetaDataTool: ToolSvc.BookkeeperTool
2026-02-12 20:30:50,167 MetaDataSvc                                          INFO Attached MetaDataTool: ToolSvc.StreamDAOD_PHYS_CopyEventStreamInfo
2026-02-12 20:30:50,167 MetaDataSvc                                          INFO Attached MetaDataTool: ToolSvc.TriggerMenuMetaDataTool
2026-02-12 20:30:50,167 MetaDataSvc                                          INFO Attached MetaDataTool: ToolSvc.TruthMetaDataTool
2026-02-12 20:30:50,168 MetaDataSvc                                          INFO Attached MetaDataTool: ToolSvc.xAODMaker::FileMetaDataTool
2026-02-12 20:30:50,168 MetaDataSvc                                          INFO Attached MetaDataTool: ToolSvc.xAODMaker::EventFormatMetaDataTool
2026-02-12 20:30:50,168 EventSelector                                        INFO I/O reinitialization...
2026-02-12 20:30:50,168 /eos/home-b/bkamgama/draft/Run_sleep_10000/...root   INFO ->  Access   DbDatabase   READ      [ROOT_All] AA21FB28-2672-434E-9813-0D7BE842151D
2026-02-12 20:30:50,180 RootDatabase                                         INFO /eos/home-b/bkamgama/draft/Run_sleep_10000/Compression_QT/DAOD_Compression_Analysis/workspaces/zstd_level1/data/zstd_rntuple_level1.AOD.pool.root File version:1063901
2026-02-12 20:30:50,198 StreamDAOD_PHYS                                      INFO I/O reinitialization...
2026-02-12 20:30:50,198 /eos/home-b/bkamgama/draft/Run_sleep_10000/...root   INFO Database being retired...
2026-02-12 20:30:50,199 /eos/home-b/bkamgama/draft/Run_sleep_10000/...root   INFO ->  Deaccess DbDatabase   READ      [ROOT_All] AA21FB28-2672-434E-9813-0D7BE842151D
2026-02-12 20:30:50,199 Domain[ROOT_All]                                     INFO >   Deaccess DbDomain     READ      [ROOT_All]
2026-02-12 20:30:50,199 DbSession                                            INFO     Open     DbSession
2026-02-12 20:30:50,199 Domain[ROOT_All]                                     INFO >   Access   DbDomain     READ      [ROOT_All]
2026-02-12 20:30:50,199 /eos/home-b/bkamgama/draft/Run_sleep_10000/...root   INFO ->  Access   DbDatabase   READ      [ROOT_All] AA21FB28-2672-434E-9813-0D7BE842151D
2026-02-12 20:30:50,203 RootDatabase                                         INFO /eos/home-b/bkamgama/draft/Run_sleep_10000/Compression_QT/DAOD_Compression_Analysis/workspaces/zstd_level1/data/zstd_rntuple_level1.AOD.pool.root File version:1063901
2026-02-12 20:30:50,219 AthMpEvtLoopMgr.SharedEvtQueueConsumer               INFO Exec function in the AthenaMP worker PID=1514924
2026-02-12 20:30:50,221 AthMpEvtLoopMgr.SharedEvtQueueConsumer               INFO Received from the queue: event num=0 chunk size=1
2026-02-12 20:30:50,221 AthMpEvtLoopMgr.SharedEvtQueueConsumer               INFO Seek to 0 succeeded
2026-02-12 20:30:50,233 ToolSvc.BookkeeperTool                               INFO Preparing local cache for source 'AA21FB28-2672-434E-9813-0D7BE842151D' with 194 variations
2026-02-12 20:30:50,236 ToolSvc.BookkeeperTool                               INFO No incomplete bookkeepers with name 'IncompleteCutBookkeepers' in this file
2026-02-12 20:30:50,236 ToolSvc.BookkeeperTool                               INFO No complete bookkeepers with name 'CutBookkeepers' in this file
2026-02-12 20:30:51,860 AthenaEventLoopMgr                                   INFO   ===>>>  start processing event #334732001, run #450000 0 events processed so far  <<<===
2026-02-12 20:30:51,966 xAODConfigSvc                                        INFO TrigConfxAOD/src/xAODConfigSvc.cxx:940 (StatusCode TrigConf::xAODConfigSvc::prepareEventxAODTriggerMenuJson(const xAOD::TrigConfKeys*, const xAOD::BunchConfKey*, const EventContext&)): Loaded xAOD::TriggerMenuJson configuration:  SMK = 2130037424, L1PSK = 3785439411, HLTPSK = 266086103, BGSK = 707058941
2026-02-12 20:30:52,066 PerfMonMTSvc                                         INFO Event [    1] CPU Time: 00h00m01s, Wall Time: 00h01m03s, Vmem: 5.30 GB, Rss: 3.73 GB, Pss: 1.82 GB, Swap: 0.00 KB
2026-02-12 20:30:52,066 ToolSvc.TrigDecisionTool                             INFO Updating config in slot 0 with SMK: 2130037424 and L1PSK: 3785439411 and HLTPSK: 266086103 and BGSK: 707058941 getForceConfigUpdate()=1 HLT Chains: 2535
2026-02-12 20:30:52,692 ToolSvc.PhysCommonTruthCharmTool                  WARNING Found xAODTruthMetaDataContainer empty! Configuring to be NOT Sherpa.
2026-02-12 20:30:52,693 ToolSvc.PhysCommonTruthCharmTool                     INFO From metadata configured: Sherpa? 0
2026-02-12 20:30:58,735 ToolSvc.DFCommonBornLeptonCollTool                   INFO From metadata configured: Sherpa? 0
2026-02-12 20:31:00,390 ToolSvc.xAODTrackParticleCompressorTool              INFO Initialising
2026-02-12 20:31:00,391 ToolSvc.xAODTrackParticleCompressorTool              INFO   OffDiagCovMatrixBits = 23
2026-02-12 20:31:00,391 ToolSvc.xAODTrackParticleCompressorTool              INFO   DiagCovMatrixBits    = 23
2026-02-12 20:31:00,391 ToolSvc.xAODTrackParticleCompressorTool              INFO   UseOffDiagCompr = 0
2026-02-12 20:31:00,442 ToolSvc.DFCommonMuonsSelector                     WARNING MuonSelectionTool currently supports Loose, Medium, Tight, HighPt, and LowPtEfficiency WPs for Run3; all other WPs can only be used in ExpertDevelopMode mode
2026-02-12 20:31:00,669 xAODClusterCompressor                                INFO Compression of ClusterMoments to 16 bits enabled
2026-02-12 20:31:00,670 AthenaPoolConverter                                  INFO Retrieved compression tool
WARNING from FastJet: Recluster: the original cluster sequence is lacking explicit ghosts; area support will no longer be available after re-clustering
WARNING from FastJet: Recluster: the original cluster sequence is lacking explicit ghosts; area support will no longer be available after re-clustering
WARNING from FastJet: Recluster: the original cluster sequence is lacking explicit ghosts; area support will no longer be available after re-clustering
WARNING from FastJet: Recluster: the original cluster sequence is lacking explicit ghosts; area support will no longer be available after re-clustering
WARNING from FastJet: Recluster: the original cluster sequence is lacking explicit ghosts; area support will no longer be available after re-clustering (LAST SUCH WARNING)
2026-02-12 20:31:02,623 ClassIDSvc                                           INFO getRegistryEntries: read 2953 CLIDRegistry entries for module ALL
xAOD::AuxSelection WARNING Selected dynamic Aux atribute "DFCommonJets_eventClean_LooseBadLLP" not found in the registry
xAOD::AuxSelection WARNING Selected dynamic Aux atribute "HTXS_Higgs_decay_eta" not found in the registry
xAOD::AuxSelection WARNING Selected dynamic Aux atribute "HTXS_Higgs_decay_m" not found in the registry
xAOD::AuxSelection WARNING Selected dynamic Aux atribute "HTXS_Higgs_decay_phi" not found in the registry
xAOD::AuxSelection WARNING Selected dynamic Aux atribute "HTXS_Higgs_decay_pt" not found in the registry
xAOD::AuxSelection WARNING Selected dynamic Aux atribute "HTXS_Higgs_eta" not found in the registry
xAOD::AuxSelection WARNING Selected dynamic Aux atribute "HTXS_Higgs_m" not found in the registry
xAOD::AuxSelection WARNING Selected dynamic Aux atribute "HTXS_Higgs_phi" not found in the registry
xAOD::AuxSelection WARNING Selected dynamic Aux atribute "HTXS_Higgs_pt" not found in the registry
xAOD::AuxSelection WARNING Selected dynamic Aux atribute "HTXS_Njets_pTjet25" not found in the registry
xAOD::AuxSelection WARNING Selected dynamic Aux atribute "HTXS_Njets_pTjet30" not found in the registry
xAOD::AuxSelection WARNING Selected dynamic Aux atribute "HTXS_Stage0_Category" not found in the registry
xAOD::AuxSelection WARNING Selected dynamic Aux atribute "HTXS_Stage1_2_Category_pTjet25" not found in the registry
xAOD::AuxSelection WARNING Selected dynamic Aux atribute "HTXS_Stage1_2_Category_pTjet30" not found in the registry
xAOD::AuxSelection WARNING Selected dynamic Aux atribute "HTXS_Stage1_2_FineIndex_pTjet25" not found in the registry
xAOD::AuxSelection WARNING Selected dynamic Aux atribute "HTXS_Stage1_2_FineIndex_pTjet30" not found in the registry
xAOD::AuxSelection WARNING Selected dynamic Aux atribute "HTXS_Stage1_2_Fine_Category_pTjet25" not found in the registry
xAOD::AuxSelection WARNING Selected dynamic Aux atribute "HTXS_Stage1_2_Fine_Category_pTjet30" not found in the registry
xAOD::AuxSelection WARNING Selected dynamic Aux atribute "HTXS_Stage1_2_Fine_FineIndex_pTjet25" not found in the registry
xAOD::AuxSelection WARNING Selected dynamic Aux atribute "HTXS_Stage1_2_Fine_FineIndex_pTjet30" not found in the registry
xAOD::AuxSelection WARNING Selected dynamic Aux atribute "HTXS_Stage1_Category_pTjet25" not found in the registry
xAOD::AuxSelection WARNING Selected dynamic Aux atribute "HTXS_Stage1_Category_pTjet30" not found in the registry
xAOD::AuxSelection WARNING Selected dynamic Aux atribute "HTXS_Stage1_FineIndex_pTjet25" not found in the registry
xAOD::AuxSelection WARNING Selected dynamic Aux atribute "HTXS_Stage1_FineIndex_pTjet30" not found in the registry
xAOD::AuxSelection WARNING Selected dynamic Aux atribute "HTXS_V_decay_eta" not found in the registry
xAOD::AuxSelection WARNING Selected dynamic Aux atribute "HTXS_V_decay_m" not found in the registry
xAOD::AuxSelection WARNING Selected dynamic Aux atribute "HTXS_V_decay_phi" not found in the registry
xAOD::AuxSelection WARNING Selected dynamic Aux atribute "HTXS_V_decay_pt" not found in the registry
xAOD::AuxSelection WARNING Selected dynamic Aux atribute "HTXS_V_eta" not found in the registry
xAOD::AuxSelection WARNING Selected dynamic Aux atribute "HTXS_V_jets25_eta" not found in the registry
xAOD::AuxSelection WARNING Selected dynamic Aux atribute "HTXS_V_jets25_m" not found in the registry
xAOD::AuxSelection WARNING Selected dynamic Aux atribute "HTXS_V_jets25_phi" not found in the registry
xAOD::AuxSelection WARNING Selected dynamic Aux atribute "HTXS_V_jets25_pt" not found in the registry
xAOD::AuxSelection WARNING Selected dynamic Aux atribute "HTXS_V_jets30_eta" not found in the registry
xAOD::AuxSelection WARNING Selected dynamic Aux atribute "HTXS_V_jets30_m" not found in the registry
xAOD::AuxSelection WARNING Selected dynamic Aux atribute "HTXS_V_jets30_phi" not found in the registry
xAOD::AuxSelection WARNING Selected dynamic Aux atribute "HTXS_V_jets30_pt" not found in the registry
xAOD::AuxSelection WARNING Selected dynamic Aux atribute "HTXS_V_m" not found in the registry
xAOD::AuxSelection WARNING Selected dynamic Aux atribute "HTXS_V_phi" not found in the registry
xAOD::AuxSelection WARNING Selected dynamic Aux atribute "HTXS_V_pt" not found in the registry
xAOD::AuxSelection WARNING Selected dynamic Aux atribute "HTXS_errorCode" not found in the registry
xAOD::AuxSelection WARNING Selected dynamic Aux atribute "HTXS_isZ2vvDecay" not found in the registry
xAOD::AuxSelection WARNING Selected dynamic Aux atribute "truthClassification" not found in the registry
xAOD::AuxSelection WARNING Selected dynamic Aux atribute "DFCommonGoodMuon" not found in the registry
xAOD::AuxSelection WARNING Selected dynamic Aux atribute "DecayModeVector" not found in the registry
xAOD::AuxSelection WARNING Selected dynamic Aux atribute "IsHadronicTau" not found in the registry
xAOD::AuxSelection WARNING Selected dynamic Aux atribute "decay_vertex_x" not found in the registry
xAOD::AuxSelection WARNING Selected dynamic Aux atribute "decay_vertex_y" not found in the registry
xAOD::AuxSelection WARNING Selected dynamic Aux atribute "decay_vertex_z" not found in the registry
xAOD::AuxSelection WARNING Selected dynamic Aux atribute "eta_invis" not found in the registry
xAOD::AuxSelection WARNING Selected dynamic Aux atribute "eta_vis_neutral" not found in the registry
xAOD::AuxSelection WARNING Selected dynamic Aux atribute "m_invis" not found in the registry
xAOD::AuxSelection WARNING Selected dynamic Aux atribute "m_vis_neutral" not found in the registry
xAOD::AuxSelection WARNING Selected dynamic Aux atribute "numCharged" not found in the registry
xAOD::AuxSelection WARNING Selected dynamic Aux atribute "numChargedPion" not found in the registry
xAOD::AuxSelection WARNING Selected dynamic Aux atribute "numNeutral" not found in the registry
xAOD::AuxSelection WARNING Selected dynamic Aux atribute "numNeutralPion" not found in the registry
xAOD::AuxSelection WARNING Selected dynamic Aux atribute "phi_invis" not found in the registry
xAOD::AuxSelection WARNING Selected dynamic Aux atribute "phi_vis_neutral" not found in the registry
xAOD::AuxSelection WARNING Selected dynamic Aux atribute "prod_vertex_x" not found in the registry
xAOD::AuxSelection WARNING Selected dynamic Aux atribute "prod_vertex_y" not found in the registry
xAOD::AuxSelection WARNING Selected dynamic Aux atribute "prod_vertex_z" not found in the registry
xAOD::AuxSelection WARNING Selected dynamic Aux atribute "pt_invis" not found in the registry
xAOD::AuxSelection WARNING Selected dynamic Aux atribute "pt_vis_neutral" not found in the registry
xAOD::AuxSelection WARNING Selected dynamic Aux atribute "Angularity" not found in the registry
xAOD::AuxSelection WARNING Selected dynamic Aux atribute "ChargeMFrac" not found in the registry
xAOD::AuxSelection WARNING Selected dynamic Aux atribute "ChargePTFrac" not found in the registry
xAOD::AuxSelection WARNING Selected dynamic Aux atribute "EM3FracCaloBased" not found in the registry
xAOD::AuxSelection WARNING Selected dynamic Aux atribute "EffNClustsCaloBased" not found in the registry
xAOD::AuxSelection WARNING Selected dynamic Aux atribute "GN3XPV01_pqcd" not found in the registry
xAOD::AuxSelection WARNING Selected dynamic Aux atribute "KtDR" not found in the registry
xAOD::AuxSelection WARNING Selected dynamic Aux atribute "NeutralEFrac" not found in the registry
xAOD::AuxSelection WARNING Selected dynamic Aux atribute "PlanarFlow" not found in the registry
xAOD::AuxSelection WARNING Selected dynamic Aux atribute "Tile0FracCaloBased" not found in the registry
xAOD::AuxSelection WARNING Selected dynamic Aux atribute "bJR10v00_mass" not found in the registry
xAOD::AuxSelection WARNING Selected dynamic Aux atribute "bJR10v00_pt" not found in the registry
xAOD::AuxSelection WARNING Selected dynamic Aux atribute "groomMRatio" not found in the registry
xAOD::AuxSelection WARNING Selected dynamic Aux atribute "PartonTruthLabelTruthLabelBarcode" not found in the registry
xAOD::AuxSelection WARNING Selected dynamic Aux atribute "PartonTruthLabelTruthLabelDR" not found in the registry
xAOD::AuxSelection WARNING Selected dynamic Aux atribute "PartonTruthLabelTruthLabelID" not found in the registry
xAOD::AuxSelection WARNING Selected dynamic Aux atribute "PartonTruthLabelTruthLabelLxy" not found in the registry
xAOD::AuxSelection WARNING Selected dynamic Aux atribute "PartonTruthLabelTruthLabelPdgId" not found in the registry
xAOD::AuxSelection WARNING Selected dynamic Aux atribute "PartonTruthLabelTruthLabelPt" not found in the registry
2026-02-12 20:31:02,685 DAOD_PHYS.DAOD.pool.root?pmerge=localhost:5000       INFO ->  Access   DbDatabase   CREATE    [ROOT_All] 55CDEFD0-0849-11F1-AA6A-F688172E65E7
2026-02-12 20:31:02,693 RootDatabase                                         INFO DAOD_PHYS.DAOD.pool.root?pmerge=localhost:5000 File version:63901
2026-02-12 20:31:02,723 StorageSvc                                           INFO Building shape according to reflection information using shape ID for: 
2026-02-12 20:31:02,723 StorageSvc                                           INFO xAOD::MissingETAuxAssociationMap_v2 [05184C74-A3CE-4C89-959E-D7E9F0A98D13]
2026-02-12 20:31:02,725 StorageSvc                                           INFO Building shape according to reflection information using shape ID for: 
2026-02-12 20:31:02,725 StorageSvc                                           INFO xAOD::MissingETAssociationMap_v1 [E2EAA116-F03E-430E-B4EF-216AAF7DEEE8]
2026-02-12 20:31:02,726 StorageSvc                                           INFO Building shape according to reflection information using shape ID for: 
2026-02-12 20:31:02,726 StorageSvc                                           INFO xAOD::AuxInfoBase [47FE21D1-5196-4961-A8A1-1DC1B4104DD8]
2026-02-12 20:31:02,728 StorageSvc                                           INFO Building shape according to reflection information using shape ID for: 
2026-02-12 20:31:02,728 StorageSvc                                           INFO xAOD::MissingETContainer_v1 [F49162FE-6BC0-49BC-A7DA-A792136BD939]
2026-02-12 20:31:02,733 copyAuxStoreThinned                               WARNING AthContainers/src/copyAuxStoreThinned.cxx:138: unlocked decoration UEcorr_Pt (955) in object of type xAOD::ElectronAuxContainer_v3
2026-02-12 20:31:02,741 copyAuxStoreThinned                               WARNING AthContainers/src/copyAuxStoreThinned.cxx:138: unlocked decoration UEcorr_Pt (955) in object of type xAOD::MuonAuxContainer_v5
2026-02-12 20:31:02,773 ClassIDSvc                                           INFO getRegistryEntries: read 302 CLIDRegistry entries for module ALL
2026-02-12 20:31:02,879 AthenaEventLoopMgr                                   INFO   ===>>>  done processing event #334732001, run #450000 1 events processed so far  <<<===
2026-02-12 20:31:02,936 PoolSvc                                           WARNING connect: Using default input Stream instead of id = 4294967295
2026-02-12 20:31:02,937 AthMpEvtLoopMgr.SharedEvtQueueConsumer               INFO Received from the queue: event num=3 chunk size=1
2026-02-12 20:31:02,937 AthMpEvtLoopMgr.SharedEvtQueueConsumer               INFO Seek to 3 succeeded
2026-02-12 20:31:03,861 copyAuxStoreThinned                               WARNING AthContainers/src/copyAuxStoreThinned.cxx:138: unlocked decoration UEcorr_Pt (955) in object of type xAOD::ElectronAuxContainer_v3
2026-02-12 20:31:03,863 copyAuxStoreThinned                               WARNING AthContainers/src/copyAuxStoreThinned.cxx:138: unlocked decoration UEcorr_Pt (955) in object of type xAOD::MuonAuxContainer_v5
2026-02-12 20:31:03,874 AthMpEvtLoopMgr.SharedEvtQueueConsumer               INFO Received from the queue: event num=5 chunk size=1
2026-02-12 20:31:03,875 AthMpEvtLoopMgr.SharedEvtQueueConsumer               INFO Seek to 5 succeeded
2026-02-12 20:31:04,471 copyAuxStoreThinned                               WARNING AthContainers/src/copyAuxStoreThinned.cxx:138: unlocked decoration UEcorr_Pt (955) in object of type xAOD::ElectronAuxContainer_v3
2026-02-12 20:31:04,483 AthMpEvtLoopMgr.SharedEvtQueueConsumer               INFO Received from the queue: event num=7 chunk size=1
2026-02-12 20:31:04,483 AthMpEvtLoopMgr.SharedEvtQueueConsumer               INFO Seek to 7 succeeded
2026-02-12 20:31:05,284 copyAuxStoreThinned                               WARNING AthContainers/src/copyAuxStoreThinned.cxx:138: unlocked decoration UEcorr_Pt (955) in object of type xAOD::ElectronAuxContainer_v3
2026-02-12 20:31:05,296 AthMpEvtLoopMgr.SharedEvtQueueConsumer               INFO Received from the queue: event num=9 chunk size=1
2026-02-12 20:31:05,296 AthMpEvtLoopMgr.SharedEvtQueueConsumer               INFO Seek to 9 succeeded
2026-02-12 20:31:06,112 copyAuxStoreThinned                               WARNING AthContainers/src/copyAuxStoreThinned.cxx:138: unlocked decoration UEcorr_Pt (955) in object of type xAOD::ElectronAuxContainer_v3
2026-02-12 20:31:06,124 AthMpEvtLoopMgr.SharedEvtQueueConsumer               INFO Received from the queue: event num=11 chunk size=1
2026-02-12 20:31:06,125 AthMpEvtLoopMgr.SharedEvtQueueConsumer               INFO Seek to 11 succeeded
2026-02-12 20:31:06,962 copyAuxStoreThinned                               WARNING AthContainers/src/copyAuxStoreThinned.cxx:138: unlocked decoration UEcorr_Pt (955) in object of type xAOD::ElectronAuxContainer_v3
2026-02-12 20:31:06,964 copyAuxStoreThinned                               WARNING AthContainers/src/copyAuxStoreThinned.cxx:138: unlocked decoration UEcorr_Pt (955) in object of type xAOD::MuonAuxContainer_v5
2026-02-12 20:31:06,975 AthMpEvtLoopMgr.SharedEvtQueueConsumer               INFO Received from the queue: event num=12 chunk size=1
2026-02-12 20:31:06,976 AthMpEvtLoopMgr.SharedEvtQueueConsumer               INFO Seek to 12 succeeded
2026-02-12 20:31:07,819 copyAuxStoreThinned                               WARNING AthContainers/src/copyAuxStoreThinned.cxx:138: unlocked decoration UEcorr_Pt (955) in object of type xAOD::ElectronAuxContainer_v3
2026-02-12 20:31:07,833 AthMpEvtLoopMgr.SharedEvtQueueConsumer               INFO Received from the queue: event num=14 chunk size=1
2026-02-12 20:31:07,833 AthMpEvtLoopMgr.SharedEvtQueueConsumer               INFO Seek to 14 succeeded
2026-02-12 20:31:08,657 copyAuxStoreThinned                               WARNING AthContainers/src/copyAuxStoreThinned.cxx:138: unlocked decoration UEcorr_Pt (955) in object of type xAOD::ElectronAuxContainer_v3
2026-02-12 20:31:08,670 AthMpEvtLoopMgr.SharedEvtQueueConsumer               INFO Received from the queue: event num=16 chunk size=1
2026-02-12 20:31:08,671 AthMpEvtLoopMgr.SharedEvtQueueConsumer               INFO Seek to 16 succeeded
2026-02-12 20:31:09,451 copyAuxStoreThinned                               WARNING AthContainers/src/copyAuxStoreThinned.cxx:138: unlocked decoration UEcorr_Pt (955) in object of type xAOD::ElectronAuxContainer_v3
2026-02-12 20:31:09,453 copyAuxStoreThinned                               WARNING AthContainers/src/copyAuxStoreThinned.cxx:138: unlocked decoration UEcorr_Pt (955) in object of type xAOD::MuonAuxContainer_v5
2026-02-12 20:31:09,465 AthMpEvtLoopMgr.SharedEvtQueueConsumer               INFO Received from the queue: event num=18 chunk size=1
2026-02-12 20:31:09,465 AthMpEvtLoopMgr.SharedEvtQueueConsumer               INFO Seek to 18 succeeded
2026-02-12 20:31:10,080 copyAuxStoreThinned                               WARNING AthContainers/src/copyAuxStoreThinned.cxx:138: unlocked decoration UEcorr_Pt (955) in object of type xAOD::ElectronAuxContainer_v3
2026-02-12 20:31:10,081 copyAuxStoreThinned                               WARNING AthContainers/src/copyAuxStoreThinned.cxx:138: unlocked decoration UEcorr_Pt (955) in object of type xAOD::MuonAuxContainer_v5
2026-02-12 20:31:10,095 AthMpEvtLoopMgr.SharedEvtQueueConsumer               INFO Received from the queue: event num=20 chunk size=1
2026-02-12 20:31:10,095 AthMpEvtLoopMgr.SharedEvtQueueConsumer               INFO Seek to 20 succeeded
2026-02-12 20:31:10,832 copyAuxStoreThinned                               WARNING AthContainers/src/copyAuxStoreThinned.cxx:138: unlocked decoration UEcorr_Pt (955) in object of type xAOD::ElectronAuxContainer_v3
2026-02-12 20:31:10,843 AthMpEvtLoopMgr.SharedEvtQueueConsumer               INFO Received from the queue: event num=22 chunk size=1
2026-02-12 20:31:10,843 AthMpEvtLoopMgr.SharedEvtQueueConsumer               INFO Seek to 22 succeeded
2026-02-12 20:31:11,659 copyAuxStoreThinned                               WARNING AthContainers/src/copyAuxStoreThinned.cxx:138: unlocked decoration UEcorr_Pt (955) in object of type xAOD::ElectronAuxContainer_v3
2026-02-12 20:31:11,673 AthMpEvtLoopMgr.SharedEvtQueueConsumer               INFO Received from the queue: event num=24 chunk size=1
2026-02-12 20:31:11,673 AthMpEvtLoopMgr.SharedEvtQueueConsumer               INFO Seek to 24 succeeded
2026-02-12 20:31:12,547 copyAuxStoreThinned                               WARNING AthContainers/src/copyAuxStoreThinned.cxx:138: unlocked decoration UEcorr_Pt (955) in object of type xAOD::ElectronAuxContainer_v3
2026-02-12 20:31:12,549 copyAuxStoreThinned                               WARNING AthContainers/src/copyAuxStoreThinned.cxx:138: unlocked decoration UEcorr_Pt (955) in object of type xAOD::MuonAuxContainer_v5
2026-02-12 20:31:12,564 AthMpEvtLoopMgr.SharedEvtQueueConsumer               INFO Received from the queue: event num=25 chunk size=1
2026-02-12 20:31:12,564 AthMpEvtLoopMgr.SharedEvtQueueConsumer               INFO Seek to 25 succeeded
2026-02-12 20:31:13,687 copyAuxStoreThinned                               WARNING AthContainers/src/copyAuxStoreThinned.cxx:138: unlocked decoration UEcorr_Pt (955) in object of type xAOD::ElectronAuxContainer_v3
2026-02-12 20:31:13,699 AthMpEvtLoopMgr.SharedEvtQueueConsumer               INFO Received from the queue: event num=27 chunk size=1
2026-02-12 20:31:13,700 AthMpEvtLoopMgr.SharedEvtQueueConsumer               INFO Seek to 27 succeeded
2026-02-12 20:31:14,922 copyAuxStoreThinned                               WARNING AthContainers/src/copyAuxStoreThinned.cxx:138: unlocked decoration UEcorr_Pt (955) in object of type xAOD::ElectronAuxContainer_v3
2026-02-12 20:31:14,936 AthMpEvtLoopMgr.SharedEvtQueueConsumer               INFO Received from the queue: event num=30 chunk size=1
2026-02-12 20:31:14,936 AthMpEvtLoopMgr.SharedEvtQueueConsumer               INFO Seek to 30 succeeded
2026-02-12 20:31:15,661 copyAuxStoreThinned                               WARNING AthContainers/src/copyAuxStoreThinned.cxx:138: unlocked decoration UEcorr_Pt (955) in object of type xAOD::ElectronAuxContainer_v3
2026-02-12 20:31:15,672 AthMpEvtLoopMgr.SharedEvtQueueConsumer               INFO Received from the queue: event num=32 chunk size=1
2026-02-12 20:31:15,673 AthMpEvtLoopMgr.SharedEvtQueueConsumer               INFO Seek to 32 succeeded
2026-02-12 20:31:16,465 copyAuxStoreThinned                               WARNING AthContainers/src/copyAuxStoreThinned.cxx:138: unlocked decoration UEcorr_Pt (955) in object of type xAOD::ElectronAuxContainer_v3
2026-02-12 20:31:16,466 copyAuxStoreThinned                               WARNING AthContainers/src/copyAuxStoreThinned.cxx:138: unlocked decoration UEcorr_Pt (955) in object of type xAOD::MuonAuxContainer_v5
2026-02-12 20:31:16,477 AthMpEvtLoopMgr.SharedEvtQueueConsumer               INFO Received from the queue: event num=34 chunk size=1
2026-02-12 20:31:16,478 AthMpEvtLoopMgr.SharedEvtQueueConsumer               INFO Seek to 34 succeeded
2026-02-12 20:31:17,415 copyAuxStoreThinned                               WARNING AthContainers/src/copyAuxStoreThinned.cxx:138: unlocked decoration UEcorr_Pt (955) in object of type xAOD::ElectronAuxContainer_v3
2026-02-12 20:31:17,431 AthMpEvtLoopMgr.SharedEvtQueueConsumer               INFO Received from the queue: event num=36 chunk size=1
2026-02-12 20:31:17,431 AthMpEvtLoopMgr.SharedEvtQueueConsumer               INFO Seek to 36 succeeded
2026-02-12 20:31:18,479 copyAuxStoreThinned                               WARNING AthContainers/src/copyAuxStoreThinned.cxx:138: unlocked decoration UEcorr_Pt (955) in object of type xAOD::ElectronAuxContainer_v3
2026-02-12 20:31:18,481 copyAuxStoreThinned                               WARNING AthContainers/src/copyAuxStoreThinned.cxx:138: unlocked decoration UEcorr_Pt (955) in object of type xAOD::MuonAuxContainer_v5
2026-02-12 20:31:18,501 AthMpEvtLoopMgr.SharedEvtQueueConsumer               INFO Received from the queue: event num=37 chunk size=1
2026-02-12 20:31:18,501 AthMpEvtLoopMgr.SharedEvtQueueConsumer               INFO Seek to 37 succeeded
2026-02-12 20:31:20,296 ClassIDSvc                                           INFO getRegistryEntries: read 68 CLIDRegistry entries for module ALL
2026-02-12 20:31:20,300 copyAuxStoreThinned                               WARNING AthContainers/src/copyAuxStoreThinned.cxx:138: unlocked decoration UEcorr_Pt (955) in object of type xAOD::ElectronAuxContainer_v3
2026-02-12 20:31:20,302 copyAuxStoreThinned                               WARNING AthContainers/src/copyAuxStoreThinned.cxx:138: unlocked decoration UEcorr_Pt (955) in object of type xAOD::MuonAuxContainer_v5
2026-02-12 20:31:20,317 AthMpEvtLoopMgr.SharedEvtQueueConsumer               INFO Received from the queue: event num=41 chunk size=1
2026-02-12 20:31:20,317 AthMpEvtLoopMgr.SharedEvtQueueConsumer               INFO Seek to 41 succeeded
2026-02-12 20:31:21,544 copyAuxStoreThinned                               WARNING AthContainers/src/copyAuxStoreThinned.cxx:138: unlocked decoration UEcorr_Pt (955) in object of type xAOD::ElectronAuxContainer_v3
2026-02-12 20:31:21,546 copyAuxStoreThinned                               WARNING AthContainers/src/copyAuxStoreThinned.cxx:138: unlocked decoration UEcorr_Pt (955) in object of type xAOD::MuonAuxContainer_v5
2026-02-12 20:31:21,558 AthMpEvtLoopMgr.SharedEvtQueueConsumer               INFO Received from the queue: event num=43 chunk size=1
2026-02-12 20:31:21,558 AthMpEvtLoopMgr.SharedEvtQueueConsumer               INFO Seek to 43 succeeded
2026-02-12 20:31:22,507 copyAuxStoreThinned                               WARNING AthContainers/src/copyAuxStoreThinned.cxx:138: unlocked decoration UEcorr_Pt (955) in object of type xAOD::ElectronAuxContainer_v3
2026-02-12 20:31:22,508 copyAuxStoreThinned                               WARNING AthContainers/src/copyAuxStoreThinned.cxx:138: unlocked decoration UEcorr_Pt (955) in object of type xAOD::MuonAuxContainer_v5
2026-02-12 20:31:22,521 AthMpEvtLoopMgr.SharedEvtQueueConsumer               INFO Received from the queue: event num=45 chunk size=1
2026-02-12 20:31:22,521 AthMpEvtLoopMgr.SharedEvtQueueConsumer               INFO Seek to 45 succeeded
2026-02-12 20:31:22,627 PerfMonMTSvc                                         INFO Event [   23] CPU Time: 00h00m30s, Wall Time: 00h01m33s, Vmem: 6.02 GB, Rss: 4.72 GB, Pss: 2.90 GB, Swap: 0.00 KB
2026-02-12 20:31:23,403 copyAuxStoreThinned                               WARNING AthContainers/src/copyAuxStoreThinned.cxx:138: unlocked decoration UEcorr_Pt (955) in object of type xAOD::ElectronAuxContainer_v3
2026-02-12 20:31:23,414 AthMpEvtLoopMgr.SharedEvtQueueConsumer               INFO Received from the queue: event num=47 chunk size=1
2026-02-12 20:31:23,415 AthMpEvtLoopMgr.SharedEvtQueueConsumer               INFO Seek to 47 succeeded
2026-02-12 20:31:24,147 copyAuxStoreThinned                               WARNING AthContainers/src/copyAuxStoreThinned.cxx:138: unlocked decoration UEcorr_Pt (955) in object of type xAOD::ElectronAuxContainer_v3
2026-02-12 20:31:24,149 copyAuxStoreThinned                               WARNING AthContainers/src/copyAuxStoreThinned.cxx:138: unlocked decoration UEcorr_Pt (955) in object of type xAOD::MuonAuxContainer_v5
2026-02-12 20:31:24,160 AthMpEvtLoopMgr.SharedEvtQueueConsumer               INFO Received from the queue: event num=49 chunk size=1
2026-02-12 20:31:24,160 AthMpEvtLoopMgr.SharedEvtQueueConsumer               INFO Seek to 49 succeeded
2026-02-12 20:31:25,241 copyAuxStoreThinned                               WARNING AthContainers/src/copyAuxStoreThinned.cxx:138: unlocked decoration UEcorr_Pt (955) in object of type xAOD::ElectronAuxContainer_v3
2026-02-12 20:31:25,257 AthMpEvtLoopMgr.SharedEvtQueueConsumer               INFO Received from the queue: event num=51 chunk size=1
2026-02-12 20:31:25,258 AthMpEvtLoopMgr.SharedEvtQueueConsumer               INFO Seek to 51 succeeded
2026-02-12 20:31:26,284 copyAuxStoreThinned                               WARNING AthContainers/src/copyAuxStoreThinned.cxx:138: unlocked decoration UEcorr_Pt (955) in object of type xAOD::ElectronAuxContainer_v3
2026-02-12 20:31:26,285 copyAuxStoreThinned                               WARNING AthContainers/src/copyAuxStoreThinned.cxx:138: unlocked decoration UEcorr_Pt (955) in object of type xAOD::MuonAuxContainer_v5
2026-02-12 20:31:26,297 AthMpEvtLoopMgr.SharedEvtQueueConsumer               INFO Received from the queue: event num=53 chunk size=1
2026-02-12 20:31:26,297 AthMpEvtLoopMgr.SharedEvtQueueConsumer               INFO Seek to 53 succeeded
2026-02-12 20:31:27,627 copyAuxStoreThinned                               WARNING AthContainers/src/copyAuxStoreThinned.cxx:138: unlocked decoration UEcorr_Pt (955) in object of type xAOD::ElectronAuxContainer_v3
2026-02-12 20:31:27,629 copyAuxStoreThinned                               WARNING AthContainers/src/copyAuxStoreThinned.cxx:138: unlocked decoration UEcorr_Pt (955) in object of type xAOD::MuonAuxContainer_v5
2026-02-12 20:31:27,642 AthMpEvtLoopMgr.SharedEvtQueueConsumer               INFO Received from the queue: event num=56 chunk size=1
2026-02-12 20:31:27,642 AthMpEvtLoopMgr.SharedEvtQueueConsumer               INFO Seek to 56 succeeded
2026-02-12 20:31:28,307 copyAuxStoreThinned                               WARNING AthContainers/src/copyAuxStoreThinned.cxx:138: unlocked decoration UEcorr_Pt (955) in object of type xAOD::ElectronAuxContainer_v3
2026-02-12 20:31:28,318 AthMpEvtLoopMgr.SharedEvtQueueConsumer               INFO Received from the queue: event num=57 chunk size=1
2026-02-12 20:31:28,318 AthMpEvtLoopMgr.SharedEvtQueueConsumer               INFO Seek to 57 succeeded
2026-02-12 20:31:29,108 copyAuxStoreThinned                               WARNING AthContainers/src/copyAuxStoreThinned.cxx:138: unlocked decoration UEcorr_Pt (955) in object of type xAOD::ElectronAuxContainer_v3
2026-02-12 20:31:29,109 copyAuxStoreThinned                               WARNING AthContainers/src/copyAuxStoreThinned.cxx:138: unlocked decoration UEcorr_Pt (955) in object of type xAOD::MuonAuxContainer_v5
2026-02-12 20:31:29,127 AthMpEvtLoopMgr.SharedEvtQueueConsumer               INFO Received from the queue: event num=60 chunk size=1
2026-02-12 20:31:29,127 AthMpEvtLoopMgr.SharedEvtQueueConsumer               INFO Seek to 60 succeeded
2026-02-12 20:31:30,025 copyAuxStoreThinned                               WARNING AthContainers/src/copyAuxStoreThinned.cxx:138: unlocked decoration UEcorr_Pt (955) in object of type xAOD::ElectronAuxContainer_v3
2026-02-12 20:31:30,027 copyAuxStoreThinned                               WARNING AthContainers/src/copyAuxStoreThinned.cxx:138: unlocked decoration UEcorr_Pt (955) in object of type xAOD::MuonAuxContainer_v5
2026-02-12 20:31:30,040 AthMpEvtLoopMgr.SharedEvtQueueConsumer               INFO Received from the queue: event num=61 chunk size=1
2026-02-12 20:31:30,040 AthMpEvtLoopMgr.SharedEvtQueueConsumer               INFO Seek to 61 succeeded
2026-02-12 20:31:30,860 copyAuxStoreThinned                               WARNING AthContainers/src/copyAuxStoreThinned.cxx:138: unlocked decoration UEcorr_Pt (955) in object of type xAOD::ElectronAuxContainer_v3
2026-02-12 20:31:30,862 copyAuxStoreThinned                               WARNING AthContainers/src/copyAuxStoreThinned.cxx:138: unlocked decoration UEcorr_Pt (955) in object of type xAOD::MuonAuxContainer_v5
2026-02-12 20:31:30,873 AthMpEvtLoopMgr.SharedEvtQueueConsumer               INFO Received from the queue: event num=63 chunk size=1
2026-02-12 20:31:30,874 AthMpEvtLoopMgr.SharedEvtQueueConsumer               INFO Seek to 63 succeeded
2026-02-12 20:31:31,554 copyAuxStoreThinned                               WARNING AthContainers/src/copyAuxStoreThinned.cxx:138: unlocked decoration UEcorr_Pt (955) in object of type xAOD::ElectronAuxContainer_v3
2026-02-12 20:31:31,556 copyAuxStoreThinned                               WARNING AthContainers/src/copyAuxStoreThinned.cxx:138: unlocked decoration UEcorr_Pt (955) in object of type xAOD::MuonAuxContainer_v5
2026-02-12 20:31:31,569 AthMpEvtLoopMgr.SharedEvtQueueConsumer               INFO Received from the queue: event num=65 chunk size=1
2026-02-12 20:31:31,569 AthMpEvtLoopMgr.SharedEvtQueueConsumer               INFO Seek to 65 succeeded
2026-02-12 20:31:32,243 copyAuxStoreThinned                               WARNING AthContainers/src/copyAuxStoreThinned.cxx:138: unlocked decoration UEcorr_Pt (955) in object of type xAOD::ElectronAuxContainer_v3
2026-02-12 20:31:32,244 copyAuxStoreThinned                               WARNING AthContainers/src/copyAuxStoreThinned.cxx:138: unlocked decoration UEcorr_Pt (955) in object of type xAOD::MuonAuxContainer_v5
2026-02-12 20:31:32,255 AthMpEvtLoopMgr.SharedEvtQueueConsumer               INFO Received from the queue: event num=66 chunk size=1
2026-02-12 20:31:32,256 AthMpEvtLoopMgr.SharedEvtQueueConsumer               INFO Seek to 66 succeeded
2026-02-12 20:31:33,474 copyAuxStoreThinned                               WARNING AthContainers/src/copyAuxStoreThinned.cxx:138: unlocked decoration UEcorr_Pt (955) in object of type xAOD::ElectronAuxContainer_v3
2026-02-12 20:31:33,476 copyAuxStoreThinned                               WARNING AthContainers/src/copyAuxStoreThinned.cxx:138: unlocked decoration UEcorr_Pt (955) in object of type xAOD::MuonAuxContainer_v5
2026-02-12 20:31:33,503 AthMpEvtLoopMgr.SharedEvtQueueConsumer               INFO Received from the queue: event num=68 chunk size=1
2026-02-12 20:31:33,504 AthMpEvtLoopMgr.SharedEvtQueueConsumer               INFO Seek to 68 succeeded
2026-02-12 20:31:34,200 copyAuxStoreThinned                               WARNING AthContainers/src/copyAuxStoreThinned.cxx:138: unlocked decoration UEcorr_Pt (955) in object of type xAOD::ElectronAuxContainer_v3
2026-02-12 20:31:34,202 copyAuxStoreThinned                               WARNING AthContainers/src/copyAuxStoreThinned.cxx:138: unlocked decoration UEcorr_Pt (955) in object of type xAOD::MuonAuxContainer_v5
2026-02-12 20:31:34,213 AthMpEvtLoopMgr.SharedEvtQueueConsumer               INFO Received from the queue: event num=70 chunk size=1
2026-02-12 20:31:34,213 AthMpEvtLoopMgr.SharedEvtQueueConsumer               INFO Seek to 70 succeeded
2026-02-12 20:31:35,070 copyAuxStoreThinned                               WARNING AthContainers/src/copyAuxStoreThinned.cxx:138: unlocked decoration UEcorr_Pt (955) in object of type xAOD::ElectronAuxContainer_v3
2026-02-12 20:31:35,071 copyAuxStoreThinned                               WARNING AthContainers/src/copyAuxStoreThinned.cxx:138: unlocked decoration UEcorr_Pt (955) in object of type xAOD::MuonAuxContainer_v5
2026-02-12 20:31:35,083 AthMpEvtLoopMgr.SharedEvtQueueConsumer               INFO Received from the queue: event num=72 chunk size=1
2026-02-12 20:31:35,084 AthMpEvtLoopMgr.SharedEvtQueueConsumer               INFO Seek to 72 succeeded
2026-02-12 20:31:36,296 copyAuxStoreThinned                               WARNING AthContainers/src/copyAuxStoreThinned.cxx:138: unlocked decoration UEcorr_Pt (955) in object of type xAOD::ElectronAuxContainer_v3
2026-02-12 20:31:36,298 copyAuxStoreThinned                               WARNING AthContainers/src/copyAuxStoreThinned.cxx:138: unlocked decoration UEcorr_Pt (955) in object of type xAOD::MuonAuxContainer_v5
2026-02-12 20:31:36,311 AthMpEvtLoopMgr.SharedEvtQueueConsumer               INFO Received from the queue: event num=74 chunk size=1
2026-02-12 20:31:36,311 AthMpEvtLoopMgr.SharedEvtQueueConsumer               INFO Seek to 74 succeeded
2026-02-12 20:31:37,315 copyAuxStoreThinned                               WARNING AthContainers/src/copyAuxStoreThinned.cxx:138: unlocked decoration UEcorr_Pt (955) in object of type xAOD::ElectronAuxContainer_v3
2026-02-12 20:31:37,329 AthMpEvtLoopMgr.SharedEvtQueueConsumer               INFO Received from the queue: event num=76 chunk size=1
2026-02-12 20:31:37,329 AthMpEvtLoopMgr.SharedEvtQueueConsumer               INFO Seek to 76 succeeded
2026-02-12 20:31:38,213 copyAuxStoreThinned                               WARNING AthContainers/src/copyAuxStoreThinned.cxx:138: unlocked decoration UEcorr_Pt (955) in object of type xAOD::ElectronAuxContainer_v3
2026-02-12 20:31:38,214 copyAuxStoreThinned                               WARNING AthContainers/src/copyAuxStoreThinned.cxx:138: unlocked decoration UEcorr_Pt (955) in object of type xAOD::MuonAuxContainer_v5
2026-02-12 20:31:38,227 AthMpEvtLoopMgr.SharedEvtQueueConsumer               INFO Received from the queue: event num=78 chunk size=1
2026-02-12 20:31:38,227 AthMpEvtLoopMgr.SharedEvtQueueConsumer               INFO Seek to 78 succeeded
2026-02-12 20:31:39,177 copyAuxStoreThinned                               WARNING AthContainers/src/copyAuxStoreThinned.cxx:138: unlocked decoration UEcorr_Pt (955) in object of type xAOD::ElectronAuxContainer_v3
2026-02-12 20:31:39,179 copyAuxStoreThinned                               WARNING AthContainers/src/copyAuxStoreThinned.cxx:138: unlocked decoration UEcorr_Pt (955) in object of type xAOD::MuonAuxContainer_v5
2026-02-12 20:31:39,191 AthMpEvtLoopMgr.SharedEvtQueueConsumer               INFO Received from the queue: event num=80 chunk size=1
2026-02-12 20:31:39,192 AthMpEvtLoopMgr.SharedEvtQueueConsumer               INFO Seek to 80 succeeded
2026-02-12 20:31:40,553 copyAuxStoreThinned                               WARNING AthContainers/src/copyAuxStoreThinned.cxx:138: unlocked decoration UEcorr_Pt (955) in object of type xAOD::ElectronAuxContainer_v3
2026-02-12 20:31:40,555 copyAuxStoreThinned                               WARNING AthContainers/src/copyAuxStoreThinned.cxx:138: unlocked decoration UEcorr_Pt (955) in object of type xAOD::MuonAuxContainer_v5
2026-02-12 20:31:40,570 AthMpEvtLoopMgr.SharedEvtQueueConsumer               INFO Received from the queue: event num=82 chunk size=1
2026-02-12 20:31:40,571 AthMpEvtLoopMgr.SharedEvtQueueConsumer               INFO Seek to 82 succeeded
2026-02-12 20:31:41,387 copyAuxStoreThinned                               WARNING AthContainers/src/copyAuxStoreThinned.cxx:138: unlocked decoration UEcorr_Pt (955) in object of type xAOD::ElectronAuxContainer_v3
2026-02-12 20:31:41,388 copyAuxStoreThinned                               WARNING AthContainers/src/copyAuxStoreThinned.cxx:138: unlocked decoration UEcorr_Pt (955) in object of type xAOD::MuonAuxContainer_v5
2026-02-12 20:31:41,400 AthMpEvtLoopMgr.SharedEvtQueueConsumer               INFO Received from the queue: event num=84 chunk size=1
2026-02-12 20:31:41,400 AthMpEvtLoopMgr.SharedEvtQueueConsumer               INFO Seek to 84 succeeded
2026-02-12 20:31:42,523 copyAuxStoreThinned                               WARNING AthContainers/src/copyAuxStoreThinned.cxx:138: unlocked decoration UEcorr_Pt (955) in object of type xAOD::ElectronAuxContainer_v3
2026-02-12 20:31:42,539 AthMpEvtLoopMgr.SharedEvtQueueConsumer               INFO Received from the queue: event num=86 chunk size=1
2026-02-12 20:31:42,539 AthMpEvtLoopMgr.SharedEvtQueueConsumer               INFO Seek to 86 succeeded
2026-02-12 20:31:43,674 copyAuxStoreThinned                               WARNING AthContainers/src/copyAuxStoreThinned.cxx:138: unlocked decoration UEcorr_Pt (955) in object of type xAOD::ElectronAuxContainer_v3
2026-02-12 20:31:43,675 copyAuxStoreThinned                               WARNING AthContainers/src/copyAuxStoreThinned.cxx:138: unlocked decoration UEcorr_Pt (955) in object of type xAOD::MuonAuxContainer_v5
2026-02-12 20:31:43,690 AthMpEvtLoopMgr.SharedEvtQueueConsumer               INFO Received from the queue: event num=88 chunk size=1
2026-02-12 20:31:43,690 AthMpEvtLoopMgr.SharedEvtQueueConsumer               INFO Seek to 88 succeeded
2026-02-12 20:31:44,946 copyAuxStoreThinned                               WARNING AthContainers/src/copyAuxStoreThinned.cxx:138: unlocked decoration UEcorr_Pt (955) in object of type xAOD::ElectronAuxContainer_v3
2026-02-12 20:31:44,963 AthMpEvtLoopMgr.SharedEvtQueueConsumer               INFO Received from the queue: event num=91 chunk size=1
2026-02-12 20:31:44,964 AthMpEvtLoopMgr.SharedEvtQueueConsumer               INFO Seek to 91 succeeded
2026-02-12 20:31:45,792 copyAuxStoreThinned                               WARNING AthContainers/src/copyAuxStoreThinned.cxx:138: unlocked decoration UEcorr_Pt (955) in object of type xAOD::ElectronAuxContainer_v3
2026-02-12 20:31:45,794 copyAuxStoreThinned                               WARNING AthContainers/src/copyAuxStoreThinned.cxx:138: unlocked decoration UEcorr_Pt (955) in object of type xAOD::MuonAuxContainer_v5
2026-02-12 20:31:45,812 AthMpEvtLoopMgr.SharedEvtQueueConsumer               INFO Received from the queue: event num=92 chunk size=1
2026-02-12 20:31:45,812 AthMpEvtLoopMgr.SharedEvtQueueConsumer               INFO Seek to 92 succeeded
2026-02-12 20:31:46,735 copyAuxStoreThinned                               WARNING AthContainers/src/copyAuxStoreThinned.cxx:138: unlocked decoration UEcorr_Pt (955) in object of type xAOD::ElectronAuxContainer_v3
2026-02-12 20:31:46,737 copyAuxStoreThinned                               WARNING AthContainers/src/copyAuxStoreThinned.cxx:138: unlocked decoration UEcorr_Pt (955) in object of type xAOD::MuonAuxContainer_v5
2026-02-12 20:31:46,750 AthMpEvtLoopMgr.SharedEvtQueueConsumer               INFO Received from the queue: event num=94 chunk size=1
2026-02-12 20:31:46,750 AthMpEvtLoopMgr.SharedEvtQueueConsumer               INFO Seek to 94 succeeded
2026-02-12 20:31:47,865 copyAuxStoreThinned                               WARNING AthContainers/src/copyAuxStoreThinned.cxx:138: unlocked decoration UEcorr_Pt (955) in object of type xAOD::ElectronAuxContainer_v3
2026-02-12 20:31:47,866 copyAuxStoreThinned                               WARNING AthContainers/src/copyAuxStoreThinned.cxx:138: unlocked decoration UEcorr_Pt (955) in object of type xAOD::MuonAuxContainer_v5
2026-02-12 20:31:47,880 AthMpEvtLoopMgr.SharedEvtQueueConsumer               INFO Received from the queue: event num=96 chunk size=1
2026-02-12 20:31:47,880 AthMpEvtLoopMgr.SharedEvtQueueConsumer               INFO Seek to 96 succeeded
2026-02-12 20:31:48,884 copyAuxStoreThinned                               WARNING AthContainers/src/copyAuxStoreThinned.cxx:138: unlocked decoration UEcorr_Pt (955) in object of type xAOD::ElectronAuxContainer_v3
2026-02-12 20:31:48,886 copyAuxStoreThinned                               WARNING AthContainers/src/copyAuxStoreThinned.cxx:138: unlocked decoration UEcorr_Pt (955) in object of type xAOD::MuonAuxContainer_v5
2026-02-12 20:31:48,899 AthMpEvtLoopMgr.SharedEvtQueueConsumer               INFO Received from the queue: event num=98 chunk size=1
2026-02-12 20:31:48,899 AthMpEvtLoopMgr.SharedEvtQueueConsumer               INFO Seek to 98 succeeded
2026-02-12 20:31:50,131 copyAuxStoreThinned                               WARNING AthContainers/src/copyAuxStoreThinned.cxx:138: unlocked decoration UEcorr_Pt (955) in object of type xAOD::ElectronAuxContainer_v3
2026-02-12 20:31:50,133 copyAuxStoreThinned                               WARNING AthContainers/src/copyAuxStoreThinned.cxx:138: unlocked decoration UEcorr_Pt (955) in object of type xAOD::MuonAuxContainer_v5
2026-02-12 20:31:50,147 AthMpEvtLoopMgr.SharedEvtQueueConsumer               INFO Received from the queue: event num=100 chunk size=1
2026-02-12 20:31:50,149 AthMpEvtLoopMgr.SharedEvtQueueConsumer               INFO Seek to 100 succeeded
2026-02-12 20:31:51,383 copyAuxStoreThinned                               WARNING AthContainers/src/copyAuxStoreThinned.cxx:138: unlocked decoration UEcorr_Pt (955) in object of type xAOD::ElectronAuxContainer_v3
2026-02-12 20:31:51,384 copyAuxStoreThinned                               WARNING AthContainers/src/copyAuxStoreThinned.cxx:138: unlocked decoration UEcorr_Pt (955) in object of type xAOD::MuonAuxContainer_v5
2026-02-12 20:31:51,397 AthMpEvtLoopMgr.SharedEvtQueueConsumer               INFO Received from the queue: event num=102 chunk size=1
2026-02-12 20:31:51,398 AthMpEvtLoopMgr.SharedEvtQueueConsumer               INFO Seek to 102 succeeded
2026-02-12 20:31:52,552 copyAuxStoreThinned                               WARNING AthContainers/src/copyAuxStoreThinned.cxx:138: unlocked decoration UEcorr_Pt (955) in object of type xAOD::ElectronAuxContainer_v3
2026-02-12 20:31:52,554 copyAuxStoreThinned                               WARNING AthContainers/src/copyAuxStoreThinned.cxx:138: unlocked decoration UEcorr_Pt (955) in object of type xAOD::MuonAuxContainer_v5
2026-02-12 20:31:52,568 AthMpEvtLoopMgr.SharedEvtQueueConsumer               INFO Received from the queue: event num=104 chunk size=1
2026-02-12 20:31:52,569 AthMpEvtLoopMgr.SharedEvtQueueConsumer               INFO Seek to 104 succeeded
2026-02-12 20:31:52,681 PerfMonMTSvc                                         INFO Event [   53] CPU Time: 00h01m00s, Wall Time: 00h02m03s, Vmem: 6.04 GB, Rss: 4.74 GB, Pss: 2.92 GB, Swap: 0.00 KB
2026-02-12 20:31:54,168 copyAuxStoreThinned                               WARNING AthContainers/src/copyAuxStoreThinned.cxx:138: unlocked decoration UEcorr_Pt (955) in object of type xAOD::ElectronAuxContainer_v3
2026-02-12 20:31:54,169 copyAuxStoreThinned                               WARNING AthContainers/src/copyAuxStoreThinned.cxx:138: unlocked decoration UEcorr_Pt (955) in object of type xAOD::MuonAuxContainer_v5
2026-02-12 20:31:54,184 AthMpEvtLoopMgr.SharedEvtQueueConsumer               INFO Received from the queue: event num=106 chunk size=1
2026-02-12 20:31:54,184 AthMpEvtLoopMgr.SharedEvtQueueConsumer               INFO Seek to 106 succeeded
2026-02-12 20:31:55,209 copyAuxStoreThinned                               WARNING AthContainers/src/copyAuxStoreThinned.cxx:138: unlocked decoration UEcorr_Pt (955) in object of type xAOD::ElectronAuxContainer_v3
2026-02-12 20:31:55,210 copyAuxStoreThinned                               WARNING AthContainers/src/copyAuxStoreThinned.cxx:138: unlocked decoration UEcorr_Pt (955) in object of type xAOD::MuonAuxContainer_v5
2026-02-12 20:31:55,230 AthMpEvtLoopMgr.SharedEvtQueueConsumer               INFO Received from the queue: event num=108 chunk size=1
2026-02-12 20:31:55,231 AthMpEvtLoopMgr.SharedEvtQueueConsumer               INFO Seek to 108 succeeded
2026-02-12 20:31:56,154 copyAuxStoreThinned                               WARNING AthContainers/src/copyAuxStoreThinned.cxx:138: unlocked decoration UEcorr_Pt (955) in object of type xAOD::ElectronAuxContainer_v3
2026-02-12 20:31:56,156 copyAuxStoreThinned                               WARNING AthContainers/src/copyAuxStoreThinned.cxx:138: unlocked decoration UEcorr_Pt (955) in object of type xAOD::MuonAuxContainer_v5
2026-02-12 20:31:56,167 AthMpEvtLoopMgr.SharedEvtQueueConsumer               INFO Received from the queue: event num=110 chunk size=1
2026-02-12 20:31:56,167 AthMpEvtLoopMgr.SharedEvtQueueConsumer               INFO Seek to 110 succeeded
2026-02-12 20:31:57,101 copyAuxStoreThinned                               WARNING AthContainers/src/copyAuxStoreThinned.cxx:138: unlocked decoration UEcorr_Pt (955) in object of type xAOD::ElectronAuxContainer_v3
2026-02-12 20:31:57,102 copyAuxStoreThinned                               WARNING AthContainers/src/copyAuxStoreThinned.cxx:138: unlocked decoration UEcorr_Pt (955) in object of type xAOD::MuonAuxContainer_v5
2026-02-12 20:31:57,119 AthMpEvtLoopMgr.SharedEvtQueueConsumer               INFO Received from the queue: event num=112 chunk size=1
2026-02-12 20:31:57,119 AthMpEvtLoopMgr.SharedEvtQueueConsumer               INFO Seek to 112 succeeded
2026-02-12 20:31:58,523 copyAuxStoreThinned                               WARNING AthContainers/src/copyAuxStoreThinned.cxx:138: unlocked decoration UEcorr_Pt (955) in object of type xAOD::ElectronAuxContainer_v3
2026-02-12 20:31:58,525 copyAuxStoreThinned                               WARNING AthContainers/src/copyAuxStoreThinned.cxx:138: unlocked decoration UEcorr_Pt (955) in object of type xAOD::MuonAuxContainer_v5
2026-02-12 20:31:58,542 AthMpEvtLoopMgr.SharedEvtQueueConsumer               INFO Received from the queue: event num=114 chunk size=1
2026-02-12 20:31:58,542 AthMpEvtLoopMgr.SharedEvtQueueConsumer               INFO Seek to 114 succeeded
2026-02-12 20:31:59,440 copyAuxStoreThinned                               WARNING AthContainers/src/copyAuxStoreThinned.cxx:138: unlocked decoration UEcorr_Pt (955) in object of type xAOD::ElectronAuxContainer_v3
2026-02-12 20:31:59,454 AthMpEvtLoopMgr.SharedEvtQueueConsumer               INFO Received from the queue: event num=116 chunk size=1
2026-02-12 20:31:59,454 AthMpEvtLoopMgr.SharedEvtQueueConsumer               INFO Seek to 116 succeeded
2026-02-12 20:32:00,411 copyAuxStoreThinned                               WARNING AthContainers/src/copyAuxStoreThinned.cxx:138: unlocked decoration UEcorr_Pt (955) in object of type xAOD::ElectronAuxContainer_v3
2026-02-12 20:32:00,413 copyAuxStoreThinned                               WARNING AthContainers/src/copyAuxStoreThinned.cxx:138: unlocked decoration UEcorr_Pt (955) in object of type xAOD::MuonAuxContainer_v5
2026-02-12 20:32:00,429 AthMpEvtLoopMgr.SharedEvtQueueConsumer               INFO Received from the queue: event num=117 chunk size=1
2026-02-12 20:32:00,430 AthMpEvtLoopMgr.SharedEvtQueueConsumer               INFO Seek to 117 succeeded
2026-02-12 20:32:01,510 copyAuxStoreThinned                               WARNING AthContainers/src/copyAuxStoreThinned.cxx:138: unlocked decoration UEcorr_Pt (955) in object of type xAOD::ElectronAuxContainer_v3
2026-02-12 20:32:01,511 copyAuxStoreThinned                               WARNING AthContainers/src/copyAuxStoreThinned.cxx:138: unlocked decoration UEcorr_Pt (955) in object of type xAOD::MuonAuxContainer_v5
2026-02-12 20:32:01,529 AthMpEvtLoopMgr.SharedEvtQueueConsumer               INFO Received from the queue: event num=120 chunk size=1
2026-02-12 20:32:01,529 AthMpEvtLoopMgr.SharedEvtQueueConsumer               INFO Seek to 120 succeeded
2026-02-12 20:32:02,399 copyAuxStoreThinned                               WARNING AthContainers/src/copyAuxStoreThinned.cxx:138: unlocked decoration UEcorr_Pt (955) in object of type xAOD::ElectronAuxContainer_v3
2026-02-12 20:32:02,401 copyAuxStoreThinned                               WARNING AthContainers/src/copyAuxStoreThinned.cxx:138: unlocked decoration UEcorr_Pt (955) in object of type xAOD::MuonAuxContainer_v5
2026-02-12 20:32:02,412 AthMpEvtLoopMgr.SharedEvtQueueConsumer               INFO Received from the queue: event num=121 chunk size=1
2026-02-12 20:32:02,413 AthMpEvtLoopMgr.SharedEvtQueueConsumer               INFO Seek to 121 succeeded
2026-02-12 20:32:03,566 copyAuxStoreThinned                               WARNING AthContainers/src/copyAuxStoreThinned.cxx:138: unlocked decoration UEcorr_Pt (955) in object of type xAOD::ElectronAuxContainer_v3
2026-02-12 20:32:03,568 copyAuxStoreThinned                               WARNING AthContainers/src/copyAuxStoreThinned.cxx:138: unlocked decoration UEcorr_Pt (955) in object of type xAOD::MuonAuxContainer_v5
2026-02-12 20:32:03,580 AthMpEvtLoopMgr.SharedEvtQueueConsumer               INFO Received from the queue: event num=123 chunk size=1
2026-02-12 20:32:03,580 AthMpEvtLoopMgr.SharedEvtQueueConsumer               INFO Seek to 123 succeeded
2026-02-12 20:32:04,558 copyAuxStoreThinned                               WARNING AthContainers/src/copyAuxStoreThinned.cxx:138: unlocked decoration UEcorr_Pt (955) in object of type xAOD::ElectronAuxContainer_v3
2026-02-12 20:32:04,559 copyAuxStoreThinned                               WARNING AthContainers/src/copyAuxStoreThinned.cxx:138: unlocked decoration UEcorr_Pt (955) in object of type xAOD::MuonAuxContainer_v5
2026-02-12 20:32:04,572 AthMpEvtLoopMgr.SharedEvtQueueConsumer               INFO Received from the queue: event num=125 chunk size=1
2026-02-12 20:32:04,573 AthMpEvtLoopMgr.SharedEvtQueueConsumer               INFO Seek to 125 succeeded
2026-02-12 20:32:05,631 copyAuxStoreThinned                               WARNING AthContainers/src/copyAuxStoreThinned.cxx:138: unlocked decoration UEcorr_Pt (955) in object of type xAOD::ElectronAuxContainer_v3
2026-02-12 20:32:05,633 copyAuxStoreThinned                               WARNING AthContainers/src/copyAuxStoreThinned.cxx:138: unlocked decoration UEcorr_Pt (955) in object of type xAOD::MuonAuxContainer_v5
2026-02-12 20:32:05,646 AthMpEvtLoopMgr.SharedEvtQueueConsumer               INFO Received from the queue: event num=127 chunk size=1
2026-02-12 20:32:05,647 AthMpEvtLoopMgr.SharedEvtQueueConsumer               INFO Seek to 127 succeeded
2026-02-12 20:32:06,736 copyAuxStoreThinned                               WARNING AthContainers/src/copyAuxStoreThinned.cxx:138: unlocked decoration UEcorr_Pt (955) in object of type xAOD::ElectronAuxContainer_v3
2026-02-12 20:32:06,737 copyAuxStoreThinned                               WARNING AthContainers/src/copyAuxStoreThinned.cxx:138: unlocked decoration UEcorr_Pt (955) in object of type xAOD::MuonAuxContainer_v5
2026-02-12 20:32:06,756 AthMpEvtLoopMgr.SharedEvtQueueConsumer               INFO Received from the queue: event num=129 chunk size=1
2026-02-12 20:32:06,756 AthMpEvtLoopMgr.SharedEvtQueueConsumer               INFO Seek to 129 succeeded
2026-02-12 20:32:07,916 copyAuxStoreThinned                               WARNING AthContainers/src/copyAuxStoreThinned.cxx:138: unlocked decoration UEcorr_Pt (955) in object of type xAOD::ElectronAuxContainer_v3
2026-02-12 20:32:07,918 copyAuxStoreThinned                               WARNING AthContainers/src/copyAuxStoreThinned.cxx:138: unlocked decoration UEcorr_Pt (955) in object of type xAOD::MuonAuxContainer_v5
2026-02-12 20:32:07,932 AthMpEvtLoopMgr.SharedEvtQueueConsumer               INFO Received from the queue: event num=130 chunk size=1
2026-02-12 20:32:07,932 AthMpEvtLoopMgr.SharedEvtQueueConsumer               INFO Seek to 130 succeeded
2026-02-12 20:32:09,106 copyAuxStoreThinned                               WARNING AthContainers/src/copyAuxStoreThinned.cxx:138: unlocked decoration UEcorr_Pt (955) in object of type xAOD::ElectronAuxContainer_v3
2026-02-12 20:32:09,107 copyAuxStoreThinned                               WARNING AthContainers/src/copyAuxStoreThinned.cxx:138: unlocked decoration UEcorr_Pt (955) in object of type xAOD::MuonAuxContainer_v5
2026-02-12 20:32:09,122 AthMpEvtLoopMgr.SharedEvtQueueConsumer               INFO Received from the queue: event num=133 chunk size=1
2026-02-12 20:32:09,122 AthMpEvtLoopMgr.SharedEvtQueueConsumer               INFO Seek to 133 succeeded
2026-02-12 20:32:10,554 copyAuxStoreThinned                               WARNING AthContainers/src/copyAuxStoreThinned.cxx:138: unlocked decoration UEcorr_Pt (955) in object of type xAOD::ElectronAuxContainer_v3
2026-02-12 20:32:10,556 copyAuxStoreThinned                               WARNING AthContainers/src/copyAuxStoreThinned.cxx:138: unlocked decoration UEcorr_Pt (955) in object of type xAOD::MuonAuxContainer_v5
2026-02-12 20:32:10,578 AthMpEvtLoopMgr.SharedEvtQueueConsumer               INFO Received from the queue: event num=135 chunk size=1
2026-02-12 20:32:10,579 AthMpEvtLoopMgr.SharedEvtQueueConsumer               INFO Seek to 135 succeeded
2026-02-12 20:32:11,376 copyAuxStoreThinned                               WARNING AthContainers/src/copyAuxStoreThinned.cxx:138: unlocked decoration UEcorr_Pt (955) in object of type xAOD::ElectronAuxContainer_v3
2026-02-12 20:32:11,378 copyAuxStoreThinned                               WARNING AthContainers/src/copyAuxStoreThinned.cxx:138: unlocked decoration UEcorr_Pt (955) in object of type xAOD::MuonAuxContainer_v5
2026-02-12 20:32:11,390 AthMpEvtLoopMgr.SharedEvtQueueConsumer               INFO Received from the queue: event num=137 chunk size=1
2026-02-12 20:32:11,390 AthMpEvtLoopMgr.SharedEvtQueueConsumer               INFO Seek to 137 succeeded
2026-02-12 20:32:12,571 copyAuxStoreThinned                               WARNING AthContainers/src/copyAuxStoreThinned.cxx:138: unlocked decoration UEcorr_Pt (955) in object of type xAOD::ElectronAuxContainer_v3
2026-02-12 20:32:12,572 copyAuxStoreThinned                               WARNING AthContainers/src/copyAuxStoreThinned.cxx:138: unlocked decoration UEcorr_Pt (955) in object of type xAOD::MuonAuxContainer_v5
2026-02-12 20:32:12,584 AthMpEvtLoopMgr.SharedEvtQueueConsumer               INFO Received from the queue: event num=140 chunk size=1
2026-02-12 20:32:12,584 AthMpEvtLoopMgr.SharedEvtQueueConsumer               INFO Seek to 140 succeeded
2026-02-12 20:32:13,345 copyAuxStoreThinned                               WARNING AthContainers/src/copyAuxStoreThinned.cxx:138: unlocked decoration UEcorr_Pt (955) in object of type xAOD::ElectronAuxContainer_v3
2026-02-12 20:32:13,347 copyAuxStoreThinned                               WARNING AthContainers/src/copyAuxStoreThinned.cxx:138: unlocked decoration UEcorr_Pt (955) in object of type xAOD::MuonAuxContainer_v5
2026-02-12 20:32:13,358 AthMpEvtLoopMgr.SharedEvtQueueConsumer               INFO Received from the queue: event num=141 chunk size=1
2026-02-12 20:32:13,359 AthMpEvtLoopMgr.SharedEvtQueueConsumer               INFO Seek to 141 succeeded
2026-02-12 20:32:14,497 copyAuxStoreThinned                               WARNING AthContainers/src/copyAuxStoreThinned.cxx:138: unlocked decoration UEcorr_Pt (955) in object of type xAOD::ElectronAuxContainer_v3
2026-02-12 20:32:14,519 AthMpEvtLoopMgr.SharedEvtQueueConsumer               INFO Received from the queue: event num=144 chunk size=1
2026-02-12 20:32:14,520 AthMpEvtLoopMgr.SharedEvtQueueConsumer               INFO Seek to 144 succeeded
2026-02-12 20:32:15,209 copyAuxStoreThinned                               WARNING AthContainers/src/copyAuxStoreThinned.cxx:138: unlocked decoration UEcorr_Pt (955) in object of type xAOD::ElectronAuxContainer_v3
2026-02-12 20:32:15,211 copyAuxStoreThinned                               WARNING AthContainers/src/copyAuxStoreThinned.cxx:138: unlocked decoration UEcorr_Pt (955) in object of type xAOD::MuonAuxContainer_v5
2026-02-12 20:32:15,223 AthMpEvtLoopMgr.SharedEvtQueueConsumer               INFO Received from the queue: event num=145 chunk size=1
2026-02-12 20:32:15,223 AthMpEvtLoopMgr.SharedEvtQueueConsumer               INFO Seek to 145 succeeded
2026-02-12 20:32:16,348 copyAuxStoreThinned                               WARNING AthContainers/src/copyAuxStoreThinned.cxx:138: unlocked decoration UEcorr_Pt (955) in object of type xAOD::ElectronAuxContainer_v3
2026-02-12 20:32:16,349 copyAuxStoreThinned                               WARNING AthContainers/src/copyAuxStoreThinned.cxx:138: unlocked decoration UEcorr_Pt (955) in object of type xAOD::MuonAuxContainer_v5
2026-02-12 20:32:16,371 AthMpEvtLoopMgr.SharedEvtQueueConsumer               INFO Received from the queue: event num=147 chunk size=1
2026-02-12 20:32:16,371 AthMpEvtLoopMgr.SharedEvtQueueConsumer               INFO Seek to 147 succeeded
2026-02-12 20:32:17,295 copyAuxStoreThinned                               WARNING AthContainers/src/copyAuxStoreThinned.cxx:138: unlocked decoration UEcorr_Pt (955) in object of type xAOD::ElectronAuxContainer_v3
2026-02-12 20:32:17,296 copyAuxStoreThinned                               WARNING AthContainers/src/copyAuxStoreThinned.cxx:138: unlocked decoration UEcorr_Pt (955) in object of type xAOD::MuonAuxContainer_v5
2026-02-12 20:32:17,308 AthMpEvtLoopMgr.SharedEvtQueueConsumer               INFO Received from the queue: event num=149 chunk size=1
2026-02-12 20:32:17,309 AthMpEvtLoopMgr.SharedEvtQueueConsumer               INFO Seek to 149 succeeded
2026-02-12 20:32:18,327 copyAuxStoreThinned                               WARNING AthContainers/src/copyAuxStoreThinned.cxx:138: unlocked decoration UEcorr_Pt (955) in object of type xAOD::ElectronAuxContainer_v3
2026-02-12 20:32:18,328 copyAuxStoreThinned                               WARNING AthContainers/src/copyAuxStoreThinned.cxx:138: unlocked decoration UEcorr_Pt (955) in object of type xAOD::MuonAuxContainer_v5
2026-02-12 20:32:18,340 AthMpEvtLoopMgr.SharedEvtQueueConsumer               INFO Received from the queue: event num=151 chunk size=1
2026-02-12 20:32:18,340 AthMpEvtLoopMgr.SharedEvtQueueConsumer               INFO Seek to 151 succeeded
2026-02-12 20:32:19,636 copyAuxStoreThinned                               WARNING AthContainers/src/copyAuxStoreThinned.cxx:138: unlocked decoration UEcorr_Pt (955) in object of type xAOD::ElectronAuxContainer_v3
2026-02-12 20:32:19,638 copyAuxStoreThinned                               WARNING AthContainers/src/copyAuxStoreThinned.cxx:138: unlocked decoration UEcorr_Pt (955) in object of type xAOD::MuonAuxContainer_v5
2026-02-12 20:32:19,653 AthMpEvtLoopMgr.SharedEvtQueueConsumer               INFO Received from the queue: event num=153 chunk size=1
2026-02-12 20:32:19,654 AthMpEvtLoopMgr.SharedEvtQueueConsumer               INFO Seek to 153 succeeded
2026-02-12 20:32:20,938 copyAuxStoreThinned                               WARNING AthContainers/src/copyAuxStoreThinned.cxx:138: unlocked decoration UEcorr_Pt (955) in object of type xAOD::ElectronAuxContainer_v3
2026-02-12 20:32:20,939 copyAuxStoreThinned                               WARNING AthContainers/src/copyAuxStoreThinned.cxx:138: unlocked decoration UEcorr_Pt (955) in object of type xAOD::MuonAuxContainer_v5
2026-02-12 20:32:20,955 AthMpEvtLoopMgr.SharedEvtQueueConsumer               INFO Received from the queue: event num=155 chunk size=1
2026-02-12 20:32:20,955 AthMpEvtLoopMgr.SharedEvtQueueConsumer               INFO Seek to 155 succeeded
2026-02-12 20:32:22,094 copyAuxStoreThinned                               WARNING AthContainers/src/copyAuxStoreThinned.cxx:138: unlocked decoration UEcorr_Pt (955) in object of type xAOD::ElectronAuxContainer_v3
2026-02-12 20:32:22,095 copyAuxStoreThinned                               WARNING AthContainers/src/copyAuxStoreThinned.cxx:138: unlocked decoration UEcorr_Pt (955) in object of type xAOD::MuonAuxContainer_v5
2026-02-12 20:32:22,107 AthMpEvtLoopMgr.SharedEvtQueueConsumer               INFO Received from the queue: event num=157 chunk size=1
2026-02-12 20:32:22,108 AthMpEvtLoopMgr.SharedEvtQueueConsumer               INFO Seek to 157 succeeded
WARNING from FastJet: ClusterSequenceAreaBase::get_median_rho_and_sigma(...): the estimated empty area is suspiciously large and negative and may lead to an over-estimation of rho. This may be due to (i) a rare statistical fluctuation or (ii) too small a range used to estimate the background properties.
2026-02-12 20:32:22,913 copyAuxStoreThinned                               WARNING AthContainers/src/copyAuxStoreThinned.cxx:138: unlocked decoration UEcorr_Pt (955) in object of type xAOD::ElectronAuxContainer_v3
2026-02-12 20:32:22,915 copyAuxStoreThinned                               WARNING AthContainers/src/copyAuxStoreThinned.cxx:138: unlocked decoration UEcorr_Pt (955) in object of type xAOD::MuonAuxContainer_v5
2026-02-12 20:32:22,927 AthMpEvtLoopMgr.SharedEvtQueueConsumer               INFO Received from the queue: event num=159 chunk size=1
2026-02-12 20:32:22,927 AthMpEvtLoopMgr.SharedEvtQueueConsumer               INFO Seek to 159 succeeded
2026-02-12 20:32:23,036 PerfMonMTSvc                                         INFO Event [   81] CPU Time: 00h01m30s, Wall Time: 00h02m34s, Vmem: 6.04 GB, Rss: 4.75 GB, Pss: 2.92 GB, Swap: 0.00 KB
2026-02-12 20:32:24,174 copyAuxStoreThinned                               WARNING AthContainers/src/copyAuxStoreThinned.cxx:138: unlocked decoration UEcorr_Pt (955) in object of type xAOD::ElectronAuxContainer_v3
2026-02-12 20:32:24,175 copyAuxStoreThinned                               WARNING AthContainers/src/copyAuxStoreThinned.cxx:138: unlocked decoration UEcorr_Pt (955) in object of type xAOD::MuonAuxContainer_v5
2026-02-12 20:32:24,193 AthMpEvtLoopMgr.SharedEvtQueueConsumer               INFO Received from the queue: event num=161 chunk size=1
2026-02-12 20:32:24,193 AthMpEvtLoopMgr.SharedEvtQueueConsumer               INFO Seek to 161 succeeded
2026-02-12 20:32:25,368 copyAuxStoreThinned                               WARNING AthContainers/src/copyAuxStoreThinned.cxx:138: unlocked decoration UEcorr_Pt (955) in object of type xAOD::ElectronAuxContainer_v3
2026-02-12 20:32:25,370 copyAuxStoreThinned                               WARNING AthContainers/src/copyAuxStoreThinned.cxx:138: unlocked decoration UEcorr_Pt (955) in object of type xAOD::MuonAuxContainer_v5
2026-02-12 20:32:25,389 AthMpEvtLoopMgr.SharedEvtQueueConsumer               INFO Received from the queue: event num=163 chunk size=1
2026-02-12 20:32:25,390 AthMpEvtLoopMgr.SharedEvtQueueConsumer               INFO Seek to 163 succeeded
2026-02-12 20:32:26,322 copyAuxStoreThinned                               WARNING AthContainers/src/copyAuxStoreThinned.cxx:138: unlocked decoration UEcorr_Pt (955) in object of type xAOD::ElectronAuxContainer_v3
2026-02-12 20:32:26,324 copyAuxStoreThinned                               WARNING AthContainers/src/copyAuxStoreThinned.cxx:138: unlocked decoration UEcorr_Pt (955) in object of type xAOD::MuonAuxContainer_v5
2026-02-12 20:32:26,344 AthMpEvtLoopMgr.SharedEvtQueueConsumer               INFO Received from the queue: event num=165 chunk size=1
2026-02-12 20:32:26,345 AthMpEvtLoopMgr.SharedEvtQueueConsumer               INFO Seek to 165 succeeded
2026-02-12 20:32:27,351 copyAuxStoreThinned                               WARNING AthContainers/src/copyAuxStoreThinned.cxx:138: unlocked decoration UEcorr_Pt (955) in object of type xAOD::ElectronAuxContainer_v3
2026-02-12 20:32:27,364 AthMpEvtLoopMgr.SharedEvtQueueConsumer               INFO Received from the queue: event num=167 chunk size=1
2026-02-12 20:32:27,364 AthMpEvtLoopMgr.SharedEvtQueueConsumer               INFO Seek to 167 succeeded
2026-02-12 20:32:28,686 copyAuxStoreThinned                               WARNING AthContainers/src/copyAuxStoreThinned.cxx:138: unlocked decoration UEcorr_Pt (955) in object of type xAOD::ElectronAuxContainer_v3
2026-02-12 20:32:28,688 copyAuxStoreThinned                               WARNING AthContainers/src/copyAuxStoreThinned.cxx:138: unlocked decoration UEcorr_Pt (955) in object of type xAOD::MuonAuxContainer_v5
2026-02-12 20:32:28,703 AthMpEvtLoopMgr.SharedEvtQueueConsumer               INFO Received from the queue: event num=168 chunk size=1
2026-02-12 20:32:28,704 AthMpEvtLoopMgr.SharedEvtQueueConsumer               INFO Seek to 168 succeeded
2026-02-12 20:32:30,226 copyAuxStoreThinned                               WARNING AthContainers/src/copyAuxStoreThinned.cxx:138: unlocked decoration UEcorr_Pt (955) in object of type xAOD::ElectronAuxContainer_v3
2026-02-12 20:32:30,228 copyAuxStoreThinned                               WARNING AthContainers/src/copyAuxStoreThinned.cxx:138: unlocked decoration UEcorr_Pt (955) in object of type xAOD::MuonAuxContainer_v5
2026-02-12 20:32:30,241 AthMpEvtLoopMgr.SharedEvtQueueConsumer               INFO Received from the queue: event num=170 chunk size=1
2026-02-12 20:32:30,241 AthMpEvtLoopMgr.SharedEvtQueueConsumer               INFO Seek to 170 succeeded
2026-02-12 20:32:31,288 copyAuxStoreThinned                               WARNING AthContainers/src/copyAuxStoreThinned.cxx:138: unlocked decoration UEcorr_Pt (955) in object of type xAOD::ElectronAuxContainer_v3
2026-02-12 20:32:31,290 copyAuxStoreThinned                               WARNING AthContainers/src/copyAuxStoreThinned.cxx:138: unlocked decoration UEcorr_Pt (955) in object of type xAOD::MuonAuxContainer_v5
2026-02-12 20:32:31,304 AthMpEvtLoopMgr.SharedEvtQueueConsumer               INFO Received from the queue: event num=172 chunk size=1
2026-02-12 20:32:31,304 AthMpEvtLoopMgr.SharedEvtQueueConsumer               INFO Seek to 172 succeeded
2026-02-12 20:32:32,633 copyAuxStoreThinned                               WARNING AthContainers/src/copyAuxStoreThinned.cxx:138: unlocked decoration UEcorr_Pt (955) in object of type xAOD::ElectronAuxContainer_v3
2026-02-12 20:32:32,635 copyAuxStoreThinned                               WARNING AthContainers/src/copyAuxStoreThinned.cxx:138: unlocked decoration UEcorr_Pt (955) in object of type xAOD::MuonAuxContainer_v5
2026-02-12 20:32:32,651 AthMpEvtLoopMgr.SharedEvtQueueConsumer               INFO Received from the queue: event num=174 chunk size=1
2026-02-12 20:32:32,652 AthMpEvtLoopMgr.SharedEvtQueueConsumer               INFO Seek to 174 succeeded
2026-02-12 20:32:33,474 copyAuxStoreThinned                               WARNING AthContainers/src/copyAuxStoreThinned.cxx:138: unlocked decoration UEcorr_Pt (955) in object of type xAOD::ElectronAuxContainer_v3
2026-02-12 20:32:33,475 copyAuxStoreThinned                               WARNING AthContainers/src/copyAuxStoreThinned.cxx:138: unlocked decoration UEcorr_Pt (955) in object of type xAOD::MuonAuxContainer_v5
2026-02-12 20:32:33,487 AthMpEvtLoopMgr.SharedEvtQueueConsumer               INFO Received from the queue: event num=176 chunk size=1
2026-02-12 20:32:33,487 AthMpEvtLoopMgr.SharedEvtQueueConsumer               INFO Seek to 176 succeeded
2026-02-12 20:32:34,312 copyAuxStoreThinned                               WARNING AthContainers/src/copyAuxStoreThinned.cxx:138: unlocked decoration UEcorr_Pt (955) in object of type xAOD::ElectronAuxContainer_v3
2026-02-12 20:32:34,314 copyAuxStoreThinned                               WARNING AthContainers/src/copyAuxStoreThinned.cxx:138: unlocked decoration UEcorr_Pt (955) in object of type xAOD::MuonAuxContainer_v5
2026-02-12 20:32:34,334 AthMpEvtLoopMgr.SharedEvtQueueConsumer               INFO Received from the queue: event num=177 chunk size=1
2026-02-12 20:32:34,335 AthMpEvtLoopMgr.SharedEvtQueueConsumer               INFO Seek to 177 succeeded
2026-02-12 20:32:35,423 copyAuxStoreThinned                               WARNING AthContainers/src/copyAuxStoreThinned.cxx:138: unlocked decoration UEcorr_Pt (955) in object of type xAOD::ElectronAuxContainer_v3
2026-02-12 20:32:35,424 copyAuxStoreThinned                               WARNING AthContainers/src/copyAuxStoreThinned.cxx:138: unlocked decoration UEcorr_Pt (955) in object of type xAOD::MuonAuxContainer_v5
2026-02-12 20:32:35,440 AthMpEvtLoopMgr.SharedEvtQueueConsumer               INFO Received from the queue: event num=179 chunk size=1
2026-02-12 20:32:35,440 AthMpEvtLoopMgr.SharedEvtQueueConsumer               INFO Seek to 179 succeeded
2026-02-12 20:32:36,472 copyAuxStoreThinned                               WARNING AthContainers/src/copyAuxStoreThinned.cxx:138: unlocked decoration UEcorr_Pt (955) in object of type xAOD::ElectronAuxContainer_v3
2026-02-12 20:32:36,474 copyAuxStoreThinned                               WARNING AthContainers/src/copyAuxStoreThinned.cxx:138: unlocked decoration UEcorr_Pt (955) in object of type xAOD::MuonAuxContainer_v5
2026-02-12 20:32:36,488 AthMpEvtLoopMgr.SharedEvtQueueConsumer               INFO Received from the queue: event num=181 chunk size=1
2026-02-12 20:32:36,488 AthMpEvtLoopMgr.SharedEvtQueueConsumer               INFO Seek to 181 succeeded
2026-02-12 20:32:37,320 copyAuxStoreThinned                               WARNING AthContainers/src/copyAuxStoreThinned.cxx:138: unlocked decoration UEcorr_Pt (955) in object of type xAOD::ElectronAuxContainer_v3
2026-02-12 20:32:37,321 copyAuxStoreThinned                               WARNING AthContainers/src/copyAuxStoreThinned.cxx:138: unlocked decoration UEcorr_Pt (955) in object of type xAOD::MuonAuxContainer_v5
2026-02-12 20:32:37,335 AthMpEvtLoopMgr.SharedEvtQueueConsumer               INFO Received from the queue: event num=183 chunk size=1
2026-02-12 20:32:37,335 AthMpEvtLoopMgr.SharedEvtQueueConsumer               INFO Seek to 183 succeeded
2026-02-12 20:32:38,076 copyAuxStoreThinned                               WARNING AthContainers/src/copyAuxStoreThinned.cxx:138: unlocked decoration UEcorr_Pt (955) in object of type xAOD::ElectronAuxContainer_v3
2026-02-12 20:32:38,078 copyAuxStoreThinned                               WARNING AthContainers/src/copyAuxStoreThinned.cxx:138: unlocked decoration UEcorr_Pt (955) in object of type xAOD::MuonAuxContainer_v5
2026-02-12 20:32:38,090 AthMpEvtLoopMgr.SharedEvtQueueConsumer               INFO Received from the queue: event num=185 chunk size=1
2026-02-12 20:32:38,091 AthMpEvtLoopMgr.SharedEvtQueueConsumer               INFO Seek to 185 succeeded
2026-02-12 20:32:39,296 copyAuxStoreThinned                               WARNING AthContainers/src/copyAuxStoreThinned.cxx:138: unlocked decoration UEcorr_Pt (955) in object of type xAOD::ElectronAuxContainer_v3
2026-02-12 20:32:39,298 copyAuxStoreThinned                               WARNING AthContainers/src/copyAuxStoreThinned.cxx:138: unlocked decoration UEcorr_Pt (955) in object of type xAOD::MuonAuxContainer_v5
2026-02-12 20:32:39,318 AthMpEvtLoopMgr.SharedEvtQueueConsumer               INFO Received from the queue: event num=186 chunk size=1
2026-02-12 20:32:39,318 AthMpEvtLoopMgr.SharedEvtQueueConsumer               INFO Seek to 186 succeeded
2026-02-12 20:32:40,266 copyAuxStoreThinned                               WARNING AthContainers/src/copyAuxStoreThinned.cxx:138: unlocked decoration UEcorr_Pt (955) in object of type xAOD::ElectronAuxContainer_v3
2026-02-12 20:32:40,268 copyAuxStoreThinned                               WARNING AthContainers/src/copyAuxStoreThinned.cxx:138: unlocked decoration UEcorr_Pt (955) in object of type xAOD::MuonAuxContainer_v5
2026-02-12 20:32:40,280 AthMpEvtLoopMgr.SharedEvtQueueConsumer               INFO Received from the queue: event num=188 chunk size=1
2026-02-12 20:32:40,281 AthMpEvtLoopMgr.SharedEvtQueueConsumer               INFO Seek to 188 succeeded
2026-02-12 20:32:41,339 copyAuxStoreThinned                               WARNING AthContainers/src/copyAuxStoreThinned.cxx:138: unlocked decoration UEcorr_Pt (955) in object of type xAOD::ElectronAuxContainer_v3
2026-02-12 20:32:41,340 copyAuxStoreThinned                               WARNING AthContainers/src/copyAuxStoreThinned.cxx:138: unlocked decoration UEcorr_Pt (955) in object of type xAOD::MuonAuxContainer_v5
2026-02-12 20:32:41,355 AthMpEvtLoopMgr.SharedEvtQueueConsumer               INFO Received from the queue: event num=190 chunk size=1
2026-02-12 20:32:41,355 AthMpEvtLoopMgr.SharedEvtQueueConsumer               INFO Seek to 190 succeeded
2026-02-12 20:32:42,420 copyAuxStoreThinned                               WARNING AthContainers/src/copyAuxStoreThinned.cxx:138: unlocked decoration UEcorr_Pt (955) in object of type xAOD::ElectronAuxContainer_v3
2026-02-12 20:32:42,422 copyAuxStoreThinned                               WARNING AthContainers/src/copyAuxStoreThinned.cxx:138: unlocked decoration UEcorr_Pt (955) in object of type xAOD::MuonAuxContainer_v5
2026-02-12 20:32:42,435 AthMpEvtLoopMgr.SharedEvtQueueConsumer               INFO Received from the queue: event num=192 chunk size=1
2026-02-12 20:32:42,436 AthMpEvtLoopMgr.SharedEvtQueueConsumer               INFO Seek to 192 succeeded
2026-02-12 20:32:43,562 copyAuxStoreThinned                               WARNING AthContainers/src/copyAuxStoreThinned.cxx:138: unlocked decoration UEcorr_Pt (955) in object of type xAOD::ElectronAuxContainer_v3
2026-02-12 20:32:43,563 copyAuxStoreThinned                               WARNING AthContainers/src/copyAuxStoreThinned.cxx:138: unlocked decoration UEcorr_Pt (955) in object of type xAOD::MuonAuxContainer_v5
2026-02-12 20:32:43,578 AthMpEvtLoopMgr.SharedEvtQueueConsumer               INFO Received from the queue: event num=194 chunk size=1
2026-02-12 20:32:43,578 AthMpEvtLoopMgr.SharedEvtQueueConsumer               INFO Seek to 194 succeeded
2026-02-12 20:32:44,492 copyAuxStoreThinned                               WARNING AthContainers/src/copyAuxStoreThinned.cxx:138: unlocked decoration UEcorr_Pt (955) in object of type xAOD::ElectronAuxContainer_v3
2026-02-12 20:32:44,493 copyAuxStoreThinned                               WARNING AthContainers/src/copyAuxStoreThinned.cxx:138: unlocked decoration UEcorr_Pt (955) in object of type xAOD::MuonAuxContainer_v5
2026-02-12 20:32:44,512 AthMpEvtLoopMgr.SharedEvtQueueConsumer               INFO Received from the queue: event num=196 chunk size=1
2026-02-12 20:32:44,512 AthMpEvtLoopMgr.SharedEvtQueueConsumer               INFO Seek to 196 succeeded
2026-02-12 20:32:44,513 AthenaEventLoopMgr                                   INFO   ===>>>  start processing event #334732197, run #450000 100 events processed so far  <<<===
2026-02-12 20:32:45,726 copyAuxStoreThinned                               WARNING AthContainers/src/copyAuxStoreThinned.cxx:138: unlocked decoration UEcorr_Pt (955) in object of type xAOD::ElectronAuxContainer_v3
2026-02-12 20:32:45,727 copyAuxStoreThinned                               WARNING AthContainers/src/copyAuxStoreThinned.cxx:138: unlocked decoration UEcorr_Pt (955) in object of type xAOD::MuonAuxContainer_v5
2026-02-12 20:32:45,737 AthenaEventLoopMgr                                   INFO   ===>>>  done processing event #334732197, run #450000 101 events processed so far  <<<===
2026-02-12 20:32:45,750 AthMpEvtLoopMgr.SharedEvtQueueConsumer               INFO Received from the queue: event num=198 chunk size=1
2026-02-12 20:32:45,750 AthMpEvtLoopMgr.SharedEvtQueueConsumer               INFO Seek to 198 succeeded
2026-02-12 20:32:46,926 copyAuxStoreThinned                               WARNING AthContainers/src/copyAuxStoreThinned.cxx:138: unlocked decoration UEcorr_Pt (955) in object of type xAOD::ElectronAuxContainer_v3
2026-02-12 20:32:46,928 copyAuxStoreThinned                               WARNING AthContainers/src/copyAuxStoreThinned.cxx:138: unlocked decoration UEcorr_Pt (955) in object of type xAOD::MuonAuxContainer_v5
2026-02-12 20:32:46,942 AthMpEvtLoopMgr.SharedEvtQueueConsumer               INFO Received from the queue: event num=200 chunk size=1
2026-02-12 20:32:46,942 AthMpEvtLoopMgr.SharedEvtQueueConsumer               INFO Seek to 200 succeeded
2026-02-12 20:32:47,806 copyAuxStoreThinned                               WARNING AthContainers/src/copyAuxStoreThinned.cxx:138: unlocked decoration UEcorr_Pt (955) in object of type xAOD::ElectronAuxContainer_v3
2026-02-12 20:32:47,808 copyAuxStoreThinned                               WARNING AthContainers/src/copyAuxStoreThinned.cxx:138: unlocked decoration UEcorr_Pt (955) in object of type xAOD::MuonAuxContainer_v5
2026-02-12 20:32:47,821 AthMpEvtLoopMgr.SharedEvtQueueConsumer               INFO Received from the queue: event num=202 chunk size=1
2026-02-12 20:32:47,822 AthMpEvtLoopMgr.SharedEvtQueueConsumer               INFO Seek to 202 succeeded
2026-02-12 20:32:48,874 copyAuxStoreThinned                               WARNING AthContainers/src/copyAuxStoreThinned.cxx:138: unlocked decoration UEcorr_Pt (955) in object of type xAOD::ElectronAuxContainer_v3
2026-02-12 20:32:48,876 copyAuxStoreThinned                               WARNING AthContainers/src/copyAuxStoreThinned.cxx:138: unlocked decoration UEcorr_Pt (955) in object of type xAOD::MuonAuxContainer_v5
2026-02-12 20:32:48,891 AthMpEvtLoopMgr.SharedEvtQueueConsumer               INFO Received from the queue: event num=204 chunk size=1
2026-02-12 20:32:48,891 AthMpEvtLoopMgr.SharedEvtQueueConsumer               INFO Seek to 204 succeeded
2026-02-12 20:32:49,995 copyAuxStoreThinned                               WARNING AthContainers/src/copyAuxStoreThinned.cxx:138: unlocked decoration UEcorr_Pt (955) in object of type xAOD::ElectronAuxContainer_v3
2026-02-12 20:32:49,996 copyAuxStoreThinned                               WARNING AthContainers/src/copyAuxStoreThinned.cxx:138: unlocked decoration UEcorr_Pt (955) in object of type xAOD::MuonAuxContainer_v5
2026-02-12 20:32:50,011 AthMpEvtLoopMgr.SharedEvtQueueConsumer               INFO Received from the queue: event num=206 chunk size=1
2026-02-12 20:32:50,012 AthMpEvtLoopMgr.SharedEvtQueueConsumer               INFO Seek to 206 succeeded
2026-02-12 20:32:50,963 copyAuxStoreThinned                               WARNING AthContainers/src/copyAuxStoreThinned.cxx:138: unlocked decoration UEcorr_Pt (955) in object of type xAOD::ElectronAuxContainer_v3
2026-02-12 20:32:50,964 copyAuxStoreThinned                               WARNING AthContainers/src/copyAuxStoreThinned.cxx:138: unlocked decoration UEcorr_Pt (955) in object of type xAOD::MuonAuxContainer_v5
2026-02-12 20:32:50,980 AthMpEvtLoopMgr.SharedEvtQueueConsumer               INFO Received from the queue: event num=208 chunk size=1
2026-02-12 20:32:50,981 AthMpEvtLoopMgr.SharedEvtQueueConsumer               INFO Seek to 208 succeeded
2026-02-12 20:32:52,007 copyAuxStoreThinned                               WARNING AthContainers/src/copyAuxStoreThinned.cxx:138: unlocked decoration UEcorr_Pt (955) in object of type xAOD::ElectronAuxContainer_v3
2026-02-12 20:32:52,032 AthMpEvtLoopMgr.SharedEvtQueueConsumer               INFO Received from the queue: event num=210 chunk size=1
2026-02-12 20:32:52,032 AthMpEvtLoopMgr.SharedEvtQueueConsumer               INFO Seek to 210 succeeded
2026-02-12 20:32:53,038 copyAuxStoreThinned                               WARNING AthContainers/src/copyAuxStoreThinned.cxx:138: unlocked decoration UEcorr_Pt (955) in object of type xAOD::ElectronAuxContainer_v3
2026-02-12 20:32:53,040 copyAuxStoreThinned                               WARNING AthContainers/src/copyAuxStoreThinned.cxx:138: unlocked decoration UEcorr_Pt (955) in object of type xAOD::MuonAuxContainer_v5
2026-02-12 20:32:53,052 AthMpEvtLoopMgr.SharedEvtQueueConsumer               INFO Received from the queue: event num=211 chunk size=1
2026-02-12 20:32:53,052 AthMpEvtLoopMgr.SharedEvtQueueConsumer               INFO Seek to 211 succeeded
2026-02-12 20:32:53,159 PerfMonMTSvc                                         INFO Event [  109] CPU Time: 00h02m00s, Wall Time: 00h03m04s, Vmem: 6.04 GB, Rss: 4.75 GB, Pss: 2.93 GB, Swap: 0.00 KB
2026-02-12 20:32:54,451 copyAuxStoreThinned                               WARNING AthContainers/src/copyAuxStoreThinned.cxx:138: unlocked decoration UEcorr_Pt (955) in object of type xAOD::ElectronAuxContainer_v3
2026-02-12 20:32:54,489 AthMpEvtLoopMgr.SharedEvtQueueConsumer               INFO Received from the queue: event num=214 chunk size=1
2026-02-12 20:32:54,490 AthMpEvtLoopMgr.SharedEvtQueueConsumer               INFO Seek to 214 succeeded
2026-02-12 20:32:55,387 copyAuxStoreThinned                               WARNING AthContainers/src/copyAuxStoreThinned.cxx:138: unlocked decoration UEcorr_Pt (955) in object of type xAOD::ElectronAuxContainer_v3
2026-02-12 20:32:55,388 copyAuxStoreThinned                               WARNING AthContainers/src/copyAuxStoreThinned.cxx:138: unlocked decoration UEcorr_Pt (955) in object of type xAOD::MuonAuxContainer_v5
2026-02-12 20:32:55,400 AthMpEvtLoopMgr.SharedEvtQueueConsumer               INFO Received from the queue: event num=215 chunk size=1
2026-02-12 20:32:55,400 AthMpEvtLoopMgr.SharedEvtQueueConsumer               INFO Seek to 215 succeeded
2026-02-12 20:32:56,235 copyAuxStoreThinned                               WARNING AthContainers/src/copyAuxStoreThinned.cxx:138: unlocked decoration UEcorr_Pt (955) in object of type xAOD::ElectronAuxContainer_v3
2026-02-12 20:32:56,251 AthMpEvtLoopMgr.SharedEvtQueueConsumer               INFO Received from the queue: event num=216 chunk size=1
2026-02-12 20:32:56,252 AthMpEvtLoopMgr.SharedEvtQueueConsumer               INFO Seek to 216 succeeded
2026-02-12 20:32:57,521 copyAuxStoreThinned                               WARNING AthContainers/src/copyAuxStoreThinned.cxx:138: unlocked decoration UEcorr_Pt (955) in object of type xAOD::ElectronAuxContainer_v3
2026-02-12 20:32:57,523 copyAuxStoreThinned                               WARNING AthContainers/src/copyAuxStoreThinned.cxx:138: unlocked decoration UEcorr_Pt (955) in object of type xAOD::MuonAuxContainer_v5
2026-02-12 20:32:57,539 AthMpEvtLoopMgr.SharedEvtQueueConsumer               INFO Received from the queue: event num=218 chunk size=1
2026-02-12 20:32:57,540 AthMpEvtLoopMgr.SharedEvtQueueConsumer               INFO Seek to 218 succeeded
2026-02-12 20:32:58,344 copyAuxStoreThinned                               WARNING AthContainers/src/copyAuxStoreThinned.cxx:138: unlocked decoration UEcorr_Pt (955) in object of type xAOD::ElectronAuxContainer_v3
2026-02-12 20:32:58,346 copyAuxStoreThinned                               WARNING AthContainers/src/copyAuxStoreThinned.cxx:138: unlocked decoration UEcorr_Pt (955) in object of type xAOD::MuonAuxContainer_v5
2026-02-12 20:32:58,358 AthMpEvtLoopMgr.SharedEvtQueueConsumer               INFO Received from the queue: event num=220 chunk size=1
2026-02-12 20:32:58,358 AthMpEvtLoopMgr.SharedEvtQueueConsumer               INFO Seek to 220 succeeded
2026-02-12 20:32:59,708 copyAuxStoreThinned                               WARNING AthContainers/src/copyAuxStoreThinned.cxx:138: unlocked decoration UEcorr_Pt (955) in object of type xAOD::ElectronAuxContainer_v3
2026-02-12 20:32:59,710 copyAuxStoreThinned                               WARNING AthContainers/src/copyAuxStoreThinned.cxx:138: unlocked decoration UEcorr_Pt (955) in object of type xAOD::MuonAuxContainer_v5
2026-02-12 20:32:59,725 AthMpEvtLoopMgr.SharedEvtQueueConsumer               INFO Received from the queue: event num=222 chunk size=1
2026-02-12 20:32:59,725 AthMpEvtLoopMgr.SharedEvtQueueConsumer               INFO Seek to 222 succeeded
2026-02-12 20:33:00,670 copyAuxStoreThinned                               WARNING AthContainers/src/copyAuxStoreThinned.cxx:138: unlocked decoration UEcorr_Pt (955) in object of type xAOD::ElectronAuxContainer_v3
2026-02-12 20:33:00,671 copyAuxStoreThinned                               WARNING AthContainers/src/copyAuxStoreThinned.cxx:138: unlocked decoration UEcorr_Pt (955) in object of type xAOD::MuonAuxContainer_v5
2026-02-12 20:33:00,687 AthMpEvtLoopMgr.SharedEvtQueueConsumer               INFO Received from the queue: event num=223 chunk size=1
2026-02-12 20:33:00,688 AthMpEvtLoopMgr.SharedEvtQueueConsumer               INFO Seek to 223 succeeded
2026-02-12 20:33:01,824 copyAuxStoreThinned                               WARNING AthContainers/src/copyAuxStoreThinned.cxx:138: unlocked decoration UEcorr_Pt (955) in object of type xAOD::ElectronAuxContainer_v3
2026-02-12 20:33:01,826 copyAuxStoreThinned                               WARNING AthContainers/src/copyAuxStoreThinned.cxx:138: unlocked decoration UEcorr_Pt (955) in object of type xAOD::MuonAuxContainer_v5
2026-02-12 20:33:01,853 AthMpEvtLoopMgr.SharedEvtQueueConsumer               INFO Received from the queue: event num=225 chunk size=1
2026-02-12 20:33:01,853 AthMpEvtLoopMgr.SharedEvtQueueConsumer               INFO Seek to 225 succeeded
2026-02-12 20:33:02,859 copyAuxStoreThinned                               WARNING AthContainers/src/copyAuxStoreThinned.cxx:138: unlocked decoration UEcorr_Pt (955) in object of type xAOD::ElectronAuxContainer_v3
2026-02-12 20:33:02,860 copyAuxStoreThinned                               WARNING AthContainers/src/copyAuxStoreThinned.cxx:138: unlocked decoration UEcorr_Pt (955) in object of type xAOD::MuonAuxContainer_v5
2026-02-12 20:33:02,872 AthMpEvtLoopMgr.SharedEvtQueueConsumer               INFO Received from the queue: event num=227 chunk size=1
2026-02-12 20:33:02,872 AthMpEvtLoopMgr.SharedEvtQueueConsumer               INFO Seek to 227 succeeded
2026-02-12 20:33:03,974 copyAuxStoreThinned                               WARNING AthContainers/src/copyAuxStoreThinned.cxx:138: unlocked decoration UEcorr_Pt (955) in object of type xAOD::ElectronAuxContainer_v3
2026-02-12 20:33:03,976 copyAuxStoreThinned                               WARNING AthContainers/src/copyAuxStoreThinned.cxx:138: unlocked decoration UEcorr_Pt (955) in object of type xAOD::MuonAuxContainer_v5
2026-02-12 20:33:03,988 AthMpEvtLoopMgr.SharedEvtQueueConsumer               INFO Received from the queue: event num=229 chunk size=1
2026-02-12 20:33:03,988 AthMpEvtLoopMgr.SharedEvtQueueConsumer               INFO Seek to 229 succeeded
2026-02-12 20:33:05,359 copyAuxStoreThinned                               WARNING AthContainers/src/copyAuxStoreThinned.cxx:138: unlocked decoration UEcorr_Pt (955) in object of type xAOD::ElectronAuxContainer_v3
2026-02-12 20:33:05,360 copyAuxStoreThinned                               WARNING AthContainers/src/copyAuxStoreThinned.cxx:138: unlocked decoration UEcorr_Pt (955) in object of type xAOD::MuonAuxContainer_v5
2026-02-12 20:33:05,372 AthMpEvtLoopMgr.SharedEvtQueueConsumer               INFO Received from the queue: event num=231 chunk size=1
2026-02-12 20:33:05,373 AthMpEvtLoopMgr.SharedEvtQueueConsumer               INFO Seek to 231 succeeded
2026-02-12 20:33:06,564 copyAuxStoreThinned                               WARNING AthContainers/src/copyAuxStoreThinned.cxx:138: unlocked decoration UEcorr_Pt (955) in object of type xAOD::ElectronAuxContainer_v3
2026-02-12 20:33:06,565 copyAuxStoreThinned                               WARNING AthContainers/src/copyAuxStoreThinned.cxx:138: unlocked decoration UEcorr_Pt (955) in object of type xAOD::MuonAuxContainer_v5
2026-02-12 20:33:06,581 AthMpEvtLoopMgr.SharedEvtQueueConsumer               INFO Received from the queue: event num=233 chunk size=1
2026-02-12 20:33:06,581 AthMpEvtLoopMgr.SharedEvtQueueConsumer               INFO Seek to 233 succeeded
2026-02-12 20:33:07,634 copyAuxStoreThinned                               WARNING AthContainers/src/copyAuxStoreThinned.cxx:138: unlocked decoration UEcorr_Pt (955) in object of type xAOD::ElectronAuxContainer_v3
2026-02-12 20:33:07,635 copyAuxStoreThinned                               WARNING AthContainers/src/copyAuxStoreThinned.cxx:138: unlocked decoration UEcorr_Pt (955) in object of type xAOD::MuonAuxContainer_v5
2026-02-12 20:33:07,649 AthMpEvtLoopMgr.SharedEvtQueueConsumer               INFO Received from the queue: event num=235 chunk size=1
2026-02-12 20:33:07,650 AthMpEvtLoopMgr.SharedEvtQueueConsumer               INFO Seek to 235 succeeded
2026-02-12 20:33:08,897 copyAuxStoreThinned                               WARNING AthContainers/src/copyAuxStoreThinned.cxx:138: unlocked decoration UEcorr_Pt (955) in object of type xAOD::ElectronAuxContainer_v3
2026-02-12 20:33:08,898 copyAuxStoreThinned                               WARNING AthContainers/src/copyAuxStoreThinned.cxx:138: unlocked decoration UEcorr_Pt (955) in object of type xAOD::MuonAuxContainer_v5
2026-02-12 20:33:08,935 AthMpEvtLoopMgr.SharedEvtQueueConsumer               INFO Received from the queue: event num=237 chunk size=1
2026-02-12 20:33:08,935 AthMpEvtLoopMgr.SharedEvtQueueConsumer               INFO Seek to 237 succeeded
2026-02-12 20:33:10,318 copyAuxStoreThinned                               WARNING AthContainers/src/copyAuxStoreThinned.cxx:138: unlocked decoration UEcorr_Pt (955) in object of type xAOD::ElectronAuxContainer_v3
2026-02-12 20:33:10,319 copyAuxStoreThinned                               WARNING AthContainers/src/copyAuxStoreThinned.cxx:138: unlocked decoration UEcorr_Pt (955) in object of type xAOD::MuonAuxContainer_v5
2026-02-12 20:33:10,341 AthMpEvtLoopMgr.SharedEvtQueueConsumer               INFO Received from the queue: event num=239 chunk size=1
2026-02-12 20:33:10,341 AthMpEvtLoopMgr.SharedEvtQueueConsumer               INFO Seek to 239 succeeded
2026-02-12 20:33:12,025 copyAuxStoreThinned                               WARNING AthContainers/src/copyAuxStoreThinned.cxx:138: unlocked decoration UEcorr_Pt (955) in object of type xAOD::ElectronAuxContainer_v3
2026-02-12 20:33:12,027 copyAuxStoreThinned                               WARNING AthContainers/src/copyAuxStoreThinned.cxx:138: unlocked decoration UEcorr_Pt (955) in object of type xAOD::MuonAuxContainer_v5
2026-02-12 20:33:12,048 AthMpEvtLoopMgr.SharedEvtQueueConsumer               INFO Received from the queue: event num=241 chunk size=1
2026-02-12 20:33:12,048 AthMpEvtLoopMgr.SharedEvtQueueConsumer               INFO Seek to 241 succeeded
2026-02-12 20:33:12,914 copyAuxStoreThinned                               WARNING AthContainers/src/copyAuxStoreThinned.cxx:138: unlocked decoration UEcorr_Pt (955) in object of type xAOD::ElectronAuxContainer_v3
2026-02-12 20:33:12,915 copyAuxStoreThinned                               WARNING AthContainers/src/copyAuxStoreThinned.cxx:138: unlocked decoration UEcorr_Pt (955) in object of type xAOD::MuonAuxContainer_v5
2026-02-12 20:33:12,927 AthMpEvtLoopMgr.SharedEvtQueueConsumer               INFO Received from the queue: event num=243 chunk size=1
2026-02-12 20:33:12,927 AthMpEvtLoopMgr.SharedEvtQueueConsumer               INFO Seek to 243 succeeded
2026-02-12 20:33:14,123 copyAuxStoreThinned                               WARNING AthContainers/src/copyAuxStoreThinned.cxx:138: unlocked decoration UEcorr_Pt (955) in object of type xAOD::ElectronAuxContainer_v3
2026-02-12 20:33:14,124 copyAuxStoreThinned                               WARNING AthContainers/src/copyAuxStoreThinned.cxx:138: unlocked decoration UEcorr_Pt (955) in object of type xAOD::MuonAuxContainer_v5
2026-02-12 20:33:14,138 AthMpEvtLoopMgr.SharedEvtQueueConsumer               INFO Received from the queue: event num=245 chunk size=1
2026-02-12 20:33:14,138 AthMpEvtLoopMgr.SharedEvtQueueConsumer               INFO Seek to 245 succeeded
2026-02-12 20:33:15,217 copyAuxStoreThinned                               WARNING AthContainers/src/copyAuxStoreThinned.cxx:138: unlocked decoration UEcorr_Pt (955) in object of type xAOD::ElectronAuxContainer_v3
2026-02-12 20:33:15,219 copyAuxStoreThinned                               WARNING AthContainers/src/copyAuxStoreThinned.cxx:138: unlocked decoration UEcorr_Pt (955) in object of type xAOD::MuonAuxContainer_v5
2026-02-12 20:33:15,237 AthMpEvtLoopMgr.SharedEvtQueueConsumer               INFO Received from the queue: event num=247 chunk size=1
2026-02-12 20:33:15,238 AthMpEvtLoopMgr.SharedEvtQueueConsumer               INFO Seek to 247 succeeded
2026-02-12 20:33:19,807 copyAuxStoreThinned                               WARNING AthContainers/src/copyAuxStoreThinned.cxx:138: unlocked decoration UEcorr_Pt (955) in object of type xAOD::ElectronAuxContainer_v3
2026-02-12 20:33:19,809 copyAuxStoreThinned                               WARNING AthContainers/src/copyAuxStoreThinned.cxx:138: unlocked decoration UEcorr_Pt (955) in object of type xAOD::MuonAuxContainer_v5
2026-02-12 20:33:19,851 AthMpEvtLoopMgr.SharedEvtQueueConsumer               INFO Received from the queue: event num=252 chunk size=1
2026-02-12 20:33:19,852 AthMpEvtLoopMgr.SharedEvtQueueConsumer               INFO Seek to 252 succeeded
2026-02-12 20:33:21,103 copyAuxStoreThinned                               WARNING AthContainers/src/copyAuxStoreThinned.cxx:138: unlocked decoration UEcorr_Pt (955) in object of type xAOD::ElectronAuxContainer_v3
2026-02-12 20:33:21,104 copyAuxStoreThinned                               WARNING AthContainers/src/copyAuxStoreThinned.cxx:138: unlocked decoration UEcorr_Pt (955) in object of type xAOD::MuonAuxContainer_v5
2026-02-12 20:33:21,117 AthMpEvtLoopMgr.SharedEvtQueueConsumer               INFO Received from the queue: event num=254 chunk size=1
2026-02-12 20:33:21,118 AthMpEvtLoopMgr.SharedEvtQueueConsumer               INFO Seek to 254 succeeded
2026-02-12 20:33:22,290 copyAuxStoreThinned                               WARNING AthContainers/src/copyAuxStoreThinned.cxx:138: unlocked decoration UEcorr_Pt (955) in object of type xAOD::ElectronAuxContainer_v3
2026-02-12 20:33:22,292 copyAuxStoreThinned                               WARNING AthContainers/src/copyAuxStoreThinned.cxx:138: unlocked decoration UEcorr_Pt (955) in object of type xAOD::MuonAuxContainer_v5
2026-02-12 20:33:22,304 AthMpEvtLoopMgr.SharedEvtQueueConsumer               INFO Received from the queue: event num=256 chunk size=1
2026-02-12 20:33:22,304 AthMpEvtLoopMgr.SharedEvtQueueConsumer               INFO Seek to 256 succeeded
2026-02-12 20:33:23,346 copyAuxStoreThinned                               WARNING AthContainers/src/copyAuxStoreThinned.cxx:138: unlocked decoration UEcorr_Pt (955) in object of type xAOD::ElectronAuxContainer_v3
2026-02-12 20:33:23,347 copyAuxStoreThinned                               WARNING AthContainers/src/copyAuxStoreThinned.cxx:138: unlocked decoration UEcorr_Pt (955) in object of type xAOD::MuonAuxContainer_v5
2026-02-12 20:33:23,359 AthMpEvtLoopMgr.SharedEvtQueueConsumer               INFO Received from the queue: event num=258 chunk size=1
2026-02-12 20:33:23,359 AthMpEvtLoopMgr.SharedEvtQueueConsumer               INFO Seek to 258 succeeded
2026-02-12 20:33:23,467 PerfMonMTSvc                                         INFO Event [  132] CPU Time: 00h02m30s, Wall Time: 00h03m34s, Vmem: 6.05 GB, Rss: 4.76 GB, Pss: 2.93 GB, Swap: 0.00 KB
2026-02-12 20:33:24,351 copyAuxStoreThinned                               WARNING AthContainers/src/copyAuxStoreThinned.cxx:138: unlocked decoration UEcorr_Pt (955) in object of type xAOD::ElectronAuxContainer_v3
2026-02-12 20:33:24,353 copyAuxStoreThinned                               WARNING AthContainers/src/copyAuxStoreThinned.cxx:138: unlocked decoration UEcorr_Pt (955) in object of type xAOD::MuonAuxContainer_v5
2026-02-12 20:33:24,365 AthMpEvtLoopMgr.SharedEvtQueueConsumer               INFO Received from the queue: event num=260 chunk size=1
2026-02-12 20:33:24,365 AthMpEvtLoopMgr.SharedEvtQueueConsumer               INFO Seek to 260 succeeded
2026-02-12 20:33:25,574 copyAuxStoreThinned                               WARNING AthContainers/src/copyAuxStoreThinned.cxx:138: unlocked decoration UEcorr_Pt (955) in object of type xAOD::ElectronAuxContainer_v3
2026-02-12 20:33:25,576 copyAuxStoreThinned                               WARNING AthContainers/src/copyAuxStoreThinned.cxx:138: unlocked decoration UEcorr_Pt (955) in object of type xAOD::MuonAuxContainer_v5
2026-02-12 20:33:25,592 AthMpEvtLoopMgr.SharedEvtQueueConsumer               INFO Received from the queue: event num=262 chunk size=1
2026-02-12 20:33:25,592 AthMpEvtLoopMgr.SharedEvtQueueConsumer               INFO Seek to 262 succeeded
2026-02-12 20:33:26,491 copyAuxStoreThinned                               WARNING AthContainers/src/copyAuxStoreThinned.cxx:138: unlocked decoration UEcorr_Pt (955) in object of type xAOD::ElectronAuxContainer_v3
2026-02-12 20:33:26,492 copyAuxStoreThinned                               WARNING AthContainers/src/copyAuxStoreThinned.cxx:138: unlocked decoration UEcorr_Pt (955) in object of type xAOD::MuonAuxContainer_v5
2026-02-12 20:33:26,505 AthMpEvtLoopMgr.SharedEvtQueueConsumer               INFO Received from the queue: event num=263 chunk size=1
2026-02-12 20:33:26,506 AthMpEvtLoopMgr.SharedEvtQueueConsumer               INFO Seek to 263 succeeded
2026-02-12 20:33:27,753 copyAuxStoreThinned                               WARNING AthContainers/src/copyAuxStoreThinned.cxx:138: unlocked decoration UEcorr_Pt (955) in object of type xAOD::ElectronAuxContainer_v3
2026-02-12 20:33:27,755 copyAuxStoreThinned                               WARNING AthContainers/src/copyAuxStoreThinned.cxx:138: unlocked decoration UEcorr_Pt (955) in object of type xAOD::MuonAuxContainer_v5
2026-02-12 20:33:27,781 AthMpEvtLoopMgr.SharedEvtQueueConsumer               INFO Received from the queue: event num=265 chunk size=1
2026-02-12 20:33:27,781 AthMpEvtLoopMgr.SharedEvtQueueConsumer               INFO Seek to 265 succeeded
2026-02-12 20:33:28,933 copyAuxStoreThinned                               WARNING AthContainers/src/copyAuxStoreThinned.cxx:138: unlocked decoration UEcorr_Pt (955) in object of type xAOD::ElectronAuxContainer_v3
2026-02-12 20:33:28,935 copyAuxStoreThinned                               WARNING AthContainers/src/copyAuxStoreThinned.cxx:138: unlocked decoration UEcorr_Pt (955) in object of type xAOD::MuonAuxContainer_v5
2026-02-12 20:33:28,948 AthMpEvtLoopMgr.SharedEvtQueueConsumer               INFO Received from the queue: event num=268 chunk size=1
2026-02-12 20:33:28,948 AthMpEvtLoopMgr.SharedEvtQueueConsumer               INFO Seek to 268 succeeded
2026-02-12 20:33:30,377 copyAuxStoreThinned                               WARNING AthContainers/src/copyAuxStoreThinned.cxx:138: unlocked decoration UEcorr_Pt (955) in object of type xAOD::ElectronAuxContainer_v3
2026-02-12 20:33:30,378 copyAuxStoreThinned                               WARNING AthContainers/src/copyAuxStoreThinned.cxx:138: unlocked decoration UEcorr_Pt (955) in object of type xAOD::MuonAuxContainer_v5
2026-02-12 20:33:30,392 AthMpEvtLoopMgr.SharedEvtQueueConsumer               INFO Received from the queue: event num=270 chunk size=1
2026-02-12 20:33:30,393 AthMpEvtLoopMgr.SharedEvtQueueConsumer               INFO Seek to 270 succeeded
2026-02-12 20:33:31,763 copyAuxStoreThinned                               WARNING AthContainers/src/copyAuxStoreThinned.cxx:138: unlocked decoration UEcorr_Pt (955) in object of type xAOD::ElectronAuxContainer_v3
2026-02-12 20:33:31,765 copyAuxStoreThinned                               WARNING AthContainers/src/copyAuxStoreThinned.cxx:138: unlocked decoration UEcorr_Pt (955) in object of type xAOD::MuonAuxContainer_v5
2026-02-12 20:33:31,819 AthMpEvtLoopMgr.SharedEvtQueueConsumer               INFO Received from the queue: event num=272 chunk size=1
2026-02-12 20:33:31,820 AthMpEvtLoopMgr.SharedEvtQueueConsumer               INFO Seek to 272 succeeded
2026-02-12 20:33:32,870 copyAuxStoreThinned                               WARNING AthContainers/src/copyAuxStoreThinned.cxx:138: unlocked decoration UEcorr_Pt (955) in object of type xAOD::ElectronAuxContainer_v3
2026-02-12 20:33:32,871 copyAuxStoreThinned                               WARNING AthContainers/src/copyAuxStoreThinned.cxx:138: unlocked decoration UEcorr_Pt (955) in object of type xAOD::MuonAuxContainer_v5
2026-02-12 20:33:32,887 AthMpEvtLoopMgr.SharedEvtQueueConsumer               INFO Received from the queue: event num=273 chunk size=1
2026-02-12 20:33:32,887 AthMpEvtLoopMgr.SharedEvtQueueConsumer               INFO Seek to 273 succeeded
2026-02-12 20:33:34,102 copyAuxStoreThinned                               WARNING AthContainers/src/copyAuxStoreThinned.cxx:138: unlocked decoration UEcorr_Pt (955) in object of type xAOD::ElectronAuxContainer_v3
2026-02-12 20:33:34,103 copyAuxStoreThinned                               WARNING AthContainers/src/copyAuxStoreThinned.cxx:138: unlocked decoration UEcorr_Pt (955) in object of type xAOD::MuonAuxContainer_v5
2026-02-12 20:33:34,122 AthMpEvtLoopMgr.SharedEvtQueueConsumer               INFO Received from the queue: event num=275 chunk size=1
2026-02-12 20:33:34,123 AthMpEvtLoopMgr.SharedEvtQueueConsumer               INFO Seek to 275 succeeded
2026-02-12 20:33:35,344 copyAuxStoreThinned                               WARNING AthContainers/src/copyAuxStoreThinned.cxx:138: unlocked decoration UEcorr_Pt (955) in object of type xAOD::ElectronAuxContainer_v3
2026-02-12 20:33:35,346 copyAuxStoreThinned                               WARNING AthContainers/src/copyAuxStoreThinned.cxx:138: unlocked decoration UEcorr_Pt (955) in object of type xAOD::MuonAuxContainer_v5
2026-02-12 20:33:35,361 AthMpEvtLoopMgr.SharedEvtQueueConsumer               INFO Received from the queue: event num=277 chunk size=1
2026-02-12 20:33:35,361 AthMpEvtLoopMgr.SharedEvtQueueConsumer               INFO Seek to 277 succeeded
2026-02-12 20:33:36,431 copyAuxStoreThinned                               WARNING AthContainers/src/copyAuxStoreThinned.cxx:138: unlocked decoration UEcorr_Pt (955) in object of type xAOD::ElectronAuxContainer_v3
2026-02-12 20:33:36,432 copyAuxStoreThinned                               WARNING AthContainers/src/copyAuxStoreThinned.cxx:138: unlocked decoration UEcorr_Pt (955) in object of type xAOD::MuonAuxContainer_v5
2026-02-12 20:33:36,446 AthMpEvtLoopMgr.SharedEvtQueueConsumer               INFO Received from the queue: event num=279 chunk size=1
2026-02-12 20:33:36,446 AthMpEvtLoopMgr.SharedEvtQueueConsumer               INFO Seek to 279 succeeded
2026-02-12 20:33:38,019 copyAuxStoreThinned                               WARNING AthContainers/src/copyAuxStoreThinned.cxx:138: unlocked decoration UEcorr_Pt (955) in object of type xAOD::ElectronAuxContainer_v3
2026-02-12 20:33:38,027 copyAuxStoreThinned                               WARNING AthContainers/src/copyAuxStoreThinned.cxx:138: unlocked decoration UEcorr_Pt (955) in object of type xAOD::MuonAuxContainer_v5
2026-02-12 20:33:38,048 AthMpEvtLoopMgr.SharedEvtQueueConsumer               INFO Received from the queue: event num=281 chunk size=1
2026-02-12 20:33:38,048 AthMpEvtLoopMgr.SharedEvtQueueConsumer               INFO Seek to 281 succeeded
2026-02-12 20:33:39,358 copyAuxStoreThinned                               WARNING AthContainers/src/copyAuxStoreThinned.cxx:138: unlocked decoration UEcorr_Pt (955) in object of type xAOD::ElectronAuxContainer_v3
2026-02-12 20:33:39,374 AthMpEvtLoopMgr.SharedEvtQueueConsumer               INFO Received from the queue: event num=283 chunk size=1
2026-02-12 20:33:39,374 AthMpEvtLoopMgr.SharedEvtQueueConsumer               INFO Seek to 283 succeeded
2026-02-12 20:33:40,430 copyAuxStoreThinned                               WARNING AthContainers/src/copyAuxStoreThinned.cxx:138: unlocked decoration UEcorr_Pt (955) in object of type xAOD::ElectronAuxContainer_v3
2026-02-12 20:33:40,432 copyAuxStoreThinned                               WARNING AthContainers/src/copyAuxStoreThinned.cxx:138: unlocked decoration UEcorr_Pt (955) in object of type xAOD::MuonAuxContainer_v5
2026-02-12 20:33:40,443 AthMpEvtLoopMgr.SharedEvtQueueConsumer               INFO Received from the queue: event num=285 chunk size=1
2026-02-12 20:33:40,443 AthMpEvtLoopMgr.SharedEvtQueueConsumer               INFO Seek to 285 succeeded
2026-02-12 20:33:41,393 copyAuxStoreThinned                               WARNING AthContainers/src/copyAuxStoreThinned.cxx:138: unlocked decoration UEcorr_Pt (955) in object of type xAOD::ElectronAuxContainer_v3
2026-02-12 20:33:41,394 copyAuxStoreThinned                               WARNING AthContainers/src/copyAuxStoreThinned.cxx:138: unlocked decoration UEcorr_Pt (955) in object of type xAOD::MuonAuxContainer_v5
2026-02-12 20:33:41,410 AthMpEvtLoopMgr.SharedEvtQueueConsumer               INFO Received from the queue: event num=287 chunk size=1
2026-02-12 20:33:41,410 AthMpEvtLoopMgr.SharedEvtQueueConsumer               INFO Seek to 287 succeeded
2026-02-12 20:33:42,666 copyAuxStoreThinned                               WARNING AthContainers/src/copyAuxStoreThinned.cxx:138: unlocked decoration UEcorr_Pt (955) in object of type xAOD::ElectronAuxContainer_v3
2026-02-12 20:33:42,668 copyAuxStoreThinned                               WARNING AthContainers/src/copyAuxStoreThinned.cxx:138: unlocked decoration UEcorr_Pt (955) in object of type xAOD::MuonAuxContainer_v5
2026-02-12 20:33:42,690 AthMpEvtLoopMgr.SharedEvtQueueConsumer               INFO Received from the queue: event num=289 chunk size=1
2026-02-12 20:33:42,691 AthMpEvtLoopMgr.SharedEvtQueueConsumer               INFO Seek to 289 succeeded
2026-02-12 20:33:43,633 copyAuxStoreThinned                               WARNING AthContainers/src/copyAuxStoreThinned.cxx:138: unlocked decoration UEcorr_Pt (955) in object of type xAOD::ElectronAuxContainer_v3
2026-02-12 20:33:43,634 copyAuxStoreThinned                               WARNING AthContainers/src/copyAuxStoreThinned.cxx:138: unlocked decoration UEcorr_Pt (955) in object of type xAOD::MuonAuxContainer_v5
2026-02-12 20:33:43,652 AthMpEvtLoopMgr.SharedEvtQueueConsumer               INFO Received from the queue: event num=291 chunk size=1
2026-02-12 20:33:43,653 AthMpEvtLoopMgr.SharedEvtQueueConsumer               INFO Seek to 291 succeeded
2026-02-12 20:33:44,553 copyAuxStoreThinned                               WARNING AthContainers/src/copyAuxStoreThinned.cxx:138: unlocked decoration UEcorr_Pt (955) in object of type xAOD::ElectronAuxContainer_v3
2026-02-12 20:33:44,554 copyAuxStoreThinned                               WARNING AthContainers/src/copyAuxStoreThinned.cxx:138: unlocked decoration UEcorr_Pt (955) in object of type xAOD::MuonAuxContainer_v5
2026-02-12 20:33:44,566 AthMpEvtLoopMgr.SharedEvtQueueConsumer               INFO Received from the queue: event num=292 chunk size=1
2026-02-12 20:33:44,566 AthMpEvtLoopMgr.SharedEvtQueueConsumer               INFO Seek to 292 succeeded
2026-02-12 20:33:45,927 copyAuxStoreThinned                               WARNING AthContainers/src/copyAuxStoreThinned.cxx:138: unlocked decoration UEcorr_Pt (955) in object of type xAOD::ElectronAuxContainer_v3
2026-02-12 20:33:45,943 AthMpEvtLoopMgr.SharedEvtQueueConsumer               INFO Received from the queue: event num=294 chunk size=1
2026-02-12 20:33:45,943 AthMpEvtLoopMgr.SharedEvtQueueConsumer               INFO Seek to 294 succeeded
2026-02-12 20:33:47,605 copyAuxStoreThinned                               WARNING AthContainers/src/copyAuxStoreThinned.cxx:138: unlocked decoration UEcorr_Pt (955) in object of type xAOD::ElectronAuxContainer_v3
2026-02-12 20:33:47,607 copyAuxStoreThinned                               WARNING AthContainers/src/copyAuxStoreThinned.cxx:138: unlocked decoration UEcorr_Pt (955) in object of type xAOD::MuonAuxContainer_v5
2026-02-12 20:33:47,623 AthMpEvtLoopMgr.SharedEvtQueueConsumer               INFO Received from the queue: event num=297 chunk size=1
2026-02-12 20:33:47,623 AthMpEvtLoopMgr.SharedEvtQueueConsumer               INFO Seek to 297 succeeded
2026-02-12 20:33:48,708 copyAuxStoreThinned                               WARNING AthContainers/src/copyAuxStoreThinned.cxx:138: unlocked decoration UEcorr_Pt (955) in object of type xAOD::ElectronAuxContainer_v3
2026-02-12 20:33:48,723 AthMpEvtLoopMgr.SharedEvtQueueConsumer               INFO Received from the queue: event num=299 chunk size=1
2026-02-12 20:33:48,723 AthMpEvtLoopMgr.SharedEvtQueueConsumer               INFO Seek to 299 succeeded
2026-02-12 20:33:49,546 copyAuxStoreThinned                               WARNING AthContainers/src/copyAuxStoreThinned.cxx:138: unlocked decoration UEcorr_Pt (955) in object of type xAOD::ElectronAuxContainer_v3
2026-02-12 20:33:49,548 copyAuxStoreThinned                               WARNING AthContainers/src/copyAuxStoreThinned.cxx:138: unlocked decoration UEcorr_Pt (955) in object of type xAOD::MuonAuxContainer_v5
2026-02-12 20:33:49,561 AthMpEvtLoopMgr.SharedEvtQueueConsumer               INFO Received from the queue: event num=300 chunk size=1
2026-02-12 20:33:49,561 AthMpEvtLoopMgr.SharedEvtQueueConsumer               INFO Seek to 300 succeeded
2026-02-12 20:33:51,206 copyAuxStoreThinned                               WARNING AthContainers/src/copyAuxStoreThinned.cxx:138: unlocked decoration UEcorr_Pt (955) in object of type xAOD::ElectronAuxContainer_v3
2026-02-12 20:33:51,208 copyAuxStoreThinned                               WARNING AthContainers/src/copyAuxStoreThinned.cxx:138: unlocked decoration UEcorr_Pt (955) in object of type xAOD::MuonAuxContainer_v5
2026-02-12 20:33:51,233 AthMpEvtLoopMgr.SharedEvtQueueConsumer               INFO Received from the queue: event num=303 chunk size=1
2026-02-12 20:33:51,233 AthMpEvtLoopMgr.SharedEvtQueueConsumer               INFO Seek to 303 succeeded
2026-02-12 20:33:52,452 copyAuxStoreThinned                               WARNING AthContainers/src/copyAuxStoreThinned.cxx:138: unlocked decoration UEcorr_Pt (955) in object of type xAOD::ElectronAuxContainer_v3
2026-02-12 20:33:52,454 copyAuxStoreThinned                               WARNING AthContainers/src/copyAuxStoreThinned.cxx:138: unlocked decoration UEcorr_Pt (955) in object of type xAOD::MuonAuxContainer_v5
2026-02-12 20:33:52,469 AthMpEvtLoopMgr.SharedEvtQueueConsumer               INFO Received from the queue: event num=305 chunk size=1
2026-02-12 20:33:52,469 AthMpEvtLoopMgr.SharedEvtQueueConsumer               INFO Seek to 305 succeeded
2026-02-12 20:33:53,272 copyAuxStoreThinned                               WARNING AthContainers/src/copyAuxStoreThinned.cxx:138: unlocked decoration UEcorr_Pt (955) in object of type xAOD::ElectronAuxContainer_v3
2026-02-12 20:33:53,273 copyAuxStoreThinned                               WARNING AthContainers/src/copyAuxStoreThinned.cxx:138: unlocked decoration UEcorr_Pt (955) in object of type xAOD::MuonAuxContainer_v5
2026-02-12 20:33:53,285 AthMpEvtLoopMgr.SharedEvtQueueConsumer               INFO Received from the queue: event num=307 chunk size=1
2026-02-12 20:33:53,286 AthMpEvtLoopMgr.SharedEvtQueueConsumer               INFO Seek to 307 succeeded
2026-02-12 20:33:54,304 copyAuxStoreThinned                               WARNING AthContainers/src/copyAuxStoreThinned.cxx:138: unlocked decoration UEcorr_Pt (955) in object of type xAOD::ElectronAuxContainer_v3
2026-02-12 20:33:54,306 copyAuxStoreThinned                               WARNING AthContainers/src/copyAuxStoreThinned.cxx:138: unlocked decoration UEcorr_Pt (955) in object of type xAOD::MuonAuxContainer_v5
2026-02-12 20:33:54,323 AthMpEvtLoopMgr.SharedEvtQueueConsumer               INFO Received from the queue: event num=309 chunk size=1
2026-02-12 20:33:54,324 AthMpEvtLoopMgr.SharedEvtQueueConsumer               INFO Seek to 309 succeeded
2026-02-12 20:33:54,430 PerfMonMTSvc                                         INFO Event [  158] CPU Time: 00h03m01s, Wall Time: 00h04m05s, Vmem: 6.19 GB, Rss: 4.90 GB, Pss: 3.07 GB, Swap: 0.00 KB
2026-02-12 20:33:55,187 copyAuxStoreThinned                               WARNING AthContainers/src/copyAuxStoreThinned.cxx:138: unlocked decoration UEcorr_Pt (955) in object of type xAOD::ElectronAuxContainer_v3
2026-02-12 20:33:55,188 copyAuxStoreThinned                               WARNING AthContainers/src/copyAuxStoreThinned.cxx:138: unlocked decoration UEcorr_Pt (955) in object of type xAOD::MuonAuxContainer_v5
2026-02-12 20:33:55,201 AthMpEvtLoopMgr.SharedEvtQueueConsumer               INFO Received from the queue: event num=310 chunk size=1
2026-02-12 20:33:55,201 AthMpEvtLoopMgr.SharedEvtQueueConsumer               INFO Seek to 310 succeeded
2026-02-12 20:33:56,210 copyAuxStoreThinned                               WARNING AthContainers/src/copyAuxStoreThinned.cxx:138: unlocked decoration UEcorr_Pt (955) in object of type xAOD::ElectronAuxContainer_v3
2026-02-12 20:33:56,212 copyAuxStoreThinned                               WARNING AthContainers/src/copyAuxStoreThinned.cxx:138: unlocked decoration UEcorr_Pt (955) in object of type xAOD::MuonAuxContainer_v5
2026-02-12 20:33:56,231 AthMpEvtLoopMgr.SharedEvtQueueConsumer               INFO Received from the queue: event num=312 chunk size=1
2026-02-12 20:33:56,232 AthMpEvtLoopMgr.SharedEvtQueueConsumer               INFO Seek to 312 succeeded
2026-02-12 20:33:57,339 copyAuxStoreThinned                               WARNING AthContainers/src/copyAuxStoreThinned.cxx:138: unlocked decoration UEcorr_Pt (955) in object of type xAOD::ElectronAuxContainer_v3
2026-02-12 20:33:57,341 copyAuxStoreThinned                               WARNING AthContainers/src/copyAuxStoreThinned.cxx:138: unlocked decoration UEcorr_Pt (955) in object of type xAOD::MuonAuxContainer_v5
2026-02-12 20:33:57,354 AthMpEvtLoopMgr.SharedEvtQueueConsumer               INFO Received from the queue: event num=314 chunk size=1
2026-02-12 20:33:57,355 AthMpEvtLoopMgr.SharedEvtQueueConsumer               INFO Seek to 314 succeeded
2026-02-12 20:33:58,227 copyAuxStoreThinned                               WARNING AthContainers/src/copyAuxStoreThinned.cxx:138: unlocked decoration UEcorr_Pt (955) in object of type xAOD::ElectronAuxContainer_v3
2026-02-12 20:33:58,228 copyAuxStoreThinned                               WARNING AthContainers/src/copyAuxStoreThinned.cxx:138: unlocked decoration UEcorr_Pt (955) in object of type xAOD::MuonAuxContainer_v5
2026-02-12 20:33:58,242 AthMpEvtLoopMgr.SharedEvtQueueConsumer               INFO Received from the queue: event num=316 chunk size=1
2026-02-12 20:33:58,243 AthMpEvtLoopMgr.SharedEvtQueueConsumer               INFO Seek to 316 succeeded
2026-02-12 20:33:59,625 copyAuxStoreThinned                               WARNING AthContainers/src/copyAuxStoreThinned.cxx:138: unlocked decoration UEcorr_Pt (955) in object of type xAOD::ElectronAuxContainer_v3
2026-02-12 20:33:59,626 copyAuxStoreThinned                               WARNING AthContainers/src/copyAuxStoreThinned.cxx:138: unlocked decoration UEcorr_Pt (955) in object of type xAOD::MuonAuxContainer_v5
2026-02-12 20:33:59,646 AthMpEvtLoopMgr.SharedEvtQueueConsumer               INFO Received from the queue: event num=318 chunk size=1
2026-02-12 20:33:59,646 AthMpEvtLoopMgr.SharedEvtQueueConsumer               INFO Seek to 318 succeeded
2026-02-12 20:34:00,762 copyAuxStoreThinned                               WARNING AthContainers/src/copyAuxStoreThinned.cxx:138: unlocked decoration UEcorr_Pt (955) in object of type xAOD::ElectronAuxContainer_v3
2026-02-12 20:34:00,763 copyAuxStoreThinned                               WARNING AthContainers/src/copyAuxStoreThinned.cxx:138: unlocked decoration UEcorr_Pt (955) in object of type xAOD::MuonAuxContainer_v5
2026-02-12 20:34:00,785 AthMpEvtLoopMgr.SharedEvtQueueConsumer               INFO Received from the queue: event num=320 chunk size=1
2026-02-12 20:34:00,786 AthMpEvtLoopMgr.SharedEvtQueueConsumer               INFO Seek to 320 succeeded
2026-02-12 20:34:01,678 copyAuxStoreThinned                               WARNING AthContainers/src/copyAuxStoreThinned.cxx:138: unlocked decoration UEcorr_Pt (955) in object of type xAOD::ElectronAuxContainer_v3
2026-02-12 20:34:01,679 copyAuxStoreThinned                               WARNING AthContainers/src/copyAuxStoreThinned.cxx:138: unlocked decoration UEcorr_Pt (955) in object of type xAOD::MuonAuxContainer_v5
2026-02-12 20:34:01,690 AthMpEvtLoopMgr.SharedEvtQueueConsumer               INFO Received from the queue: event num=322 chunk size=1
2026-02-12 20:34:01,691 AthMpEvtLoopMgr.SharedEvtQueueConsumer               INFO Seek to 322 succeeded
2026-02-12 20:34:03,048 copyAuxStoreThinned                               WARNING AthContainers/src/copyAuxStoreThinned.cxx:138: unlocked decoration UEcorr_Pt (955) in object of type xAOD::ElectronAuxContainer_v3
2026-02-12 20:34:03,050 copyAuxStoreThinned                               WARNING AthContainers/src/copyAuxStoreThinned.cxx:138: unlocked decoration UEcorr_Pt (955) in object of type xAOD::MuonAuxContainer_v5
2026-02-12 20:34:03,066 AthMpEvtLoopMgr.SharedEvtQueueConsumer               INFO Received from the queue: event num=324 chunk size=1
2026-02-12 20:34:03,066 AthMpEvtLoopMgr.SharedEvtQueueConsumer               INFO Seek to 324 succeeded
2026-02-12 20:34:04,231 copyAuxStoreThinned                               WARNING AthContainers/src/copyAuxStoreThinned.cxx:138: unlocked decoration UEcorr_Pt (955) in object of type xAOD::ElectronAuxContainer_v3
2026-02-12 20:34:04,247 AthMpEvtLoopMgr.SharedEvtQueueConsumer               INFO Received from the queue: event num=326 chunk size=1
2026-02-12 20:34:04,248 AthMpEvtLoopMgr.SharedEvtQueueConsumer               INFO Seek to 326 succeeded
2026-02-12 20:34:05,428 copyAuxStoreThinned                               WARNING AthContainers/src/copyAuxStoreThinned.cxx:138: unlocked decoration UEcorr_Pt (955) in object of type xAOD::ElectronAuxContainer_v3
2026-02-12 20:34:05,429 copyAuxStoreThinned                               WARNING AthContainers/src/copyAuxStoreThinned.cxx:138: unlocked decoration UEcorr_Pt (955) in object of type xAOD::MuonAuxContainer_v5
2026-02-12 20:34:05,459 AthMpEvtLoopMgr.SharedEvtQueueConsumer               INFO Received from the queue: event num=328 chunk size=1
2026-02-12 20:34:05,459 AthMpEvtLoopMgr.SharedEvtQueueConsumer               INFO Seek to 328 succeeded
2026-02-12 20:34:06,692 copyAuxStoreThinned                               WARNING AthContainers/src/copyAuxStoreThinned.cxx:138: unlocked decoration UEcorr_Pt (955) in object of type xAOD::ElectronAuxContainer_v3
2026-02-12 20:34:06,694 copyAuxStoreThinned                               WARNING AthContainers/src/copyAuxStoreThinned.cxx:138: unlocked decoration UEcorr_Pt (955) in object of type xAOD::MuonAuxContainer_v5
2026-02-12 20:34:06,726 AthMpEvtLoopMgr.SharedEvtQueueConsumer               INFO Received from the queue: event num=330 chunk size=1
2026-02-12 20:34:06,727 AthMpEvtLoopMgr.SharedEvtQueueConsumer               INFO Seek to 330 succeeded
2026-02-12 20:34:08,126 copyAuxStoreThinned                               WARNING AthContainers/src/copyAuxStoreThinned.cxx:138: unlocked decoration UEcorr_Pt (955) in object of type xAOD::ElectronAuxContainer_v3
2026-02-12 20:34:08,127 copyAuxStoreThinned                               WARNING AthContainers/src/copyAuxStoreThinned.cxx:138: unlocked decoration UEcorr_Pt (955) in object of type xAOD::MuonAuxContainer_v5
2026-02-12 20:34:08,140 AthMpEvtLoopMgr.SharedEvtQueueConsumer               INFO Received from the queue: event num=332 chunk size=1
2026-02-12 20:34:08,141 AthMpEvtLoopMgr.SharedEvtQueueConsumer               INFO Seek to 332 succeeded
2026-02-12 20:34:09,397 copyAuxStoreThinned                               WARNING AthContainers/src/copyAuxStoreThinned.cxx:138: unlocked decoration UEcorr_Pt (955) in object of type xAOD::ElectronAuxContainer_v3
2026-02-12 20:34:09,399 copyAuxStoreThinned                               WARNING AthContainers/src/copyAuxStoreThinned.cxx:138: unlocked decoration UEcorr_Pt (955) in object of type xAOD::MuonAuxContainer_v5
2026-02-12 20:34:09,412 AthMpEvtLoopMgr.SharedEvtQueueConsumer               INFO Received from the queue: event num=334 chunk size=1
2026-02-12 20:34:09,413 AthMpEvtLoopMgr.SharedEvtQueueConsumer               INFO Seek to 334 succeeded
2026-02-12 20:34:10,438 copyAuxStoreThinned                               WARNING AthContainers/src/copyAuxStoreThinned.cxx:138: unlocked decoration UEcorr_Pt (955) in object of type xAOD::ElectronAuxContainer_v3
2026-02-12 20:34:10,452 AthMpEvtLoopMgr.SharedEvtQueueConsumer               INFO Received from the queue: event num=336 chunk size=1
2026-02-12 20:34:10,452 AthMpEvtLoopMgr.SharedEvtQueueConsumer               INFO Seek to 336 succeeded
2026-02-12 20:34:11,819 copyAuxStoreThinned                               WARNING AthContainers/src/copyAuxStoreThinned.cxx:138: unlocked decoration UEcorr_Pt (955) in object of type xAOD::ElectronAuxContainer_v3
2026-02-12 20:34:11,821 copyAuxStoreThinned                               WARNING AthContainers/src/copyAuxStoreThinned.cxx:138: unlocked decoration UEcorr_Pt (955) in object of type xAOD::MuonAuxContainer_v5
2026-02-12 20:34:11,839 AthMpEvtLoopMgr.SharedEvtQueueConsumer               INFO Received from the queue: event num=338 chunk size=1
2026-02-12 20:34:11,839 AthMpEvtLoopMgr.SharedEvtQueueConsumer               INFO Seek to 338 succeeded
WARNING from FastJet: ClusterSequenceAreaBase::get_median_rho_and_sigma(...): the estimated empty area is suspiciously large and negative and may lead to an over-estimation of rho. This may be due to (i) a rare statistical fluctuation or (ii) too small a range used to estimate the background properties.
2026-02-12 20:34:13,666 copyAuxStoreThinned                               WARNING AthContainers/src/copyAuxStoreThinned.cxx:138: unlocked decoration UEcorr_Pt (955) in object of type xAOD::ElectronAuxContainer_v3
2026-02-12 20:34:13,668 copyAuxStoreThinned                               WARNING AthContainers/src/copyAuxStoreThinned.cxx:138: unlocked decoration UEcorr_Pt (955) in object of type xAOD::MuonAuxContainer_v5
2026-02-12 20:34:13,691 AthMpEvtLoopMgr.SharedEvtQueueConsumer               INFO Received from the queue: event num=341 chunk size=1
2026-02-12 20:34:13,692 AthMpEvtLoopMgr.SharedEvtQueueConsumer               INFO Seek to 341 succeeded
2026-02-12 20:34:14,627 copyAuxStoreThinned                               WARNING AthContainers/src/copyAuxStoreThinned.cxx:138: unlocked decoration UEcorr_Pt (955) in object of type xAOD::ElectronAuxContainer_v3
2026-02-12 20:34:14,628 copyAuxStoreThinned                               WARNING AthContainers/src/copyAuxStoreThinned.cxx:138: unlocked decoration UEcorr_Pt (955) in object of type xAOD::MuonAuxContainer_v5
2026-02-12 20:34:14,641 AthMpEvtLoopMgr.SharedEvtQueueConsumer               INFO Received from the queue: event num=342 chunk size=1
2026-02-12 20:34:14,642 AthMpEvtLoopMgr.SharedEvtQueueConsumer               INFO Seek to 342 succeeded
2026-02-12 20:34:16,004 copyAuxStoreThinned                               WARNING AthContainers/src/copyAuxStoreThinned.cxx:138: unlocked decoration UEcorr_Pt (955) in object of type xAOD::ElectronAuxContainer_v3
2026-02-12 20:34:16,006 copyAuxStoreThinned                               WARNING AthContainers/src/copyAuxStoreThinned.cxx:138: unlocked decoration UEcorr_Pt (955) in object of type xAOD::MuonAuxContainer_v5
2026-02-12 20:34:16,019 AthMpEvtLoopMgr.SharedEvtQueueConsumer               INFO Received from the queue: event num=345 chunk size=1
2026-02-12 20:34:16,019 AthMpEvtLoopMgr.SharedEvtQueueConsumer               INFO Seek to 345 succeeded
2026-02-12 20:34:16,856 copyAuxStoreThinned                               WARNING AthContainers/src/copyAuxStoreThinned.cxx:138: unlocked decoration UEcorr_Pt (955) in object of type xAOD::ElectronAuxContainer_v3
2026-02-12 20:34:16,858 copyAuxStoreThinned                               WARNING AthContainers/src/copyAuxStoreThinned.cxx:138: unlocked decoration UEcorr_Pt (955) in object of type xAOD::MuonAuxContainer_v5
2026-02-12 20:34:16,875 AthMpEvtLoopMgr.SharedEvtQueueConsumer               INFO Received from the queue: event num=346 chunk size=1
2026-02-12 20:34:16,876 AthMpEvtLoopMgr.SharedEvtQueueConsumer               INFO Seek to 346 succeeded
2026-02-12 20:34:18,035 copyAuxStoreThinned                               WARNING AthContainers/src/copyAuxStoreThinned.cxx:138: unlocked decoration UEcorr_Pt (955) in object of type xAOD::ElectronAuxContainer_v3
2026-02-12 20:34:18,037 copyAuxStoreThinned                               WARNING AthContainers/src/copyAuxStoreThinned.cxx:138: unlocked decoration UEcorr_Pt (955) in object of type xAOD::MuonAuxContainer_v5
2026-02-12 20:34:18,053 AthMpEvtLoopMgr.SharedEvtQueueConsumer               INFO Received from the queue: event num=348 chunk size=1
2026-02-12 20:34:18,054 AthMpEvtLoopMgr.SharedEvtQueueConsumer               INFO Seek to 348 succeeded
2026-02-12 20:34:18,985 copyAuxStoreThinned                               WARNING AthContainers/src/copyAuxStoreThinned.cxx:138: unlocked decoration UEcorr_Pt (955) in object of type xAOD::ElectronAuxContainer_v3
2026-02-12 20:34:18,986 copyAuxStoreThinned                               WARNING AthContainers/src/copyAuxStoreThinned.cxx:138: unlocked decoration UEcorr_Pt (955) in object of type xAOD::MuonAuxContainer_v5
2026-02-12 20:34:18,999 AthMpEvtLoopMgr.SharedEvtQueueConsumer               INFO Received from the queue: event num=350 chunk size=1
2026-02-12 20:34:19,000 AthMpEvtLoopMgr.SharedEvtQueueConsumer               INFO Seek to 350 succeeded
2026-02-12 20:34:19,950 copyAuxStoreThinned                               WARNING AthContainers/src/copyAuxStoreThinned.cxx:138: unlocked decoration UEcorr_Pt (955) in object of type xAOD::ElectronAuxContainer_v3
2026-02-12 20:34:19,952 copyAuxStoreThinned                               WARNING AthContainers/src/copyAuxStoreThinned.cxx:138: unlocked decoration UEcorr_Pt (955) in object of type xAOD::MuonAuxContainer_v5
2026-02-12 20:34:19,967 AthMpEvtLoopMgr.SharedEvtQueueConsumer               INFO Received from the queue: event num=352 chunk size=1
2026-02-12 20:34:19,967 AthMpEvtLoopMgr.SharedEvtQueueConsumer               INFO Seek to 352 succeeded
2026-02-12 20:34:21,192 copyAuxStoreThinned                               WARNING AthContainers/src/copyAuxStoreThinned.cxx:138: unlocked decoration UEcorr_Pt (955) in object of type xAOD::ElectronAuxContainer_v3
2026-02-12 20:34:21,193 copyAuxStoreThinned                               WARNING AthContainers/src/copyAuxStoreThinned.cxx:138: unlocked decoration UEcorr_Pt (955) in object of type xAOD::MuonAuxContainer_v5
2026-02-12 20:34:21,213 AthMpEvtLoopMgr.SharedEvtQueueConsumer               INFO Received from the queue: event num=354 chunk size=1
2026-02-12 20:34:21,214 AthMpEvtLoopMgr.SharedEvtQueueConsumer               INFO Seek to 354 succeeded
2026-02-12 20:34:22,465 copyAuxStoreThinned                               WARNING AthContainers/src/copyAuxStoreThinned.cxx:138: unlocked decoration UEcorr_Pt (955) in object of type xAOD::ElectronAuxContainer_v3
2026-02-12 20:34:22,467 copyAuxStoreThinned                               WARNING AthContainers/src/copyAuxStoreThinned.cxx:138: unlocked decoration UEcorr_Pt (955) in object of type xAOD::MuonAuxContainer_v5
2026-02-12 20:34:22,484 AthMpEvtLoopMgr.SharedEvtQueueConsumer               INFO Received from the queue: event num=356 chunk size=1
2026-02-12 20:34:22,485 AthMpEvtLoopMgr.SharedEvtQueueConsumer               INFO Seek to 356 succeeded
2026-02-12 20:34:23,824 copyAuxStoreThinned                               WARNING AthContainers/src/copyAuxStoreThinned.cxx:138: unlocked decoration UEcorr_Pt (955) in object of type xAOD::ElectronAuxContainer_v3
2026-02-12 20:34:23,826 copyAuxStoreThinned                               WARNING AthContainers/src/copyAuxStoreThinned.cxx:138: unlocked decoration UEcorr_Pt (955) in object of type xAOD::MuonAuxContainer_v5
2026-02-12 20:34:23,844 AthMpEvtLoopMgr.SharedEvtQueueConsumer               INFO Received from the queue: event num=358 chunk size=1
2026-02-12 20:34:23,845 AthMpEvtLoopMgr.SharedEvtQueueConsumer               INFO Seek to 358 succeeded
2026-02-12 20:34:24,973 copyAuxStoreThinned                               WARNING AthContainers/src/copyAuxStoreThinned.cxx:138: unlocked decoration UEcorr_Pt (955) in object of type xAOD::ElectronAuxContainer_v3
2026-02-12 20:34:24,974 copyAuxStoreThinned                               WARNING AthContainers/src/copyAuxStoreThinned.cxx:138: unlocked decoration UEcorr_Pt (955) in object of type xAOD::MuonAuxContainer_v5
2026-02-12 20:34:24,987 AthMpEvtLoopMgr.SharedEvtQueueConsumer               INFO Received from the queue: event num=360 chunk size=1
2026-02-12 20:34:24,987 AthMpEvtLoopMgr.SharedEvtQueueConsumer               INFO Seek to 360 succeeded
2026-02-12 20:34:25,094 PerfMonMTSvc                                         INFO Event [  184] CPU Time: 00h03m32s, Wall Time: 00h04m36s, Vmem: 6.19 GB, Rss: 4.90 GB, Pss: 3.08 GB, Swap: 0.00 KB
2026-02-12 20:34:26,555 copyAuxStoreThinned                               WARNING AthContainers/src/copyAuxStoreThinned.cxx:138: unlocked decoration UEcorr_Pt (955) in object of type xAOD::ElectronAuxContainer_v3
2026-02-12 20:34:26,557 copyAuxStoreThinned                               WARNING AthContainers/src/copyAuxStoreThinned.cxx:138: unlocked decoration UEcorr_Pt (955) in object of type xAOD::MuonAuxContainer_v5
2026-02-12 20:34:26,582 AthMpEvtLoopMgr.SharedEvtQueueConsumer               INFO Received from the queue: event num=362 chunk size=1
2026-02-12 20:34:26,583 AthMpEvtLoopMgr.SharedEvtQueueConsumer               INFO Seek to 362 succeeded
2026-02-12 20:34:27,748 copyAuxStoreThinned                               WARNING AthContainers/src/copyAuxStoreThinned.cxx:138: unlocked decoration UEcorr_Pt (955) in object of type xAOD::ElectronAuxContainer_v3
2026-02-12 20:34:27,750 copyAuxStoreThinned                               WARNING AthContainers/src/copyAuxStoreThinned.cxx:138: unlocked decoration UEcorr_Pt (955) in object of type xAOD::MuonAuxContainer_v5
2026-02-12 20:34:27,769 AthMpEvtLoopMgr.SharedEvtQueueConsumer               INFO Received from the queue: event num=364 chunk size=1
2026-02-12 20:34:27,769 AthMpEvtLoopMgr.SharedEvtQueueConsumer               INFO Seek to 364 succeeded
2026-02-12 20:34:29,063 copyAuxStoreThinned                               WARNING AthContainers/src/copyAuxStoreThinned.cxx:138: unlocked decoration UEcorr_Pt (955) in object of type xAOD::ElectronAuxContainer_v3
2026-02-12 20:34:29,065 copyAuxStoreThinned                               WARNING AthContainers/src/copyAuxStoreThinned.cxx:138: unlocked decoration UEcorr_Pt (955) in object of type xAOD::MuonAuxContainer_v5
2026-02-12 20:34:29,083 AthMpEvtLoopMgr.SharedEvtQueueConsumer               INFO Received from the queue: event num=366 chunk size=1
2026-02-12 20:34:29,083 AthMpEvtLoopMgr.SharedEvtQueueConsumer               INFO Seek to 366 succeeded
2026-02-12 20:34:30,652 copyAuxStoreThinned                               WARNING AthContainers/src/copyAuxStoreThinned.cxx:138: unlocked decoration UEcorr_Pt (955) in object of type xAOD::ElectronAuxContainer_v3
2026-02-12 20:34:30,654 copyAuxStoreThinned                               WARNING AthContainers/src/copyAuxStoreThinned.cxx:138: unlocked decoration UEcorr_Pt (955) in object of type xAOD::MuonAuxContainer_v5
2026-02-12 20:34:30,675 AthMpEvtLoopMgr.SharedEvtQueueConsumer               INFO Received from the queue: event num=369 chunk size=1
2026-02-12 20:34:30,675 AthMpEvtLoopMgr.SharedEvtQueueConsumer               INFO Seek to 369 succeeded
2026-02-12 20:34:31,800 copyAuxStoreThinned                               WARNING AthContainers/src/copyAuxStoreThinned.cxx:138: unlocked decoration UEcorr_Pt (955) in object of type xAOD::ElectronAuxContainer_v3
2026-02-12 20:34:31,801 copyAuxStoreThinned                               WARNING AthContainers/src/copyAuxStoreThinned.cxx:138: unlocked decoration UEcorr_Pt (955) in object of type xAOD::MuonAuxContainer_v5
2026-02-12 20:34:31,820 AthMpEvtLoopMgr.SharedEvtQueueConsumer               INFO Received from the queue: event num=370 chunk size=1
2026-02-12 20:34:31,820 AthMpEvtLoopMgr.SharedEvtQueueConsumer               INFO Seek to 370 succeeded
2026-02-12 20:34:33,074 copyAuxStoreThinned                               WARNING AthContainers/src/copyAuxStoreThinned.cxx:138: unlocked decoration UEcorr_Pt (955) in object of type xAOD::ElectronAuxContainer_v3
2026-02-12 20:34:33,076 copyAuxStoreThinned                               WARNING AthContainers/src/copyAuxStoreThinned.cxx:138: unlocked decoration UEcorr_Pt (955) in object of type xAOD::MuonAuxContainer_v5
2026-02-12 20:34:33,093 AthMpEvtLoopMgr.SharedEvtQueueConsumer               INFO Received from the queue: event num=372 chunk size=1
2026-02-12 20:34:33,093 AthMpEvtLoopMgr.SharedEvtQueueConsumer               INFO Seek to 372 succeeded
2026-02-12 20:34:34,012 copyAuxStoreThinned                               WARNING AthContainers/src/copyAuxStoreThinned.cxx:138: unlocked decoration UEcorr_Pt (955) in object of type xAOD::ElectronAuxContainer_v3
2026-02-12 20:34:34,013 copyAuxStoreThinned                               WARNING AthContainers/src/copyAuxStoreThinned.cxx:138: unlocked decoration UEcorr_Pt (955) in object of type xAOD::MuonAuxContainer_v5
2026-02-12 20:34:34,034 AthMpEvtLoopMgr.SharedEvtQueueConsumer               INFO Received from the queue: event num=374 chunk size=1
2026-02-12 20:34:34,034 AthMpEvtLoopMgr.SharedEvtQueueConsumer               INFO Seek to 374 succeeded
2026-02-12 20:34:34,970 copyAuxStoreThinned                               WARNING AthContainers/src/copyAuxStoreThinned.cxx:138: unlocked decoration UEcorr_Pt (955) in object of type xAOD::ElectronAuxContainer_v3
2026-02-12 20:34:34,972 copyAuxStoreThinned                               WARNING AthContainers/src/copyAuxStoreThinned.cxx:138: unlocked decoration UEcorr_Pt (955) in object of type xAOD::MuonAuxContainer_v5
2026-02-12 20:34:34,995 AthMpEvtLoopMgr.SharedEvtQueueConsumer               INFO Received from the queue: event num=376 chunk size=1
2026-02-12 20:34:34,996 AthMpEvtLoopMgr.SharedEvtQueueConsumer               INFO Seek to 376 succeeded
2026-02-12 20:34:36,941 copyAuxStoreThinned                               WARNING AthContainers/src/copyAuxStoreThinned.cxx:138: unlocked decoration UEcorr_Pt (955) in object of type xAOD::ElectronAuxContainer_v3
2026-02-12 20:34:36,943 copyAuxStoreThinned                               WARNING AthContainers/src/copyAuxStoreThinned.cxx:138: unlocked decoration UEcorr_Pt (955) in object of type xAOD::MuonAuxContainer_v5
2026-02-12 20:34:36,963 AthMpEvtLoopMgr.SharedEvtQueueConsumer               INFO Received from the queue: event num=379 chunk size=1
2026-02-12 20:34:36,963 AthMpEvtLoopMgr.SharedEvtQueueConsumer               INFO Seek to 379 succeeded
2026-02-12 20:34:38,394 copyAuxStoreThinned                               WARNING AthContainers/src/copyAuxStoreThinned.cxx:138: unlocked decoration UEcorr_Pt (955) in object of type xAOD::ElectronAuxContainer_v3
2026-02-12 20:34:38,395 copyAuxStoreThinned                               WARNING AthContainers/src/copyAuxStoreThinned.cxx:138: unlocked decoration UEcorr_Pt (955) in object of type xAOD::MuonAuxContainer_v5
2026-02-12 20:34:38,406 AthMpEvtLoopMgr.SharedEvtQueueConsumer               INFO Received from the queue: event num=382 chunk size=1
2026-02-12 20:34:38,407 AthMpEvtLoopMgr.SharedEvtQueueConsumer               INFO Seek to 382 succeeded
2026-02-12 20:34:39,630 copyAuxStoreThinned                               WARNING AthContainers/src/copyAuxStoreThinned.cxx:138: unlocked decoration UEcorr_Pt (955) in object of type xAOD::ElectronAuxContainer_v3
2026-02-12 20:34:39,631 copyAuxStoreThinned                               WARNING AthContainers/src/copyAuxStoreThinned.cxx:138: unlocked decoration UEcorr_Pt (955) in object of type xAOD::MuonAuxContainer_v5
2026-02-12 20:34:39,644 AthMpEvtLoopMgr.SharedEvtQueueConsumer               INFO Received from the queue: event num=383 chunk size=1
2026-02-12 20:34:39,644 AthMpEvtLoopMgr.SharedEvtQueueConsumer               INFO Seek to 383 succeeded
2026-02-12 20:34:40,754 copyAuxStoreThinned                               WARNING AthContainers/src/copyAuxStoreThinned.cxx:138: unlocked decoration UEcorr_Pt (955) in object of type xAOD::ElectronAuxContainer_v3
2026-02-12 20:34:40,756 copyAuxStoreThinned                               WARNING AthContainers/src/copyAuxStoreThinned.cxx:138: unlocked decoration UEcorr_Pt (955) in object of type xAOD::MuonAuxContainer_v5
2026-02-12 20:34:40,781 AthMpEvtLoopMgr.SharedEvtQueueConsumer               INFO Received from the queue: event num=385 chunk size=1
2026-02-12 20:34:40,782 AthMpEvtLoopMgr.SharedEvtQueueConsumer               INFO Seek to 385 succeeded
2026-02-12 20:34:41,970 copyAuxStoreThinned                               WARNING AthContainers/src/copyAuxStoreThinned.cxx:138: unlocked decoration UEcorr_Pt (955) in object of type xAOD::ElectronAuxContainer_v3
2026-02-12 20:34:41,972 copyAuxStoreThinned                               WARNING AthContainers/src/copyAuxStoreThinned.cxx:138: unlocked decoration UEcorr_Pt (955) in object of type xAOD::MuonAuxContainer_v5
2026-02-12 20:34:41,992 AthMpEvtLoopMgr.SharedEvtQueueConsumer               INFO Received from the queue: event num=387 chunk size=1
2026-02-12 20:34:41,992 AthMpEvtLoopMgr.SharedEvtQueueConsumer               INFO Seek to 387 succeeded
2026-02-12 20:34:43,058 copyAuxStoreThinned                               WARNING AthContainers/src/copyAuxStoreThinned.cxx:138: unlocked decoration UEcorr_Pt (955) in object of type xAOD::ElectronAuxContainer_v3
2026-02-12 20:34:43,060 copyAuxStoreThinned                               WARNING AthContainers/src/copyAuxStoreThinned.cxx:138: unlocked decoration UEcorr_Pt (955) in object of type xAOD::MuonAuxContainer_v5
2026-02-12 20:34:43,074 AthMpEvtLoopMgr.SharedEvtQueueConsumer               INFO Received from the queue: event num=389 chunk size=1
2026-02-12 20:34:43,074 AthMpEvtLoopMgr.SharedEvtQueueConsumer               INFO Seek to 389 succeeded
2026-02-12 20:34:45,054 copyAuxStoreThinned                               WARNING AthContainers/src/copyAuxStoreThinned.cxx:138: unlocked decoration UEcorr_Pt (955) in object of type xAOD::ElectronAuxContainer_v3
2026-02-12 20:34:45,056 copyAuxStoreThinned                               WARNING AthContainers/src/copyAuxStoreThinned.cxx:138: unlocked decoration UEcorr_Pt (955) in object of type xAOD::MuonAuxContainer_v5
2026-02-12 20:34:45,080 AthMpEvtLoopMgr.SharedEvtQueueConsumer               INFO Received from the queue: event num=391 chunk size=1
2026-02-12 20:34:45,081 AthMpEvtLoopMgr.SharedEvtQueueConsumer               INFO Seek to 391 succeeded
2026-02-12 20:34:46,511 copyAuxStoreThinned                               WARNING AthContainers/src/copyAuxStoreThinned.cxx:138: unlocked decoration UEcorr_Pt (955) in object of type xAOD::ElectronAuxContainer_v3
2026-02-12 20:34:46,513 copyAuxStoreThinned                               WARNING AthContainers/src/copyAuxStoreThinned.cxx:138: unlocked decoration UEcorr_Pt (955) in object of type xAOD::MuonAuxContainer_v5
2026-02-12 20:34:46,539 AthMpEvtLoopMgr.SharedEvtQueueConsumer               INFO Received from the queue: event num=394 chunk size=1
2026-02-12 20:34:46,540 AthMpEvtLoopMgr.SharedEvtQueueConsumer               INFO Seek to 394 succeeded
2026-02-12 20:34:47,530 copyAuxStoreThinned                               WARNING AthContainers/src/copyAuxStoreThinned.cxx:138: unlocked decoration UEcorr_Pt (955) in object of type xAOD::ElectronAuxContainer_v3
2026-02-12 20:34:47,531 copyAuxStoreThinned                               WARNING AthContainers/src/copyAuxStoreThinned.cxx:138: unlocked decoration UEcorr_Pt (955) in object of type xAOD::MuonAuxContainer_v5
2026-02-12 20:34:47,557 AthMpEvtLoopMgr.SharedEvtQueueConsumer               INFO Received from the queue: event num=396 chunk size=1
2026-02-12 20:34:47,558 AthMpEvtLoopMgr.SharedEvtQueueConsumer               INFO Seek to 396 succeeded
2026-02-12 20:34:47,559 AthenaEventLoopMgr                                   INFO   ===>>>  start processing event #334732391, run #450000 200 events processed so far  <<<===
2026-02-12 20:34:49,033 copyAuxStoreThinned                               WARNING AthContainers/src/copyAuxStoreThinned.cxx:138: unlocked decoration UEcorr_Pt (955) in object of type xAOD::ElectronAuxContainer_v3
2026-02-12 20:34:49,034 copyAuxStoreThinned                               WARNING AthContainers/src/copyAuxStoreThinned.cxx:138: unlocked decoration UEcorr_Pt (955) in object of type xAOD::MuonAuxContainer_v5
2026-02-12 20:34:49,051 AthenaEventLoopMgr                                   INFO   ===>>>  done processing event #334732391, run #450000 201 events processed so far  <<<===
2026-02-12 20:34:49,061 AthMpEvtLoopMgr.SharedEvtQueueConsumer               INFO Received from the queue: event num=398 chunk size=1
2026-02-12 20:34:49,061 AthMpEvtLoopMgr.SharedEvtQueueConsumer               INFO Seek to 398 succeeded
2026-02-12 20:34:50,286 copyAuxStoreThinned                               WARNING AthContainers/src/copyAuxStoreThinned.cxx:138: unlocked decoration UEcorr_Pt (955) in object of type xAOD::ElectronAuxContainer_v3
2026-02-12 20:34:50,300 AthMpEvtLoopMgr.SharedEvtQueueConsumer               INFO Received from the queue: event num=400 chunk size=1
2026-02-12 20:34:50,301 AthMpEvtLoopMgr.SharedEvtQueueConsumer               INFO Seek to 400 succeeded
2026-02-12 20:34:51,662 copyAuxStoreThinned                               WARNING AthContainers/src/copyAuxStoreThinned.cxx:138: unlocked decoration UEcorr_Pt (955) in object of type xAOD::ElectronAuxContainer_v3
2026-02-12 20:34:51,664 copyAuxStoreThinned                               WARNING AthContainers/src/copyAuxStoreThinned.cxx:138: unlocked decoration UEcorr_Pt (955) in object of type xAOD::MuonAuxContainer_v5
2026-02-12 20:34:51,683 AthMpEvtLoopMgr.SharedEvtQueueConsumer               INFO Received from the queue: event num=402 chunk size=1
2026-02-12 20:34:51,684 AthMpEvtLoopMgr.SharedEvtQueueConsumer               INFO Seek to 402 succeeded
2026-02-12 20:34:52,530 copyAuxStoreThinned                               WARNING AthContainers/src/copyAuxStoreThinned.cxx:138: unlocked decoration UEcorr_Pt (955) in object of type xAOD::ElectronAuxContainer_v3
2026-02-12 20:34:52,531 copyAuxStoreThinned                               WARNING AthContainers/src/copyAuxStoreThinned.cxx:138: unlocked decoration UEcorr_Pt (955) in object of type xAOD::MuonAuxContainer_v5
2026-02-12 20:34:52,543 AthMpEvtLoopMgr.SharedEvtQueueConsumer               INFO Received from the queue: event num=403 chunk size=1
2026-02-12 20:34:52,543 AthMpEvtLoopMgr.SharedEvtQueueConsumer               INFO Seek to 403 succeeded
2026-02-12 20:34:53,821 copyAuxStoreThinned                               WARNING AthContainers/src/copyAuxStoreThinned.cxx:138: unlocked decoration UEcorr_Pt (955) in object of type xAOD::ElectronAuxContainer_v3
2026-02-12 20:34:53,823 copyAuxStoreThinned                               WARNING AthContainers/src/copyAuxStoreThinned.cxx:138: unlocked decoration UEcorr_Pt (955) in object of type xAOD::MuonAuxContainer_v5
2026-02-12 20:34:53,841 AthMpEvtLoopMgr.SharedEvtQueueConsumer               INFO Received from the queue: event num=406 chunk size=1
2026-02-12 20:34:53,842 AthMpEvtLoopMgr.SharedEvtQueueConsumer               INFO Seek to 406 succeeded
2026-02-12 20:34:54,692 copyAuxStoreThinned                               WARNING AthContainers/src/copyAuxStoreThinned.cxx:138: unlocked decoration UEcorr_Pt (955) in object of type xAOD::ElectronAuxContainer_v3
2026-02-12 20:34:54,694 copyAuxStoreThinned                               WARNING AthContainers/src/copyAuxStoreThinned.cxx:138: unlocked decoration UEcorr_Pt (955) in object of type xAOD::MuonAuxContainer_v5
2026-02-12 20:34:54,711 AthMpEvtLoopMgr.SharedEvtQueueConsumer               INFO Received from the queue: event num=407 chunk size=1
2026-02-12 20:34:54,712 AthMpEvtLoopMgr.SharedEvtQueueConsumer               INFO Seek to 407 succeeded
2026-02-12 20:34:55,893 copyAuxStoreThinned                               WARNING AthContainers/src/copyAuxStoreThinned.cxx:138: unlocked decoration UEcorr_Pt (955) in object of type xAOD::ElectronAuxContainer_v3
2026-02-12 20:34:55,894 copyAuxStoreThinned                               WARNING AthContainers/src/copyAuxStoreThinned.cxx:138: unlocked decoration UEcorr_Pt (955) in object of type xAOD::MuonAuxContainer_v5
2026-02-12 20:34:55,916 AthMpEvtLoopMgr.SharedEvtQueueConsumer               INFO Received from the queue: event num=409 chunk size=1
2026-02-12 20:34:55,916 AthMpEvtLoopMgr.SharedEvtQueueConsumer               INFO Seek to 409 succeeded
2026-02-12 20:34:56,024 PerfMonMTSvc                                         INFO Event [  208] CPU Time: 00h04m03s, Wall Time: 00h05m07s, Vmem: 6.19 GB, Rss: 4.90 GB, Pss: 3.08 GB, Swap: 0.00 KB
2026-02-12 20:34:56,862 copyAuxStoreThinned                               WARNING AthContainers/src/copyAuxStoreThinned.cxx:138: unlocked decoration UEcorr_Pt (955) in object of type xAOD::ElectronAuxContainer_v3
2026-02-12 20:34:56,864 copyAuxStoreThinned                               WARNING AthContainers/src/copyAuxStoreThinned.cxx:138: unlocked decoration UEcorr_Pt (955) in object of type xAOD::MuonAuxContainer_v5
2026-02-12 20:34:56,876 AthMpEvtLoopMgr.SharedEvtQueueConsumer               INFO Received from the queue: event num=411 chunk size=1
2026-02-12 20:34:56,876 AthMpEvtLoopMgr.SharedEvtQueueConsumer               INFO Seek to 411 succeeded
2026-02-12 20:34:58,126 copyAuxStoreThinned                               WARNING AthContainers/src/copyAuxStoreThinned.cxx:138: unlocked decoration UEcorr_Pt (955) in object of type xAOD::ElectronAuxContainer_v3
2026-02-12 20:34:58,127 copyAuxStoreThinned                               WARNING AthContainers/src/copyAuxStoreThinned.cxx:138: unlocked decoration UEcorr_Pt (955) in object of type xAOD::MuonAuxContainer_v5
2026-02-12 20:34:58,146 AthMpEvtLoopMgr.SharedEvtQueueConsumer               INFO Received from the queue: event num=413 chunk size=1
2026-02-12 20:34:58,146 AthMpEvtLoopMgr.SharedEvtQueueConsumer               INFO Seek to 413 succeeded
2026-02-12 20:34:59,267 copyAuxStoreThinned                               WARNING AthContainers/src/copyAuxStoreThinned.cxx:138: unlocked decoration UEcorr_Pt (955) in object of type xAOD::ElectronAuxContainer_v3
2026-02-12 20:34:59,269 copyAuxStoreThinned                               WARNING AthContainers/src/copyAuxStoreThinned.cxx:138: unlocked decoration UEcorr_Pt (955) in object of type xAOD::MuonAuxContainer_v5
2026-02-12 20:34:59,289 AthMpEvtLoopMgr.SharedEvtQueueConsumer               INFO Received from the queue: event num=415 chunk size=1
2026-02-12 20:34:59,289 AthMpEvtLoopMgr.SharedEvtQueueConsumer               INFO Seek to 415 succeeded
2026-02-12 20:35:00,662 copyAuxStoreThinned                               WARNING AthContainers/src/copyAuxStoreThinned.cxx:138: unlocked decoration UEcorr_Pt (955) in object of type xAOD::ElectronAuxContainer_v3
2026-02-12 20:35:00,685 AthMpEvtLoopMgr.SharedEvtQueueConsumer               INFO Received from the queue: event num=417 chunk size=1
2026-02-12 20:35:00,686 AthMpEvtLoopMgr.SharedEvtQueueConsumer               INFO Seek to 417 succeeded
2026-02-12 20:35:02,352 copyAuxStoreThinned                               WARNING AthContainers/src/copyAuxStoreThinned.cxx:138: unlocked decoration UEcorr_Pt (955) in object of type xAOD::ElectronAuxContainer_v3
2026-02-12 20:35:02,354 copyAuxStoreThinned                               WARNING AthContainers/src/copyAuxStoreThinned.cxx:138: unlocked decoration UEcorr_Pt (955) in object of type xAOD::MuonAuxContainer_v5
2026-02-12 20:35:02,383 AthMpEvtLoopMgr.SharedEvtQueueConsumer               INFO Received from the queue: event num=420 chunk size=1
2026-02-12 20:35:02,384 AthMpEvtLoopMgr.SharedEvtQueueConsumer               INFO Seek to 420 succeeded
2026-02-12 20:35:03,787 copyAuxStoreThinned                               WARNING AthContainers/src/copyAuxStoreThinned.cxx:138: unlocked decoration UEcorr_Pt (955) in object of type xAOD::ElectronAuxContainer_v3
2026-02-12 20:35:03,788 copyAuxStoreThinned                               WARNING AthContainers/src/copyAuxStoreThinned.cxx:138: unlocked decoration UEcorr_Pt (955) in object of type xAOD::MuonAuxContainer_v5
2026-02-12 20:35:03,808 AthMpEvtLoopMgr.SharedEvtQueueConsumer               INFO Received from the queue: event num=422 chunk size=1
2026-02-12 20:35:03,809 AthMpEvtLoopMgr.SharedEvtQueueConsumer               INFO Seek to 422 succeeded
2026-02-12 20:35:05,560 copyAuxStoreThinned                               WARNING AthContainers/src/copyAuxStoreThinned.cxx:138: unlocked decoration UEcorr_Pt (955) in object of type xAOD::ElectronAuxContainer_v3
2026-02-12 20:35:05,561 copyAuxStoreThinned                               WARNING AthContainers/src/copyAuxStoreThinned.cxx:138: unlocked decoration UEcorr_Pt (955) in object of type xAOD::MuonAuxContainer_v5
2026-02-12 20:35:05,576 AthMpEvtLoopMgr.SharedEvtQueueConsumer               INFO Received from the queue: event num=424 chunk size=1
2026-02-12 20:35:05,576 AthMpEvtLoopMgr.SharedEvtQueueConsumer               INFO Seek to 424 succeeded
2026-02-12 20:35:06,677 copyAuxStoreThinned                               WARNING AthContainers/src/copyAuxStoreThinned.cxx:138: unlocked decoration UEcorr_Pt (955) in object of type xAOD::ElectronAuxContainer_v3
2026-02-12 20:35:06,679 copyAuxStoreThinned                               WARNING AthContainers/src/copyAuxStoreThinned.cxx:138: unlocked decoration UEcorr_Pt (955) in object of type xAOD::MuonAuxContainer_v5
2026-02-12 20:35:06,694 AthMpEvtLoopMgr.SharedEvtQueueConsumer               INFO Received from the queue: event num=427 chunk size=1
2026-02-12 20:35:06,694 AthMpEvtLoopMgr.SharedEvtQueueConsumer               INFO Seek to 427 succeeded
2026-02-12 20:35:07,972 copyAuxStoreThinned                               WARNING AthContainers/src/copyAuxStoreThinned.cxx:138: unlocked decoration UEcorr_Pt (955) in object of type xAOD::ElectronAuxContainer_v3
2026-02-12 20:35:07,974 copyAuxStoreThinned                               WARNING AthContainers/src/copyAuxStoreThinned.cxx:138: unlocked decoration UEcorr_Pt (955) in object of type xAOD::MuonAuxContainer_v5
2026-02-12 20:35:07,997 AthMpEvtLoopMgr.SharedEvtQueueConsumer               INFO Received from the queue: event num=428 chunk size=1
2026-02-12 20:35:07,998 AthMpEvtLoopMgr.SharedEvtQueueConsumer               INFO Seek to 428 succeeded
2026-02-12 20:35:08,897 copyAuxStoreThinned                               WARNING AthContainers/src/copyAuxStoreThinned.cxx:138: unlocked decoration UEcorr_Pt (955) in object of type xAOD::ElectronAuxContainer_v3
2026-02-12 20:35:08,899 copyAuxStoreThinned                               WARNING AthContainers/src/copyAuxStoreThinned.cxx:138: unlocked decoration UEcorr_Pt (955) in object of type xAOD::MuonAuxContainer_v5
2026-02-12 20:35:08,912 AthMpEvtLoopMgr.SharedEvtQueueConsumer               INFO Received from the queue: event num=430 chunk size=1
2026-02-12 20:35:08,912 AthMpEvtLoopMgr.SharedEvtQueueConsumer               INFO Seek to 430 succeeded
2026-02-12 20:35:10,579 copyAuxStoreThinned                               WARNING AthContainers/src/copyAuxStoreThinned.cxx:138: unlocked decoration UEcorr_Pt (955) in object of type xAOD::ElectronAuxContainer_v3
2026-02-12 20:35:10,581 copyAuxStoreThinned                               WARNING AthContainers/src/copyAuxStoreThinned.cxx:138: unlocked decoration UEcorr_Pt (955) in object of type xAOD::MuonAuxContainer_v5
2026-02-12 20:35:10,599 AthMpEvtLoopMgr.SharedEvtQueueConsumer               INFO Received from the queue: event num=432 chunk size=1
2026-02-12 20:35:10,600 AthMpEvtLoopMgr.SharedEvtQueueConsumer               INFO Seek to 432 succeeded
2026-02-12 20:35:11,697 copyAuxStoreThinned                               WARNING AthContainers/src/copyAuxStoreThinned.cxx:138: unlocked decoration UEcorr_Pt (955) in object of type xAOD::ElectronAuxContainer_v3
2026-02-12 20:35:11,698 copyAuxStoreThinned                               WARNING AthContainers/src/copyAuxStoreThinned.cxx:138: unlocked decoration UEcorr_Pt (955) in object of type xAOD::MuonAuxContainer_v5
2026-02-12 20:35:11,720 AthMpEvtLoopMgr.SharedEvtQueueConsumer               INFO Received from the queue: event num=434 chunk size=1
2026-02-12 20:35:11,721 AthMpEvtLoopMgr.SharedEvtQueueConsumer               INFO Seek to 434 succeeded
2026-02-12 20:35:12,583 copyAuxStoreThinned                               WARNING AthContainers/src/copyAuxStoreThinned.cxx:138: unlocked decoration UEcorr_Pt (955) in object of type xAOD::ElectronAuxContainer_v3
2026-02-12 20:35:12,584 copyAuxStoreThinned                               WARNING AthContainers/src/copyAuxStoreThinned.cxx:138: unlocked decoration UEcorr_Pt (955) in object of type xAOD::MuonAuxContainer_v5
2026-02-12 20:35:12,598 AthMpEvtLoopMgr.SharedEvtQueueConsumer               INFO Received from the queue: event num=435 chunk size=1
2026-02-12 20:35:12,598 AthMpEvtLoopMgr.SharedEvtQueueConsumer               INFO Seek to 435 succeeded
2026-02-12 20:35:13,679 copyAuxStoreThinned                               WARNING AthContainers/src/copyAuxStoreThinned.cxx:138: unlocked decoration UEcorr_Pt (955) in object of type xAOD::ElectronAuxContainer_v3
2026-02-12 20:35:13,681 copyAuxStoreThinned                               WARNING AthContainers/src/copyAuxStoreThinned.cxx:138: unlocked decoration UEcorr_Pt (955) in object of type xAOD::MuonAuxContainer_v5
2026-02-12 20:35:13,709 AthMpEvtLoopMgr.SharedEvtQueueConsumer               INFO Received from the queue: event num=437 chunk size=1
2026-02-12 20:35:13,709 AthMpEvtLoopMgr.SharedEvtQueueConsumer               INFO Seek to 437 succeeded
2026-02-12 20:35:14,881 copyAuxStoreThinned                               WARNING AthContainers/src/copyAuxStoreThinned.cxx:138: unlocked decoration UEcorr_Pt (955) in object of type xAOD::ElectronAuxContainer_v3
2026-02-12 20:35:14,882 copyAuxStoreThinned                               WARNING AthContainers/src/copyAuxStoreThinned.cxx:138: unlocked decoration UEcorr_Pt (955) in object of type xAOD::MuonAuxContainer_v5
2026-02-12 20:35:14,915 AthMpEvtLoopMgr.SharedEvtQueueConsumer               INFO Received from the queue: event num=439 chunk size=1
2026-02-12 20:35:14,916 AthMpEvtLoopMgr.SharedEvtQueueConsumer               INFO Seek to 439 succeeded
2026-02-12 20:35:16,166 copyAuxStoreThinned                               WARNING AthContainers/src/copyAuxStoreThinned.cxx:138: unlocked decoration UEcorr_Pt (955) in object of type xAOD::ElectronAuxContainer_v3
2026-02-12 20:35:16,186 AthMpEvtLoopMgr.SharedEvtQueueConsumer               INFO Received from the queue: event num=441 chunk size=1
2026-02-12 20:35:16,186 AthMpEvtLoopMgr.SharedEvtQueueConsumer               INFO Seek to 441 succeeded
2026-02-12 20:35:17,980 copyAuxStoreThinned                               WARNING AthContainers/src/copyAuxStoreThinned.cxx:138: unlocked decoration UEcorr_Pt (955) in object of type xAOD::ElectronAuxContainer_v3
2026-02-12 20:35:17,982 copyAuxStoreThinned                               WARNING AthContainers/src/copyAuxStoreThinned.cxx:138: unlocked decoration UEcorr_Pt (955) in object of type xAOD::MuonAuxContainer_v5
2026-02-12 20:35:18,003 AthMpEvtLoopMgr.SharedEvtQueueConsumer               INFO Received from the queue: event num=443 chunk size=1
2026-02-12 20:35:18,003 AthMpEvtLoopMgr.SharedEvtQueueConsumer               INFO Seek to 443 succeeded
2026-02-12 20:35:18,823 copyAuxStoreThinned                               WARNING AthContainers/src/copyAuxStoreThinned.cxx:138: unlocked decoration UEcorr_Pt (955) in object of type xAOD::ElectronAuxContainer_v3
2026-02-12 20:35:18,825 copyAuxStoreThinned                               WARNING AthContainers/src/copyAuxStoreThinned.cxx:138: unlocked decoration UEcorr_Pt (955) in object of type xAOD::MuonAuxContainer_v5
2026-02-12 20:35:18,835 AthMpEvtLoopMgr.SharedEvtQueueConsumer               INFO Received from the queue: event num=445 chunk size=1
2026-02-12 20:35:18,836 AthMpEvtLoopMgr.SharedEvtQueueConsumer               INFO Seek to 445 succeeded
2026-02-12 20:35:20,049 copyAuxStoreThinned                               WARNING AthContainers/src/copyAuxStoreThinned.cxx:138: unlocked decoration UEcorr_Pt (955) in object of type xAOD::ElectronAuxContainer_v3
2026-02-12 20:35:20,051 copyAuxStoreThinned                               WARNING AthContainers/src/copyAuxStoreThinned.cxx:138: unlocked decoration UEcorr_Pt (955) in object of type xAOD::MuonAuxContainer_v5
2026-02-12 20:35:20,071 AthMpEvtLoopMgr.SharedEvtQueueConsumer               INFO Received from the queue: event num=447 chunk size=1
2026-02-12 20:35:20,072 AthMpEvtLoopMgr.SharedEvtQueueConsumer               INFO Seek to 447 succeeded
2026-02-12 20:35:21,071 copyAuxStoreThinned                               WARNING AthContainers/src/copyAuxStoreThinned.cxx:138: unlocked decoration UEcorr_Pt (955) in object of type xAOD::ElectronAuxContainer_v3
2026-02-12 20:35:21,072 copyAuxStoreThinned                               WARNING AthContainers/src/copyAuxStoreThinned.cxx:138: unlocked decoration UEcorr_Pt (955) in object of type xAOD::MuonAuxContainer_v5
2026-02-12 20:35:21,084 AthMpEvtLoopMgr.SharedEvtQueueConsumer               INFO Received from the queue: event num=449 chunk size=1
2026-02-12 20:35:21,084 AthMpEvtLoopMgr.SharedEvtQueueConsumer               INFO Seek to 449 succeeded
2026-02-12 20:35:22,342 copyAuxStoreThinned                               WARNING AthContainers/src/copyAuxStoreThinned.cxx:138: unlocked decoration UEcorr_Pt (955) in object of type xAOD::ElectronAuxContainer_v3
2026-02-12 20:35:22,343 copyAuxStoreThinned                               WARNING AthContainers/src/copyAuxStoreThinned.cxx:138: unlocked decoration UEcorr_Pt (955) in object of type xAOD::MuonAuxContainer_v5
2026-02-12 20:35:22,358 AthMpEvtLoopMgr.SharedEvtQueueConsumer               INFO Received from the queue: event num=451 chunk size=1
2026-02-12 20:35:22,359 AthMpEvtLoopMgr.SharedEvtQueueConsumer               INFO Seek to 451 succeeded
2026-02-12 20:35:23,500 copyAuxStoreThinned                               WARNING AthContainers/src/copyAuxStoreThinned.cxx:138: unlocked decoration UEcorr_Pt (955) in object of type xAOD::ElectronAuxContainer_v3
2026-02-12 20:35:23,501 copyAuxStoreThinned                               WARNING AthContainers/src/copyAuxStoreThinned.cxx:138: unlocked decoration UEcorr_Pt (955) in object of type xAOD::MuonAuxContainer_v5
2026-02-12 20:35:23,517 AthMpEvtLoopMgr.SharedEvtQueueConsumer               INFO Received from the queue: event num=453 chunk size=1
2026-02-12 20:35:23,518 AthMpEvtLoopMgr.SharedEvtQueueConsumer               INFO Seek to 453 succeeded
2026-02-12 20:35:24,498 copyAuxStoreThinned                               WARNING AthContainers/src/copyAuxStoreThinned.cxx:138: unlocked decoration UEcorr_Pt (955) in object of type xAOD::ElectronAuxContainer_v3
2026-02-12 20:35:24,499 copyAuxStoreThinned                               WARNING AthContainers/src/copyAuxStoreThinned.cxx:138: unlocked decoration UEcorr_Pt (955) in object of type xAOD::MuonAuxContainer_v5
2026-02-12 20:35:24,515 AthMpEvtLoopMgr.SharedEvtQueueConsumer               INFO Received from the queue: event num=455 chunk size=1
2026-02-12 20:35:24,515 AthMpEvtLoopMgr.SharedEvtQueueConsumer               INFO Seek to 455 succeeded
2026-02-12 20:35:28,732 copyAuxStoreThinned                               WARNING AthContainers/src/copyAuxStoreThinned.cxx:138: unlocked decoration UEcorr_Pt (955) in object of type xAOD::ElectronAuxContainer_v3
2026-02-12 20:35:28,734 copyAuxStoreThinned                               WARNING AthContainers/src/copyAuxStoreThinned.cxx:138: unlocked decoration UEcorr_Pt (955) in object of type xAOD::MuonAuxContainer_v5
2026-02-12 20:35:28,774 AthMpEvtLoopMgr.SharedEvtQueueConsumer               INFO Received from the queue: event num=459 chunk size=1
2026-02-12 20:35:28,775 AthMpEvtLoopMgr.SharedEvtQueueConsumer               INFO Seek to 459 succeeded
2026-02-12 20:35:28,884 PerfMonMTSvc                                         INFO Event [  232] CPU Time: 00h04m35s, Wall Time: 00h05m40s, Vmem: 6.20 GB, Rss: 4.91 GB, Pss: 3.08 GB, Swap: 0.00 KB
2026-02-12 20:35:29,923 copyAuxStoreThinned                               WARNING AthContainers/src/copyAuxStoreThinned.cxx:138: unlocked decoration UEcorr_Pt (955) in object of type xAOD::ElectronAuxContainer_v3
2026-02-12 20:35:29,925 copyAuxStoreThinned                               WARNING AthContainers/src/copyAuxStoreThinned.cxx:138: unlocked decoration UEcorr_Pt (955) in object of type xAOD::MuonAuxContainer_v5
2026-02-12 20:35:29,943 AthMpEvtLoopMgr.SharedEvtQueueConsumer               INFO Received from the queue: event num=461 chunk size=1
2026-02-12 20:35:29,943 AthMpEvtLoopMgr.SharedEvtQueueConsumer               INFO Seek to 461 succeeded
2026-02-12 20:35:31,840 copyAuxStoreThinned                               WARNING AthContainers/src/copyAuxStoreThinned.cxx:138: unlocked decoration UEcorr_Pt (955) in object of type xAOD::ElectronAuxContainer_v3
2026-02-12 20:35:31,842 copyAuxStoreThinned                               WARNING AthContainers/src/copyAuxStoreThinned.cxx:138: unlocked decoration UEcorr_Pt (955) in object of type xAOD::MuonAuxContainer_v5
2026-02-12 20:35:31,863 AthMpEvtLoopMgr.SharedEvtQueueConsumer               INFO Received from the queue: event num=464 chunk size=1
2026-02-12 20:35:31,863 AthMpEvtLoopMgr.SharedEvtQueueConsumer               INFO Seek to 464 succeeded
2026-02-12 20:35:33,614 copyAuxStoreThinned                               WARNING AthContainers/src/copyAuxStoreThinned.cxx:138: unlocked decoration UEcorr_Pt (955) in object of type xAOD::ElectronAuxContainer_v3
2026-02-12 20:35:33,654 AthMpEvtLoopMgr.SharedEvtQueueConsumer               INFO Received from the queue: event num=467 chunk size=1
2026-02-12 20:35:33,655 AthMpEvtLoopMgr.SharedEvtQueueConsumer               INFO Seek to 467 succeeded
2026-02-12 20:35:34,489 copyAuxStoreThinned                               WARNING AthContainers/src/copyAuxStoreThinned.cxx:138: unlocked decoration UEcorr_Pt (955) in object of type xAOD::ElectronAuxContainer_v3
2026-02-12 20:35:34,501 AthMpEvtLoopMgr.SharedEvtQueueConsumer               INFO Received from the queue: event num=469 chunk size=1
2026-02-12 20:35:34,501 AthMpEvtLoopMgr.SharedEvtQueueConsumer               INFO Seek to 469 succeeded
2026-02-12 20:35:35,867 copyAuxStoreThinned                               WARNING AthContainers/src/copyAuxStoreThinned.cxx:138: unlocked decoration UEcorr_Pt (955) in object of type xAOD::ElectronAuxContainer_v3
2026-02-12 20:35:35,869 copyAuxStoreThinned                               WARNING AthContainers/src/copyAuxStoreThinned.cxx:138: unlocked decoration UEcorr_Pt (955) in object of type xAOD::MuonAuxContainer_v5
2026-02-12 20:35:35,901 AthMpEvtLoopMgr.SharedEvtQueueConsumer               INFO Received from the queue: event num=471 chunk size=1
2026-02-12 20:35:35,901 AthMpEvtLoopMgr.SharedEvtQueueConsumer               INFO Seek to 471 succeeded
2026-02-12 20:35:37,219 copyAuxStoreThinned                               WARNING AthContainers/src/copyAuxStoreThinned.cxx:138: unlocked decoration UEcorr_Pt (955) in object of type xAOD::ElectronAuxContainer_v3
2026-02-12 20:35:37,221 copyAuxStoreThinned                               WARNING AthContainers/src/copyAuxStoreThinned.cxx:138: unlocked decoration UEcorr_Pt (955) in object of type xAOD::MuonAuxContainer_v5
2026-02-12 20:35:37,234 AthMpEvtLoopMgr.SharedEvtQueueConsumer               INFO Received from the queue: event num=473 chunk size=1
2026-02-12 20:35:37,234 AthMpEvtLoopMgr.SharedEvtQueueConsumer               INFO Seek to 473 succeeded
2026-02-12 20:35:38,172 copyAuxStoreThinned                               WARNING AthContainers/src/copyAuxStoreThinned.cxx:138: unlocked decoration UEcorr_Pt (955) in object of type xAOD::ElectronAuxContainer_v3
2026-02-12 20:35:38,174 copyAuxStoreThinned                               WARNING AthContainers/src/copyAuxStoreThinned.cxx:138: unlocked decoration UEcorr_Pt (955) in object of type xAOD::MuonAuxContainer_v5
2026-02-12 20:35:38,188 AthMpEvtLoopMgr.SharedEvtQueueConsumer               INFO Received from the queue: event num=475 chunk size=1
2026-02-12 20:35:38,189 AthMpEvtLoopMgr.SharedEvtQueueConsumer               INFO Seek to 475 succeeded
2026-02-12 20:35:39,145 copyAuxStoreThinned                               WARNING AthContainers/src/copyAuxStoreThinned.cxx:138: unlocked decoration UEcorr_Pt (955) in object of type xAOD::ElectronAuxContainer_v3
2026-02-12 20:35:39,146 copyAuxStoreThinned                               WARNING AthContainers/src/copyAuxStoreThinned.cxx:138: unlocked decoration UEcorr_Pt (955) in object of type xAOD::MuonAuxContainer_v5
2026-02-12 20:35:39,162 AthMpEvtLoopMgr.SharedEvtQueueConsumer               INFO Received from the queue: event num=477 chunk size=1
2026-02-12 20:35:39,162 AthMpEvtLoopMgr.SharedEvtQueueConsumer               INFO Seek to 477 succeeded
2026-02-12 20:35:40,144 copyAuxStoreThinned                               WARNING AthContainers/src/copyAuxStoreThinned.cxx:138: unlocked decoration UEcorr_Pt (955) in object of type xAOD::ElectronAuxContainer_v3
2026-02-12 20:35:40,146 copyAuxStoreThinned                               WARNING AthContainers/src/copyAuxStoreThinned.cxx:138: unlocked decoration UEcorr_Pt (955) in object of type xAOD::MuonAuxContainer_v5
2026-02-12 20:35:40,162 AthMpEvtLoopMgr.SharedEvtQueueConsumer               INFO Received from the queue: event num=478 chunk size=1
2026-02-12 20:35:40,162 AthMpEvtLoopMgr.SharedEvtQueueConsumer               INFO Seek to 478 succeeded
2026-02-12 20:35:41,618 copyAuxStoreThinned                               WARNING AthContainers/src/copyAuxStoreThinned.cxx:138: unlocked decoration UEcorr_Pt (955) in object of type xAOD::ElectronAuxContainer_v3
2026-02-12 20:35:41,620 copyAuxStoreThinned                               WARNING AthContainers/src/copyAuxStoreThinned.cxx:138: unlocked decoration UEcorr_Pt (955) in object of type xAOD::MuonAuxContainer_v5
2026-02-12 20:35:41,641 AthMpEvtLoopMgr.SharedEvtQueueConsumer               INFO Received from the queue: event num=481 chunk size=1
2026-02-12 20:35:41,641 AthMpEvtLoopMgr.SharedEvtQueueConsumer               INFO Seek to 481 succeeded
2026-02-12 20:35:42,771 copyAuxStoreThinned                               WARNING AthContainers/src/copyAuxStoreThinned.cxx:138: unlocked decoration UEcorr_Pt (955) in object of type xAOD::ElectronAuxContainer_v3
2026-02-12 20:35:42,772 copyAuxStoreThinned                               WARNING AthContainers/src/copyAuxStoreThinned.cxx:138: unlocked decoration UEcorr_Pt (955) in object of type xAOD::MuonAuxContainer_v5
2026-02-12 20:35:42,796 AthMpEvtLoopMgr.SharedEvtQueueConsumer               INFO Received from the queue: event num=482 chunk size=1
2026-02-12 20:35:42,796 AthMpEvtLoopMgr.SharedEvtQueueConsumer               INFO Seek to 482 succeeded
2026-02-12 20:35:44,373 copyAuxStoreThinned                               WARNING AthContainers/src/copyAuxStoreThinned.cxx:138: unlocked decoration UEcorr_Pt (955) in object of type xAOD::ElectronAuxContainer_v3
2026-02-12 20:35:44,375 copyAuxStoreThinned                               WARNING AthContainers/src/copyAuxStoreThinned.cxx:138: unlocked decoration UEcorr_Pt (955) in object of type xAOD::MuonAuxContainer_v5
2026-02-12 20:35:44,389 AthMpEvtLoopMgr.SharedEvtQueueConsumer               INFO Received from the queue: event num=485 chunk size=1
2026-02-12 20:35:44,390 AthMpEvtLoopMgr.SharedEvtQueueConsumer               INFO Seek to 485 succeeded
2026-02-12 20:35:45,746 copyAuxStoreThinned                               WARNING AthContainers/src/copyAuxStoreThinned.cxx:138: unlocked decoration UEcorr_Pt (955) in object of type xAOD::ElectronAuxContainer_v3
2026-02-12 20:35:45,748 copyAuxStoreThinned                               WARNING AthContainers/src/copyAuxStoreThinned.cxx:138: unlocked decoration UEcorr_Pt (955) in object of type xAOD::MuonAuxContainer_v5
2026-02-12 20:35:45,762 AthMpEvtLoopMgr.SharedEvtQueueConsumer               INFO Received from the queue: event num=487 chunk size=1
2026-02-12 20:35:45,763 AthMpEvtLoopMgr.SharedEvtQueueConsumer               INFO Seek to 487 succeeded
2026-02-12 20:35:46,912 copyAuxStoreThinned                               WARNING AthContainers/src/copyAuxStoreThinned.cxx:138: unlocked decoration UEcorr_Pt (955) in object of type xAOD::ElectronAuxContainer_v3
2026-02-12 20:35:46,914 copyAuxStoreThinned                               WARNING AthContainers/src/copyAuxStoreThinned.cxx:138: unlocked decoration UEcorr_Pt (955) in object of type xAOD::MuonAuxContainer_v5
2026-02-12 20:35:46,938 AthMpEvtLoopMgr.SharedEvtQueueConsumer               INFO Received from the queue: event num=489 chunk size=1
2026-02-12 20:35:46,939 AthMpEvtLoopMgr.SharedEvtQueueConsumer               INFO Seek to 489 succeeded
2026-02-12 20:35:48,033 copyAuxStoreThinned                               WARNING AthContainers/src/copyAuxStoreThinned.cxx:138: unlocked decoration UEcorr_Pt (955) in object of type xAOD::ElectronAuxContainer_v3
2026-02-12 20:35:48,035 copyAuxStoreThinned                               WARNING AthContainers/src/copyAuxStoreThinned.cxx:138: unlocked decoration UEcorr_Pt (955) in object of type xAOD::MuonAuxContainer_v5
2026-02-12 20:35:48,052 AthMpEvtLoopMgr.SharedEvtQueueConsumer               INFO Received from the queue: event num=491 chunk size=1
AthMpEvtLoopMgr... WARNING INFO message limit (500) reached for AthMpEvtLoopMgr.SharedEvtQueueConsumer. Suppressing further output.
2026-02-12 20:35:49,252 copyAuxStoreThinned                               WARNING AthContainers/src/copyAuxStoreThinned.cxx:138: unlocked decoration UEcorr_Pt (955) in object of type xAOD::ElectronAuxContainer_v3
2026-02-12 20:35:49,255 copyAuxStoreThinned                               WARNING AthContainers/src/copyAuxStoreThinned.cxx:138: unlocked decoration UEcorr_Pt (955) in object of type xAOD::MuonAuxContainer_v5
2026-02-12 20:35:50,277 copyAuxStoreThinned                               WARNING AthContainers/src/copyAuxStoreThinned.cxx:138: unlocked decoration UEcorr_Pt (955) in object of type xAOD::ElectronAuxContainer_v3
2026-02-12 20:35:50,278 copyAuxStoreThinned                               WARNING AthContainers/src/copyAuxStoreThinned.cxx:138: unlocked decoration UEcorr_Pt (955) in object of type xAOD::MuonAuxContainer_v5
2026-02-12 20:35:51,580 copyAuxStoreThinned                               WARNING AthContainers/src/copyAuxStoreThinned.cxx:138: unlocked decoration UEcorr_Pt (955) in object of type xAOD::ElectronAuxContainer_v3
2026-02-12 20:35:51,583 copyAuxStoreThinned                               WARNING AthContainers/src/copyAuxStoreThinned.cxx:138: unlocked decoration UEcorr_Pt (955) in object of type xAOD::MuonAuxContainer_v5
2026-02-12 20:35:52,744 copyAuxStoreThinned                               WARNING AthContainers/src/copyAuxStoreThinned.cxx:138: unlocked decoration UEcorr_Pt (955) in object of type xAOD::ElectronAuxContainer_v3
2026-02-12 20:35:54,631 copyAuxStoreThinned                               WARNING AthContainers/src/copyAuxStoreThinned.cxx:138: unlocked decoration UEcorr_Pt (955) in object of type xAOD::ElectronAuxContainer_v3
2026-02-12 20:35:54,633 copyAuxStoreThinned                               WARNING AthContainers/src/copyAuxStoreThinned.cxx:138: unlocked decoration UEcorr_Pt (955) in object of type xAOD::MuonAuxContainer_v5
2026-02-12 20:35:56,210 copyAuxStoreThinned                               WARNING AthContainers/src/copyAuxStoreThinned.cxx:138: unlocked decoration UEcorr_Pt (955) in object of type xAOD::ElectronAuxContainer_v3
2026-02-12 20:35:56,211 copyAuxStoreThinned                               WARNING AthContainers/src/copyAuxStoreThinned.cxx:138: unlocked decoration UEcorr_Pt (955) in object of type xAOD::MuonAuxContainer_v5
2026-02-12 20:35:57,902 copyAuxStoreThinned                               WARNING AthContainers/src/copyAuxStoreThinned.cxx:138: unlocked decoration UEcorr_Pt (955) in object of type xAOD::ElectronAuxContainer_v3
2026-02-12 20:35:57,903 copyAuxStoreThinned                               WARNING AthContainers/src/copyAuxStoreThinned.cxx:138: unlocked decoration UEcorr_Pt (955) in object of type xAOD::MuonAuxContainer_v5
2026-02-12 20:35:59,133 copyAuxStoreThinned                               WARNING AthContainers/src/copyAuxStoreThinned.cxx:138: unlocked decoration UEcorr_Pt (955) in object of type xAOD::ElectronAuxContainer_v3
2026-02-12 20:35:59,134 copyAuxStoreThinned                               WARNING AthContainers/src/copyAuxStoreThinned.cxx:138: unlocked decoration UEcorr_Pt (955) in object of type xAOD::MuonAuxContainer_v5
2026-02-12 20:36:01,177 copyAuxStoreThinned                               WARNING AthContainers/src/copyAuxStoreThinned.cxx:138: unlocked decoration UEcorr_Pt (955) in object of type xAOD::ElectronAuxContainer_v3
2026-02-12 20:36:01,179 copyAuxStoreThinned                               WARNING AthContainers/src/copyAuxStoreThinned.cxx:138: unlocked decoration UEcorr_Pt (955) in object of type xAOD::MuonAuxContainer_v5
2026-02-12 20:36:02,370 copyAuxStoreThinned                               WARNING AthContainers/src/copyAuxStoreThinned.cxx:138: unlocked decoration UEcorr_Pt (955) in object of type xAOD::ElectronAuxContainer_v3
2026-02-12 20:36:03,504 copyAuxStoreThinned                               WARNING AthContainers/src/copyAuxStoreThinned.cxx:138: unlocked decoration UEcorr_Pt (955) in object of type xAOD::ElectronAuxContainer_v3
2026-02-12 20:36:04,658 copyAuxStoreThinned                               WARNING AthContainers/src/copyAuxStoreThinned.cxx:138: unlocked decoration UEcorr_Pt (955) in object of type xAOD::ElectronAuxContainer_v3
2026-02-12 20:36:04,660 copyAuxStoreThinned                               WARNING AthContainers/src/copyAuxStoreThinned.cxx:138: unlocked decoration UEcorr_Pt (955) in object of type xAOD::MuonAuxContainer_v5
2026-02-12 20:36:05,653 copyAuxStoreThinned                               WARNING AthContainers/src/copyAuxStoreThinned.cxx:138: unlocked decoration UEcorr_Pt (955) in object of type xAOD::ElectronAuxContainer_v3
2026-02-12 20:36:05,655 copyAuxStoreThinned                               WARNING AthContainers/src/copyAuxStoreThinned.cxx:138: unlocked decoration UEcorr_Pt (955) in object of type xAOD::MuonAuxContainer_v5
2026-02-12 20:36:06,737 copyAuxStoreThinned                               WARNING AthContainers/src/copyAuxStoreThinned.cxx:138: unlocked decoration UEcorr_Pt (955) in object of type xAOD::ElectronAuxContainer_v3
2026-02-12 20:36:06,739 copyAuxStoreThinned                               WARNING AthContainers/src/copyAuxStoreThinned.cxx:138: unlocked decoration UEcorr_Pt (955) in object of type xAOD::MuonAuxContainer_v5
2026-02-12 20:36:08,617 copyAuxStoreThinned                               WARNING AthContainers/src/copyAuxStoreThinned.cxx:138: unlocked decoration UEcorr_Pt (955) in object of type xAOD::ElectronAuxContainer_v3
2026-02-12 20:36:08,619 copyAuxStoreThinned                               WARNING AthContainers/src/copyAuxStoreThinned.cxx:138: unlocked decoration UEcorr_Pt (955) in object of type xAOD::MuonAuxContainer_v5
2026-02-12 20:36:10,439 copyAuxStoreThinned                               WARNING AthContainers/src/copyAuxStoreThinned.cxx:138: unlocked decoration UEcorr_Pt (955) in object of type xAOD::ElectronAuxContainer_v3
2026-02-12 20:36:10,441 copyAuxStoreThinned                               WARNING AthContainers/src/copyAuxStoreThinned.cxx:138: unlocked decoration UEcorr_Pt (955) in object of type xAOD::MuonAuxContainer_v5
2026-02-12 20:36:11,786 copyAuxStoreThinned                               WARNING AthContainers/src/copyAuxStoreThinned.cxx:138: unlocked decoration UEcorr_Pt (955) in object of type xAOD::ElectronAuxContainer_v3
2026-02-12 20:36:13,756 copyAuxStoreThinned                               WARNING AthContainers/src/copyAuxStoreThinned.cxx:138: unlocked decoration UEcorr_Pt (955) in object of type xAOD::ElectronAuxContainer_v3
2026-02-12 20:36:13,758 copyAuxStoreThinned                               WARNING AthContainers/src/copyAuxStoreThinned.cxx:138: unlocked decoration UEcorr_Pt (955) in object of type xAOD::MuonAuxContainer_v5
2026-02-12 20:36:14,731 copyAuxStoreThinned                               WARNING AthContainers/src/copyAuxStoreThinned.cxx:138: unlocked decoration UEcorr_Pt (955) in object of type xAOD::ElectronAuxContainer_v3
2026-02-12 20:36:14,732 copyAuxStoreThinned                               WARNING AthContainers/src/copyAuxStoreThinned.cxx:138: unlocked decoration UEcorr_Pt (955) in object of type xAOD::MuonAuxContainer_v5
2026-02-12 20:36:15,999 copyAuxStoreThinned                               WARNING AthContainers/src/copyAuxStoreThinned.cxx:138: unlocked decoration UEcorr_Pt (955) in object of type xAOD::ElectronAuxContainer_v3
2026-02-12 20:36:16,001 copyAuxStoreThinned                               WARNING AthContainers/src/copyAuxStoreThinned.cxx:138: unlocked decoration UEcorr_Pt (955) in object of type xAOD::MuonAuxContainer_v5
2026-02-12 20:36:17,832 copyAuxStoreThinned                               WARNING AthContainers/src/copyAuxStoreThinned.cxx:138: unlocked decoration UEcorr_Pt (955) in object of type xAOD::ElectronAuxContainer_v3
2026-02-12 20:36:17,834 copyAuxStoreThinned                               WARNING AthContainers/src/copyAuxStoreThinned.cxx:138: unlocked decoration UEcorr_Pt (955) in object of type xAOD::MuonAuxContainer_v5
2026-02-12 20:36:19,043 copyAuxStoreThinned                               WARNING AthContainers/src/copyAuxStoreThinned.cxx:138: unlocked decoration UEcorr_Pt (955) in object of type xAOD::ElectronAuxContainer_v3
2026-02-12 20:36:19,045 copyAuxStoreThinned                               WARNING AthContainers/src/copyAuxStoreThinned.cxx:138: unlocked decoration UEcorr_Pt (955) in object of type xAOD::MuonAuxContainer_v5
copyAuxStoreThi... WARNING WARNING message limit (500) reached for copyAuxStoreThinned. Suppressing further output.
2026-02-12 20:37:02,778 AthenaEventLoopMgr                                   INFO   ===>>>  start processing event #334736167, run #450000 300 events processed so far  <<<===
2026-02-12 20:37:03,849 AthenaEventLoopMgr                                   INFO   ===>>>  done processing event #334736167, run #450000 301 events processed so far  <<<===
2026-02-12 20:37:17,599 MuonRemovalTauAODReRecoAlg.MuonRemoval            WARNING the clusters in the lepton cannot be converted to CaloCalTopoClusters, the ID is 
2026-02-12 20:39:24,063 AthenaEventLoopMgr                                   INFO   ===>>>  start processing event #334736355, run #450000 400 events processed so far  <<<===
2026-02-12 20:39:25,710 AthenaEventLoopMgr                                   INFO   ===>>>  done processing event #334736355, run #450000 401 events processed so far  <<<===
WARNING from FastJet: ClusterSequenceAreaBase::get_median_rho_and_sigma(...): the estimated empty area is suspiciously large and negative and may lead to an over-estimation of rho. This may be due to (i) a rare statistical fluctuation or (ii) too small a range used to estimate the background properties.
WARNING from FastJet: ClusterSequenceAreaBase::get_median_rho_and_sigma(...): the estimated empty area is suspiciously large and negative and may lead to an over-estimation of rho. This may be due to (i) a rare statistical fluctuation or (ii) too small a range used to estimate the background properties.
WARNING from FastJet: ClusterSequenceAreaBase::get_median_rho_and_sigma(...): the estimated empty area is suspiciously large and negative and may lead to an over-estimation of rho. This may be due to (i) a rare statistical fluctuation or (ii) too small a range used to estimate the background properties. (LAST SUCH WARNING)
2026-02-12 20:41:51,642 ToolSvc.BookkeeperTool                               INFO Successfully copied CutBookkeepers to the output MetaDataStore
2026-02-12 20:41:58,763 /eos/home-b/bkamgama/draft/Run_sleep_10000/...root   INFO Database being retired...
2026-02-12 20:41:59,221 /eos/home-b/bkamgama/draft/Run_sleep_10000/...root   INFO ->  Deaccess DbDatabase   READ      [ROOT_All] AA21FB28-2672-434E-9813-0D7BE842151D
2026-02-12 20:41:59,453 TParallelMergingFile::UploadAndReset                 INFO Connected to fastMergeServer version 1 with index 1

2026-02-12 20:41:59,481 DAOD_PHYS.DAOD.pool.root?pmerge=localhost:5000       INFO Database being retired...
2026-02-12 20:42:04,377 DAOD_PHYS.DAOD.pool.root?pmerge=localhost:5000       INFO ->  Deaccess DbDatabase   CREATE    [ROOT_All] 55CDEFD0-0849-11F1-AA6A-F688172E65E7
2026-02-12 20:42:04,377 Domain[ROOT_All]                                     INFO >   Deaccess DbDomain     READ      [ROOT_All]
2026-02-12 20:42:04,378 AthenaPoolSharedIOCnvSvc.OutputStreamingTool         INFO in stop()
2026-02-12 20:42:04,378 AthenaPoolSharedIOCnvSvc.OutputStreamingTool         INFO Client stop() inform Server: 2
2026-02-12 20:42:04,500 ApplicationMgr                                       INFO Application Manager Stopped successfully
2026-02-12 20:42:04,628 CondInputLoader                                      INFO Finalizing CondInputLoader...
2026-02-12 20:42:04,629 MCTruthClassificationKernel                          INFO ============================================================================
2026-02-12 20:42:04,629 MCTruthClassificationKernel                          INFO  The following CP tools were called by MCTruthClassificationKernel for the whole train:
2026-02-12 20:42:04,629 MCTruthClassificationKernel                          INFO ToolSvc.DFCommonTruthClassificationTool
2026-02-12 20:42:04,629 MCTruthClassificationKernel                          INFO ============================================================================
2026-02-12 20:42:04,629 PhysCommonTruthCharmKernel                           INFO ============================================================================
2026-02-12 20:42:04,629 PhysCommonTruthCharmKernel                           INFO  The following CP tools were called by PhysCommonTruthCharmKernel for the whole train:
2026-02-12 20:42:04,629 PhysCommonTruthCharmKernel                           INFO ToolSvc.PhysCommonTruthCharmTool
2026-02-12 20:42:04,629 PhysCommonTruthCharmKernel                           INFO ============================================================================
2026-02-12 20:42:04,630 MCTruthCommonHFAndDecaysKernel                       INFO ============================================================================
2026-02-12 20:42:04,630 MCTruthCommonHFAndDecaysKernel                       INFO  The following CP tools were called by MCTruthCommonHFAndDecaysKernel for the whole train:
2026-02-12 20:42:04,630 MCTruthCommonHFAndDecaysKernel                       INFO ToolSvc.DFCommonHFAndDecaysTool
2026-02-12 20:42:04,630 MCTruthCommonHFAndDecaysKernel                       INFO ============================================================================
2026-02-12 20:42:04,630 DFCommonTruthMetaDataWriterKernel                    INFO ============================================================================
2026-02-12 20:42:04,630 DFCommonTruthMetaDataWriterKernel                    INFO  The following CP tools were called by DFCommonTruthMetaDataWriterKernel for the whole train:
2026-02-12 20:42:04,630 DFCommonTruthMetaDataWriterKernel                    INFO ToolSvc.DFCommonTruthMetaDataWriter
2026-02-12 20:42:04,630 DFCommonTruthMetaDataWriterKernel                    INFO ============================================================================
2026-02-12 20:42:04,630 MCTruthCommonPreJetKernelNo1                         INFO ============================================================================
2026-02-12 20:42:04,630 MCTruthCommonPreJetKernelNo1                         INFO  The following CP tools were called by MCTruthCommonPreJetKernelNo1 for the whole train:
2026-02-12 20:42:04,630 MCTruthCommonPreJetKernelNo1                         INFO ToolSvc.DFCommonTruthMuonTool
2026-02-12 20:42:04,630 MCTruthCommonPreJetKernelNo1                         INFO ============================================================================
2026-02-12 20:42:04,630 MCTruthCommonPreJetKernelNo2                         INFO ============================================================================
2026-02-12 20:42:04,630 MCTruthCommonPreJetKernelNo2                         INFO  The following CP tools were called by MCTruthCommonPreJetKernelNo2 for the whole train:
2026-02-12 20:42:04,630 MCTruthCommonPreJetKernelNo2                         INFO ToolSvc.DFCommonTruthElectronTool
2026-02-12 20:42:04,630 MCTruthCommonPreJetKernelNo2                         INFO ============================================================================
2026-02-12 20:42:04,630 MCTruthCommonPreJetKernelNo3                         INFO ============================================================================
2026-02-12 20:42:04,630 MCTruthCommonPreJetKernelNo3                         INFO  The following CP tools were called by MCTruthCommonPreJetKernelNo3 for the whole train:
2026-02-12 20:42:04,630 MCTruthCommonPreJetKernelNo3                         INFO ToolSvc.DFCommonTruthPhotonToolSim
2026-02-12 20:42:04,630 MCTruthCommonPreJetKernelNo3                         INFO ============================================================================
2026-02-12 20:42:04,631 MCTruthCommonPreJetKernelNo4                         INFO ============================================================================
2026-02-12 20:42:04,631 MCTruthCommonPreJetKernelNo4                         INFO  The following CP tools were called by MCTruthCommonPreJetKernelNo4 for the whole train:
2026-02-12 20:42:04,631 MCTruthCommonPreJetKernelNo4                         INFO ToolSvc.DFCommonTruthNeutrinoTool
2026-02-12 20:42:04,631 MCTruthCommonPreJetKernelNo4                         INFO ============================================================================
2026-02-12 20:42:04,631 MCTruthCommonPreJetKernelNo5                         INFO ============================================================================
2026-02-12 20:42:04,631 MCTruthCommonPreJetKernelNo5                         INFO  The following CP tools were called by MCTruthCommonPreJetKernelNo5 for the whole train:
2026-02-12 20:42:04,631 MCTruthCommonPreJetKernelNo5                         INFO ToolSvc.DFCommonTruthBottomTool
2026-02-12 20:42:04,631 MCTruthCommonPreJetKernelNo5                         INFO ============================================================================
2026-02-12 20:42:04,631 MCTruthCommonPreJetKernelNo6                         INFO ============================================================================
2026-02-12 20:42:04,631 MCTruthCommonPreJetKernelNo6                         INFO  The following CP tools were called by MCTruthCommonPreJetKernelNo6 for the whole train:
2026-02-12 20:42:04,631 MCTruthCommonPreJetKernelNo6                         INFO ToolSvc.DFCommonTruthTopTool
2026-02-12 20:42:04,631 MCTruthCommonPreJetKernelNo6                         INFO ============================================================================
2026-02-12 20:42:04,631 MCTruthCommonPreJetKernelNo7                         INFO ============================================================================
2026-02-12 20:42:04,631 MCTruthCommonPreJetKernelNo7                         INFO  The following CP tools were called by MCTruthCommonPreJetKernelNo7 for the whole train:
2026-02-12 20:42:04,631 MCTruthCommonPreJetKernelNo7                         INFO ToolSvc.DFCommonTruthBosonTool
2026-02-12 20:42:04,631 MCTruthCommonPreJetKernelNo7                         INFO ============================================================================
2026-02-12 20:42:04,631 MCTruthCommonPreJetKernelNo8                         INFO ============================================================================
2026-02-12 20:42:04,631 MCTruthCommonPreJetKernelNo8                         INFO  The following CP tools were called by MCTruthCommonPreJetKernelNo8 for the whole train:
2026-02-12 20:42:04,631 MCTruthCommonPreJetKernelNo8                         INFO ToolSvc.DFCommonTruthBSMTool
2026-02-12 20:42:04,631 MCTruthCommonPreJetKernelNo8                         INFO ============================================================================
2026-02-12 20:42:04,631 MCTruthCommonPreJetKernelNo9                         INFO ============================================================================
2026-02-12 20:42:04,632 MCTruthCommonPreJetKernelNo9                         INFO  The following CP tools were called by MCTruthCommonPreJetKernelNo9 for the whole train:
2026-02-12 20:42:04,632 MCTruthCommonPreJetKernelNo9                         INFO ToolSvc.DFCommonTruthElectronIsolationTool1
2026-02-12 20:42:04,632 MCTruthCommonPreJetKernelNo9                         INFO ============================================================================
2026-02-12 20:42:04,632 MCTruthCommonPreJetKernelNo10                        INFO ============================================================================
2026-02-12 20:42:04,632 MCTruthCommonPreJetKernelNo10                        INFO  The following CP tools were called by MCTruthCommonPreJetKernelNo10 for the whole train:
2026-02-12 20:42:04,632 MCTruthCommonPreJetKernelNo10                        INFO ToolSvc.DFCommonTruthElectronIsolationTool2
2026-02-12 20:42:04,632 MCTruthCommonPreJetKernelNo10                        INFO ============================================================================
2026-02-12 20:42:04,632 MCTruthCommonPreJetKernelNo11                        INFO ============================================================================
2026-02-12 20:42:04,632 MCTruthCommonPreJetKernelNo11                        INFO  The following CP tools were called by MCTruthCommonPreJetKernelNo11 for the whole train:
2026-02-12 20:42:04,632 MCTruthCommonPreJetKernelNo11                        INFO ToolSvc.DFCommonTruthMuonIsolationTool1
2026-02-12 20:42:04,632 MCTruthCommonPreJetKernelNo11                        INFO ============================================================================
2026-02-12 20:42:04,632 MCTruthCommonPreJetKernelNo12                        INFO ============================================================================
2026-02-12 20:42:04,632 MCTruthCommonPreJetKernelNo12                        INFO  The following CP tools were called by MCTruthCommonPreJetKernelNo12 for the whole train:
2026-02-12 20:42:04,632 MCTruthCommonPreJetKernelNo12                        INFO ToolSvc.DFCommonTruthMuonIsolationTool2
2026-02-12 20:42:04,632 MCTruthCommonPreJetKernelNo12                        INFO ============================================================================
2026-02-12 20:42:04,632 MCTruthCommonPreJetKernelNo13                        INFO ============================================================================
2026-02-12 20:42:04,632 MCTruthCommonPreJetKernelNo13                        INFO  The following CP tools were called by MCTruthCommonPreJetKernelNo13 for the whole train:
2026-02-12 20:42:04,632 MCTruthCommonPreJetKernelNo13                        INFO ToolSvc.DFCommonTruthPhotonIsolationTool1
2026-02-12 20:42:04,632 MCTruthCommonPreJetKernelNo13                        INFO ============================================================================
2026-02-12 20:42:04,632 MCTruthCommonPreJetKernelNo14                        INFO ============================================================================
2026-02-12 20:42:04,632 MCTruthCommonPreJetKernelNo14                        INFO  The following CP tools were called by MCTruthCommonPreJetKernelNo14 for the whole train:
2026-02-12 20:42:04,632 MCTruthCommonPreJetKernelNo14                        INFO ToolSvc.DFCommonTruthPhotonIsolationTool2
2026-02-12 20:42:04,633 MCTruthCommonPreJetKernelNo14                        INFO ============================================================================
2026-02-12 20:42:04,633 MCTruthCommonPreJetKernelNo15                        INFO ============================================================================
2026-02-12 20:42:04,633 MCTruthCommonPreJetKernelNo15                        INFO  The following CP tools were called by MCTruthCommonPreJetKernelNo15 for the whole train:
2026-02-12 20:42:04,633 MCTruthCommonPreJetKernelNo15                        INFO ToolSvc.DFCommonTruthPhotonIsolationTool3
2026-02-12 20:42:04,633 MCTruthCommonPreJetKernelNo15                        INFO ============================================================================
2026-02-12 20:42:04,633 MCTruthCommonPreJetKernelNo16                        INFO ============================================================================
2026-02-12 20:42:04,633 MCTruthCommonPreJetKernelNo16                        INFO  The following CP tools were called by MCTruthCommonPreJetKernelNo16 for the whole train:
2026-02-12 20:42:04,633 MCTruthCommonPreJetKernelNo16                        INFO ToolSvc.DFCommonTruthForwardProtonTool
2026-02-12 20:42:04,633 MCTruthCommonPreJetKernelNo16                        INFO ============================================================================
2026-02-12 20:42:04,633 MCTruthCommonPreJetKernelNo17                        INFO ============================================================================
2026-02-12 20:42:04,633 MCTruthCommonPreJetKernelNo17                        INFO  The following CP tools were called by MCTruthCommonPreJetKernelNo17 for the whole train:
2026-02-12 20:42:04,633 MCTruthCommonPreJetKernelNo17                        INFO ToolSvc.DFCommonTruthElectronDressingTool
2026-02-12 20:42:04,633 MCTruthCommonPreJetKernelNo17                        INFO ============================================================================
2026-02-12 20:42:04,633 MCTruthCommonPreJetKernelNo18                        INFO ============================================================================
2026-02-12 20:42:04,633 MCTruthCommonPreJetKernelNo18                        INFO  The following CP tools were called by MCTruthCommonPreJetKernelNo18 for the whole train:
2026-02-12 20:42:04,633 MCTruthCommonPreJetKernelNo18                        INFO ToolSvc.DFCommonTruthMuonDressingTool
2026-02-12 20:42:04,633 MCTruthCommonPreJetKernelNo18                        INFO ============================================================================
2026-02-12 20:42:04,634 TauTruthCommonKernel2                                INFO ============================================================================
2026-02-12 20:42:04,635 TauTruthCommonKernel2                                INFO  The following CP tools were called by TauTruthCommonKernel2 for the whole train:
2026-02-12 20:42:04,635 TauTruthCommonKernel2                                INFO ToolSvc.DFCommonTauJetsTruthMatchingWrapper
2026-02-12 20:42:04,635 TauTruthCommonKernel2                                INFO ============================================================================
2026-02-12 20:42:04,635 MCTruthCommonPostJetKernelNo1                        INFO ============================================================================
2026-02-12 20:42:04,635 MCTruthCommonPostJetKernelNo1                        INFO  The following CP tools were called by MCTruthCommonPostJetKernelNo1 for the whole train:
2026-02-12 20:42:04,635 MCTruthCommonPostJetKernelNo1                        INFO ToolSvc.DFCommonTruthTauDressingTool
2026-02-12 20:42:04,635 MCTruthCommonPostJetKernelNo1                        INFO ============================================================================
2026-02-12 20:42:04,635 MCTruthCommonPostJetKernelNo2                        INFO ============================================================================
2026-02-12 20:42:04,635 MCTruthCommonPostJetKernelNo2                        INFO  The following CP tools were called by MCTruthCommonPostJetKernelNo2 for the whole train:
2026-02-12 20:42:04,635 MCTruthCommonPostJetKernelNo2                        INFO ToolSvc.DFCommonTruthGenFilt
2026-02-12 20:42:04,635 MCTruthCommonPostJetKernelNo2                        INFO ============================================================================
2026-02-12 20:42:04,635 MCTruthCommonPostJetKernelNo3                        INFO ============================================================================
2026-02-12 20:42:04,635 MCTruthCommonPostJetKernelNo3                        INFO  The following CP tools were called by MCTruthCommonPostJetKernelNo3 for the whole train:
2026-02-12 20:42:04,635 MCTruthCommonPostJetKernelNo3                        INFO ToolSvc.DFCommonTruthDressedWZQGLabelTool
2026-02-12 20:42:04,635 MCTruthCommonPostJetKernelNo3                        INFO ============================================================================
2026-02-12 20:42:04,635 MCTruthNavigationDecoratorKernel                     INFO ============================================================================
2026-02-12 20:42:04,635 MCTruthNavigationDecoratorKernel                     INFO  The following CP tools were called by MCTruthNavigationDecoratorKernel for the whole train:
2026-02-12 20:42:04,635 MCTruthNavigationDecoratorKernel                     INFO ToolSvc.DFCommonTruthNavigationDecorator
2026-02-12 20:42:04,635 MCTruthNavigationDecoratorKernel                     INFO ============================================================================
2026-02-12 20:42:04,635 MCTruthCommonBosonsAndDecaysKernel                   INFO ============================================================================
2026-02-12 20:42:04,635 MCTruthCommonBosonsAndDecaysKernel                   INFO  The following CP tools were called by MCTruthCommonBosonsAndDecaysKernel for the whole train:
2026-02-12 20:42:04,636 MCTruthCommonBosonsAndDecaysKernel                   INFO ToolSvc.DFCommonBosonsAndDecaysTool
2026-02-12 20:42:04,636 MCTruthCommonBosonsAndDecaysKernel                   INFO ============================================================================
2026-02-12 20:42:04,636 MCTruthCommonBSMAndDecaysKernel                      INFO ============================================================================
2026-02-12 20:42:04,636 MCTruthCommonBSMAndDecaysKernel                      INFO  The following CP tools were called by MCTruthCommonBSMAndDecaysKernel for the whole train:
2026-02-12 20:42:04,636 MCTruthCommonBSMAndDecaysKernel                      INFO ToolSvc.DFCommonBSMAndDecaysTool
2026-02-12 20:42:04,636 MCTruthCommonBSMAndDecaysKernel                      INFO ============================================================================
2026-02-12 20:42:04,636 MCTruthCommonBornLeptonsKernel                       INFO ============================================================================
2026-02-12 20:42:04,636 MCTruthCommonBornLeptonsKernel                       INFO  The following CP tools were called by MCTruthCommonBornLeptonsKernel for the whole train:
2026-02-12 20:42:04,636 MCTruthCommonBornLeptonsKernel                       INFO ToolSvc.DFCommonBornLeptonCollTool
2026-02-12 20:42:04,636 MCTruthCommonBornLeptonsKernel                       INFO ============================================================================
2026-02-12 20:42:04,636 MiniCollectionTruthLinkKernelNo1                     INFO ============================================================================
2026-02-12 20:42:04,636 MiniCollectionTruthLinkKernelNo1                     INFO  The following CP tools were called by MiniCollectionTruthLinkKernelNo1 for the whole train:
2026-02-12 20:42:04,636 MiniCollectionTruthLinkKernelNo1                     INFO ToolSvc.ElMiniCollectionTruthLinkTool
2026-02-12 20:42:04,636 MiniCollectionTruthLinkKernelNo1                     INFO ============================================================================
2026-02-12 20:42:04,636 MiniCollectionTruthLinkKernelNo2                     INFO ============================================================================
2026-02-12 20:42:04,636 MiniCollectionTruthLinkKernelNo2                     INFO  The following CP tools were called by MiniCollectionTruthLinkKernelNo2 for the whole train:
2026-02-12 20:42:04,636 MiniCollectionTruthLinkKernelNo2                     INFO ToolSvc.PhMiniCollectionTruthLinkTool
2026-02-12 20:42:04,636 MiniCollectionTruthLinkKernelNo2                     INFO ============================================================================
2026-02-12 20:42:04,636 MiniCollectionTruthLinkKernelNo3                     INFO ============================================================================
2026-02-12 20:42:04,636 MiniCollectionTruthLinkKernelNo3                     INFO  The following CP tools were called by MiniCollectionTruthLinkKernelNo3 for the whole train:
2026-02-12 20:42:04,636 MiniCollectionTruthLinkKernelNo3                     INFO ToolSvc.MuMiniCollectionTruthLinkTool
2026-02-12 20:42:04,636 MiniCollectionTruthLinkKernelNo3                     INFO ============================================================================
2026-02-12 20:42:04,637 MCTruthCommonTruthPVCollKernel                       INFO ============================================================================
2026-02-12 20:42:04,637 MCTruthCommonTruthPVCollKernel                       INFO  The following CP tools were called by MCTruthCommonTruthPVCollKernel for the whole train:
2026-02-12 20:42:04,637 MCTruthCommonTruthPVCollKernel                       INFO ToolSvc.DFCommonTruthPVCollTool
2026-02-12 20:42:04,637 MCTruthCommonTruthPVCollKernel                       INFO ============================================================================
2026-02-12 20:42:04,637 DFCommonHSDecorator                                  INFO ============================================================================
2026-02-12 20:42:04,637 DFCommonHSDecorator                                  INFO  The following CP tools were called by DFCommonHSDecorator for the whole train:
2026-02-12 20:42:04,637 DFCommonHSDecorator                                  INFO ToolSvc.HardScatterDecorTool
2026-02-12 20:42:04,637 DFCommonHSDecorator                                  INFO ============================================================================
2026-02-12 20:42:04,637 InDetCommonKernelDFCommonTrackSelection              INFO ============================================================================
2026-02-12 20:42:04,637 InDetCommonKernelDFCommonTrackSelection              INFO  The following CP tools were called by InDetCommonKernelDFCommonTrackSelection for the whole train:
2026-02-12 20:42:04,637 InDetCommonKernelDFCommonTrackSelection              INFO ToolSvc.DFCommonTrackSelection
2026-02-12 20:42:04,637 InDetCommonKernelDFCommonTrackSelection              INFO ============================================================================
2026-02-12 20:42:04,637 InDetCommonKernelDFCommonZ0AtPV                      INFO ============================================================================
2026-02-12 20:42:04,637 InDetCommonKernelDFCommonZ0AtPV                      INFO  The following CP tools were called by InDetCommonKernelDFCommonZ0AtPV for the whole train:
2026-02-12 20:42:04,637 InDetCommonKernelDFCommonZ0AtPV                      INFO ToolSvc.DFCommonZ0AtPV
2026-02-12 20:42:04,637 InDetCommonKernelDFCommonZ0AtPV                      INFO ============================================================================
2026-02-12 20:42:04,637 InDetCommonKernelDFCommonUsedInFitDecorator          INFO ============================================================================
2026-02-12 20:42:04,637 InDetCommonKernelDFCommonUsedInFitDecorator          INFO  The following CP tools were called by InDetCommonKernelDFCommonUsedInFitDecorator for the whole train:
2026-02-12 20:42:04,637 InDetCommonKernelDFCommonUsedInFitDecorator          INFO ToolSvc.DFCommonUsedInFitDecorator
2026-02-12 20:42:04,637 InDetCommonKernelDFCommonUsedInFitDecorator          INFO ============================================================================
2026-02-12 20:42:04,637 DFCommonMuonsKernel                                  INFO ============================================================================
2026-02-12 20:42:04,637 DFCommonMuonsKernel                                  INFO  The following CP tools were called by DFCommonMuonsKernel for the whole train:
2026-02-12 20:42:04,638 DFCommonMuonsKernel                                  INFO ToolSvc.DFCommonMuonToolWrapperIDCuts
2026-02-12 20:42:04,638 DFCommonMuonsKernel                                  INFO ToolSvc.DFCommonMuonToolWrapperPreselection
2026-02-12 20:42:04,638 DFCommonMuonsKernel                                  INFO ============================================================================
2026-02-12 20:42:04,638 IsolationBuilderNonpro...All_MaxWeightLooseCone500   INFO Finalizing IsolationBuilderNonprompt_All_MaxWeightLooseCone500...
2026-02-12 20:42:04,638 IsolationBuilderNonprompt_All_MaxWeight500           INFO Finalizing IsolationBuilderNonprompt_All_MaxWeight500...
2026-02-12 20:42:04,638 IsolationBuilderNonpro...ll_MaxWeightLooseCone1000   INFO Finalizing IsolationBuilderNonprompt_All_MaxWeightLooseCone1000...
2026-02-12 20:42:04,638 IsolationBuilderNonprompt_All_MaxWeight1000          INFO Finalizing IsolationBuilderNonprompt_All_MaxWeight1000...
2026-02-12 20:42:04,638 EGammaCommonKernel                                   INFO ============================================================================
2026-02-12 20:42:04,638 EGammaCommonKernel                                   INFO  The following CP tools were called by EGammaCommonKernel for the whole train:
2026-02-12 20:42:04,638 EGammaCommonKernel                                   INFO ToolSvc.DFCommonPhotonsDirection
2026-02-12 20:42:04,638 EGammaCommonKernel                                   INFO ToolSvc.ElectronPassLHVeryLoose
2026-02-12 20:42:04,638 EGammaCommonKernel                                   INFO ToolSvc.ElectronPassLHLoose
2026-02-12 20:42:04,638 EGammaCommonKernel                                   INFO ToolSvc.ElectronPassLHLooseBL
2026-02-12 20:42:04,638 EGammaCommonKernel                                   INFO ToolSvc.ElectronPassLHMedium
2026-02-12 20:42:04,638 EGammaCommonKernel                                   INFO ToolSvc.ElectronPassLHTight
2026-02-12 20:42:04,638 EGammaCommonKernel                                   INFO ToolSvc.ElectronPassDNNLoose
2026-02-12 20:42:04,638 EGammaCommonKernel                                   INFO ToolSvc.ElectronPassDNNMedium
2026-02-12 20:42:04,639 EGammaCommonKernel                                   INFO ToolSvc.ElectronPassDNNTight
2026-02-12 20:42:04,639 EGammaCommonKernel                                   INFO ToolSvc.ElectronPassDNNVeryLooseNoCF97
2026-02-12 20:42:04,639 EGammaCommonKernel                                   INFO ToolSvc.ElectronPassDNNLooseNoCF
2026-02-12 20:42:04,639 EGammaCommonKernel                                   INFO ToolSvc.ElectronPassDNNMediumNoCF
2026-02-12 20:42:04,639 EGammaCommonKernel                                   INFO ToolSvc.ElectronPassDNNTightNoCF
2026-02-12 20:42:04,639 EGammaCommonKernel                                   INFO ToolSvc.PhotonPassIsEMLoose
2026-02-12 20:42:04,639 EGammaCommonKernel                                   INFO ToolSvc.PhotonPassIsEMMedium
2026-02-12 20:42:04,639 EGammaCommonKernel                                   INFO ToolSvc.PhotonPassIsEMTight
2026-02-12 20:42:04,639 EGammaCommonKernel                                   INFO ToolSvc.PhotonPassCleaning
2026-02-12 20:42:04,639 EGammaCommonKernel                                   INFO ToolSvc.ElectronAdditionnalAmbiguity
2026-02-12 20:42:04,639 EGammaCommonKernel                                   INFO ToolSvc.ElectronPassECIDS
2026-02-12 20:42:04,639 EGammaCommonKernel                                   INFO ToolSvc.ForwardElectronPassLHLoose
2026-02-12 20:42:04,639 EGammaCommonKernel                                   INFO ToolSvc.ForwardElectronPassLHMedium
2026-02-12 20:42:04,639 EGammaCommonKernel                                   INFO ToolSvc.ForwardElectronPassLHTight
2026-02-12 20:42:04,639 EGammaCommonKernel                                   INFO ToolSvc.DerivationFramework::EGammaClusterCoreCellRecovery
2026-02-12 20:42:04,639 EGammaCommonKernel                                   INFO ToolSvc.BkgElectronClassificationTool
2026-02-12 20:42:04,639 EGammaCommonKernel                                   INFO ToolSvc.TruthEgetIsolationTool
2026-02-12 20:42:04,639 EGammaCommonKernel                                   INFO ToolSvc.TruthEgptIsolationTool
2026-02-12 20:42:04,639 EGammaCommonKernel                                   INFO ============================================================================
2026-02-12 20:42:04,639 PFlowIsolationBuilder                                INFO Finalizing PFlowIsolationBuilder...
2026-02-12 20:42:04,641 BadBatmanAugmentation                                INFO ============================================================================
2026-02-12 20:42:04,641 BadBatmanAugmentation                                INFO  The following CP tools were called by BadBatmanAugmentation for the whole train:
2026-02-12 20:42:04,641 BadBatmanAugmentation                                INFO ToolSvc.BadBatmanAugmentationTool
2026-02-12 20:42:04,641 BadBatmanAugmentation                                INFO ============================================================================
2026-02-12 20:42:04,641 DistanceInTrainAugmentation                          INFO ============================================================================
2026-02-12 20:42:04,641 DistanceInTrainAugmentation                          INFO  The following CP tools were called by DistanceInTrainAugmentation for the whole train:
2026-02-12 20:42:04,641 DistanceInTrainAugmentation                          INFO ToolSvc.DistanceInTrainAugmentationTool
2026-02-12 20:42:04,641 DistanceInTrainAugmentation                          INFO ============================================================================
2026-02-12 20:42:04,641 TauJets_TauIDDecorKernel                             INFO ============================================================================
2026-02-12 20:42:04,641 TauJets_TauIDDecorKernel                             INFO  The following CP tools were called by TauJets_TauIDDecorKernel for the whole train:
2026-02-12 20:42:04,641 TauJets_TauIDDecorKernel                             INFO ToolSvc.TauJets_TauIDDecoratorWrapper
2026-02-12 20:42:04,641 TauJets_TauIDDecorKernel                             INFO ============================================================================
2026-02-12 20:42:04,641 TauRNNLooseAugmentationKernel                        INFO ============================================================================
2026-02-12 20:42:04,641 TauRNNLooseAugmentationKernel                        INFO  The following CP tools were called by TauRNNLooseAugmentationKernel for the whole train:
2026-02-12 20:42:04,641 TauRNNLooseAugmentationKernel                        INFO ToolSvc.TauRNNLooseWrapper
2026-02-12 20:42:04,641 TauRNNLooseAugmentationKernel                        INFO ============================================================================
2026-02-12 20:42:04,642 DFCommonMuonsKernel2                                 INFO ============================================================================
2026-02-12 20:42:04,642 DFCommonMuonsKernel2                                 INFO  The following CP tools were called by DFCommonMuonsKernel2 for the whole train:
2026-02-12 20:42:04,642 DFCommonMuonsKernel2                                 INFO ToolSvc.MuonJetDrTool
2026-02-12 20:42:04,642 DFCommonMuonsKernel2                                 INFO ============================================================================
2026-02-12 20:42:04,642 DiTauLowPtBuilder                                    INFO Finalizing DiTauLowPtBuilder...
2026-02-12 20:42:04,642 TauJets_MuonRM_TauIDDecorKernel                      INFO ============================================================================
2026-02-12 20:42:04,642 TauJets_MuonRM_TauIDDecorKernel                      INFO  The following CP tools were called by TauJets_MuonRM_TauIDDecorKernel for the whole train:
2026-02-12 20:42:04,642 TauJets_MuonRM_TauIDDecorKernel                      INFO ToolSvc.TauJets_MuonRM_TauIDDecoratorWrapper
2026-02-12 20:42:04,642 TauJets_MuonRM_TauIDDecorKernel                      INFO ============================================================================
2026-02-12 20:42:04,642 DiTauIDDecorKernel                                   INFO ============================================================================
2026-02-12 20:42:04,642 DiTauIDDecorKernel                                   INFO  The following CP tools were called by DiTauIDDecorKernel for the whole train:
2026-02-12 20:42:04,642 DiTauIDDecorKernel                                   INFO ToolSvc.DiTauIDDecoratorWrapper
2026-02-12 20:42:04,642 DiTauIDDecorKernel                                   INFO ============================================================================
2026-02-12 20:42:04,643 DiTauJets_DiTauIDDecorKernel                         INFO ============================================================================
2026-02-12 20:42:04,643 DiTauJets_DiTauIDDecorKernel                         INFO  The following CP tools were called by DiTauJets_DiTauIDDecorKernel for the whole train:
2026-02-12 20:42:04,643 DiTauJets_DiTauIDDecorKernel                         INFO ToolSvc.DiTauJets_DiTauChargeDecorator
2026-02-12 20:42:04,643 DiTauJets_DiTauIDDecorKernel                         INFO ============================================================================
2026-02-12 20:42:04,643 DiTauJetsLowPt_DiTauIDDecorKernel                    INFO ============================================================================
2026-02-12 20:42:04,643 DiTauJetsLowPt_DiTauIDDecorKernel                    INFO  The following CP tools were called by DiTauJetsLowPt_DiTauIDDecorKernel for the whole train:
2026-02-12 20:42:04,643 DiTauJetsLowPt_DiTauIDDecorKernel                    INFO ToolSvc.DiTauJetsLowPt_DiTauChargeDecorator
2026-02-12 20:42:04,643 DiTauJetsLowPt_DiTauIDDecorKernel                    INFO ============================================================================
2026-02-12 20:42:04,644 PHYSKernel                                           INFO ============================================================================
2026-02-12 20:42:04,644 PHYSKernel                                           INFO || SUMMARY OF THE DERIVATION FRAMEWORK KERNEL WITH NAME PHYSKernel || 
2026-02-12 20:42:04,644 PHYSKernel                                           INFO ============================================================================
2026-02-12 20:42:04,644 PHYSKernel                                           INFO ============================================================================
2026-02-12 20:42:04,644 PHYSKernel                                           INFO Events analyzed: 499
2026-02-12 20:42:04,644 PHYSKernel                                           INFO Events accepted: 499
2026-02-12 20:42:04,644 PHYSKernel                                           INFO ============================================================================
2026-02-12 20:42:04,644 FourLeptonVertexAlg                                  INFO Proccessed in total 499 events. Lepton multiplicities observed:
2026-02-12 20:42:04,644 FourLeptonVertexAlg                                  INFO     ---- Events with 0 leptons: 284 (elec/muon) 321/438 (56.9138%)
2026-02-12 20:42:04,644 FourLeptonVertexAlg                                  INFO     ---- Events with 1 leptons: 166 (elec/muon) 150/59 (33.2665%)
2026-02-12 20:42:04,644 FourLeptonVertexAlg                                  INFO     ---- Events with 2 leptons: 44 (elec/muon) 28/2 (8.81764%)
2026-02-12 20:42:04,644 FourLeptonVertexAlg                                  INFO     ---- Events with 3 leptons: 5 (elec/muon) 0/0 (1.002%)
2026-02-12 20:42:04,644 FourLeptonVertexAlg                                  INFO     ---- Events with 4 leptons: 0 (elec/muon) 0/0 (0%)
2026-02-12 20:42:04,644 FourLeptonVertexAlg                                  INFO     ---- Events with 5 leptons: 0 (elec/muon) 0/0 (0%)
2026-02-12 20:42:04,644 FourLeptonVertexAlg                                  INFO     ---- Events with 6 leptons: 0 (elec/muon) 0/0 (0%)
2026-02-12 20:42:04,644 FourLeptonVertexAlg                                  INFO     ---- Events with 7 leptons: 0 (elec/muon) 0/0 (0%)
2026-02-12 20:42:04,645 FourLeptonVertexAlg                                  INFO ---> Attempted fits 0 out of which 0 (0%) succeeded.
2026-02-12 20:42:04,645 HFClassificationCommonKernel                         INFO ============================================================================
2026-02-12 20:42:04,645 HFClassificationCommonKernel                         INFO  The following CP tools were called by HFClassificationCommonKernel for the whole train:
2026-02-12 20:42:04,645 HFClassificationCommonKernel                         INFO ToolSvc.DFCommonClassifyAndCalculateHFAugmentation
2026-02-12 20:42:04,645 HFClassificationCommonKernel                         INFO ============================================================================
2026-02-12 20:42:04,645 MCTruthCommonTausAndDecaysKernel                     INFO ============================================================================
2026-02-12 20:42:04,645 MCTruthCommonTausAndDecaysKernel                     INFO  The following CP tools were called by MCTruthCommonTausAndDecaysKernel for the whole train:
2026-02-12 20:42:04,645 MCTruthCommonTausAndDecaysKernel                     INFO ToolSvc.DFCommonTausAndDecaysTool
2026-02-12 20:42:04,645 MCTruthCommonTausAndDecaysKernel                     INFO ============================================================================
2026-02-12 20:42:04,645 AllExecutedEventsCounterAlg                          INFO accepted 499 out of 499 events for filter AllExecutedEvents (Number of processed events before any cut)
2026-02-12 20:42:04,646 DecisionSvc                                          INFO Finalized successfully.
2026-02-12 20:42:04,646 Athena::DelayedConditionsCleanerSvc                  INFO Conditions container statistics
2026-02-12 20:42:04,646 Athena::DelayedConditionsCleanerSvc                  INFO   Work q: Max size: 32  (1 queries) 
2026-02-12 20:42:04,646 Athena::DelayedConditionsCleanerSvc                  INFO           Avg size: 32.00 / Avg removed: 32.00
2026-02-12 20:42:04,646 Athena::DelayedConditionsCleanerSvc                  INFO   ConditionStore+/Digitization/Parameters nInserts      1 maxSize   1
2026-02-12 20:42:04,646 Athena::DelayedConditionsCleanerSvc                  INFO     nClean 1 avgRemoved 0.00 0/1/2+ 1/0/0
2026-02-12 20:42:04,646 Athena::DelayedConditionsCleanerSvc                  INFO   ConditionStore+/EXT/DCS/MAGNETS/SENSORDATA nInserts      1 maxSize   1
2026-02-12 20:42:04,646 Athena::DelayedConditionsCleanerSvc                  INFO     nClean 1 avgRemoved 0.00 0/1/2+ 1/0/0
2026-02-12 20:42:04,646 Athena::DelayedConditionsCleanerSvc                  INFO   ConditionStore+/GLOBAL/BField/Maps nInserts      1 maxSize   1
2026-02-12 20:42:04,646 Athena::DelayedConditionsCleanerSvc                  INFO     nClean 1 avgRemoved 0.00 0/1/2+ 1/0/0
2026-02-12 20:42:04,646 Athena::DelayedConditionsCleanerSvc                  INFO   ConditionStore+/GLOBAL/TrackingGeo/LayerMaterialV2 nInserts      1 maxSize   1
2026-02-12 20:42:04,646 Athena::DelayedConditionsCleanerSvc                  INFO     nClean 1 avgRemoved 0.00 0/1/2+ 1/0/0
2026-02-12 20:42:04,646 Athena::DelayedConditionsCleanerSvc                  INFO   ConditionStore+/Indet/Align nInserts      1 maxSize   1
2026-02-12 20:42:04,646 Athena::DelayedConditionsCleanerSvc                  INFO     nClean 1 avgRemoved 0.00 0/1/2+ 1/0/0
2026-02-12 20:42:04,646 Athena::DelayedConditionsCleanerSvc                  INFO   ConditionStore+/Indet/Beampos nInserts      1 maxSize   1
2026-02-12 20:42:04,646 Athena::DelayedConditionsCleanerSvc                  INFO     nClean 1 avgRemoved 0.00 0/1/2+ 1/0/0
2026-02-12 20:42:04,646 Athena::DelayedConditionsCleanerSvc                  INFO   ConditionStore+/Indet/IBLDist nInserts      1 maxSize   1
2026-02-12 20:42:04,646 Athena::DelayedConditionsCleanerSvc                  INFO     nClean 1 avgRemoved 0.00 0/1/2+ 1/0/0
2026-02-12 20:42:04,646 Athena::DelayedConditionsCleanerSvc                  INFO   ConditionStore+/LAR/Align nInserts      1 maxSize   1
2026-02-12 20:42:04,647 Athena::DelayedConditionsCleanerSvc                  INFO     nClean 1 avgRemoved 0.00 0/1/2+ 1/0/0
2026-02-12 20:42:04,647 Athena::DelayedConditionsCleanerSvc                  INFO   ConditionStore+/MDT/MM/PASSIVATION nInserts      1 maxSize   1
2026-02-12 20:42:04,647 Athena::DelayedConditionsCleanerSvc                  INFO     nClean 1 avgRemoved 0.00 0/1/2+ 1/0/0
2026-02-12 20:42:04,647 Athena::DelayedConditionsCleanerSvc                  INFO   ConditionStore+/TRT/Align nInserts      1 maxSize   1
2026-02-12 20:42:04,647 Athena::DelayedConditionsCleanerSvc                  INFO     nClean 1 avgRemoved 0.00 0/1/2+ 1/0/0
2026-02-12 20:42:04,647 Athena::DelayedConditionsCleanerSvc                  INFO   ConditionStore+/TRT/Calib/DX nInserts      1 maxSize   1
2026-02-12 20:42:04,647 Athena::DelayedConditionsCleanerSvc                  INFO     nClean 1 avgRemoved 0.00 0/1/2+ 1/0/0
2026-02-12 20:42:04,647 Athena::DelayedConditionsCleanerSvc                  INFO   ConditionStore+AtlasTrackingGeometry nInserts      1 maxSize   1
2026-02-12 20:42:04,647 Athena::DelayedConditionsCleanerSvc                  INFO     nClean 1 avgRemoved 0.00 0/1/2+ 1/0/0
2026-02-12 20:42:04,647 Athena::DelayedConditionsCleanerSvc                  INFO   ConditionStore+BeamSpotData nInserts      1 maxSize   1
2026-02-12 20:42:04,647 Athena::DelayedConditionsCleanerSvc                  INFO     nClean 1 avgRemoved 0.00 0/1/2+ 1/0/0
2026-02-12 20:42:04,647 Athena::DelayedConditionsCleanerSvc                  INFO   ConditionStore+BunchCrossingData nInserts      1 maxSize   1
2026-02-12 20:42:04,647 Athena::DelayedConditionsCleanerSvc                  INFO     nClean 1 avgRemoved 0.00 0/1/2+ 1/0/0
2026-02-12 20:42:04,647 Athena::DelayedConditionsCleanerSvc                  INFO   ConditionStore+CaloDetDescrManager nInserts      1 maxSize   1
2026-02-12 20:42:04,647 Athena::DelayedConditionsCleanerSvc                  INFO     nClean 1 avgRemoved 0.00 0/1/2+ 1/0/0
2026-02-12 20:42:04,647 Athena::DelayedConditionsCleanerSvc                  INFO   ConditionStore+CaloSuperCellDetDescrManager nInserts      1 maxSize   1
2026-02-12 20:42:04,647 Athena::DelayedConditionsCleanerSvc                  INFO     nClean 1 avgRemoved 0.00 0/1/2+ 1/0/0
2026-02-12 20:42:04,647 Athena::DelayedConditionsCleanerSvc                  INFO   ConditionStore+LArAlignmentStore nInserts      1 maxSize   1
2026-02-12 20:42:04,647 Athena::DelayedConditionsCleanerSvc                  INFO     nClean 1 avgRemoved 0.00 0/1/2+ 1/0/0
2026-02-12 20:42:04,647 Athena::DelayedConditionsCleanerSvc                  INFO   ConditionStore+LArCellPositionShift nInserts      1 maxSize   1
2026-02-12 20:42:04,647 Athena::DelayedConditionsCleanerSvc                  INFO     nClean 1 avgRemoved 0.00 0/1/2+ 1/0/0
2026-02-12 20:42:04,647 Athena::DelayedConditionsCleanerSvc                  INFO   ConditionStore+MuonDetectorManager nInserts      1 maxSize   1
2026-02-12 20:42:04,647 Athena::DelayedConditionsCleanerSvc                  INFO     nClean 1 avgRemoved 0.00 0/1/2+ 1/0/0
2026-02-12 20:42:04,647 Athena::DelayedConditionsCleanerSvc                  INFO   ConditionStore+NswPassivationDbData nInserts      1 maxSize   1
2026-02-12 20:42:04,647 Athena::DelayedConditionsCleanerSvc                  INFO     nClean 1 avgRemoved 0.00 0/1/2+ 1/0/0
2026-02-12 20:42:04,648 Athena::DelayedConditionsCleanerSvc                  INFO   ConditionStore+PixelAlignmentStore nInserts      1 maxSize   1
2026-02-12 20:42:04,648 Athena::DelayedConditionsCleanerSvc                  INFO     nClean 1 avgRemoved 0.00 0/1/2+ 1/0/0
2026-02-12 20:42:04,648 Athena::DelayedConditionsCleanerSvc                  INFO   ConditionStore+PixelDetectorElementCollection nInserts      1 maxSize   1
2026-02-12 20:42:04,648 Athena::DelayedConditionsCleanerSvc                  INFO     nClean 1 avgRemoved 0.00 0/1/2+ 1/0/0
2026-02-12 20:42:04,648 Athena::DelayedConditionsCleanerSvc                  INFO   ConditionStore+SCTAlignmentStore nInserts      1 maxSize   1
2026-02-12 20:42:04,648 Athena::DelayedConditionsCleanerSvc                  INFO     nClean 1 avgRemoved 0.00 0/1/2+ 1/0/0
2026-02-12 20:42:04,648 Athena::DelayedConditionsCleanerSvc                  INFO   ConditionStore+SCT_DetectorElementCollection nInserts      1 maxSize   1
2026-02-12 20:42:04,648 Athena::DelayedConditionsCleanerSvc                  INFO     nClean 1 avgRemoved 0.00 0/1/2+ 1/0/0
2026-02-12 20:42:04,648 Athena::DelayedConditionsCleanerSvc                  INFO   ConditionStore+TRT_DetElementContainer nInserts      1 maxSize   1
2026-02-12 20:42:04,648 Athena::DelayedConditionsCleanerSvc                  INFO     nClean 1 avgRemoved 0.00 0/1/2+ 1/0/0
2026-02-12 20:42:04,648 Athena::DelayedConditionsCleanerSvc                  INFO   ConditionStore+fieldCondObj nInserts      1 maxSize   1
2026-02-12 20:42:04,648 Athena::DelayedConditionsCleanerSvc                  INFO     nClean 1 avgRemoved 0.00 0/1/2+ 1/0/0
2026-02-12 20:42:04,648 Athena::DelayedConditionsCleanerSvc                  INFO   ConditionStore+fieldMapCondObj nInserts      1 maxSize   1
2026-02-12 20:42:04,648 Athena::DelayedConditionsCleanerSvc                  INFO     nClean 1 avgRemoved 0.00 0/1/2+ 1/0/0
2026-02-12 20:42:04,648 AthDictLoaderSvc                                     INFO in finalize...
2026-02-12 20:42:05,255 Domain[ROOT_All]                                     INFO >   Deaccess DbDomain     READ      [ROOT_All]
2026-02-12 20:42:05,255 AthenaPoolSharedIOCnvSvc                             INFO PerfStats ----------------------------------------
2026-02-12 20:42:05,255 AthenaPoolSharedIOCnvSvc                             INFO PerfStats Timing Measurements for AthenaPoolCnvSvc
2026-02-12 20:42:05,256 AthenaPoolSharedIOCnvSvc                             INFO PerfStats ----------------------------------------
2026-02-12 20:42:05,256 AthenaPoolSharedIOCnvSvc                             INFO PerfStats | cObjR_ALL       |           18994 ms |
2026-02-12 20:42:05,256 AthenaPoolSharedIOCnvSvc                             INFO PerfStats | commitOutput    |            4409 ms |
2026-02-12 20:42:05,256 AthenaPoolSharedIOCnvSvc                             INFO PerfStats | fRep_ALL        |           11249 ms |
2026-02-12 20:42:05,256 AthenaPoolSharedIOCnvSvc                             INFO PerfStats | cObj_ALL        |           21360 ms |
2026-02-12 20:42:05,256 AthenaPoolSharedIOCnvSvc                             INFO PerfStats | cRepR_ALL       |            1426 ms |
2026-02-12 20:42:05,256 AthenaPoolSharedIOCnvSvc                             INFO PerfStats | cRep_ALL        |              78 ms |
2026-02-12 20:42:05,256 AthenaPoolSharedIOCnvSvc                             INFO PerfStats ----------------------------------------
2026-02-12 20:42:05,263 IOVDbFolder                                          INFO Folder /Digitization/Parameters (AttrList) db-read 0/1 objs/chan/bytes 1/0/0 ((     0.00 ))s
2026-02-12 20:42:05,263 IOVDbFolder                                          INFO Folder /EXT/DCS/MAGNETS/SENSORDATA (AttrListColl) db-read 1/1 objs/chan/bytes 4/4/20 ((     0.03 ))s
2026-02-12 20:42:05,263 IOVDbFolder                                          INFO Folder /GLOBAL/BField/Maps (AttrListColl) db-read 1/1 objs/chan/bytes 3/3/202 ((     0.03 ))s
2026-02-12 20:42:05,263 IOVDbFolder                                          INFO Folder /GLOBAL/TrackingGeo/LayerMaterialV2 (PoolRef) db-read 1/1 objs/chan/bytes 1/1/231 ((     0.01 ))s
2026-02-12 20:42:05,263 IOVDbFolder                                          INFO Folder /Indet/Align (PoolRefColl) db-read 1/1 objs/chan/bytes 43/43/7009 ((     0.03 ))s
2026-02-12 20:42:05,263 IOVDbFolder                                          INFO Folder /Indet/Beampos (AttrList) db-read 1/1 objs/chan/bytes 6/1/456 ((     0.02 ))s
2026-02-12 20:42:05,263 IOVDbFolder                                          INFO Folder /Indet/IBLDist (AttrListColl) db-read 1/1 objs/chan/bytes 14/14/280 ((     0.01 ))s
2026-02-12 20:42:05,264 IOVDbFolder                                          INFO Folder /LAR/Align (PoolRef) db-read 1/1 objs/chan/bytes 1/1/170 ((     0.03 ))s
2026-02-12 20:42:05,264 IOVDbFolder                                          INFO Folder /MDT/MM/PASSIVATION (AttrListColl) db-read 1/1 objs/chan/bytes 1/1/680679 ((     0.03 ))s
2026-02-12 20:42:05,264 IOVDbFolder                                          INFO Folder /TRT/Align (PoolRefColl) db-read 1/1 objs/chan/bytes 32/32/5120 ((     0.02 ))s
2026-02-12 20:42:05,264 IOVDbFolder                                          INFO Folder /TRT/Calib/DX (PoolRef) db-read 1/1 objs/chan/bytes 1/1/183 ((     0.02 ))s
2026-02-12 20:42:05,264 IOVDbFolder                                          INFO Folder /TagInfo (AttrListColl) db-read 0/1 objs/chan/bytes 1/0/0 ((     0.00 ))s
2026-02-12 20:42:05,264 IOVDbFolder                                          INFO Folder /LAR/LArCellPositionShift (PoolRef) db-read 1/1 objs/chan/bytes 1/1/195 ((     0.02 ))s
2026-02-12 20:42:05,264 IOVDbSvc                                             INFO Total payload read from IOVDb: 694545 bytes in ((      0.24 ))s
2026-02-12 20:42:05,264 IOVDbSvc                                             INFO Connection sqlite://;schema=mycool.db;dbname=OFLP200 : nConnect: 0 nFolders: 0 ReadTime: ((     0.00 ))s
2026-02-12 20:42:05,264 IOVDbSvc                                             INFO Connection COOLOFL_LAR/OFLP200 : nConnect: 2 nFolders: 2 ReadTime: ((     0.05 ))s
2026-02-12 20:42:05,264 IOVDbSvc                                             INFO Connection COOLOFL_GLOBAL/OFLP200 : nConnect: 2 nFolders: 2 ReadTime: ((     0.04 ))s
2026-02-12 20:42:05,264 IOVDbSvc                                             INFO Connection COOLOFL_DCS/OFLP200 : nConnect: 2 nFolders: 1 ReadTime: ((     0.03 ))s
2026-02-12 20:42:05,264 IOVDbSvc                                             INFO Connection COOLOFL_INDET/OFLP200 : nConnect: 2 nFolders: 3 ReadTime: ((     0.06 ))s
2026-02-12 20:42:05,264 IOVDbSvc                                             INFO Connection COOLOFL_MDT/OFLP200 : nConnect: 2 nFolders: 1 ReadTime: ((     0.03 ))s
2026-02-12 20:42:05,264 IOVDbSvc                                             INFO Connection COOLOFL_TRT/OFLP200 : nConnect: 2 nFolders: 2 ReadTime: ((     0.04 ))s
2026-02-12 20:42:05,265 ToolSvc                                              INFO Removing all tools created by ToolSvc
2026-02-12 20:42:05,266 TruthCategoriesDecorator.HiggsTruthCategoryTool      INFO  ====================================================== 
2026-02-12 20:42:05,266 TruthCategoriesDecorator.HiggsTruthCategoryTool      INFO  ---- FinalizingTruthCategoriesDecorator.HiggsTruthCategoryTool...
2026-02-12 20:42:05,266 TruthCategoriesDecorator.HiggsTruthCategoryTool      INFO  ====================================================== 
2026-02-12 20:42:05,266 TruthCategoriesDecorator.HiggsTruthCategoryTool      INFO  ====================================================== 
2026-02-12 20:42:05,266 TruthCategoriesDecorator.xAODToHepMCTool             INFO ==============================================================
2026-02-12 20:42:05,266 TruthCategoriesDecorator.xAODToHepMCTool             INFO ==========    xAOD -> HepMC Tool :: Run Summary     ==========
2026-02-12 20:42:05,266 TruthCategoriesDecorator.xAODToHepMCTool             INFO ==============================================================
2026-02-12 20:42:05,266 TruthCategoriesDecorator.xAODToHepMCTool             INFO No missing production vertices
2026-02-12 20:42:05,266 TruthCategoriesDecorator.xAODToHepMCTool             INFO No events with undefined beams.
2026-02-12 20:42:05,266 TruthCategoriesDecorator.xAODToHepMCTool             INFO ==============================================================
2026-02-12 20:42:05,266 TruthCategoriesDecorator.xAODToHepMCTool             INFO ===================    End Run Summary     ===================
2026-02-12 20:42:05,266 TruthCategoriesDecorator.xAODToHepMCTool             INFO ==============================================================
2026-02-12 20:42:05,266 ToolSvc.PHYSDiTauLowPtTPThinningTool                 INFO Processed 305369 tracks, 5100 were retained 
2026-02-12 20:42:05,266 ToolSvc.PHYSDiTauLowPtThinningTool                   INFO Processed 827 objects, 380 were retained 
2026-02-12 20:42:05,266 ToolSvc.PHYSDiTauTPThinningTool                      INFO Processed 305369 tracks, 1150 were retained 
2026-02-12 20:42:05,267 ToolSvc.PHYSDiTauThinningTool                        INFO Processed 70 objects, 54 were retained 
2026-02-12 20:42:05,267 ToolSvc.PHYSTauJets_MuonRMThinningTool               INFO Processed 193 taus, 132 were kept
2026-02-12 20:42:05,267 ToolSvc.PHYSTauJetThinningTool                       INFO Processed 4889 taus, 2505 were kept
2026-02-12 20:42:05,267 ToolSvc.PHYSMuonTPThinningTool                       INFO Processed 305369 tracks, 1073 were retained 
2026-02-12 20:42:05,267 ToolSvc.PHYSTrackParticleThinningTool                INFO Processed 305369 tracks, 3056 were retained 
2026-02-12 20:42:05,267 ToolSvc.TrigDecisionTool                             INFO Finalized
2026-02-12 20:42:05,267 JetTagVertexDecoratorAlgAntiKt10UFO...JFVarFactory   INFO  Finalization of JetFitterVariablesFactory successful
2026-02-12 20:42:05,267 JetTagVertexDecoratorAlgAntiKt10...Analysis::SVTag   INFO #BTAG# Number of jets used for calibration for reference ALL : #b= 0 #light= 0 #charm= 0
2026-02-12 20:42:05,268 InDetVKalVxInJetTool                                 INFO Time User   : Tot= 4.52  [s] Ave/Min/Max=0.000429(+- 0.00203)/       0/    0.01  [s] #=10546
2026-02-12 20:42:05,268 InDetVKalVxInJetTool                                 INFO Time User   : Tot= 4.52  [s] Ave/Min/Max=0.000429(+- 0.00203)/       0/    0.01  [s] #=10546
2026-02-12 20:42:05,268 JetTagVertexDecoratorAlgAntiKt4EMPF...JFVarFactory   INFO  Finalization of JetFitterVariablesFactory successful
2026-02-12 20:42:05,268 JetTagVertexDecoratorAlgAntiKt4E...Analysis::SVTag   INFO #BTAG# Number of jets used for calibration for reference ALL : #b= 0 #light= 0 #charm= 0
2026-02-12 20:42:05,268 InDetVKalVxInJetTool                                 INFO Time User   : Tot= 4.52  [s] Ave/Min/Max=0.000429(+- 0.00203)/       0/    0.01  [s] #=10546
2026-02-12 20:42:05,268 InDetVKalVxInJetTool                                 INFO Time User   : Tot= 4.52  [s] Ave/Min/Max=0.000429(+- 0.00203)/       0/    0.01  [s] #=10546
2026-02-12 20:42:05,274 ToolSvc.DFCommonTruthForwardProtonTool               INFO Processed 821913 truth particles, 1 were retained 
2026-02-12 20:42:05,274 ToolSvc.DFCommonTruthBSMTool                         INFO Processed 821913 truth particles, 0 were retained 
2026-02-12 20:42:05,275 ToolSvc.DFCommonTruthBosonTool                       INFO Processed 821913 truth particles, 1772 were retained 
2026-02-12 20:42:05,275 ToolSvc.DFCommonTruthTopTool                         INFO Processed 821913 truth particles, 1998 were retained 
2026-02-12 20:42:05,275 ToolSvc.DFCommonTruthBottomTool                      INFO Processed 821913 truth particles, 2215 were retained 
2026-02-12 20:42:05,275 ToolSvc.DFCommonTruthNeutrinoTool                    INFO Processed 821913 truth particles, 725 were retained 
2026-02-12 20:42:05,275 ToolSvc.DFCommonTruthPhotonToolSim                   INFO Processed 821913 truth particles, 3041 were retained 
2026-02-12 20:42:05,275 ToolSvc.DFCommonTruthElectronTool                    INFO Processed 821913 truth particles, 1871 were retained 
2026-02-12 20:42:05,275 ToolSvc.DFCommonTruthMuonTool                        INFO Processed 821913 truth particles, 310 were retained 
2026-02-12 20:42:05,275 ToolSvc.PhysCommonTruthCharmTool                     INFO Processed 821913 truth particles, 2260 were retained 
2026-02-12 20:42:05,275 ToolSvc.DFCommonTruthClassificationTool              INFO Processed and decorated 821913 truth particles
2026-02-12 20:42:05,275 AthenaPoolSharedIOCnvSvc.OutputStreamingTool         INFO in finalize()
2026-02-12 20:42:05,287 InDet_TrkInJetType                                   INFO Time User   : Tot= 2.89  [s] Ave/Min/Max=5.93e-05(+-0.000767)/       0/    0.01  [s] #=48774
2026-02-12 20:42:05,287 InDet_TrkInJetType                                   INFO Time User   : Tot= 2.89  [s] Ave/Min/Max=5.93e-05(+-0.000767)/       0/    0.01  [s] #=48774
2026-02-12 20:42:05,287 InDet_TrkInJetType                                   INFO Time User   : Tot= 2.89  [s] Ave/Min/Max=5.93e-05(+-0.000767)/       0/    0.01  [s] #=48774
2026-02-12 20:42:05,287 InDet_TrkInJetType                                   INFO Time User   : Tot= 2.89  [s] Ave/Min/Max=5.93e-05(+-0.000767)/       0/    0.01  [s] #=48774
2026-02-12 20:42:05,288 ToolSvc.DiTauIDDeco...DiTauRec_OnnxScoreCalculator   INFO Finalizing DiTauOnnxDiscriminantTool
2026-02-12 20:42:05,302 AtlasTrackingGeometryCond...MuonStationTypeBuilder   INFO  finalize() successful
2026-02-12 20:42:05,304 METAssociat...MET_AssociationTool_AntiKt4EMPFlowHR   INFO Finalizing METAssociation_AntiKt4EMPFlowHR.MET_AssociationTool_AntiKt4EMPFlowHR...
2026-02-12 20:42:05,305 METAssociatio...MET_AssociationTool_AntiKt4EMPFlow   INFO Finalizing METAssociation_AntiKt4EMPFlow.MET_AssociationTool_AntiKt4EMPFlow...
2026-02-12 20:42:05,305 METAssociation...MET_AssociationTool_AntiKt4EMTopo   INFO Finalizing METAssociation_AntiKt4EMTopo.MET_AssociationTool_AntiKt4EMTopo...
2026-02-12 20:42:05,305 METRecoAlg_Truth.MET_RegionTool_Truth                INFO Finalizing METRecoAlg_Truth.MET_RegionTool_Truth...
2026-02-12 20:42:05,305 METRecoAlg_Truth.MET_RecoTool_Truth                  INFO Finalizing METRecoAlg_Truth.MET_RecoTool_Truth...
2026-02-12 20:42:05,306 METRecoAlg_Truth.MET_R...MET_IntMuonsRegions_Truth   INFO Finalizing METRecoAlg_Truth.MET_RegionTool_Truth.MET_IntMuonsRegions_Truth...
2026-02-12 20:42:05,306 METRecoAlg_Truth.MET_Reg...MET_IntOutRegions_Truth   INFO Finalizing METRecoAlg_Truth.MET_RegionTool_Truth.MET_IntOutRegions_Truth...
2026-02-12 20:42:05,306 METRecoAlg_Truth.MET_Region...MET_IntRegions_Truth   INFO Finalizing METRecoAlg_Truth.MET_RegionTool_Truth.MET_IntRegions_Truth...
2026-02-12 20:42:05,306 METRecoAlg_Truth.MET_Reg...MET_NonIntRegions_Truth   INFO Finalizing METRecoAlg_Truth.MET_RegionTool_Truth.MET_NonIntRegions_Truth...

The MCnet usage guidelines apply to Rivet: see http://www.montecarlonet.org/GUIDELINES
Please acknowledge Rivet in results made using it, and cite https://arxiv.org/abs/2404.15984 and https://arxiv.org/abs/2312.15070
2026-02-12 20:42:05,405 PerfMonMTSvc                                         INFO Finalizing PerfMonMTSvc
2026-02-12 20:42:05,405 IdDictDetDescrCnv                                    INFO in finalize
2026-02-12 20:42:05,408 *****Chrono*****                                     INFO ****************************************************************************************************
2026-02-12 20:42:05,408 *****Chrono*****                                     INFO  The Final CPU consumption ( Chrono ) Table (ordered)
2026-02-12 20:42:05,408 *****Chrono*****                                     INFO ****************************************************************************************************
2026-02-12 20:42:05,408 DiTauJets_DiTauIDDecorKernel                         INFO Time User   : Tot=    0 [us] Ave/Min/Max=       0(+-       0)/       0/       0 [us] #=499
2026-02-12 20:42:05,408 MCTruthCommonPostJetKernelNo3                        INFO Time User   : Tot=    0 [us] Ave/Min/Max=       0(+-       0)/       0/       0 [us] #=499
2026-02-12 20:42:05,408 DiTauJetsLowPt_DiTauIDDecorKernel                    INFO Time User   : Tot=    0 [us] Ave/Min/Max=       0(+-       0)/       0/       0 [us] #=499
2026-02-12 20:42:05,409 DFCommonMuonsKernel2                                 INFO Time User   : Tot=    0 [us] Ave/Min/Max=       0(+-       0)/       0/       0 [us] #=499
2026-02-12 20:42:05,409 MCTruthCommonTruthPVCollKernel                       INFO Time User   : Tot=    0 [us] Ave/Min/Max=       0(+-       0)/       0/       0 [us] #=499
2026-02-12 20:42:05,409 AthenaMP_seek                                        INFO Time User   : Tot=    0 [us] Ave/Min/Max=       0(+-       0)/       0/       0 [us] #=499
2026-02-12 20:42:05,409 DFCommonTruthMetaDataWriterKernel                    INFO Time User   : Tot=   10 [ms] Ave/Min/Max=    0.02(+-   0.447)/       0/      10 [ms] #=499
2026-02-12 20:42:05,409 InDetCommonKernelDFCommonZ0AtPV                      INFO Time User   : Tot=   10 [ms] Ave/Min/Max=    0.02(+-   0.447)/       0/      10 [ms] #=499
2026-02-12 20:42:05,409 MCTruthCommonPreJetKernelNo9                         INFO Time User   : Tot=   10 [ms] Ave/Min/Max=    0.02(+-   0.447)/       0/      10 [ms] #=499
2026-02-12 20:42:05,409 MCTruthCommonBornLeptonsKernel                       INFO Time User   : Tot=   10 [ms] Ave/Min/Max=    0.02(+-   0.447)/       0/      10 [ms] #=499
2026-02-12 20:42:05,409 MCTruthCommonPreJetKernelNo18                        INFO Time User   : Tot=   10 [ms] Ave/Min/Max=    0.02(+-   0.447)/       0/      10 [ms] #=499
2026-02-12 20:42:05,409 TauRNNLooseAugmentationKernel                        INFO Time User   : Tot=   10 [ms] Ave/Min/Max=    0.02(+-   0.447)/       0/      10 [ms] #=499
2026-02-12 20:42:05,409 MCTruthCommonPostJetKernelNo1                        INFO Time User   : Tot=   10 [ms] Ave/Min/Max=    0.02(+-   0.447)/       0/      10 [ms] #=499
2026-02-12 20:42:05,409 MCTruthCommonPreJetKernelNo1                         INFO Time User   : Tot=   10 [ms] Ave/Min/Max=    0.02(+-   0.447)/       0/      10 [ms] #=499
2026-02-12 20:42:05,409 MCTruthCommonPreJetKernelNo7                         INFO Time User   : Tot=   10 [ms] Ave/Min/Max=    0.02(+-   0.447)/       0/      10 [ms] #=499
2026-02-12 20:42:05,409 DistanceInTrainAugmentation                          INFO Time User   : Tot=   20 [ms] Ave/Min/Max=  0.0401(+-   0.632)/       0/      10 [ms] #=499
2026-02-12 20:42:05,409 MCTruthCommonPreJetKernelNo15                        INFO Time User   : Tot=   20 [ms] Ave/Min/Max=  0.0401(+-   0.632)/       0/      10 [ms] #=499
2026-02-12 20:42:05,409 BadBatmanAugmentation                                INFO Time User   : Tot=   20 [ms] Ave/Min/Max=  0.0401(+-   0.632)/       0/      10 [ms] #=499
2026-02-12 20:42:05,409 MCTruthCommonTausAndDecaysKernel                     INFO Time User   : Tot=   20 [ms] Ave/Min/Max=  0.0401(+-   0.632)/       0/      10 [ms] #=499
2026-02-12 20:42:05,409 MCTruthCommonPreJetKernelNo11                        INFO Time User   : Tot=   30 [ms] Ave/Min/Max=  0.0601(+-   0.773)/       0/      10 [ms] #=499
2026-02-12 20:42:05,409 MCTruthCommonPreJetKernelNo12                        INFO Time User   : Tot=   30 [ms] Ave/Min/Max=  0.0601(+-   0.773)/       0/      10 [ms] #=499
2026-02-12 20:42:05,409 MCTruthCommonPreJetKernelNo10                        INFO Time User   : Tot=   30 [ms] Ave/Min/Max=  0.0601(+-   0.773)/       0/      10 [ms] #=499
2026-02-12 20:42:05,409 MCTruthCommonPreJetKernelNo14                        INFO Time User   : Tot=   30 [ms] Ave/Min/Max=  0.0601(+-   0.773)/       0/      10 [ms] #=499
2026-02-12 20:42:05,409 MCTruthCommonPreJetKernelNo17                        INFO Time User   : Tot=   30 [ms] Ave/Min/Max=  0.0601(+-   0.773)/       0/      10 [ms] #=499
2026-02-12 20:42:05,410 MCTruthCommonPreJetKernelNo13                        INFO Time User   : Tot=   30 [ms] Ave/Min/Max=  0.0601(+-   0.773)/       0/      10 [ms] #=499
2026-02-12 20:42:05,410 MCTruthCommonPreJetKernelNo16                        INFO Time User   : Tot=   30 [ms] Ave/Min/Max=  0.0601(+-   0.773)/       0/      10 [ms] #=499
2026-02-12 20:42:05,410 MCTruthCommonPreJetKernelNo4                         INFO Time User   : Tot=   30 [ms] Ave/Min/Max=  0.0601(+-   0.773)/       0/      10 [ms] #=499
2026-02-12 20:42:05,410 MCTruthCommonPreJetKernelNo6                         INFO Time User   : Tot=   30 [ms] Ave/Min/Max=  0.0601(+-   0.773)/       0/      10 [ms] #=499
2026-02-12 20:42:05,410 MCTruthCommonPreJetKernelNo5                         INFO Time User   : Tot=   30 [ms] Ave/Min/Max=  0.0601(+-   0.773)/       0/      10 [ms] #=499
2026-02-12 20:42:05,410 MCTruthCommonPreJetKernelNo2                         INFO Time User   : Tot=   40 [ms] Ave/Min/Max=  0.0802(+-   0.892)/       0/      10 [ms] #=499
2026-02-12 20:42:05,410 MCTruthCommonPreJetKernelNo3                         INFO Time User   : Tot=   50 [ms] Ave/Min/Max=     0.1(+-   0.996)/       0/      10 [ms] #=499
2026-02-12 20:42:05,410 PhysCommonTruthCharmKernel                           INFO Time User   : Tot=   50 [ms] Ave/Min/Max=     0.1(+-   0.996)/       0/      10 [ms] #=499
2026-02-12 20:42:05,410 MiniCollectionTruthLinkKernelNo2                     INFO Time User   : Tot=   40 [ms] Ave/Min/Max=  0.0802(+-   0.892)/       0/      10 [ms] #=499
2026-02-12 20:42:05,410 MCTruthCommonBosonsAndDecaysKernel                   INFO Time User   : Tot=   70 [ms] Ave/Min/Max=    0.14(+-    1.18)/       0/      10 [ms] #=499
2026-02-12 20:42:05,410 DFCommonMuonsKernel                                  INFO Time User   : Tot=  100 [ms] Ave/Min/Max=     0.2(+-    1.54)/       0/      20 [ms] #=499
2026-02-12 20:42:05,410 PHYSKernel                                           INFO Time User   : Tot=  110 [ms] Ave/Min/Max=    0.22(+-    1.47)/       0/      10 [ms] #=499
2026-02-12 20:42:05,410 MCTruthCommonPostJetKernelNo2                        INFO Time User   : Tot=  120 [ms] Ave/Min/Max=    0.24(+-    1.53)/       0/      10 [ms] #=499
2026-02-12 20:42:05,410 DFCommonHSDecorator                                  INFO Time User   : Tot=  150 [ms] Ave/Min/Max=   0.301(+-    2.31)/       0/      40 [ms] #=499
2026-02-12 20:42:05,410 MCTruthCommonBSMAndDecaysKernel                      INFO Time User   : Tot=  190 [ms] Ave/Min/Max=   0.381(+-    1.91)/       0/      10 [ms] #=499
2026-02-12 20:42:05,410 DiTauIDDecorKernel                                   INFO Time User   : Tot=  250 [ms] Ave/Min/Max=   0.501(+-    2.18)/       0/      10 [ms] #=499
2026-02-12 20:42:05,410 MCTruthCommonPreJetKernelNo8                         INFO Time User   : Tot=  230 [ms] Ave/Min/Max=   0.461(+-     2.1)/       0/      10 [ms] #=499
2026-02-12 20:42:05,410 MCTruthNavigationDecoratorKernel                     INFO Time User   : Tot=  310 [ms] Ave/Min/Max=   0.621(+-    2.41)/       0/      10 [ms] #=499
2026-02-12 20:42:05,410 InDetCommonKernelDFCommonUsedInFitDecorator          INFO Time User   : Tot=  330 [ms] Ave/Min/Max=   0.661(+-    2.49)/       0/      10 [ms] #=499
2026-02-12 20:42:05,410 MCTruthCommonHFAndDecaysKernel                       INFO Time User   : Tot=  350 [ms] Ave/Min/Max=   0.701(+-    2.55)/       0/      10 [ms] #=499
2026-02-12 20:42:05,410 MiniCollectionTruthLinkKernelNo3                     INFO Time User   : Tot=  480 [ms] Ave/Min/Max=   0.962(+-    17.9)/       0/     400 [ms] #=499
2026-02-12 20:42:05,410 InDetCommonKernelDFCommonTrackSelection              INFO Time User   : Tot= 0.54  [s] Ave/Min/Max= 0.00108(+- 0.00411)/       0/    0.04  [s] #=499
2026-02-12 20:42:05,410 TauJets_MuonRM_TauIDDecorKernel                      INFO Time User   : Tot= 0.64  [s] Ave/Min/Max= 0.00128(+-  0.0034)/       0/    0.02  [s] #=499
2026-02-12 20:42:05,411 MiniCollectionTruthLinkKernelNo1                     INFO Time User   : Tot= 0.73  [s] Ave/Min/Max= 0.00146(+-  0.0286)/       0/    0.64  [s] #=499
2026-02-12 20:42:05,411 HFClassificationCommonKernel                         INFO Time User   : Tot= 2.09  [s] Ave/Min/Max= 0.00419(+- 0.00497)/       0/    0.02  [s] #=499
2026-02-12 20:42:05,411 InDet_TrkInJetType                                   INFO Time User   : Tot= 2.89  [s] Ave/Min/Max=5.93e-05(+-0.000767)/       0/    0.01  [s] #=48774
2026-02-12 20:42:05,411 MCTruthClassificationKernel                          INFO Time User   : Tot= 3.43  [s] Ave/Min/Max= 0.00687(+- 0.00625)/       0/    0.05  [s] #=499
2026-02-12 20:42:05,411 InDetVKalVxInJetTool                                 INFO Time User   : Tot= 4.52  [s] Ave/Min/Max=0.000429(+- 0.00203)/       0/    0.01  [s] #=10546
2026-02-12 20:42:05,411 TauTruthCommonKernel2                                INFO Time User   : Tot= 5.48  [s] Ave/Min/Max=   0.011(+-   0.239)/       0/    5.35  [s] #=499
2026-02-12 20:42:05,411 EGammaCommonKernel                                   INFO Time User   : Tot= 8.94  [s] Ave/Min/Max=  0.0179(+- 0.00971)/       0/    0.09  [s] #=499
2026-02-12 20:42:05,411 TauJets_TauIDDecorKernel                             INFO Time User   : Tot= 10.8  [s] Ave/Min/Max=  0.0216(+- 0.00902)/       0/    0.06  [s] #=499
2026-02-12 20:42:05,411 ChronoStatSvc                                        INFO Time User   : Tot= 10.7[min]  #=  1
2026-02-12 20:42:05,411 AthenaMP_nextEvent                                   INFO Time User   : Tot= 10.8[min] Ave/Min/Max=  0.0217(+- 0.00878)/  0.0102/   0.154[min] #=499
2026-02-12 20:42:05,411 *****Chrono*****                                     INFO ****************************************************************************************************
2026-02-12 20:42:05,411 ChronoStatSvc.finalize()                             INFO  Service finalized successfully 
2026-02-12 20:42:05,411 FPEAuditor                                           INFO FPE summary for this job
2026-02-12 20:42:05,411 FPEAuditor                                           INFO  FPE OVERFLOWs  : 0
2026-02-12 20:42:05,411 FPEAuditor                                           INFO  FPE INVALIDs   : 0
2026-02-12 20:42:05,411 FPEAuditor                                           INFO  FPE DIVBYZEROs : 0
2026-02-12 20:42:05,544 PerfMonMTSvc                                         INFO =======================================================================================
2026-02-12 20:42:05,544 PerfMonMTSvc                                         INFO                                  PerfMonMTSvc Report                                   
2026-02-12 20:42:05,544 PerfMonMTSvc                                         INFO =======================================================================================
2026-02-12 20:42:05,545 PerfMonMTSvc                                         INFO *** Full set of information can also be found in: perfmonmt_Derivation.json
2026-02-12 20:42:05,545 PerfMonMTSvc                                         INFO *** In order to make plots using the results run the following commands:
2026-02-12 20:42:05,545 PerfMonMTSvc                                         INFO *** $ perfmonmt-plotter.py -i perfmonmt_Derivation.json
2026-02-12 20:42:05,545 PerfMonMTSvc                                         INFO *** In order to print tables using the results run the following commands:
2026-02-12 20:42:05,545 PerfMonMTSvc                                         INFO *** $ perfmonmt-printer.py -i perfmonmt_Derivation.json
2026-02-12 20:42:05,545 PerfMonMTSvc                                         INFO =======================================================================================
2026-02-12 20:42:05,545 PerfMonMTSvc                                         INFO =======================================================================================
2026-02-12 20:42:05,545 PerfMonMTSvc                                         INFO                              Component Level Monitoring                                
2026-02-12 20:42:05,545 PerfMonMTSvc                                         INFO =======================================================================================
2026-02-12 20:42:05,545 PerfMonMTSvc                                         INFO Step       Count           CPU Time [ms]             Vmem [kB]                                Malloc [kB]                                             Component                                                                  
2026-02-12 20:42:05,545 PerfMonMTSvc                                         INFO ---------------------------------------------------------------------------------------
2026-02-12 20:42:05,569 PerfMonMTSvc                                         INFO Initialize 1               3031.99                   127128                                   33760                                                   EGammaCommonKernel                                                         
2026-02-12 20:42:05,569 PerfMonMTSvc                                         INFO Initialize 1               596.00                    35596                                    13247                                                   MuonRemovalTauAODReRecoAlg                                                 
2026-02-12 20:42:05,570 PerfMonMTSvc                                         INFO Initialize 1               476.72                    35380                                    74752                                                   AntiKt10UFOCSSKSoftDropBeta100Zcut10Jets                                   
2026-02-12 20:42:05,570 PerfMonMTSvc                                         INFO Initialize 1               436.65                    10972                                    7584                                                    DFCommonMuonsKernel                                                        
2026-02-12 20:42:05,570 PerfMonMTSvc                                         INFO Initialize 1               419.92                    8424                                     7460                                                    ToolSvc.DFCommonMuonToolWrapperIDCuts                                      
2026-02-12 20:42:05,570 PerfMonMTSvc                                         INFO Initialize 1               415.21                    46276                                    67585                                                   AntiKt4EMPFlowJets                                                         
2026-02-12 20:42:05,570 PerfMonMTSvc                                         INFO Initialize 1               414.02                    7832                                     7378                                                    ToolSvc.DFCommonMuonsSelector                                              
2026-02-12 20:42:05,570 PerfMonMTSvc                                         INFO Initialize 1               412.63                    28672                                    73350                                                   jetrecalg_AntiKt10UFOCSSKSoftDropBeta100Zcut10Jets                         
2026-02-12 20:42:05,570 PerfMonMTSvc                                         INFO Initialize 1               412.02                    46276                                    67283                                                   jetrecalg_AntiKt4EMPFlowJets                                               
2026-02-12 20:42:05,570 PerfMonMTSvc                                         INFO Initialize 1               411.64                    46276                                    67247                                                   jetrecalg_AntiKt4EMPFlowJets.emscalemom_AntiKt4EMPFlow                     
2026-02-12 20:42:05,570 PerfMonMTSvc                                         INFO Initialize 1               411.28                    46276                                    67209                                                   jetrecalg_AntiKt4EMPFlowJets.jetens                                        
2026-02-12 20:42:05,570 PerfMonMTSvc                                         INFO Initialize 1               408.41                    46276                                    66960                                                   jetrecalg_AntiKt4EMPFlowJets.width                                         
2026-02-12 20:42:05,570 PerfMonMTSvc                                         INFO Initialize 1               408.21                    46276                                    66951                                                   jetrecalg_AntiKt4EMPFlowJets.caloqual                                      
2026-02-12 20:42:05,570 PerfMonMTSvc                                         INFO Initialize 1               407.53                    46276                                    66919                                                   jetrecalg_AntiKt4EMPFlowJets.trkmoms                                       
2026-02-12 20:42:05,570 PerfMonMTSvc                                         INFO Initialize 1               406.54                    46276                                    66847                                                   jetrecalg_AntiKt4EMPFlowJets.trksummoms                                    
2026-02-12 20:42:05,570 PerfMonMTSvc                                         INFO Initialize 1               406.11                    46276                                    66785                                                   jetrecalg_AntiKt4EMPFlowJets.jvf                                           
2026-02-12 20:42:05,570 PerfMonMTSvc                                         INFO Initialize 1               405.64                    46276                                    66724                                                   jetrecalg_AntiKt4EMPFlowJets.jvt                                           
2026-02-12 20:42:05,570 PerfMonMTSvc                                         INFO Initialize 1               404.05                    46276                                    66586                                                   jetrecalg_AntiKt4EMPFlowJets.larhvcorr                                     
2026-02-12 20:42:05,570 PerfMonMTSvc                                         INFO Initialize 1               403.88                    46276                                    66576                                                   jetrecalg_AntiKt4EMPFlowJets.iso                                           
2026-02-12 20:42:05,570 PerfMonMTSvc                                         INFO Initialize 1               403.66                    46276                                    66561                                                   jetrecalg_AntiKt4EMPFlowJets.jetPtAssociation                              
2026-02-12 20:42:05,571 PerfMonMTSvc                                         INFO Initialize 1               403.47                    46276                                    66542                                                   jetrecalg_AntiKt4EMPFlowJets.qgtagging                                     
2026-02-12 20:42:05,571 PerfMonMTSvc                                         INFO Initialize 1               402.27                    46276                                    66462                                                   jetrecalg_AntiKt4EMPFlowJets.nnjvt                                         
2026-02-12 20:42:05,571 PerfMonMTSvc                                         INFO Initialize 1               399.87                    46276                                    66424                                                   jetrecalg_AntiKt4EMPFlowJets.fJVT                                          
2026-02-12 20:42:05,571 PerfMonMTSvc                                         INFO Initialize 1               365.43                    79640                                    3659                                                    ToolSvc.ElectronPassDNNLoose                                               
2026-02-12 20:42:05,571 PerfMonMTSvc                                         INFO Initialize 1               347.83                    78848                                    3449                                                    ToolSvc.ElectronPassDNNLoose.ElectronDNNSelectorLoose                      
2026-02-12 20:42:05,571 PerfMonMTSvc                                         INFO Initialize 1               331.39                    1024                                     1383                                                    ToolSvc.ElectronPassDNNLooseNoCF                                           
2026-02-12 20:42:05,571 PerfMonMTSvc                                         INFO Initialize 1               330.11                    28136                                    1972                                                    TrigNavSlimmingMTAlg_DAOD                                                  
2026-02-12 20:42:05,571 PerfMonMTSvc                                         INFO Initialize 1               325.72                    1024                                     1255                                                    ToolSvc.ElectronPassDNNLooseNoCF.ElectronDNNSelectorLooseNoCF              
2026-02-12 20:42:05,571 PerfMonMTSvc                                         INFO Initialize 1               318.92                    9216                                     39912                                                   jetrecalg_AntiKt10UFOCSSKSoftDropBeta100Zcut10Jets.width                   
2026-02-12 20:42:05,571 PerfMonMTSvc                                         INFO Initialize 1               318.66                    9216                                     39895                                                   jetrecalg_AntiKt10UFOCSSKSoftDropBeta100Zcut10Jets.nsubjettiness           
2026-02-12 20:42:05,571 PerfMonMTSvc                                         INFO Initialize 1               317.53                    9216                                     39849                                                   jetrecalg_AntiKt10UFOCSSKSoftDropBeta100Zcut10Jets.ktsplitter              
2026-02-12 20:42:05,571 PerfMonMTSvc                                         INFO Initialize 1               317.04                    9216                                     39827                                                   jetrecalg_AntiKt10UFOCSSKSoftDropBeta100Zcut10Jets.ecorr                   
2026-02-12 20:42:05,571 PerfMonMTSvc                                         INFO Initialize 1               316.38                    9216                                     39796                                                   jetrecalg_AntiKt10UFOCSSKSoftDropBeta100Zcut10Jets.qw                      
2026-02-12 20:42:05,571 PerfMonMTSvc                                         INFO Initialize 1               315.88                    9216                                     39766                                                   jetrecalg_AntiKt10UFOCSSKSoftDropBeta100Zcut10Jets.comshapes               
2026-02-12 20:42:05,571 PerfMonMTSvc                                         INFO Initialize 1               315.05                    9216                                     39724                                                   jetrecalg_AntiKt10UFOCSSKSoftDropBeta100Zcut10Jets.ecorrgeneral            
2026-02-12 20:42:05,571 PerfMonMTSvc                                         INFO Initialize 1               314.00                    9216                                     39658                                                   jetrecalg_AntiKt10UFOCSSKSoftDropBeta100Zcut10Jets.truthlabeler_R10TruthLabel_R21Precision
2026-02-12 20:42:05,571 PerfMonMTSvc                                         INFO Initialize 1               313.13                    9216                                     39613                                                   jetrecalg_AntiKt10UFOCSSKSoftDropBeta100Zcut10Jets.truthlabeler_R10TruthLabel_R21Precision_2022v1
2026-02-12 20:42:05,571 PerfMonMTSvc                                         INFO Initialize 1               312.35                    9216                                     39565                                                   jetrecalg_AntiKt10UFOCSSKSoftDropBeta100Zcut10Jets.truthlabeler_R10TruthLabel_R22v1
2026-02-12 20:42:05,571 PerfMonMTSvc                                         INFO Initialize 1               311.64                    5120                                     1384                                                    ToolSvc.ElectronPassDNNMedium                                              
2026-02-12 20:42:05,571 PerfMonMTSvc                                         INFO Initialize 1               311.59                    9216                                     39518                                                   jetrecalg_AntiKt10UFOCSSKSoftDropBeta100Zcut10Jets.truthlabeler_R10WZTruthLabel_R22v1
2026-02-12 20:42:05,571 PerfMonMTSvc                                         INFO Initialize 1               310.87                    9216                                     39492                                                   jetrecalg_AntiKt10UFOCSSKSoftDropBeta100Zcut10Jets.emscalemom_AntiKt10UFOCSSKSoftDropBeta100Zcut10
2026-02-12 20:42:05,571 PerfMonMTSvc                                         INFO Initialize 1               310.53                    9216                                     39454                                                   jetrecalg_AntiKt10UFOCSSKSoftDropBeta100Zcut10Jets.jetenslargeR            
2026-02-12 20:42:05,572 PerfMonMTSvc                                         INFO Initialize 1               309.23                    9216                                     39409                                                   jetrecalg_AntiKt10UFOCSSKSoftDropBeta100Zcut10Jets.constitFrac             
2026-02-12 20:42:05,572 PerfMonMTSvc                                         INFO Initialize 1               308.94                    9216                                     39395                                                   jetrecalg_AntiKt10UFOCSSKSoftDropBeta100Zcut10Jets.groomMRatio             
2026-02-12 20:42:05,572 PerfMonMTSvc                                         INFO Initialize 1               308.79                    9216                                     39385                                                   jetrecalg_AntiKt10UFOCSSKSoftDropBeta100Zcut10Jets.BoostedJetTaggerTool-Top
2026-02-12 20:42:05,572 PerfMonMTSvc                                         INFO Initialize 1               308.43                    9216                                     39300                                                   jetrecalg_AntiKt10UFOCSSKSoftDropBeta100Zcut10Jets.BoostedJetTaggerTool-Top.MLHelper
2026-02-12 20:42:05,572 PerfMonMTSvc                                         INFO Initialize 1               307.49                    1024                                     1383                                                    ToolSvc.ElectronPassDNNMediumNoCF                                          
2026-02-12 20:42:05,572 PerfMonMTSvc                                         INFO Initialize 1               307.40                    2048                                     1384                                                    ToolSvc.ElectronPassDNNVeryLooseNoCF97                                     
2026-02-12 20:42:05,572 PerfMonMTSvc                                         INFO Initialize 1               307.35                    1024                                     1384                                                    ToolSvc.ElectronPassDNNTight                                               
2026-02-12 20:42:05,572 PerfMonMTSvc                                         INFO Initialize 1               307.00                    5120                                     1256                                                    ToolSvc.ElectronPassDNNMedium.ElectronDNNSelectorMedium                    
2026-02-12 20:42:05,572 PerfMonMTSvc                                         INFO =======================================================================================
2026-02-12 20:42:05,572 PerfMonMTSvc                                         INFO FirstEvent 1               5742.97                   280664                                   327174                                                  TauTruthCommonKernel2                                                      
2026-02-12 20:42:05,572 PerfMonMTSvc                                         INFO FirstEvent 2               2550.88                   234176                                   228311                                                  CondInputLoader                                                            
2026-02-12 20:42:05,572 PerfMonMTSvc                                         INFO FirstEvent 2               1414.04                   140288                                   140696                                                  AtlasTrackingGeometryCondAlg                                               
2026-02-12 20:42:05,572 PerfMonMTSvc                                         INFO FirstEvent 2               1140.47                   261784                                   166070                                                  AtlasFieldMapCondAlg                                                       
2026-02-12 20:42:05,572 PerfMonMTSvc                                         INFO FirstEvent 1               661.42                    15552                                    21928                                                   MiniCollectionTruthLinkKernelNo1                                           
2026-02-12 20:42:05,572 PerfMonMTSvc                                         INFO FirstEvent 1               405.86                    9528                                     12699                                                   MiniCollectionTruthLinkKernelNo3                                           
2026-02-12 20:42:05,572 PerfMonMTSvc                                         INFO FirstEvent 2               353.76                    82944                                    178281                                                  MuonDetectorCondAlg                                                        
2026-02-12 20:42:05,572 PerfMonMTSvc                                         INFO FirstEvent 2               329.23                    116736                                   106955                                                  TRTAlignCondAlg                                                            
2026-02-12 20:42:05,572 PerfMonMTSvc                                         INFO FirstEvent 1               240.03                    1640                                     3713                                                    TrigBTagCopierAlg                                                          
2026-02-12 20:42:05,572 PerfMonMTSvc                                         INFO FirstEvent 1               206.95                    0                                        38808                                                   IncidentProcAlg1                                                           
2026-02-12 20:42:05,572 PerfMonMTSvc                                         INFO FirstEvent 1               191.72                    16240                                    14455                                                   AntiKt4EMPFlowJets                                                         
2026-02-12 20:42:05,573 PerfMonMTSvc                                         INFO FirstEvent 1               170.31                    4976                                     2125                                                    jetrecalg_AntiKt4EMPFlowJets                                               
2026-02-12 20:42:05,573 PerfMonMTSvc                                         INFO FirstEvent 1               136.74                    19516                                    20169                                                   TrigNavSlimmingMTAlg_DAOD                                                  
2026-02-12 20:42:05,573 PerfMonMTSvc                                         INFO FirstEvent 1               125.03                    119996                                   56416                                                   StreamDAOD_PHYS                                                            
2026-02-12 20:42:05,573 PerfMonMTSvc                                         INFO FirstEvent 2               117.90                    55744                                    58445                                                   CaloAlignCondAlg                                                           
2026-02-12 20:42:05,573 PerfMonMTSvc                                         INFO FirstEvent 1               103.88                    0                                        -0                                                      IncidentProcAlg3                                                           
2026-02-12 20:42:05,573 PerfMonMTSvc                                         INFO FirstEvent 2               99.32                     6144                                     6054                                                    SCT_AlignCondAlg                                                           
2026-02-12 20:42:05,573 PerfMonMTSvc                                         INFO FirstEvent 1               96.18                     0                                        154                                                     FtagNN_AntiKt4EMPFlowJets_InDetTrackParticles_BTagging_20250912_GN3EPCLV01_antikt4empflow_network_STANDARD_Jet
2026-02-12 20:42:05,573 PerfMonMTSvc                                         INFO FirstEvent 1               93.39                     3072                                     154                                                     FtagNN_AntiKt4EMPFlowJets_InDetTrackParticles_BTagging_20250213_GN3PflowMuonsV00_antikt4empflow_network_STANDARD_Jet
2026-02-12 20:42:05,573 PerfMonMTSvc                                         INFO FirstEvent 1               85.71                     3728                                     4911                                                    AntiKt10UFOCSSKSoftDropBeta100Zcut10Jets                                   
2026-02-12 20:42:05,573 PerfMonMTSvc                                         INFO FirstEvent 1               85.29                     1592                                     6                                                       FtagNN_AntiKt4EMPFlowJets_InDetTrackParticles_BTagging_20250912_GN3EPCLV01_antikt4empflow_network_SIMPLE_FLIP_Jet
2026-02-12 20:42:05,573 PerfMonMTSvc                                         INFO FirstEvent 1               80.77                     1304                                     5                                                       FtagNN_AntiKt4EMPFlowJets_InDetTrackParticles_BTagging_20250213_GN3PflowMuonsV00_antikt4empflow_network_SIMPLE_FLIP_Jet
2026-02-12 20:42:05,573 PerfMonMTSvc                                         INFO FirstEvent 1               77.77                     18044                                    14875                                                   EGammaCommonKernel                                                         
2026-02-12 20:42:05,573 PerfMonMTSvc                                         INFO FirstEvent 1               66.35                     0                                        167                                                     FtagNN_AntiKt4EMPFlowJets_InDetTrackParticles_BTagging_20250213_GN3V00_antikt4empflow_network_STANDARD_Jet
2026-02-12 20:42:05,573 PerfMonMTSvc                                         INFO FirstEvent 1               57.12                     0                                        5                                                       FtagNN_AntiKt4EMPFlowJets_InDetTrackParticles_BTagging_20250213_GN3V00_antikt4empflow_network_SIMPLE_FLIP_Jet
2026-02-12 20:42:05,573 PerfMonMTSvc                                         INFO FirstEvent 1               55.44                     0                                        52527                                                   MCTruthClassificationKernel                                                
2026-02-12 20:42:05,573 PerfMonMTSvc                                         INFO FirstEvent 1               55.17                     0                                        2110                                                    CaloExtensionBuilderAlg                                                    
2026-02-12 20:42:05,573 PerfMonMTSvc                                         INFO FirstEvent 1               52.93                     54564                                    54910                                                   InDetCommonKernelDFCommonTrackSelection                                    
2026-02-12 20:42:05,573 PerfMonMTSvc                                         INFO FirstEvent 1               48.07                     34536                                    33899                                                   AntiKt4EMTopoJets                                                          
2026-02-12 20:42:05,573 PerfMonMTSvc                                         INFO FirstEvent 1               45.89                     6836                                     4354                                                    DFCommonHSDecorator                                                        
2026-02-12 20:42:05,573 PerfMonMTSvc                                         INFO FirstEvent 1               45.42                     0                                        962                                                     AntiKtVR30Rmax4Rmin02TruthChargedJets                                      
2026-02-12 20:42:05,573 PerfMonMTSvc                                         INFO FirstEvent 1               44.64                     0                                        789                                                     jetrecalg_AntiKtVR30Rmax4Rmin02TruthChargedJets                            
2026-02-12 20:42:05,573 PerfMonMTSvc                                         INFO FirstEvent 1               41.78                     33704                                    31638                                                   jetalg_ConstitModCorrectPFOCHS_EMPFlow                                     
2026-02-12 20:42:05,573 PerfMonMTSvc                                         INFO FirstEvent 1               36.46                     2416                                     261                                                     AntiKtVR30Rmax4Rmin02PV0TrackJets                                          
2026-02-12 20:42:05,574 PerfMonMTSvc                                         INFO FirstEvent 1               35.94                     2416                                     225                                                     jetrecalg_AntiKtVR30Rmax4Rmin02PV0TrackJets                                
2026-02-12 20:42:05,574 PerfMonMTSvc                                         INFO FirstEvent 2               34.96                     37172                                    56700                                                   AthReadAlg_AllCalo                                                         
2026-02-12 20:42:05,574 PerfMonMTSvc                                         INFO FirstEvent 1               34.12                     3520                                     6518                                                    TauJets_TauIDDecorKernel                                                   
2026-02-12 20:42:05,574 PerfMonMTSvc                                         INFO FirstEvent 1               29.56                     24744                                    25914                                                   PFlowIsolationBuilder                                                      
2026-02-12 20:42:05,574 PerfMonMTSvc                                         INFO FirstEvent 1               25.30                     0                                        172                                                     FtagNN_AntiKt4EMPFlowJets_InDetTrackParticles_BTagging_20231205_GN2v01_antikt4empflow_STANDARD_Jet
2026-02-12 20:42:05,574 PerfMonMTSvc                                         INFO FirstEvent 2               25.17                     5120                                     4942                                                    CaloSuperCellAlignCondAlg                                                  
2026-02-12 20:42:05,574 PerfMonMTSvc                                         INFO FirstEvent 1               24.82                     0                                        7426                                                    AntiKt4TruthJets                                                           
2026-02-12 20:42:05,574 PerfMonMTSvc                                         INFO FirstEvent 2               21.61                     0                                        1991                                                    PixelAlignCondAlg                                                          
2026-02-12 20:42:05,574 PerfMonMTSvc                                         INFO FirstEvent 1               19.88                     3592                                     4504                                                    DFCommonMuonsKernel                                                        
2026-02-12 20:42:05,574 PerfMonMTSvc                                         INFO FirstEvent 1               19.43                     4960                                     3942                                                    jetrecalg_AntiKt4EMTopoJets                                                
2026-02-12 20:42:05,574 PerfMonMTSvc                                         INFO FirstEvent 1               18.90                     4096                                     190                                                     DiTauLowPtBuilder                                                          
2026-02-12 20:42:05,574 PerfMonMTSvc                                         INFO FirstEvent 2               16.58                     0                                        148                                                     NswPassivationDbAlg                                                        
2026-02-12 20:42:05,574 PerfMonMTSvc                                         INFO FirstEvent 1               15.96                     10240                                    10783                                                   pflowselalg                                                                
2026-02-12 20:42:05,574 PerfMonMTSvc                                         INFO FirstEvent 1               15.05                     0                                        4                                                       FtagNN_AntiKt4EMPFlowJets_InDetTrackParticles_BTagging_20231205_GN2v01_antikt4empflow_SIMPLE_FLIP_Jet
2026-02-12 20:42:05,574 PerfMonMTSvc                                         INFO FirstEvent 1               14.61                     3728                                     783                                                     jetrecalg_AntiKt10TruthDressedWZJets                                       
2026-02-12 20:42:05,574 PerfMonMTSvc                                         INFO FirstEvent 1               13.30                     0                                        798                                                     jetrecalg_AntiKt4TruthJets                                                 
2026-02-12 20:42:05,574 PerfMonMTSvc                                         INFO =======================================================================================
2026-02-12 20:42:05,574 PerfMonMTSvc                                         INFO Execute    498             126571.87                 73048                                    3282069                                                 AntiKt10UFOCSSKSoftDropBeta100Zcut10Jets                                   
2026-02-12 20:42:05,574 PerfMonMTSvc                                         INFO Execute    498             93525.08                  3880                                     1744522                                                 AntiKt4EMPFlowJets                                                         
2026-02-12 20:42:05,574 PerfMonMTSvc                                         INFO Execute    498             92802.01                  0                                        1946922                                                 CaloExtensionBuilderAlg                                                    
2026-02-12 20:42:05,574 PerfMonMTSvc                                         INFO Execute    498             90616.13                  3880                                     871881                                                  jetrecalg_AntiKt4EMPFlowJets                                               
2026-02-12 20:42:05,575 PerfMonMTSvc                                         INFO Execute    498             42515.37                  4192                                     4104                                                    FtagNN_AntiKt4EMPFlowJets_InDetTrackParticles_BTagging_20250912_GN3EPCLV01_antikt4empflow_network_STANDARD_Jet
2026-02-12 20:42:05,575 PerfMonMTSvc                                         INFO Execute    498             42226.99                  2544                                     3807                                                    FtagNN_AntiKt4EMPFlowJets_InDetTrackParticles_BTagging_20250912_GN3EPCLV01_antikt4empflow_network_SIMPLE_FLIP_Jet
2026-02-12 20:42:05,575 PerfMonMTSvc                                         INFO Execute    498             40553.91                  7080                                     4007                                                    FtagNN_AntiKt4EMPFlowJets_InDetTrackParticles_BTagging_20250213_GN3PflowMuonsV00_antikt4empflow_network_STANDARD_Jet
2026-02-12 20:42:05,575 PerfMonMTSvc                                         INFO Execute    498             40264.81                  7592                                     3370                                                    FtagNN_AntiKt4EMPFlowJets_InDetTrackParticles_BTagging_20250213_GN3PflowMuonsV00_antikt4empflow_network_SIMPLE_FLIP_Jet
2026-02-12 20:42:05,575 PerfMonMTSvc                                         INFO Execute    498             28649.83                  0                                        3724                                                    FtagNN_AntiKt4EMPFlowJets_InDetTrackParticles_BTagging_20250213_GN3V00_antikt4empflow_network_STANDARD_Jet
2026-02-12 20:42:05,575 PerfMonMTSvc                                         INFO Execute    498             28355.21                  5400                                     3386                                                    FtagNN_AntiKt4EMPFlowJets_InDetTrackParticles_BTagging_20250213_GN3V00_antikt4empflow_network_SIMPLE_FLIP_Jet
2026-02-12 20:42:05,575 PerfMonMTSvc                                         INFO Execute    498             21007.98                  0                                        374998                                                  AntiKtVR30Rmax4Rmin02TruthChargedJets                                      
2026-02-12 20:42:05,575 PerfMonMTSvc                                         INFO Execute    498             20625.99                  0                                        304248                                                  jetrecalg_AntiKtVR30Rmax4Rmin02TruthChargedJets                            
2026-02-12 20:42:05,575 PerfMonMTSvc                                         INFO Execute    498             17605.78                  0                                        119917                                                  AntiKtVR30Rmax4Rmin02PV0TrackJets                                          
2026-02-12 20:42:05,575 PerfMonMTSvc                                         INFO Execute    498             17322.19                  0                                        103619                                                  jetrecalg_AntiKtVR30Rmax4Rmin02PV0TrackJets                                
2026-02-12 20:42:05,575 PerfMonMTSvc                                         INFO Execute    498             17316.79                  71696                                    214589                                                  jetrecalg_AntiKt10UFOCSSKSoftDropBeta100Zcut10Jets                         
2026-02-12 20:42:05,575 PerfMonMTSvc                                         INFO Execute    498             15281.00                  0                                        94304                                                   DiTauLowPtBuilder                                                          
2026-02-12 20:42:05,575 PerfMonMTSvc                                         INFO Execute    498             10780.63                  0                                        76264                                                   TauJets_TauIDDecorKernel                                                   
2026-02-12 20:42:05,575 PerfMonMTSvc                                         INFO Execute    498             10522.84                  8376                                     1461562                                                 AntiKt4EMTopoJets                                                          
2026-02-12 20:42:05,575 PerfMonMTSvc                                         INFO Execute    498             9999.69                   3072                                     463590                                                  StreamDAOD_PHYS                                                            
2026-02-12 20:42:05,575 PerfMonMTSvc                                         INFO Execute    498             9059.80                   8376                                     928831                                                  jetrecalg_AntiKt4EMTopoJets                                                
2026-02-12 20:42:05,575 PerfMonMTSvc                                         INFO Execute    498             8873.41                   0                                        269862                                                  EGammaCommonKernel                                                         
2026-02-12 20:42:05,575 PerfMonMTSvc                                         INFO Execute    498             7189.00                   0                                        3580                                                    Electrons_decoratePLIT                                                     
2026-02-12 20:42:05,575 PerfMonMTSvc                                         INFO Execute    498             6816.04                   0                                        3673                                                    FtagNN_AntiKt4EMPFlowJets_InDetTrackParticles_BTagging_20231205_GN2v01_antikt4empflow_STANDARD_Jet
2026-02-12 20:42:05,575 PerfMonMTSvc                                         INFO Execute    498             6321.26                   0                                        2345                                                    FtagNN_AntiKt4EMPFlowJets_InDetTrackParticles_BTagging_20231205_GN2v01_antikt4empflow_SIMPLE_FLIP_Jet
2026-02-12 20:42:05,575 PerfMonMTSvc                                         INFO Execute    498             6030.08                   3944                                     454951                                                  AntiKt4TruthJets                                                           
2026-02-12 20:42:05,575 PerfMonMTSvc                                         INFO Execute    498             5968.65                   1352                                     294550                                                  jetrecalg_AntiKt10TruthDressedWZJets                                       
2026-02-12 20:42:05,576 PerfMonMTSvc                                         INFO Execute    498             5276.10                   0                                        376230                                                  AntiKt4TruthDressedWZJets                                                  
2026-02-12 20:42:05,576 PerfMonMTSvc                                         INFO Execute    498             5222.17                   0                                        376021                                                  AntiKt4TruthWZJets                                                         
2026-02-12 20:42:05,576 PerfMonMTSvc                                         INFO Execute    498             5037.63                   0                                        1587                                                    FtagNN_AntiKt10UFOCSSKSoftDropBeta100Zcut10Jets_InDetTrackParticles_JetCalibTools_CalibArea-00-04-83_CalibrationFactors_bbJESJMS_calibFactors_R22_MC20MC23_CSSKUFO_bJR10v01_20250212_STANDARD_Jet
2026-02-12 20:42:05,576 PerfMonMTSvc                                         INFO Execute    498             4952.07                   3944                                     304318                                                  jetrecalg_AntiKt4TruthJets                                                 
2026-02-12 20:42:05,576 PerfMonMTSvc                                         INFO Execute    498             4838.17                   0                                        305079                                                  jetrecalg_AntiKt4TruthWZJets                                               
2026-02-12 20:42:05,576 PerfMonMTSvc                                         INFO Execute    498             4826.94                   0                                        305200                                                  jetrecalg_AntiKt4TruthDressedWZJets                                        
2026-02-12 20:42:05,576 PerfMonMTSvc                                         INFO Execute    498             4797.74                   0                                        1947                                                    FtagNN_AntiKt10UFOCSSKSoftDropBeta100Zcut10Jets_InDetTrackParticles_BTagging_20250912_GN3XPV01_antikt10ufo_network_STANDARD_Jet
2026-02-12 20:42:05,576 PerfMonMTSvc                                         INFO Execute    498             4791.11                   0                                        1770                                                    FtagNN_AntiKt10UFOCSSKSoftDropBeta100Zcut10Jets_InDetTrackParticles_BTagging_20250310_GN2XTauV00_antikt10ufo_network_STANDARD_Jet
2026-02-12 20:42:05,576 PerfMonMTSvc                                         INFO Execute    498             4712.22                   0                                        914                                                     FtagNN_AntiKt10UFOCSSKSoftDropBeta100Zcut10Jets_InDetTrackParticles_BTagging_20240925_GN2Xv02_antikt10ufo_network_STANDARD_Jet
2026-02-12 20:42:05,576 PerfMonMTSvc                                         INFO Execute    498             4527.78                   0                                        29548                                                   TrackParticleClusterAssociationAlgUFO                                      
2026-02-12 20:42:05,576 PerfMonMTSvc                                         INFO Execute    498             4214.03                   0                                        150781                                                  METAssociation_AntiKt4EMPFlowHR                                            
2026-02-12 20:42:05,576 PerfMonMTSvc                                         INFO Execute    498             3252.52                   0                                        291280                                                  MCTruthClassificationKernel                                                
2026-02-12 20:42:05,576 PerfMonMTSvc                                         INFO Execute    498             3055.89                   0                                        275220                                                  AntiKt10TruthSoftDropBeta100Zcut10Jets                                     
2026-02-12 20:42:05,576 PerfMonMTSvc                                         INFO Execute    498             2672.50                   0                                        730                                                     FtagNN_AntiKt10UFOCSSKSoftDropBeta100Zcut10Jets_InDetTrackParticles_JetCalibTools_CalibArea-00-04-83_CalibrationFactors_bbJESJMS_calibFactors_R22_MC20_CSSKUFO_bJR10v00Ext_20250212_STANDARD_Jet
2026-02-12 20:42:05,576 PerfMonMTSvc                                         INFO Execute    498             2362.42                   0                                        237                                                     IncidentProcAlg1                                                           
2026-02-12 20:42:05,576 PerfMonMTSvc                                         INFO Execute    498             2190.02                   2872                                     79800                                                   antikt4empflow_sv1_secvtxfinding                                           
2026-02-12 20:42:05,576 PerfMonMTSvc                                         INFO Execute    498             2187.91                   0                                        503764                                                  AntiKt10LCTopoJets                                                         
2026-02-12 20:42:05,576 PerfMonMTSvc                                         INFO Execute    498             2112.85                   0                                        93941                                                   jetrecalg_AntiKt10TruthDressedWZSoftDropBeta100Zcut10Jets                  
2026-02-12 20:42:05,576 PerfMonMTSvc                                         INFO Execute    498             2070.55                   0                                        33309                                                   HFClassificationCommonKernel                                               
2026-02-12 20:42:05,576 PerfMonMTSvc                                         INFO Execute    498             2045.03                   0                                        125860                                                  METAssociation_AntiKt4EMTopo                                               
2026-02-12 20:42:05,576 PerfMonMTSvc                                         INFO Execute    498             2037.22                   0                                        92711                                                   jetrecalg_AntiKt10TruthSoftDropBeta100Zcut10Jets                           
2026-02-12 20:42:05,576 PerfMonMTSvc                                         INFO Execute    498             1901.02                   0                                        310902                                                  jetrecalg_AntiKt10LCTopoJets                                               
2026-02-12 20:42:05,576 PerfMonMTSvc                                         INFO Execute    498             1776.85                   0                                        522225                                                  pflowselalg                                                                
2026-02-12 20:42:05,577 PerfMonMTSvc                                         INFO Execute    498             1666.70                   0                                        10205                                                   antikt4empflow_sv1flip_secvtxfinding                                       
2026-02-12 20:42:05,577 PerfMonMTSvc                                         INFO =======================================================================================
2026-02-12 20:42:05,577 PerfMonMTSvc                                         INFO Finalize   1               340.25                    0                                        -667818                                                 ConditionStore                                                             
2026-02-12 20:42:05,577 PerfMonMTSvc                                         INFO Finalize   1               196.72                    -64                                      -246792                                                 DetectorStore                                                              
2026-02-12 20:42:05,577 PerfMonMTSvc                                         INFO Finalize   1               130.91                    -65544                                   -307870                                                 ToolSvc                                                                    
2026-02-12 20:42:05,577 PerfMonMTSvc                                         INFO Finalize   1               67.63                     0                                        -64959                                                  RDBAccessSvc                                                               
2026-02-12 20:42:05,577 PerfMonMTSvc                                         INFO Finalize   1               13.99                     0                                        -16977                                                  StoreGateSvc                                                               
2026-02-12 20:42:05,577 PerfMonMTSvc                                         INFO Finalize   1               9.39                      0                                        -15605                                                  ToolSvc.DiTauIDDecoratorWrapper.DiTauRec_OnnxScoreCalculator               
2026-02-12 20:42:05,577 PerfMonMTSvc                                         INFO Finalize   1               6.43                      0                                        -51128                                                  Gaudi::MultiFileCatalog                                                    
2026-02-12 20:42:05,577 PerfMonMTSvc                                         INFO Finalize   1               4.30                      0                                        -13567                                                  MetaDataStore                                                              
2026-02-12 20:42:05,577 PerfMonMTSvc                                         INFO Finalize   1               2.51                      0                                        -3104                                                   DetDescrCnvSvc                                                             
2026-02-12 20:42:05,577 PerfMonMTSvc                                         INFO Finalize   1               0.64                      0                                        -20                                                     ChronoStatSvc                                                              
2026-02-12 20:42:05,577 PerfMonMTSvc                                         INFO Finalize   1               0.61                      0                                        6                                                       AntiKt4TruthJets                                                           
2026-02-12 20:42:05,578 PerfMonMTSvc                                         INFO Finalize   1               0.56                      0                                        -768                                                    IOVDbSvc                                                                   
2026-02-12 20:42:05,578 PerfMonMTSvc                                         INFO Finalize   1               0.42                      0                                        -5576                                                   InputMetaDataStore                                                         
2026-02-12 20:42:05,578 PerfMonMTSvc                                         INFO Finalize   1               0.38                      0                                        0                                                       Athena::DelayedConditionsCleanerSvc                                        
2026-02-12 20:42:05,578 PerfMonMTSvc                                         INFO Finalize   1               0.35                      0                                        3                                                       AntiKt10UFOCSSKSoftDropBeta100Zcut10Jets                                   
2026-02-12 20:42:05,578 PerfMonMTSvc                                         INFO Finalize   1               0.27                      0                                        2                                                       AntiKt4EMTopoJets                                                          
2026-02-12 20:42:05,578 PerfMonMTSvc                                         INFO Finalize   1               0.22                      0                                        2                                                       EventCleanSeq                                                              
2026-02-12 20:42:05,578 PerfMonMTSvc                                         INFO Finalize   1               0.22                      0                                        -0                                                      EGammaCommonKernel                                                         
2026-02-12 20:42:05,578 PerfMonMTSvc                                         INFO Finalize   1               0.19                      0                                        1                                                       AntiKt4EMPFlowJets                                                         
2026-02-12 20:42:05,578 PerfMonMTSvc                                         INFO Finalize   1               0.18                      0                                        -0                                                      METAssociation_AntiKt4EMPFlowHR.MET_AssociationTool_AntiKt4EMPFlowHR.MET_SoftAssociator_AntiKt4EMPFlowHR.CaloIsolationTool_MET.Rec::ParticleCaloCellAssociationTool.Trk::ParticleCaloExtensionTool.AtlasExtrapolator.AtlasRungeKuttaPropagator
2026-02-12 20:42:05,578 PerfMonMTSvc                                         INFO Finalize   1               0.12                      0                                        -1                                                      AthenaPoolSharedIOCnvSvc                                                   
2026-02-12 20:42:05,578 PerfMonMTSvc                                         INFO Finalize   1               0.12                      0                                        1                                                       AntiKtVR30Rmax4Rmin02PV0TrackJets                                          
2026-02-12 20:42:05,578 PerfMonMTSvc                                         INFO Finalize   1               0.10                      0                                        -11                                                     EventSelector                                                              
2026-02-12 20:42:05,578 PerfMonMTSvc                                         INFO Finalize   1               0.10                      0                                        1                                                       AntiKt10LCTopoJets                                                         
2026-02-12 20:42:05,578 PerfMonMTSvc                                         INFO Finalize   1               0.10                      0                                        0                                                       FourLeptonVertexAlg                                                        
2026-02-12 20:42:05,578 PerfMonMTSvc                                         INFO Finalize   1               0.10                      0                                        -4                                                      ToolSvc.PHYSDiTauLowPtTPThinningTool                                       
2026-02-12 20:42:05,578 PerfMonMTSvc                                         INFO Finalize   1               0.10                      0                                        1                                                       AntiKtVR30Rmax4Rmin02TruthChargedJets                                      
2026-02-12 20:42:05,578 PerfMonMTSvc                                         INFO Finalize   1               0.10                      0                                        1                                                       AntiKt4TruthWZJets                                                         
2026-02-12 20:42:05,578 PerfMonMTSvc                                         INFO Finalize   1               0.10                      0                                        1                                                       AntiKt4TruthDressedWZJets                                                  
2026-02-12 20:42:05,578 PerfMonMTSvc                                         INFO Finalize   1               0.09                      0                                        -24                                                     ToolSvc.CaloSurfaceBuilder                                                 
2026-02-12 20:42:05,578 PerfMonMTSvc                                         INFO Finalize   1               0.09                      0                                        1                                                       AntiKt10TruthSoftDropBeta100Zcut10Jets                                     
2026-02-12 20:42:05,578 PerfMonMTSvc                                         INFO Finalize   1               0.08                      0                                        -0                                                      InDetUsedInFitDecorator_0Alg                                               
2026-02-12 20:42:05,578 PerfMonMTSvc                                         INFO Finalize   1               0.08                      0                                        -0                                                      TruthCategoriesDecorator.xAODToHepMCTool                                   
2026-02-12 20:42:05,578 PerfMonMTSvc                                         INFO Finalize   1               0.08                      0                                        -0                                                      PHYSKernel                                                                 
2026-02-12 20:42:05,579 PerfMonMTSvc                                         INFO Finalize   1               0.07                      0                                        -0                                                      antikt10ufocssksoftdropbeta100zcut10_sv1flip_secvtxfinding.IDVKalVxInJetFlip
2026-02-12 20:42:05,579 PerfMonMTSvc                                         INFO Finalize   1               0.07                      0                                        -0                                                      ToolSvc.TrigDecisionTool                                                   
2026-02-12 20:42:05,579 PerfMonMTSvc                                         INFO Finalize   1               0.07                      0                                        0                                                       AllExecutedEventsCounterAlg                                                
2026-02-12 20:42:05,579 PerfMonMTSvc                                         INFO Finalize   1               0.06                      0                                        -0                                                      CondInputLoader                                                            
2026-02-12 20:42:05,579 PerfMonMTSvc                                         INFO Finalize   1               0.06                      0                                        -0                                                      antikt10ufocssksoftdropbeta100zcut10_sv1flip_secvtxfinding.IDVKalVxInJetFlip.TrkInJetType
2026-02-12 20:42:05,579 PerfMonMTSvc                                         INFO Finalize   1               0.06                      0                                        -0                                                      TruthCategoriesDecorator.HiggsTruthCategoryTool                            
2026-02-12 20:42:05,579 PerfMonMTSvc                                         INFO Finalize   1               0.05                      0                                        -0                                                      MCTruthClassificationKernel                                                
2026-02-12 20:42:05,579 PerfMonMTSvc                                         INFO Finalize   1               0.05                      0                                        -0                                                      AtlasTrackingGeometryCondAlg.AtlasGeometryBuilder.MuonTrackingGeometryBuilderCond.MuonStationBuilderCond.MuonStationTypeBuilder
2026-02-12 20:42:05,579 PerfMonMTSvc                                         INFO Finalize   1               0.05                      0                                        -0                                                      ToolSvc.PHYSTrackParticleThinningTool                                      
2026-02-12 20:42:05,579 PerfMonMTSvc                                         INFO Finalize   1               0.05                      0                                        -0                                                      StreamDAOD_PHYS                                                            
2026-02-12 20:42:05,579 PerfMonMTSvc                                         INFO Finalize   1               0.05                      0                                        -24                                                     ToolSvc.LArVolumeBuilderCond.CaloSurfaceBuilder                            
2026-02-12 20:42:05,579 PerfMonMTSvc                                         INFO Finalize   1               0.04                      0                                        -0                                                      DiTauIDDecorKernel                                                         
2026-02-12 20:42:05,579 PerfMonMTSvc                                         INFO Finalize   1               0.04                      0                                        -0                                                      DFCommonMuonsKernel                                                        
2026-02-12 20:42:05,579 PerfMonMTSvc                                         INFO Finalize   1               0.04                      0                                        -0                                                      HistogramDataSvc                                                           
2026-02-12 20:42:05,579 PerfMonMTSvc                                         INFO Finalize   1               0.04                      0                                        -0                                                      BadBatmanAugmentation                                                      
2026-02-12 20:42:05,579 PerfMonMTSvc                                         INFO Finalize   1               0.04                      0                                        -0                                                      TauTruthCommonKernel2                                                      
2026-02-12 20:42:05,579 PerfMonMTSvc                                         INFO =======================================================================================
2026-02-12 20:42:05,579 PerfMonMTSvc                                         INFO preLoadProxy 1               25.80                     0                                        28                                                      loadCachesOverhead:COOLOFL_INDET/OFLP200                                   
2026-02-12 20:42:05,579 PerfMonMTSvc                                         INFO preLoadProxy 1               18.84                     1024                                     3                                                       loadCachesOverhead:COOLOFL_LAR/OFLP200                                     
2026-02-12 20:42:05,579 PerfMonMTSvc                                         INFO preLoadProxy 1               15.17                     1024                                     13                                                      loadCachesOverhead:COOLOFL_TRT/OFLP200                                     
2026-02-12 20:42:05,579 PerfMonMTSvc                                         INFO preLoadProxy 1               14.89                     1024                                     1156                                                    FldrCache:/LAR/Align                                                       
2026-02-12 20:42:05,579 PerfMonMTSvc                                         INFO preLoadProxy 1               14.09                     0                                        529                                                     FldrCache:/Indet/Align                                                     
2026-02-12 20:42:05,579 PerfMonMTSvc                                         INFO preLoadProxy 1               14.01                     0                                        3                                                       loadCachesOverhead:COOLOFL_GLOBAL/OFLP200                                  
2026-02-12 20:42:05,580 PerfMonMTSvc                                         INFO preLoadProxy 1               13.40                     1024                                     2                                                       loadCachesOverhead:COOLOFL_DCS/OFLP200                                     
2026-02-12 20:42:05,580 PerfMonMTSvc                                         INFO preLoadProxy 1               13.00                     1024                                     898                                                     FldrCache:/EXT/DCS/MAGNETS/SENSORDATA                                      
2026-02-12 20:42:05,580 PerfMonMTSvc                                         INFO preLoadProxy 1               11.81                     2048                                     673                                                     loadCachesOverhead:COOLOFL_MDT/OFLP200                                     
2026-02-12 20:42:05,580 PerfMonMTSvc                                         INFO preLoadProxy 1               11.07                     2048                                     1431                                                    FldrCache:/MDT/MM/PASSIVATION                                              
2026-02-12 20:42:05,580 PerfMonMTSvc                                         INFO preLoadProxy 1               10.95                     1024                                     753                                                     FldrCache:/TRT/Align                                                       
2026-02-12 20:42:05,580 PerfMonMTSvc                                         INFO preLoadProxy 1               9.93                      0                                        821                                                     FldrCache:/GLOBAL/BField/Maps                                              
2026-02-12 20:42:05,580 PerfMonMTSvc                                         INFO preLoadProxy 1               7.10                      0                                        21                                                      FldrCache:/Indet/Beampos                                                   
2026-02-12 20:42:05,580 PerfMonMTSvc                                         INFO preLoadProxy 1               4.33                      0                                        18                                                      FldrCache:/Indet/IBLDist                                                   
2026-02-12 20:42:05,580 PerfMonMTSvc                                         INFO preLoadProxy 1               3.84                      0                                        9                                                       FldrCache:/TRT/Calib/DX                                                    
2026-02-12 20:42:05,580 PerfMonMTSvc                                         INFO preLoadProxy 1               3.73                      0                                        3                                                       FldrCache:/GLOBAL/TrackingGeo/LayerMaterialV2                              
2026-02-12 20:42:05,580 PerfMonMTSvc                                         INFO preLoadProxy 1               3.49                      0                                        8                                                       FldrCache:/LAR/LArCellPositionShift                                        
2026-02-12 20:42:05,580 PerfMonMTSvc                                         INFO preLoadProxy 1               0.79                      0                                        14                                                      UpdateAddr::/TagInfo                                                       
2026-02-12 20:42:05,580 PerfMonMTSvc                                         INFO preLoadProxy 1               0.45                      0                                        13                                                      FldrSetup:/TagInfo                                                         
2026-02-12 20:42:05,580 PerfMonMTSvc                                         INFO preLoadProxy 1               0.15                      0                                        9                                                       FldrSetup:/TRT/Align                                                       
2026-02-12 20:42:05,580 PerfMonMTSvc                                         INFO preLoadProxy 1               0.11                      0                                        12                                                      FldrSetup:/Indet/Align                                                     
2026-02-12 20:42:05,580 PerfMonMTSvc                                         INFO preLoadProxy 1               0.10                      0                                        0                                                       FldrSetup:/GLOBAL/TrackingGeo/LayerMaterialV2                              
2026-02-12 20:42:05,580 PerfMonMTSvc                                         INFO preLoadProxy 1               0.08                      0                                        22                                                      FldrSetup:/Digitization/Parameters                                         
2026-02-12 20:42:05,580 PerfMonMTSvc                                         INFO preLoadProxy 1               0.07                      0                                        10                                                      FldrSetup:/Indet/IBLDist                                                   
2026-02-12 20:42:05,580 PerfMonMTSvc                                         INFO preLoadProxy 1               0.06                      0                                        0                                                       FldrSetup:LArCellPositionShift                                             
2026-02-12 20:42:05,580 PerfMonMTSvc                                         INFO preLoadProxy 1               0.05                      0                                        2                                                       FldrSetup:/EXT/DCS/MAGNETS/SENSORDATA                                      
2026-02-12 20:42:05,580 PerfMonMTSvc                                         INFO preLoadProxy 1               0.04                      0                                        -0                                                      AthenaAttributeList[/Digitization/Parameters]                              
2026-02-12 20:42:05,580 PerfMonMTSvc                                         INFO preLoadProxy 1               0.04                      0                                        3                                                       FldrSetup:/GLOBAL/BField/Maps                                              
2026-02-12 20:42:05,580 PerfMonMTSvc                                         INFO preLoadProxy 1               0.03                      0                                        0                                                       FldrSetup:/TRT/Calib/DX                                                    
2026-02-12 20:42:05,581 PerfMonMTSvc                                         INFO preLoadProxy 1               0.03                      0                                        1                                                       FldrSetup:/MDT/MM/PASSIVATION                                              
2026-02-12 20:42:05,581 PerfMonMTSvc                                         INFO preLoadProxy 1               0.02                      0                                        2                                                       FldrSetup:/Indet/Beampos                                                   
2026-02-12 20:42:05,581 PerfMonMTSvc                                         INFO preLoadProxy 1               0.02                      0                                        -0                                                      UpdateAddr::AthenaMPEventQueue_1514623_f1b07c38-44b5-4b5c-9f95-384f405171e1
2026-02-12 20:42:05,581 PerfMonMTSvc                                         INFO preLoadProxy 1               0.02                      0                                        -0                                                      UpdateAddr::PRESAMPLER_B_POS                                               
2026-02-12 20:42:05,581 PerfMonMTSvc                                         INFO preLoadProxy 1               0.01                      0                                        0                                                       FldrSetup:/LAR/Align                                                       
2026-02-12 20:42:05,581 PerfMonMTSvc                                         INFO preLoadProxy 1               0.01                      0                                        -0                                                      AlignableTransformContainer[/TRT/Align]                                    
2026-02-12 20:42:05,581 PerfMonMTSvc                                         INFO preLoadProxy 1               0.01                      0                                        -0                                                      CondAttrListCollection[/GLOBAL/BField/Maps]                                
2026-02-12 20:42:05,581 PerfMonMTSvc                                         INFO preLoadProxy 1               0.01                      0                                        -0                                                      CondAttrListCollection[/EXT/DCS/MAGNETS/SENSORDATA]                        
2026-02-12 20:42:05,581 PerfMonMTSvc                                         INFO preLoadProxy 1               0.01                      0                                        -0                                                      AlignableTransformContainer[/Indet/Align]                                  
2026-02-12 20:42:05,581 PerfMonMTSvc                                         INFO preLoadProxy 1               0.01                      0                                        -0                                                      UpdateAddr::PRESAMPLER_EC_POS                                              
2026-02-12 20:42:05,581 PerfMonMTSvc                                         INFO preLoadProxy 1               0.01                      0                                        -0                                                      AthenaAttributeList[/Indet/Beampos]                                        
2026-02-12 20:42:05,581 PerfMonMTSvc                                         INFO preLoadProxy 1               0.01                      0                                        -0                                                      CondAttrListCollection[/Indet/IBLDist]                                     
2026-02-12 20:42:05,581 PerfMonMTSvc                                         INFO preLoadProxy 1               0.01                      0                                        -0                                                      DetCondKeyTrans[/LAR/Align]                                                
2026-02-12 20:42:05,581 PerfMonMTSvc                                         INFO preLoadProxy 1               0.01                      0                                        -0                                                      UpdateAddr::PRESAMPLER_B_NEG                                               
2026-02-12 20:42:05,581 PerfMonMTSvc                                         INFO preLoadProxy 1               0.01                      0                                        -0                                                      CondAttrListCollection[/MDT/MM/PASSIVATION]                                
2026-02-12 20:42:05,581 PerfMonMTSvc                                         INFO preLoadProxy 1               0.01                      0                                        -0                                                      UpdateAddr::HEC_POS                                                        
2026-02-12 20:42:05,581 PerfMonMTSvc                                         INFO preLoadProxy 1               0.01                      0                                        -0                                                      Trk::LayerMaterialMap[/GLOBAL/TrackingGeo/LayerMaterialV2]                 
2026-02-12 20:42:05,581 PerfMonMTSvc                                         INFO preLoadProxy 1               0.01                      0                                        -0                                                      UpdateAddr::PRESAMPLER_EC_NEG                                              
2026-02-12 20:42:05,581 PerfMonMTSvc                                         INFO preLoadProxy 1               0.01                      0                                        -0                                                      TRTCond::StrawDxContainer[/TRT/Calib/DX]                                   
2026-02-12 20:42:05,581 PerfMonMTSvc                                         INFO preLoadProxy 1               0.01                      0                                        -0                                                      UpdateAddr::HEC_NEG                                                        
2026-02-12 20:42:05,581 PerfMonMTSvc                                         INFO preLoadProxy 1               0.01                      0                                        -0                                                      CondAttrListCollection[/TagInfo]                                           
2026-02-12 20:42:05,581 PerfMonMTSvc                                         INFO =======================================================================================
2026-02-12 20:42:05,581 PerfMonMTSvc                                         INFO                                 Event Level Monitoring                                 
2026-02-12 20:42:05,582 PerfMonMTSvc                                         INFO         (Only the first 10 and the last measurements are explicitly printed)
2026-02-12 20:42:05,582 PerfMonMTSvc                                         INFO =======================================================================================
2026-02-12 20:42:05,582 PerfMonMTSvc                                         INFO Event            CPU [s]      Wall [s]     Vmem [kB]    Rss [kB]     Pss [kB]     Swap [kB]   
2026-02-12 20:42:05,582 PerfMonMTSvc                                         INFO ---------------------------------------------------------------------------------------
2026-02-12 20:42:05,582 PerfMonMTSvc                                         INFO 1                        1.85        63.32      5556628      3910744      1911610            0
2026-02-12 20:42:05,582 PerfMonMTSvc                                         INFO 23                      30.44        93.87      6311140      4948968      3036417            0
2026-02-12 20:42:05,582 PerfMonMTSvc                                         INFO 53                      60.37       123.92      6333060      4970172      3056974            0
2026-02-12 20:42:05,582 PerfMonMTSvc                                         INFO 81                      90.62       154.28      6338452      4980368      3066856            0
2026-02-12 20:42:05,582 PerfMonMTSvc                                         INFO 109                    120.61       184.40      6338452      4980532      3067133            0
2026-02-12 20:42:05,582 PerfMonMTSvc                                         INFO 132                    150.82       214.71      6343844      4988076      3075515            0
2026-02-12 20:42:05,582 PerfMonMTSvc                                         INFO 158                    181.71       245.68      6489724      5135328      3222800            0
2026-02-12 20:42:05,582 PerfMonMTSvc                                         INFO 184                    212.23       276.34      6492532      5137420      3224896            0
2026-02-12 20:42:05,582 PerfMonMTSvc                                         INFO 208                    243.02       307.27      6492532      5138624      3226108            0
2026-02-12 20:42:05,582 PerfMonMTSvc                                         INFO 232                    275.77       340.13      6500500      5146004      3233646            0
2026-02-12 20:42:05,582 PerfMonMTSvc                                         INFO ...====================================================================================
2026-02-12 20:42:05,582 PerfMonMTSvc                                         INFO 492                    644.81       710.54      6632780      5266064      3353643            0
2026-02-12 20:42:05,582 PerfMonMTSvc                                         INFO =======================================================================================
2026-02-12 20:42:05,582 PerfMonMTSvc                                         INFO                                 Snapshots Summary                                      
2026-02-12 20:42:05,582 PerfMonMTSvc                                         INFO =======================================================================================
2026-02-12 20:42:05,582 PerfMonMTSvc                                         INFO Step          dCPU [s]     dWall [s]    <CPU>   dVmem [kB]  dRss [kB]   dPss [kB]   dSwap [kB] 
2026-02-12 20:42:05,582 PerfMonMTSvc                                         INFO ---------------------------------------------------------------------------------------
2026-02-12 20:42:05,582 PerfMonMTSvc                                         INFO Configure     11.80        16.57        0.71    1415664     1111888     821648      0          
2026-02-12 20:42:05,582 PerfMonMTSvc                                         INFO Initialize    11.88        34.54        0.34    1907556     1414084     1413540     0          
2026-02-12 20:42:05,582 PerfMonMTSvc                                         INFO FirstEvent    10.89        22.86        0.48    6228384     4860792     2951218     0          
2026-02-12 20:42:05,583 PerfMonMTSvc                                         INFO Execute       646.20       648.66       1.00    537092      541308      534738      0          
2026-02-12 20:42:05,583 PerfMonMTSvc                                         INFO Finalize      0.87         0.93         0.94    -65608      24736       708131      0          
2026-02-12 20:42:05,583 PerfMonMTSvc                                         INFO ***************************************************************************************
2026-02-12 20:42:05,583 PerfMonMTSvc                                         INFO Number of events processed:         499
2026-02-12 20:42:05,583 PerfMonMTSvc                                         INFO CPU usage per event [ms]:           1317
2026-02-12 20:42:05,583 PerfMonMTSvc                                         INFO Events per second:                  0.743
2026-02-12 20:42:05,583 PerfMonMTSvc                                         INFO CPU utilization efficiency [%]:     94
2026-02-12 20:42:05,583 PerfMonMTSvc                                         INFO ***************************************************************************************
2026-02-12 20:42:05,583 PerfMonMTSvc                                         INFO Max Vmem:                           6.33 GB
2026-02-12 20:42:05,583 PerfMonMTSvc                                         INFO Max Rss:                            5.02 GB
2026-02-12 20:42:05,583 PerfMonMTSvc                                         INFO Max Pss:                            3.20 GB
2026-02-12 20:42:05,583 PerfMonMTSvc                                         INFO Max Swap:                           0.00 KB
2026-02-12 20:42:05,583 PerfMonMTSvc                                         INFO ***************************************************************************************
2026-02-12 20:42:05,583 PerfMonMTSvc                                         INFO Leak estimate per event Vmem:       773.00 KB
2026-02-12 20:42:05,583 PerfMonMTSvc                                         INFO Leak estimate per event Pss:        749.00 KB
2026-02-12 20:42:05,583 PerfMonMTSvc                                         INFO   >> Estimated using the last 20 measurements from the Event Level Monitoring
2026-02-12 20:42:05,583 PerfMonMTSvc                                         INFO   >> Events prior to the first 25 are omitted...
2026-02-12 20:42:05,583 PerfMonMTSvc                                         INFO =======================================================================================
2026-02-12 20:42:05,583 PerfMonMTSvc                                         INFO                                   System Information                                   
2026-02-12 20:42:05,583 PerfMonMTSvc                                         INFO =======================================================================================
2026-02-12 20:42:05,584 PerfMonMTSvc                                         INFO CPU Model:                          Intel(R) Xeon(R) Gold 6326 CPU @ 2.90GHz 24576 KB
2026-02-12 20:42:05,585 PerfMonMTSvc                                         INFO Number of Available Cores:          32
2026-02-12 20:42:05,585 PerfMonMTSvc                                         INFO Total Memory:                       251.00 GB
2026-02-12 20:42:05,585 PerfMonMTSvc                                         INFO =======================================================================================
2026-02-12 20:42:05,585 PerfMonMTSvc                                         INFO                                Environment Information                                 
2026-02-12 20:42:05,585 PerfMonMTSvc                                         INFO =======================================================================================
2026-02-12 20:42:05,585 PerfMonMTSvc                                         INFO Malloc Library:                     libtcmalloc_minimal.so
2026-02-12 20:42:05,585 PerfMonMTSvc                                         INFO Math Library:                       libimf.so
2026-02-12 20:42:05,585 PerfMonMTSvc                                         INFO =======================================================================================
2026-02-12 20:42:05,774 ApplicationMgr                                       INFO Application Manager Finalized successfully
