2026-02-12 19:19:32,530 AthMpEvtLoopMgr.SharedWriterTool                     INFO Logs redirected in the AthenaMP Shared Writer PID=1499736
2026-02-12 19:19:32,531 AthMpEvtLoopMgr.SharedWriterTool                     INFO Io registry updated in the AthenaMP Shared Writer PID=1499736
2026-02-12 19:19:32,556 AthMpEvtLoopMgr.SharedWriterTool                     INFO File descriptors re-opened in the AthenaMP Shared Writer PID=1499736
2026-02-12 19:19:32,557 AthenaRootSharedWriterSvc                            INFO in initialize()
2026-02-12 19:19:32,557 AthenaRootSharedWriterSvc                            INFO Found a total of 1 output streams
2026-02-12 19:19:32,565 PoolSvc                                              INFO I/O reinitialization...
2026-02-12 19:19:32,565 PoolSvc                                              INFO Setting up APR FileCatalog and Streams
2026-02-12 19:19:32,573 PoolSvc                                              INFO Resolved path (via ATLAS_POOLCOND_PATH) is /cvmfs/atlas-condb.cern.ch/repo/conditions/poolcond/PoolFileCatalog.xml
2026-02-12 19:19:32,597 PoolSvc                                              INFO Unable find catalog apcfile:poolcond/PoolCat_oflcond.xml in $ATLAS_POOLCOND_PATH and $DATAPATH
2026-02-12 19:19:32,597 PoolSvc                                              INFO POOL WriteCatalog is xmlcatalog_file:PoolFileCatalog.xml
2026-02-12 19:19:32,825 DbSession                                            INFO     Open     DbSession
2026-02-12 19:19:32,825 Domain[ROOT_All]                                     INFO >   Access   DbDomain     READ      [ROOT_All]
2026-02-12 19:19:32,825 DbSession                                            INFO     Open     DbSession
2026-02-12 19:19:32,825 Domain[ROOT_All]                                     INFO >   Access   DbDomain     READ      [ROOT_All]
2026-02-12 19:19:32,825 MetaDataSvc                                          INFO I/O reinitialization...
2026-02-12 19:19:32,825 MetaDataSvc                                          INFO Attached MetaDataTool: ToolSvc.IOVDbMetaDataTool
2026-02-12 19:19:32,826 MetaDataSvc                                          INFO Attached MetaDataTool: ToolSvc.BookkeeperTool
2026-02-12 19:19:32,826 MetaDataSvc                                          INFO Attached MetaDataTool: ToolSvc.StreamDAOD_PHYS_CopyEventStreamInfo
2026-02-12 19:19:32,826 MetaDataSvc                                          INFO Attached MetaDataTool: ToolSvc.TriggerMenuMetaDataTool
2026-02-12 19:19:32,826 MetaDataSvc                                          INFO Attached MetaDataTool: ToolSvc.TruthMetaDataTool
2026-02-12 19:19:32,826 MetaDataSvc                                          INFO Attached MetaDataTool: ToolSvc.xAODMaker::FileMetaDataTool
2026-02-12 19:19:32,826 MetaDataSvc                                          INFO Attached MetaDataTool: ToolSvc.xAODMaker::EventFormatMetaDataTool
2026-02-12 19:19:32,826 EventSelector                                        INFO I/O reinitialization...
2026-02-12 19:19:32,826 /eos/home-b/bkamgama/draft/Run_sleep_10000/...root   INFO ->  Access   DbDatabase   READ      [ROOT_All] AA21FB28-2672-434E-9813-0D7BE842151D
2026-02-12 19:19:32,859 RootDatabase                                         INFO /eos/home-b/bkamgama/draft/Run_sleep_10000/Compression_QT/DAOD_Compression_Analysis/workspaces/zstd_level1/data/zstd_rntuple_level1.AOD.pool.root File version:1063901
2026-02-12 19:19:32,875 StreamDAOD_PHYS                                      INFO I/O reinitialization...
2026-02-12 19:19:32,876 AthMpEvtLoopMgr.SharedWriterTool                     INFO Exec function in the AthenaMP Shared Writer PID=1499736
2026-02-12 19:19:47,850 AthenaPoolSharedIOCnvSvc.OutputStreamingTool         INFO Server clearObject() got start, client = 1, of 5
2026-02-12 19:19:47,883 DAOD_PHYS.DAOD.pool.root                             INFO ->  Access   DbDatabase   CREATE    [ROOT_All] 69F525AA-083F-11F1-924B-F688172E65E7
2026-02-12 19:19:50,902 RootDatabase                                         INFO DAOD_PHYS.DAOD.pool.root File version:63901
2026-02-12 19:19:50,910 StorageSvc                                           INFO Building shape according to reflection information using shape ID for: 
2026-02-12 19:19:50,910 StorageSvc                                           INFO xAOD::MissingETAuxAssociationMap_v2 [05184C74-A3CE-4C89-959E-D7E9F0A98D13]
2026-02-12 19:19:50,913 StorageSvc                                           INFO Building shape according to reflection information using shape ID for: 
2026-02-12 19:19:50,914 StorageSvc                                           INFO xAOD::MissingETAssociationMap_v1 [E2EAA116-F03E-430E-B4EF-216AAF7DEEE8]
2026-02-12 19:19:50,915 APR:DbReflex:forGuid                              WARNING  doing GUID scan on ALL types for Class ID=47FE21D1-5196-4961-A8A1-1DC1B4104DD8
2026-02-12 19:19:51,101 StorageSvc                                           INFO Building shape according to reflection information using shape ID for: 
2026-02-12 19:19:51,102 StorageSvc                                           INFO xAOD::MissingETContainer_v1 [F49162FE-6BC0-49BC-A7DA-A792136BD939]
2026-02-12 19:19:51,152 AthenaPoolSharedIOCnvSvc.OutputStreamingTool         INFO Server clearObject() got wait, client = 1
2026-02-12 19:19:52,788 AthenaPoolSharedIOCnvSvc.OutputStreamingTool         INFO Server clearObject() got release, client = 1
2026-02-12 19:19:52,788 AthenaPoolSharedIOCnvSvc.OutputStreamingTool         INFO Server clearObject() got start, client = 2, of 5
2026-02-12 19:19:52,789 AthenaPoolSharedIOCnvSvc.OutputStreamingTool         INFO Server clearObject() got start, client = 3, of 5
2026-02-12 19:19:52,789 AthenaPoolSharedIOCnvSvc.OutputStreamingTool         INFO Server clearObject() got release, client = 1
2026-02-12 19:19:52,789 AthenaPoolSharedIOCnvSvc.OutputStreamingTool         INFO Server clearObject() got start, client = 4, of 5
2026-02-12 19:19:52,857 AthenaPoolSharedIOCnvSvc.OutputStreamingTool         INFO Server clearObject() got wait, client = 2
2026-02-12 19:19:54,293 AthenaPoolSharedIOCnvSvc.OutputStreamingTool         INFO Server clearObject() got release, client = 2
2026-02-12 19:19:54,315 AthenaPoolSharedIOCnvSvc.OutputStreamingTool         INFO Server clearObject() got wait, client = 1
2026-02-12 19:19:54,320 AthenaPoolSharedIOCnvSvc.OutputStreamingTool         INFO Server clearObject() got release, client = 1
2026-02-12 19:19:54,320 AthenaPoolSharedIOCnvSvc.OutputStreamingTool         INFO Server clearObject() got release, client = 2
2026-02-12 19:19:54,320 AthenaPoolSharedIOCnvSvc.OutputStreamingTool         INFO Server clearObject() got release, client = 1
2026-02-12 19:19:54,359 AthenaPoolSharedIOCnvSvc.OutputStreamingTool         INFO Server clearObject() got wait, client = 3
2026-02-12 19:19:54,490 AthenaPoolSharedIOCnvSvc.OutputStreamingTool         INFO Server clearObject() got release, client = 3
2026-02-12 19:19:54,534 AthenaPoolSharedIOCnvSvc.OutputStreamingTool         INFO Server clearObject() got wait, client = 4
2026-02-12 19:19:54,669 AthenaPoolSharedIOCnvSvc.OutputStreamingTool         INFO Server clearObject() got release, client = 4
2026-02-12 19:19:54,669 AthenaPoolSharedIOCnvSvc.OutputStreamingTool         INFO Server clearObject() got release, client = 3
2026-02-12 19:19:54,669 AthenaPoolSharedIOCnvSvc.OutputStreamingTool         INFO Server clearObject() got release, client = 4
2026-02-12 19:19:54,946 AthenaPoolSharedIOCnvSvc.OutputStreamingTool         INFO Server clearObject() got wait, client = 2
2026-02-12 19:19:54,954 AthenaPoolSharedIOCnvSvc.OutputStreamingTool         INFO Server clearObject() got release, client = 2
2026-02-12 19:19:55,218 AthenaPoolSharedIOCnvSvc.OutputStreamingTool         INFO Server clearObject() got wait, client = 1
2026-02-12 19:19:55,223 AthenaPoolSharedIOCnvSvc.OutputStreamingTool         INFO Server clearObject() got release, client = 1
2026-02-12 19:19:55,368 AthenaPoolSharedIOCnvSvc.OutputStreamingTool         INFO Server clearObject() got wait, client = 3
2026-02-12 19:19:55,372 AthenaPoolSharedIOCnvSvc.OutputStreamingTool         INFO Server clearObject() got release, client = 3
2026-02-12 19:19:55,372 AthenaPoolSharedIOCnvSvc.OutputStreamingTool         INFO Server clearObject() got release, client = 3
2026-02-12 19:19:55,655 AthenaPoolSharedIOCnvSvc.OutputStreamingTool         INFO Server clearObject() got wait, client = 4
2026-02-12 19:19:55,663 AthenaPoolSharedIOCnvSvc.OutputStreamingTool         INFO Server clearObject() got release, client = 4
2026-02-12 19:19:55,849 AthenaPoolSharedIOCnvSvc.OutputStreamingTool         INFO Server clearObject() got wait, client = 2
2026-02-12 19:19:55,856 AthenaPoolSharedIOCnvSvc.OutputStreamingTool         INFO Server clearObject() got release, client = 2
2026-02-12 19:19:56,168 AthenaPoolSharedIOCnvSvc.OutputStreamingTool         INFO Server clearObject() got wait, client = 1
2026-02-12 19:19:56,173 AthenaPoolSharedIOCnvSvc.OutputStreamingTool         INFO Server clearObject() got release, client = 1
2026-02-12 19:19:56,272 AthenaPoolSharedIOCnvSvc.OutputStreamingTool         INFO Server clearObject() got wait, client = 3
2026-02-12 19:19:56,277 AthenaPoolSharedIOCnvSvc.OutputStreamingTool         INFO Server clearObject() got release, client = 3
2026-02-12 19:19:56,277 AthenaPoolSharedIOCnvSvc.OutputStreamingTool         INFO Server clearObject() got release, client = 3
2026-02-12 19:19:56,574 AthenaPoolSharedIOCnvSvc.OutputStreamingTool         INFO Server clearObject() got wait, client = 4
2026-02-12 19:19:56,588 AthenaPoolSharedIOCnvSvc.OutputStreamingTool         INFO Server clearObject() got release, client = 4
2026-02-12 19:19:56,977 AthenaPoolSharedIOCnvSvc.OutputStreamingTool         INFO Server clearObject() got wait, client = 2
2026-02-12 19:19:56,983 AthenaPoolSharedIOCnvSvc.OutputStreamingTool         INFO Server clearObject() got release, client = 2
2026-02-12 19:19:57,077 AthenaPoolSharedIOCnvSvc.OutputStreamingTool         INFO Server clearObject() got wait, client = 1
2026-02-12 19:19:57,081 AthenaPoolSharedIOCnvSvc.OutputStreamingTool         INFO Server clearObject() got release, client = 1
2026-02-12 19:19:57,082 AthenaPoolSharedIOCnvSvc.OutputStreamingTool         INFO Server clearObject() got release, client = 1
2026-02-12 19:19:57,308 AthenaPoolSharedIOCnvSvc.OutputStreamingTool         INFO Server clearObject() got wait, client = 3
2026-02-12 19:19:57,315 AthenaPoolSharedIOCnvSvc.OutputStreamingTool         INFO Server clearObject() got release, client = 3
2026-02-12 19:19:57,437 AthenaPoolSharedIOCnvSvc.OutputStreamingTool         INFO Server clearObject() got wait, client = 4
2026-02-12 19:19:57,440 AthenaPoolSharedIOCnvSvc.OutputStreamingTool         INFO Server clearObject() got release, client = 4
2026-02-12 19:19:57,441 AthenaPoolSharedIOCnvSvc.OutputStreamingTool         INFO Server clearObject() got release, client = 4
2026-02-12 19:19:57,758 AthenaPoolSharedIOCnvSvc.OutputStreamingTool         INFO Server clearObject() got wait, client = 1
2026-02-12 19:19:57,762 AthenaPoolSharedIOCnvSvc.OutputStreamingTool         INFO Server clearObject() got release, client = 1
2026-02-12 19:19:57,763 AthenaPoolSharedIOCnvSvc.OutputStreamingTool         INFO Server clearObject() got release, client = 1
2026-02-12 19:19:58,066 AthenaPoolSharedIOCnvSvc.OutputStreamingTool         INFO Server clearObject() got wait, client = 2
2026-02-12 19:19:58,073 AthenaPoolSharedIOCnvSvc.OutputStreamingTool         INFO Server clearObject() got release, client = 2
2026-02-12 19:19:58,242 AthenaPoolSharedIOCnvSvc.OutputStreamingTool         INFO Server clearObject() got wait, client = 4
2026-02-12 19:19:58,246 AthenaPoolSharedIOCnvSvc.OutputStreamingTool         INFO Server clearObject() got release, client = 4
2026-02-12 19:19:58,247 AthenaPoolSharedIOCnvSvc.OutputStreamingTool         INFO Server clearObject() got release, client = 4
2026-02-12 19:19:58,748 AthenaPoolSharedIOCnvSvc.OutputStreamingTool         INFO Server clearObject() got wait, client = 1
2026-02-12 19:19:58,752 AthenaPoolSharedIOCnvSvc.OutputStreamingTool         INFO Server clearObject() got release, client = 1
2026-02-12 19:19:58,946 AthenaPoolSharedIOCnvSvc.OutputStreamingTool         INFO Server clearObject() got wait, client = 2
2026-02-12 19:19:58,953 AthenaPoolSharedIOCnvSvc.OutputStreamingTool         INFO Server clearObject() got release, client = 2
2026-02-12 19:19:59,436 AthenaPoolSharedIOCnvSvc.OutputStreamingTool         INFO Server clearObject() got wait, client = 3
2026-02-12 19:19:59,443 AthenaPoolSharedIOCnvSvc.OutputStreamingTool         INFO Server clearObject() got release, client = 3
2026-02-12 19:19:59,580 AthenaPoolSharedIOCnvSvc.OutputStreamingTool         INFO Server clearObject() got wait, client = 4
2026-02-12 19:19:59,594 AthenaPoolSharedIOCnvSvc.OutputStreamingTool         INFO Server clearObject() got release, client = 4
2026-02-12 19:19:59,721 AthenaPoolSharedIOCnvSvc.OutputStreamingTool         INFO Server clearObject() got wait, client = 1
2026-02-12 19:19:59,726 AthenaPoolSharedIOCnvSvc.OutputStreamingTool         INFO Server clearObject() got release, client = 1
2026-02-12 19:19:59,726 AthenaPoolSharedIOCnvSvc.OutputStreamingTool         INFO Server clearObject() got release, client = 1
2026-02-12 19:20:00,169 AthenaPoolSharedIOCnvSvc.OutputStreamingTool         INFO Server clearObject() got wait, client = 2
2026-02-12 19:20:00,179 AthenaPoolSharedIOCnvSvc.OutputStreamingTool         INFO Server clearObject() got release, client = 2
2026-02-12 19:20:00,544 AthenaPoolSharedIOCnvSvc.OutputStreamingTool         INFO Server clearObject() got wait, client = 1
2026-02-12 19:20:00,548 AthenaPoolSharedIOCnvSvc.OutputStreamingTool         INFO Server clearObject() got release, client = 1
2026-02-12 19:20:00,549 AthenaPoolSharedIOCnvSvc.OutputStreamingTool         INFO Server clearObject() got release, client = 1
2026-02-12 19:20:00,616 AthenaPoolSharedIOCnvSvc.OutputStreamingTool         INFO Server clearObject() got wait, client = 3
2026-02-12 19:20:00,623 AthenaPoolSharedIOCnvSvc.OutputStreamingTool         INFO Server clearObject() got release, client = 3
2026-02-12 19:20:00,932 AthenaPoolSharedIOCnvSvc.OutputStreamingTool         INFO Server clearObject() got wait, client = 4
2026-02-12 19:20:00,938 AthenaPoolSharedIOCnvSvc.OutputStreamingTool         INFO Server clearObject() got release, client = 4
2026-02-12 19:20:01,190 AthenaPoolSharedIOCnvSvc.OutputStreamingTool         INFO Server clearObject() got wait, client = 2
2026-02-12 19:20:01,195 AthenaPoolSharedIOCnvSvc.OutputStreamingTool         INFO Server clearObject() got release, client = 2
2026-02-12 19:20:01,195 AthenaPoolSharedIOCnvSvc.OutputStreamingTool         INFO Server clearObject() got release, client = 2
2026-02-12 19:20:01,349 AthenaPoolSharedIOCnvSvc.OutputStreamingTool         INFO Server clearObject() got wait, client = 1
2026-02-12 19:20:01,353 AthenaPoolSharedIOCnvSvc.OutputStreamingTool         INFO Server clearObject() got release, client = 1
2026-02-12 19:20:01,354 AthenaPoolSharedIOCnvSvc.OutputStreamingTool         INFO Server clearObject() got release, client = 1
2026-02-12 19:20:01,522 AthenaPoolSharedIOCnvSvc.OutputStreamingTool         INFO Server clearObject() got wait, client = 3
2026-02-12 19:20:01,527 AthenaPoolSharedIOCnvSvc.OutputStreamingTool         INFO Server clearObject() got release, client = 3
2026-02-12 19:20:01,528 AthenaPoolSharedIOCnvSvc.OutputStreamingTool         INFO Server clearObject() got release, client = 3
2026-02-12 19:20:01,809 AthenaPoolSharedIOCnvSvc.OutputStreamingTool         INFO Server clearObject() got wait, client = 4
2026-02-12 19:20:01,813 AthenaPoolSharedIOCnvSvc.OutputStreamingTool         INFO Server clearObject() got release, client = 4
2026-02-12 19:20:01,814 AthenaPoolSharedIOCnvSvc.OutputStreamingTool         INFO Server clearObject() got release, client = 4
2026-02-12 19:20:02,383 AthenaPoolSharedIOCnvSvc.OutputStreamingTool         INFO Server clearObject() got wait, client = 1
2026-02-12 19:20:02,390 AthenaPoolSharedIOCnvSvc.OutputStreamingTool         INFO Server clearObject() got release, client = 1
2026-02-12 19:20:02,412 AthenaPoolSharedIOCnvSvc.OutputStreamingTool         INFO Server clearObject() got wait, client = 2
2026-02-12 19:20:02,419 AthenaPoolSharedIOCnvSvc.OutputStreamingTool         INFO Server clearObject() got release, client = 2
2026-02-12 19:20:02,971 AthenaPoolSharedIOCnvSvc.OutputStreamingTool         INFO Server clearObject() got wait, client = 3
2026-02-12 19:20:02,981 AthenaPoolSharedIOCnvSvc.OutputStreamingTool         INFO Server clearObject() got release, client = 3
2026-02-12 19:20:03,034 AthenaPoolSharedIOCnvSvc.OutputStreamingTool         INFO Server clearObject() got wait, client = 4
2026-02-12 19:20:03,039 AthenaPoolSharedIOCnvSvc.OutputStreamingTool         INFO Server clearObject() got release, client = 4
2026-02-12 19:20:03,040 AthenaPoolSharedIOCnvSvc.OutputStreamingTool         INFO Server clearObject() got release, client = 4
2026-02-12 19:20:03,326 AthenaPoolSharedIOCnvSvc.OutputStreamingTool         INFO Server clearObject() got wait, client = 2
2026-02-12 19:20:03,331 AthenaPoolSharedIOCnvSvc.OutputStreamingTool         INFO Server clearObject() got release, client = 2
2026-02-12 19:20:03,331 AthenaPoolSharedIOCnvSvc.OutputStreamingTool         INFO Server clearObject() got release, client = 2
2026-02-12 19:20:03,901 AthenaPoolSharedIOCnvSvc.OutputStreamingTool         INFO Server clearObject() got wait, client = 3
2026-02-12 19:20:03,912 AthenaPoolSharedIOCnvSvc.OutputStreamingTool         INFO Server clearObject() got release, client = 3
2026-02-12 19:20:04,346 AthenaPoolSharedIOCnvSvc.OutputStreamingTool         INFO Server clearObject() got wait, client = 1
2026-02-12 19:20:04,354 AthenaPoolSharedIOCnvSvc.OutputStreamingTool         INFO Server clearObject() got release, client = 1
2026-02-12 19:20:04,354 AthenaPoolSharedIOCnvSvc.OutputStreamingTool         INFO Server clearObject() got release, client = 1
2026-02-12 19:20:04,379 AthenaPoolSharedIOCnvSvc.OutputStreamingTool         INFO Server clearObject() got wait, client = 4
2026-02-12 19:20:04,385 AthenaPoolSharedIOCnvSvc.OutputStreamingTool         INFO Server clearObject() got release, client = 4
2026-02-12 19:20:04,700 AthenaPoolSharedIOCnvSvc.OutputStreamingTool         INFO Server clearObject() got wait, client = 2
2026-02-12 19:20:04,706 AthenaPoolSharedIOCnvSvc.OutputStreamingTool         INFO Server clearObject() got release, client = 2
2026-02-12 19:20:04,907 AthenaPoolSharedIOCnvSvc.OutputStreamingTool         INFO Server clearObject() got wait, client = 3
2026-02-12 19:20:04,912 AthenaPoolSharedIOCnvSvc.OutputStreamingTool         INFO Server clearObject() got release, client = 3
2026-02-12 19:20:04,912 AthenaPoolSharedIOCnvSvc.OutputStreamingTool         INFO Server clearObject() got release, client = 3
2026-02-12 19:20:05,277 AthenaPoolSharedIOCnvSvc.OutputStreamingTool         INFO Server clearObject() got wait, client = 4
2026-02-12 19:20:05,282 AthenaPoolSharedIOCnvSvc.OutputStreamingTool         INFO Server clearObject() got release, client = 4
2026-02-12 19:20:05,412 AthenaPoolSharedIOCnvSvc.OutputStreamingTool         INFO Server clearObject() got wait, client = 1
2026-02-12 19:20:05,418 AthenaPoolSharedIOCnvSvc.OutputStreamingTool         INFO Server clearObject() got release, client = 1
2026-02-12 19:20:05,570 AthenaPoolSharedIOCnvSvc.OutputStreamingTool         INFO Server clearObject() got wait, client = 2
2026-02-12 19:20:05,574 AthenaPoolSharedIOCnvSvc.OutputStreamingTool         INFO Server clearObject() got release, client = 2
2026-02-12 19:20:05,575 AthenaPoolSharedIOCnvSvc.OutputStreamingTool         INFO Server clearObject() got release, client = 2
2026-02-12 19:20:05,724 AthenaPoolSharedIOCnvSvc.OutputStreamingTool         INFO Server clearObject() got wait, client = 3
2026-02-12 19:20:05,729 AthenaPoolSharedIOCnvSvc.OutputStreamingTool         INFO Server clearObject() got release, client = 3
2026-02-12 19:20:05,729 AthenaPoolSharedIOCnvSvc.OutputStreamingTool         INFO Server clearObject() got release, client = 3
2026-02-12 19:20:06,086 AthenaPoolSharedIOCnvSvc.OutputStreamingTool         INFO Server clearObject() got wait, client = 4
2026-02-12 19:20:06,091 AthenaPoolSharedIOCnvSvc.OutputStreamingTool         INFO Server clearObject() got release, client = 4
2026-02-12 19:20:06,161 AthenaPoolSharedIOCnvSvc.OutputStreamingTool         INFO Server clearObject() got wait, client = 1
2026-02-12 19:20:06,165 AthenaPoolSharedIOCnvSvc.OutputStreamingTool         INFO Server clearObject() got release, client = 1
2026-02-12 19:20:06,165 AthenaPoolSharedIOCnvSvc.OutputStreamingTool         INFO Server clearObject() got release, client = 1
2026-02-12 19:20:06,528 AthenaPoolSharedIOCnvSvc.OutputStreamingTool         INFO Server clearObject() got wait, client = 3
2026-02-12 19:20:06,537 AthenaPoolSharedIOCnvSvc.OutputStreamingTool         INFO Server clearObject() got release, client = 3
2026-02-12 19:20:06,750 AthenaPoolSharedIOCnvSvc.OutputStreamingTool         INFO Server clearObject() got wait, client = 2
2026-02-12 19:20:06,760 AthenaPoolSharedIOCnvSvc.OutputStreamingTool         INFO Server clearObject() got release, client = 2
2026-02-12 19:20:07,206 AthenaPoolSharedIOCnvSvc.OutputStreamingTool         INFO Server clearObject() got wait, client = 4
2026-02-12 19:20:07,211 AthenaPoolSharedIOCnvSvc.OutputStreamingTool         INFO Server clearObject() got release, client = 4
2026-02-12 19:20:07,211 AthenaPoolSharedIOCnvSvc.OutputStreamingTool         INFO Server clearObject() got release, client = 4
2026-02-12 19:20:07,477 AthenaPoolSharedIOCnvSvc.OutputStreamingTool         INFO Server clearObject() got wait, client = 1
2026-02-12 19:20:07,483 AthenaPoolSharedIOCnvSvc.OutputStreamingTool         INFO Server clearObject() got release, client = 1
2026-02-12 19:20:07,752 AthenaPoolSharedIOCnvSvc.OutputStreamingTool         INFO Server clearObject() got wait, client = 2
2026-02-12 19:20:07,763 AthenaPoolSharedIOCnvSvc.OutputStreamingTool         INFO Server clearObject() got release, client = 2
2026-02-12 19:20:07,970 AthenaPoolSharedIOCnvSvc.OutputStreamingTool         INFO Server clearObject() got wait, client = 3
2026-02-12 19:20:07,982 AthenaPoolSharedIOCnvSvc.OutputStreamingTool         INFO Server clearObject() got release, client = 3
2026-02-12 19:20:08,205 AthenaPoolSharedIOCnvSvc.OutputStreamingTool         INFO Server clearObject() got wait, client = 4
2026-02-12 19:20:08,210 AthenaPoolSharedIOCnvSvc.OutputStreamingTool         INFO Server clearObject() got release, client = 4
2026-02-12 19:20:08,232 AthenaPoolSharedIOCnvSvc.OutputStreamingTool         INFO Server clearObject() got wait, client = 1
2026-02-12 19:20:08,236 AthenaPoolSharedIOCnvSvc.OutputStreamingTool         INFO Server clearObject() got release, client = 1
2026-02-12 19:20:08,237 AthenaPoolSharedIOCnvSvc.OutputStreamingTool         INFO Server clearObject() got release, client = 1
2026-02-12 19:20:08,237 AthenaPoolSharedIOCnvSvc.OutputStreamingTool         INFO Server clearObject() got release, client = 4
2026-02-12 19:20:08,747 AthenaPoolSharedIOCnvSvc.OutputStreamingTool         INFO Server clearObject() got wait, client = 2
2026-02-12 19:20:08,756 AthenaPoolSharedIOCnvSvc.OutputStreamingTool         INFO Server clearObject() got release, client = 2
2026-02-12 19:20:08,898 AthenaPoolSharedIOCnvSvc.OutputStreamingTool         INFO Server clearObject() got wait, client = 3
2026-02-12 19:20:08,903 AthenaPoolSharedIOCnvSvc.OutputStreamingTool         INFO Server clearObject() got release, client = 3
2026-02-12 19:20:08,903 AthenaPoolSharedIOCnvSvc.OutputStreamingTool         INFO Server clearObject() got release, client = 3
2026-02-12 19:20:09,218 AthenaPoolSharedIOCnvSvc.OutputStreamingTool         INFO Server clearObject() got wait, client = 4
2026-02-12 19:20:09,222 AthenaPoolSharedIOCnvSvc.OutputStreamingTool         INFO Server clearObject() got release, client = 4
2026-02-12 19:20:09,245 AthenaPoolSharedIOCnvSvc.OutputStreamingTool         INFO Server clearObject() got wait, client = 1
2026-02-12 19:20:09,253 AthenaPoolSharedIOCnvSvc.OutputStreamingTool         INFO Server clearObject() got release, client = 1
2026-02-12 19:20:09,253 AthenaPoolSharedIOCnvSvc.OutputStreamingTool         INFO Server clearObject() got release, client = 4
2026-02-12 19:20:09,666 AthenaPoolSharedIOCnvSvc.OutputStreamingTool         INFO Server clearObject() got wait, client = 2
2026-02-12 19:20:09,673 AthenaPoolSharedIOCnvSvc.OutputStreamingTool         INFO Server clearObject() got release, client = 2
2026-02-12 19:20:09,969 AthenaPoolSharedIOCnvSvc.OutputStreamingTool         INFO Server clearObject() got wait, client = 4
2026-02-12 19:20:09,973 AthenaPoolSharedIOCnvSvc.OutputStreamingTool         INFO Server clearObject() got release, client = 4
2026-02-12 19:20:09,974 AthenaPoolSharedIOCnvSvc.OutputStreamingTool         INFO Server clearObject() got release, client = 4
2026-02-12 19:20:10,014 AthenaPoolSharedIOCnvSvc.OutputStreamingTool         INFO Server clearObject() got wait, client = 3
2026-02-12 19:20:10,020 AthenaPoolSharedIOCnvSvc.OutputStreamingTool         INFO Server clearObject() got release, client = 3
2026-02-12 19:20:10,409 AthenaPoolSharedIOCnvSvc.OutputStreamingTool         INFO Server clearObject() got wait, client = 2
2026-02-12 19:20:10,416 AthenaPoolSharedIOCnvSvc.OutputStreamingTool         INFO Server clearObject() got release, client = 2
2026-02-12 19:20:10,903 AthenaPoolSharedIOCnvSvc.OutputStreamingTool         INFO Server clearObject() got wait, client = 1
2026-02-12 19:20:10,916 AthenaPoolSharedIOCnvSvc.OutputStreamingTool         INFO Server clearObject() got release, client = 1
2026-02-12 19:20:11,189 AthenaPoolSharedIOCnvSvc.OutputStreamingTool         INFO Server clearObject() got wait, client = 2
2026-02-12 19:20:11,193 AthenaPoolSharedIOCnvSvc.OutputStreamingTool         INFO Server clearObject() got release, client = 2
2026-02-12 19:20:11,194 AthenaPoolSharedIOCnvSvc.OutputStreamingTool         INFO Server clearObject() got release, client = 2
2026-02-12 19:20:11,295 AthenaPoolSharedIOCnvSvc.OutputStreamingTool         INFO Server clearObject() got wait, client = 4
2026-02-12 19:20:11,306 AthenaPoolSharedIOCnvSvc.OutputStreamingTool         INFO Server clearObject() got release, client = 4
2026-02-12 19:20:11,440 AthenaPoolSharedIOCnvSvc.OutputStreamingTool         INFO Server clearObject() got wait, client = 3
2026-02-12 19:20:11,447 AthenaPoolSharedIOCnvSvc.OutputStreamingTool         INFO Server clearObject() got release, client = 3
2026-02-12 19:20:12,084 AthenaPoolSharedIOCnvSvc.OutputStreamingTool         INFO Server clearObject() got wait, client = 1
2026-02-12 19:20:12,090 AthenaPoolSharedIOCnvSvc.OutputStreamingTool         INFO Server clearObject() got release, client = 1
2026-02-12 19:20:12,112 AthenaPoolSharedIOCnvSvc.OutputStreamingTool         INFO Server clearObject() got wait, client = 4
2026-02-12 19:20:12,117 AthenaPoolSharedIOCnvSvc.OutputStreamingTool         INFO Server clearObject() got release, client = 4
2026-02-12 19:20:12,139 AthenaPoolSharedIOCnvSvc.OutputStreamingTool         INFO Server clearObject() got wait, client = 2
2026-02-12 19:20:12,148 AthenaPoolSharedIOCnvSvc.OutputStreamingTool         INFO Server clearObject() got release, client = 2
2026-02-12 19:20:12,148 AthenaPoolSharedIOCnvSvc.OutputStreamingTool         INFO Server clearObject() got release, client = 4
2026-02-12 19:20:12,779 AthenaPoolSharedIOCnvSvc.OutputStreamingTool         INFO Server clearObject() got wait, client = 3
2026-02-12 19:20:12,788 AthenaPoolSharedIOCnvSvc.OutputStreamingTool         INFO Server clearObject() got release, client = 3
2026-02-12 19:20:13,064 AthenaPoolSharedIOCnvSvc.OutputStreamingTool         INFO Server clearObject() got wait, client = 2
2026-02-12 19:20:13,068 AthenaPoolSharedIOCnvSvc.OutputStreamingTool         INFO Server clearObject() got release, client = 2
2026-02-12 19:20:13,068 AthenaPoolSharedIOCnvSvc.OutputStreamingTool         INFO Server clearObject() got release, client = 2
2026-02-12 19:20:13,186 AthenaPoolSharedIOCnvSvc.OutputStreamingTool         INFO Server clearObject() got wait, client = 4
2026-02-12 19:20:13,196 AthenaPoolSharedIOCnvSvc.OutputStreamingTool         INFO Server clearObject() got release, client = 4
2026-02-12 19:20:13,218 AthenaPoolSharedIOCnvSvc.OutputStreamingTool         INFO Server clearObject() got wait, client = 1
2026-02-12 19:20:13,223 AthenaPoolSharedIOCnvSvc.OutputStreamingTool         INFO Server clearObject() got release, client = 1
2026-02-12 19:20:13,754 AthenaPoolSharedIOCnvSvc.OutputStreamingTool         INFO Server clearObject() got wait, client = 3
2026-02-12 19:20:13,760 AthenaPoolSharedIOCnvSvc.OutputStreamingTool         INFO Server clearObject() got release, client = 3
2026-02-12 19:20:14,124 AthenaPoolSharedIOCnvSvc.OutputStreamingTool         INFO Server clearObject() got wait, client = 2
2026-02-12 19:20:14,133 AthenaPoolSharedIOCnvSvc.OutputStreamingTool         INFO Server clearObject() got release, client = 2
2026-02-12 19:20:14,217 AthenaPoolSharedIOCnvSvc.OutputStreamingTool         INFO Server clearObject() got wait, client = 4
2026-02-12 19:20:14,221 AthenaPoolSharedIOCnvSvc.OutputStreamingTool         INFO Server clearObject() got release, client = 4
2026-02-12 19:20:14,222 AthenaPoolSharedIOCnvSvc.OutputStreamingTool         INFO Server clearObject() got release, client = 4
2026-02-12 19:20:14,364 AthenaPoolSharedIOCnvSvc.OutputStreamingTool         INFO Server clearObject() got wait, client = 1
2026-02-12 19:20:14,369 AthenaPoolSharedIOCnvSvc.OutputStreamingTool         INFO Server clearObject() got release, client = 1
2026-02-12 19:20:15,111 AthenaPoolSharedIOCnvSvc.OutputStreamingTool         INFO Server clearObject() got wait, client = 4
2026-02-12 19:20:15,122 AthenaPoolSharedIOCnvSvc.OutputStreamingTool         INFO Server clearObject() got release, client = 4
2026-02-12 19:20:15,244 AthenaPoolSharedIOCnvSvc.OutputStreamingTool         INFO Server clearObject() got wait, client = 3
2026-02-12 19:20:15,253 AthenaPoolSharedIOCnvSvc.OutputStreamingTool         INFO Server clearObject() got release, client = 3
2026-02-12 19:20:15,410 AthenaPoolSharedIOCnvSvc.OutputStreamingTool         INFO Server clearObject() got wait, client = 2
2026-02-12 19:20:15,417 AthenaPoolSharedIOCnvSvc.OutputStreamingTool         INFO Server clearObject() got release, client = 2
2026-02-12 19:20:15,437 AthenaPoolSharedIOCnvSvc.OutputStreamingTool         INFO Server clearObject() got wait, client = 1
2026-02-12 19:20:15,449 AthenaPoolSharedIOCnvSvc.OutputStreamingTool         INFO Server clearObject() got release, client = 1
2026-02-12 19:20:16,319 AthenaPoolSharedIOCnvSvc.OutputStreamingTool         INFO Server clearObject() got wait, client = 3
2026-02-12 19:20:16,333 AthenaPoolSharedIOCnvSvc.OutputStreamingTool         INFO Server clearObject() got release, client = 3
2026-02-12 19:20:16,355 AthenaPoolSharedIOCnvSvc.OutputStreamingTool         INFO Server clearObject() got wait, client = 4
2026-02-12 19:20:16,361 AthenaPoolSharedIOCnvSvc.OutputStreamingTool         INFO Server clearObject() got release, client = 4
2026-02-12 19:20:16,461 AthenaPoolSharedIOCnvSvc.OutputStreamingTool         INFO Server clearObject() got wait, client = 1
2026-02-12 19:20:16,466 AthenaPoolSharedIOCnvSvc.OutputStreamingTool         INFO Server clearObject() got release, client = 1
2026-02-12 19:20:16,466 AthenaPoolSharedIOCnvSvc.OutputStreamingTool         INFO Server clearObject() got release, client = 1
2026-02-12 19:20:16,641 AthenaPoolSharedIOCnvSvc.OutputStreamingTool         INFO Server clearObject() got wait, client = 2
2026-02-12 19:20:16,649 AthenaPoolSharedIOCnvSvc.OutputStreamingTool         INFO Server clearObject() got release, client = 2
2026-02-12 19:20:17,420 AthenaPoolSharedIOCnvSvc.OutputStreamingTool         INFO Server clearObject() got wait, client = 4
2026-02-12 19:20:17,426 AthenaPoolSharedIOCnvSvc.OutputStreamingTool         INFO Server clearObject() got release, client = 4
2026-02-12 19:20:17,426 AthenaPoolSharedIOCnvSvc.OutputStreamingTool         INFO Server clearObject() got release, client = 4
2026-02-12 19:20:17,572 AthenaPoolSharedIOCnvSvc.OutputStreamingTool         INFO Server clearObject() got wait, client = 2
2026-02-12 19:20:17,577 AthenaPoolSharedIOCnvSvc.OutputStreamingTool         INFO Server clearObject() got release, client = 2
2026-02-12 19:20:17,767 AthenaPoolSharedIOCnvSvc.OutputStreamingTool         INFO Server clearObject() got wait, client = 3
2026-02-12 19:20:17,774 AthenaPoolSharedIOCnvSvc.OutputStreamingTool         INFO Server clearObject() got release, client = 3
2026-02-12 19:20:17,774 AthenaPoolSharedIOCnvSvc.OutputStreamingTool         INFO Server clearObject() got release, client = 3
2026-02-12 19:20:18,090 AthenaPoolSharedIOCnvSvc.OutputStreamingTool         INFO Server clearObject() got wait, client = 1
2026-02-12 19:20:18,107 AthenaPoolSharedIOCnvSvc.OutputStreamingTool         INFO Server clearObject() got release, client = 1
2026-02-12 19:20:18,453 AthenaPoolSharedIOCnvSvc.OutputStreamingTool         INFO Server clearObject() got wait, client = 2
2026-02-12 19:20:18,458 AthenaPoolSharedIOCnvSvc.OutputStreamingTool         INFO Server clearObject() got release, client = 2
2026-02-12 19:20:18,483 AthenaPoolSharedIOCnvSvc.OutputStreamingTool         INFO Server clearObject() got wait, client = 4
2026-02-12 19:20:18,490 AthenaPoolSharedIOCnvSvc.OutputStreamingTool         INFO Server clearObject() got release, client = 4
2026-02-12 19:20:18,490 AthenaPoolSharedIOCnvSvc.OutputStreamingTool         INFO Server clearObject() got release, client = 2
2026-02-12 19:20:18,490 AthenaPoolSharedIOCnvSvc.OutputStreamingTool         INFO Server clearObject() got release, client = 4
2026-02-12 19:20:18,992 AthenaPoolSharedIOCnvSvc.OutputStreamingTool         INFO Server clearObject() got wait, client = 3
2026-02-12 19:20:18,999 AthenaPoolSharedIOCnvSvc.OutputStreamingTool         INFO Server clearObject() got release, client = 3
2026-02-12 19:20:19,366 AthenaPoolSharedIOCnvSvc.OutputStreamingTool         INFO Server clearObject() got wait, client = 1
2026-02-12 19:20:19,371 AthenaPoolSharedIOCnvSvc.OutputStreamingTool         INFO Server clearObject() got release, client = 1
2026-02-12 19:20:19,372 AthenaPoolSharedIOCnvSvc.OutputStreamingTool         INFO Server clearObject() got release, client = 1
2026-02-12 19:20:19,564 AthenaPoolSharedIOCnvSvc.OutputStreamingTool         INFO Server clearObject() got wait, client = 2
2026-02-12 19:20:19,570 AthenaPoolSharedIOCnvSvc.OutputStreamingTool         INFO Server clearObject() got release, client = 2
2026-02-12 19:20:19,570 AthenaPoolSharedIOCnvSvc.OutputStreamingTool         INFO Server clearObject() got release, client = 2
2026-02-12 19:20:19,903 AthenaPoolSharedIOCnvSvc.OutputStreamingTool         INFO Server clearObject() got wait, client = 4
2026-02-12 19:20:19,912 AthenaPoolSharedIOCnvSvc.OutputStreamingTool         INFO Server clearObject() got release, client = 4
2026-02-12 19:20:20,356 AthenaPoolSharedIOCnvSvc.OutputStreamingTool         INFO Server clearObject() got wait, client = 3
2026-02-12 19:20:20,362 AthenaPoolSharedIOCnvSvc.OutputStreamingTool         INFO Server clearObject() got release, client = 3
2026-02-12 19:20:20,864 AthenaPoolSharedIOCnvSvc.OutputStreamingTool         INFO Server clearObject() got wait, client = 1
2026-02-12 19:20:20,871 AthenaPoolSharedIOCnvSvc.OutputStreamingTool         INFO Server clearObject() got release, client = 1
2026-02-12 19:20:20,871 AthenaPoolSharedIOCnvSvc.OutputStreamingTool         INFO Server clearObject() got release, client = 1
2026-02-12 19:20:20,928 AthenaPoolSharedIOCnvSvc.OutputStreamingTool         INFO Server clearObject() got wait, client = 2
2026-02-12 19:20:20,934 AthenaPoolSharedIOCnvSvc.OutputStreamingTool         INFO Server clearObject() got release, client = 2
2026-02-12 19:20:20,934 AthenaPoolSharedIOCnvSvc.OutputStreamingTool         INFO Server clearObject() got release, client = 2
2026-02-12 19:20:21,456 AthenaPoolSharedIOCnvSvc.OutputStreamingTool         INFO Server clearObject() got wait, client = 4
2026-02-12 19:20:21,474 AthenaPoolSharedIOCnvSvc.OutputStreamingTool         INFO Server clearObject() got release, client = 4
2026-02-12 19:20:21,641 AthenaPoolSharedIOCnvSvc.OutputStreamingTool         INFO Server clearObject() got wait, client = 3
2026-02-12 19:20:21,646 AthenaPoolSharedIOCnvSvc.OutputStreamingTool         INFO Server clearObject() got release, client = 3
2026-02-12 19:20:21,647 AthenaPoolSharedIOCnvSvc.OutputStreamingTool         INFO Server clearObject() got release, client = 3
2026-02-12 19:20:22,007 AthenaPoolSharedIOCnvSvc.OutputStreamingTool         INFO Server clearObject() got wait, client = 1
2026-02-12 19:20:22,021 AthenaPoolSharedIOCnvSvc.OutputStreamingTool         INFO Server clearObject() got release, client = 1
2026-02-12 19:20:22,576 AthenaPoolSharedIOCnvSvc.OutputStreamingTool         INFO Server clearObject() got wait, client = 2
2026-02-12 19:20:22,588 AthenaPoolSharedIOCnvSvc.OutputStreamingTool         INFO Server clearObject() got release, client = 2
2026-02-12 19:20:22,632 AthenaPoolSharedIOCnvSvc.OutputStreamingTool         INFO Server clearObject() got wait, client = 4
2026-02-12 19:20:22,637 AthenaPoolSharedIOCnvSvc.OutputStreamingTool         INFO Server clearObject() got release, client = 4
2026-02-12 19:20:22,638 AthenaPoolSharedIOCnvSvc.OutputStreamingTool         INFO Server clearObject() got release, client = 4
2026-02-12 19:20:22,774 AthenaPoolSharedIOCnvSvc.OutputStreamingTool         INFO Server clearObject() got wait, client = 3
2026-02-12 19:20:22,780 AthenaPoolSharedIOCnvSvc.OutputStreamingTool         INFO Server clearObject() got release, client = 3
2026-02-12 19:20:23,540 AthenaPoolSharedIOCnvSvc.OutputStreamingTool         INFO Server clearObject() got wait, client = 1
2026-02-12 19:20:23,567 AthenaPoolSharedIOCnvSvc.OutputStreamingTool         INFO Server clearObject() got release, client = 1
2026-02-12 19:20:23,596 AthenaPoolSharedIOCnvSvc.OutputStreamingTool         INFO Server clearObject() got wait, client = 2
2026-02-12 19:20:23,602 AthenaPoolSharedIOCnvSvc.OutputStreamingTool         INFO Server clearObject() got release, client = 2
2026-02-12 19:20:23,684 AthenaPoolSharedIOCnvSvc.OutputStreamingTool         INFO Server clearObject() got wait, client = 4
2026-02-12 19:20:23,711 AthenaPoolSharedIOCnvSvc.OutputStreamingTool         INFO Server clearObject() got release, client = 4
2026-02-12 19:20:23,813 AthenaPoolSharedIOCnvSvc.OutputStreamingTool         INFO Server clearObject() got wait, client = 3
2026-02-12 19:20:23,818 AthenaPoolSharedIOCnvSvc.OutputStreamingTool         INFO Server clearObject() got release, client = 3
2026-02-12 19:20:23,818 AthenaPoolSharedIOCnvSvc.OutputStreamingTool         INFO Server clearObject() got release, client = 3
2026-02-12 19:20:24,790 AthenaPoolSharedIOCnvSvc.OutputStreamingTool         INFO Server clearObject() got wait, client = 3
2026-02-12 19:20:24,795 AthenaPoolSharedIOCnvSvc.OutputStreamingTool         INFO Server clearObject() got release, client = 3
2026-02-12 19:20:24,821 AthenaPoolSharedIOCnvSvc.OutputStreamingTool         INFO Server clearObject() got wait, client = 1
2026-02-12 19:20:24,827 AthenaPoolSharedIOCnvSvc.OutputStreamingTool         INFO Server clearObject() got release, client = 1
2026-02-12 19:20:25,009 AthenaPoolSharedIOCnvSvc.OutputStreamingTool         INFO Server clearObject() got wait, client = 4
2026-02-12 19:20:25,015 AthenaPoolSharedIOCnvSvc.OutputStreamingTool         INFO Server clearObject() got release, client = 4
2026-02-12 19:20:25,131 AthenaPoolSharedIOCnvSvc.OutputStreamingTool         INFO Server clearObject() got wait, client = 2
2026-02-12 19:20:25,141 AthenaPoolSharedIOCnvSvc.OutputStreamingTool         INFO Server clearObject() got release, client = 2
2026-02-12 19:20:25,897 AthenaPoolSharedIOCnvSvc.OutputStreamingTool         INFO Server clearObject() got wait, client = 1
2026-02-12 19:20:25,906 AthenaPoolSharedIOCnvSvc.OutputStreamingTool         INFO Server clearObject() got release, client = 1
2026-02-12 19:20:26,056 AthenaPoolSharedIOCnvSvc.OutputStreamingTool         INFO Server clearObject() got wait, client = 3
2026-02-12 19:20:26,067 AthenaPoolSharedIOCnvSvc.OutputStreamingTool         INFO Server clearObject() got release, client = 3
2026-02-12 19:20:26,185 AthenaPoolSharedIOCnvSvc.OutputStreamingTool         INFO Server clearObject() got wait, client = 4
2026-02-12 19:20:26,193 AthenaPoolSharedIOCnvSvc.OutputStreamingTool         INFO Server clearObject() got release, client = 4
2026-02-12 19:20:26,215 AthenaPoolSharedIOCnvSvc.OutputStreamingTool         INFO Server clearObject() got wait, client = 2
2026-02-12 19:20:26,220 AthenaPoolSharedIOCnvSvc.OutputStreamingTool         INFO Server clearObject() got release, client = 2
2026-02-12 19:20:26,220 AthenaPoolSharedIOCnvSvc.OutputStreamingTool         INFO Server clearObject() got release, client = 2
2026-02-12 19:20:26,990 AthenaPoolSharedIOCnvSvc.OutputStreamingTool         INFO Server clearObject() got wait, client = 3
2026-02-12 19:20:27,006 AthenaPoolSharedIOCnvSvc.OutputStreamingTool         INFO Server clearObject() got release, client = 3
2026-02-12 19:20:27,043 AthenaPoolSharedIOCnvSvc.OutputStreamingTool         INFO Server clearObject() got wait, client = 1
2026-02-12 19:20:27,048 AthenaPoolSharedIOCnvSvc.OutputStreamingTool         INFO Server clearObject() got release, client = 1
2026-02-12 19:20:27,049 AthenaPoolSharedIOCnvSvc.OutputStreamingTool         INFO Server clearObject() got release, client = 1
2026-02-12 19:20:27,429 AthenaPoolSharedIOCnvSvc.OutputStreamingTool         INFO Server clearObject() got wait, client = 4
2026-02-12 19:20:27,435 AthenaPoolSharedIOCnvSvc.OutputStreamingTool         INFO Server clearObject() got release, client = 4
2026-02-12 19:20:27,517 AthenaPoolSharedIOCnvSvc.OutputStreamingTool         INFO Server clearObject() got wait, client = 2
2026-02-12 19:20:27,524 AthenaPoolSharedIOCnvSvc.OutputStreamingTool         INFO Server clearObject() got release, client = 2
2026-02-12 19:20:28,017 AthenaPoolSharedIOCnvSvc.OutputStreamingTool         INFO Server clearObject() got wait, client = 1
2026-02-12 19:20:28,023 AthenaPoolSharedIOCnvSvc.OutputStreamingTool         INFO Server clearObject() got release, client = 1
2026-02-12 19:20:28,055 AthenaPoolSharedIOCnvSvc.OutputStreamingTool         INFO Server clearObject() got wait, client = 3
2026-02-12 19:20:28,065 AthenaPoolSharedIOCnvSvc.OutputStreamingTool         INFO Server clearObject() got release, client = 3
2026-02-12 19:20:28,575 AthenaPoolSharedIOCnvSvc.OutputStreamingTool         INFO Server clearObject() got wait, client = 4
2026-02-12 19:20:28,584 AthenaPoolSharedIOCnvSvc.OutputStreamingTool         INFO Server clearObject() got release, client = 4
2026-02-12 19:20:28,742 AthenaPoolSharedIOCnvSvc.OutputStreamingTool         INFO Server clearObject() got wait, client = 2
2026-02-12 19:20:28,747 AthenaPoolSharedIOCnvSvc.OutputStreamingTool         INFO Server clearObject() got release, client = 2
2026-02-12 19:20:28,747 AthenaPoolSharedIOCnvSvc.OutputStreamingTool         INFO Server clearObject() got release, client = 2
2026-02-12 19:20:29,217 AthenaPoolSharedIOCnvSvc.OutputStreamingTool         INFO Server clearObject() got wait, client = 1
2026-02-12 19:20:29,223 AthenaPoolSharedIOCnvSvc.OutputStreamingTool         INFO Server clearObject() got release, client = 1
2026-02-12 19:20:29,846 AthenaPoolSharedIOCnvSvc.OutputStreamingTool         INFO Server clearObject() got wait, client = 4
2026-02-12 19:20:29,859 AthenaPoolSharedIOCnvSvc.OutputStreamingTool         INFO Server clearObject() got release, client = 4
2026-02-12 19:20:30,033 AthenaPoolSharedIOCnvSvc.OutputStreamingTool         INFO Server clearObject() got wait, client = 2
2026-02-12 19:20:30,038 AthenaPoolSharedIOCnvSvc.OutputStreamingTool         INFO Server clearObject() got release, client = 2
2026-02-12 19:20:30,039 AthenaPoolSharedIOCnvSvc.OutputStreamingTool         INFO Server clearObject() got release, client = 2
2026-02-12 19:20:30,080 AthenaPoolSharedIOCnvSvc.OutputStreamingTool         INFO Server clearObject() got wait, client = 1
2026-02-12 19:20:30,085 AthenaPoolSharedIOCnvSvc.OutputStreamingTool         INFO Server clearObject() got release, client = 1
2026-02-12 19:20:30,085 AthenaPoolSharedIOCnvSvc.OutputStreamingTool         INFO Server clearObject() got release, client = 1
2026-02-12 19:20:30,405 AthenaPoolSharedIOCnvSvc.OutputStreamingTool         INFO Server clearObject() got wait, client = 3
2026-02-12 19:20:30,455 AthenaPoolSharedIOCnvSvc.OutputStreamingTool         INFO Server clearObject() got release, client = 3
2026-02-12 19:20:30,862 AthenaPoolSharedIOCnvSvc.OutputStreamingTool         INFO Server clearObject() got wait, client = 4
2026-02-12 19:20:30,867 AthenaPoolSharedIOCnvSvc.OutputStreamingTool         INFO Server clearObject() got release, client = 4
2026-02-12 19:20:30,867 AthenaPoolSharedIOCnvSvc.OutputStreamingTool         INFO Server clearObject() got release, client = 4
2026-02-12 19:20:31,019 AthenaPoolSharedIOCnvSvc.OutputStreamingTool         INFO Server clearObject() got wait, client = 1
2026-02-12 19:20:31,025 AthenaPoolSharedIOCnvSvc.OutputStreamingTool         INFO Server clearObject() got release, client = 1
2026-02-12 19:20:31,285 AthenaPoolSharedIOCnvSvc.OutputStreamingTool         INFO Server clearObject() got wait, client = 3
2026-02-12 19:20:31,290 AthenaPoolSharedIOCnvSvc.OutputStreamingTool         INFO Server clearObject() got release, client = 3
2026-02-12 19:20:31,290 AthenaPoolSharedIOCnvSvc.OutputStreamingTool         INFO Server clearObject() got release, client = 3
2026-02-12 19:20:31,571 AthenaPoolSharedIOCnvSvc.OutputStreamingTool         INFO Server clearObject() got wait, client = 2
2026-02-12 19:20:31,584 AthenaPoolSharedIOCnvSvc.OutputStreamingTool         INFO Server clearObject() got release, client = 2
2026-02-12 19:20:31,796 AthenaPoolSharedIOCnvSvc.OutputStreamingTool         INFO Server clearObject() got wait, client = 4
2026-02-12 19:20:31,800 AthenaPoolSharedIOCnvSvc.OutputStreamingTool         INFO Server clearObject() got release, client = 4
2026-02-12 19:20:31,801 AthenaPoolSharedIOCnvSvc.OutputStreamingTool         INFO Server clearObject() got release, client = 4
2026-02-12 19:20:32,318 AthenaPoolSharedIOCnvSvc.OutputStreamingTool         INFO Server clearObject() got wait, client = 1
2026-02-12 19:20:32,324 AthenaPoolSharedIOCnvSvc.OutputStreamingTool         INFO Server clearObject() got release, client = 1
2026-02-12 19:20:32,324 AthenaPoolSharedIOCnvSvc.OutputStreamingTool         INFO Server clearObject() got release, client = 1
2026-02-12 19:20:32,366 AthenaPoolSharedIOCnvSvc.OutputStreamingTool         INFO Server clearObject() got wait, client = 3
2026-02-12 19:20:32,374 AthenaPoolSharedIOCnvSvc.OutputStreamingTool         INFO Server clearObject() got release, client = 3
2026-02-12 19:20:32,520 AthenaPoolSharedIOCnvSvc.OutputStreamingTool         INFO Server clearObject() got wait, client = 2
2026-02-12 19:20:32,525 AthenaPoolSharedIOCnvSvc.OutputStreamingTool         INFO Server clearObject() got release, client = 2
2026-02-12 19:20:32,525 AthenaPoolSharedIOCnvSvc.OutputStreamingTool         INFO Server clearObject() got release, client = 2
2026-02-12 19:20:32,627 AthenaPoolSharedIOCnvSvc.OutputStreamingTool         INFO Server clearObject() got wait, client = 4
2026-02-12 19:20:32,636 AthenaPoolSharedIOCnvSvc.OutputStreamingTool         INFO Server clearObject() got release, client = 4
2026-02-12 19:20:33,397 AthenaPoolSharedIOCnvSvc.OutputStreamingTool         INFO Server clearObject() got wait, client = 4
2026-02-12 19:20:33,402 AthenaPoolSharedIOCnvSvc.OutputStreamingTool         INFO Server clearObject() got release, client = 4
2026-02-12 19:20:33,426 AthenaPoolSharedIOCnvSvc.OutputStreamingTool         INFO Server clearObject() got wait, client = 3
2026-02-12 19:20:33,465 AthenaPoolSharedIOCnvSvc.OutputStreamingTool         INFO Server clearObject() got release, client = 3
2026-02-12 19:20:33,561 AthenaPoolSharedIOCnvSvc.OutputStreamingTool         INFO Server clearObject() got wait, client = 1
2026-02-12 19:20:33,583 AthenaPoolSharedIOCnvSvc.OutputStreamingTool         INFO Server clearObject() got release, client = 1
2026-02-12 19:20:33,801 AthenaPoolSharedIOCnvSvc.OutputStreamingTool         INFO Server clearObject() got wait, client = 2
2026-02-12 19:20:33,817 AthenaPoolSharedIOCnvSvc.OutputStreamingTool         INFO Server clearObject() got release, client = 2
2026-02-12 19:20:34,566 AthenaPoolSharedIOCnvSvc.OutputStreamingTool         INFO Server clearObject() got wait, client = 1
2026-02-12 19:20:34,578 AthenaPoolSharedIOCnvSvc.OutputStreamingTool         INFO Server clearObject() got release, client = 1
2026-02-12 19:20:34,620 AthenaPoolSharedIOCnvSvc.OutputStreamingTool         INFO Server clearObject() got wait, client = 4
2026-02-12 19:20:34,626 AthenaPoolSharedIOCnvSvc.OutputStreamingTool         INFO Server clearObject() got release, client = 4
2026-02-12 19:20:34,873 AthenaPoolSharedIOCnvSvc.OutputStreamingTool         INFO Server clearObject() got wait, client = 3
2026-02-12 19:20:34,878 AthenaPoolSharedIOCnvSvc.OutputStreamingTool         INFO Server clearObject() got release, client = 3
2026-02-12 19:20:34,879 AthenaPoolSharedIOCnvSvc.OutputStreamingTool         INFO Server clearObject() got release, client = 3
2026-02-12 19:20:34,956 AthenaPoolSharedIOCnvSvc.OutputStreamingTool         INFO Server clearObject() got wait, client = 2
2026-02-12 19:20:34,966 AthenaPoolSharedIOCnvSvc.OutputStreamingTool         INFO Server clearObject() got release, client = 2
2026-02-12 19:20:35,673 AthenaPoolSharedIOCnvSvc.OutputStreamingTool         INFO Server clearObject() got wait, client = 1
2026-02-12 19:20:35,680 AthenaPoolSharedIOCnvSvc.OutputStreamingTool         INFO Server clearObject() got release, client = 1
2026-02-12 19:20:36,029 AthenaPoolSharedIOCnvSvc.OutputStreamingTool         INFO Server clearObject() got wait, client = 4
2026-02-12 19:20:36,038 AthenaPoolSharedIOCnvSvc.OutputStreamingTool         INFO Server clearObject() got release, client = 4
2026-02-12 19:20:36,294 AthenaPoolSharedIOCnvSvc.OutputStreamingTool         INFO Server clearObject() got wait, client = 3
2026-02-12 19:20:36,301 AthenaPoolSharedIOCnvSvc.OutputStreamingTool         INFO Server clearObject() got release, client = 3
2026-02-12 19:20:36,757 AthenaPoolSharedIOCnvSvc.OutputStreamingTool         INFO Server clearObject() got wait, client = 2
2026-02-12 19:20:36,763 AthenaPoolSharedIOCnvSvc.OutputStreamingTool         INFO Server clearObject() got release, client = 2
2026-02-12 19:20:36,763 AthenaPoolSharedIOCnvSvc.OutputStreamingTool         INFO Server clearObject() got release, client = 2
2026-02-12 19:20:36,873 AthenaPoolSharedIOCnvSvc.OutputStreamingTool         INFO Server clearObject() got wait, client = 4
2026-02-12 19:20:36,878 AthenaPoolSharedIOCnvSvc.OutputStreamingTool         INFO Server clearObject() got release, client = 4
2026-02-12 19:20:36,878 AthenaPoolSharedIOCnvSvc.OutputStreamingTool         INFO Server clearObject() got release, client = 4
2026-02-12 19:20:37,073 AthenaPoolSharedIOCnvSvc.OutputStreamingTool         INFO Server clearObject() got wait, client = 1
2026-02-12 19:20:37,078 AthenaPoolSharedIOCnvSvc.OutputStreamingTool         INFO Server clearObject() got release, client = 1
2026-02-12 19:20:37,079 AthenaPoolSharedIOCnvSvc.OutputStreamingTool         INFO Server clearObject() got release, client = 1
2026-02-12 19:20:37,571 AthenaPoolSharedIOCnvSvc.OutputStreamingTool         INFO Server clearObject() got wait, client = 3
2026-02-12 19:20:37,584 AthenaPoolSharedIOCnvSvc.OutputStreamingTool         INFO Server clearObject() got release, client = 3
2026-02-12 19:20:37,763 AthenaPoolSharedIOCnvSvc.OutputStreamingTool         INFO Server clearObject() got wait, client = 4
2026-02-12 19:20:37,770 AthenaPoolSharedIOCnvSvc.OutputStreamingTool         INFO Server clearObject() got release, client = 4
2026-02-12 19:20:38,019 AthenaPoolSharedIOCnvSvc.OutputStreamingTool         INFO Server clearObject() got wait, client = 2
2026-02-12 19:20:38,036 AthenaPoolSharedIOCnvSvc.OutputStreamingTool         INFO Server clearObject() got release, client = 2
2026-02-12 19:20:38,363 AthenaPoolSharedIOCnvSvc.OutputStreamingTool         INFO Server clearObject() got wait, client = 1
2026-02-12 19:20:38,372 AthenaPoolSharedIOCnvSvc.OutputStreamingTool         INFO Server clearObject() got release, client = 1
2026-02-12 19:20:38,788 AthenaPoolSharedIOCnvSvc.OutputStreamingTool         INFO Server clearObject() got wait, client = 4
2026-02-12 19:20:38,796 AthenaPoolSharedIOCnvSvc.OutputStreamingTool         INFO Server clearObject() got release, client = 4
2026-02-12 19:20:38,829 AthenaPoolSharedIOCnvSvc.OutputStreamingTool         INFO Server clearObject() got wait, client = 3
2026-02-12 19:20:38,835 AthenaPoolSharedIOCnvSvc.OutputStreamingTool         INFO Server clearObject() got release, client = 3
2026-02-12 19:20:39,340 AthenaPoolSharedIOCnvSvc.OutputStreamingTool         INFO Server clearObject() got wait, client = 1
2026-02-12 19:20:39,344 AthenaPoolSharedIOCnvSvc.OutputStreamingTool         INFO Server clearObject() got release, client = 1
2026-02-12 19:20:39,344 AthenaPoolSharedIOCnvSvc.OutputStreamingTool         INFO Server clearObject() got release, client = 1
2026-02-12 19:20:39,431 AthenaPoolSharedIOCnvSvc.OutputStreamingTool         INFO Server clearObject() got wait, client = 2
2026-02-12 19:20:39,438 AthenaPoolSharedIOCnvSvc.OutputStreamingTool         INFO Server clearObject() got release, client = 2
2026-02-12 19:20:39,801 AthenaPoolSharedIOCnvSvc.OutputStreamingTool         INFO Server clearObject() got wait, client = 4
2026-02-12 19:20:39,816 AthenaPoolSharedIOCnvSvc.OutputStreamingTool         INFO Server clearObject() got release, client = 4
2026-02-12 19:20:40,436 AthenaPoolSharedIOCnvSvc.OutputStreamingTool         INFO Server clearObject() got wait, client = 1
2026-02-12 19:20:40,448 AthenaPoolSharedIOCnvSvc.OutputStreamingTool         INFO Server clearObject() got release, client = 1
2026-02-12 19:20:40,486 AthenaPoolSharedIOCnvSvc.OutputStreamingTool         INFO Server clearObject() got wait, client = 3
2026-02-12 19:20:40,492 AthenaPoolSharedIOCnvSvc.OutputStreamingTool         INFO Server clearObject() got release, client = 3
2026-02-12 19:20:41,269 AthenaPoolSharedIOCnvSvc.OutputStreamingTool         INFO Server clearObject() got wait, client = 4
2026-02-12 19:20:41,274 AthenaPoolSharedIOCnvSvc.OutputStreamingTool         INFO Server clearObject() got release, client = 4
2026-02-12 19:20:41,274 AthenaPoolSharedIOCnvSvc.OutputStreamingTool         INFO Server clearObject() got release, client = 4
2026-02-12 19:20:41,667 AthenaPoolSharedIOCnvSvc.OutputStreamingTool         INFO Server clearObject() got wait, client = 3
2026-02-12 19:20:41,677 AthenaPoolSharedIOCnvSvc.OutputStreamingTool         INFO Server clearObject() got release, client = 3
2026-02-12 19:20:41,818 AthenaPoolSharedIOCnvSvc.OutputStreamingTool         INFO Server clearObject() got wait, client = 2
2026-02-12 19:20:41,844 AthenaPoolSharedIOCnvSvc.OutputStreamingTool         INFO Server clearObject() got release, client = 2
2026-02-12 19:20:42,113 AthenaPoolSharedIOCnvSvc.OutputStreamingTool         INFO Server clearObject() got wait, client = 1
2026-02-12 19:20:42,119 AthenaPoolSharedIOCnvSvc.OutputStreamingTool         INFO Server clearObject() got release, client = 1
2026-02-12 19:20:42,119 AthenaPoolSharedIOCnvSvc.OutputStreamingTool         INFO Server clearObject() got release, client = 1
2026-02-12 19:20:42,413 AthenaPoolSharedIOCnvSvc.OutputStreamingTool         INFO Server clearObject() got wait, client = 4
2026-02-12 19:20:42,420 AthenaPoolSharedIOCnvSvc.OutputStreamingTool         INFO Server clearObject() got release, client = 4
2026-02-12 19:20:43,273 AthenaPoolSharedIOCnvSvc.OutputStreamingTool         INFO Server clearObject() got wait, client = 2
2026-02-12 19:20:43,285 AthenaPoolSharedIOCnvSvc.OutputStreamingTool         INFO Server clearObject() got release, client = 2
2026-02-12 19:20:43,309 AthenaPoolSharedIOCnvSvc.OutputStreamingTool         INFO Server clearObject() got wait, client = 1
2026-02-12 19:20:43,314 AthenaPoolSharedIOCnvSvc.OutputStreamingTool         INFO Server clearObject() got release, client = 1
2026-02-12 19:20:43,336 AthenaPoolSharedIOCnvSvc.OutputStreamingTool         INFO Server clearObject() got wait, client = 3
2026-02-12 19:20:43,346 AthenaPoolSharedIOCnvSvc.OutputStreamingTool         INFO Server clearObject() got release, client = 3
2026-02-12 19:20:43,368 AthenaPoolSharedIOCnvSvc.OutputStreamingTool         INFO Server clearObject() got wait, client = 4
2026-02-12 19:20:43,373 AthenaPoolSharedIOCnvSvc.OutputStreamingTool         INFO Server clearObject() got release, client = 4
2026-02-12 19:20:43,373 AthenaPoolSharedIOCnvSvc.OutputStreamingTool         INFO Server clearObject() got release, client = 4
2026-02-12 19:20:44,223 AthenaPoolSharedIOCnvSvc.OutputStreamingTool         INFO Server clearObject() got wait, client = 1
2026-02-12 19:20:44,235 AthenaPoolSharedIOCnvSvc.OutputStreamingTool         INFO Server clearObject() got release, client = 1
2026-02-12 19:20:44,553 AthenaPoolSharedIOCnvSvc.OutputStreamingTool         INFO Server clearObject() got wait, client = 3
2026-02-12 19:20:44,558 AthenaPoolSharedIOCnvSvc.OutputStreamingTool         INFO Server clearObject() got release, client = 3
2026-02-12 19:20:44,559 AthenaPoolSharedIOCnvSvc.OutputStreamingTool         INFO Server clearObject() got release, client = 3
2026-02-12 19:20:44,857 AthenaPoolSharedIOCnvSvc.OutputStreamingTool         INFO Server clearObject() got wait, client = 2
2026-02-12 19:20:44,863 AthenaPoolSharedIOCnvSvc.OutputStreamingTool         INFO Server clearObject() got release, client = 2
2026-02-12 19:20:44,886 AthenaPoolSharedIOCnvSvc.OutputStreamingTool         INFO Server clearObject() got wait, client = 4
2026-02-12 19:20:44,895 AthenaPoolSharedIOCnvSvc.OutputStreamingTool         INFO Server clearObject() got release, client = 4
2026-02-12 19:20:45,347 AthenaPoolSharedIOCnvSvc.OutputStreamingTool         INFO Server clearObject() got wait, client = 1
2026-02-12 19:20:45,352 AthenaPoolSharedIOCnvSvc.OutputStreamingTool         INFO Server clearObject() got release, client = 1
2026-02-12 19:20:45,601 AthenaPoolSharedIOCnvSvc.OutputStreamingTool         INFO Server clearObject() got wait, client = 3
2026-02-12 19:20:45,606 AthenaPoolSharedIOCnvSvc.OutputStreamingTool         INFO Server clearObject() got release, client = 3
2026-02-12 19:20:45,606 AthenaPoolSharedIOCnvSvc.OutputStreamingTool         INFO Server clearObject() got release, client = 3
2026-02-12 19:20:45,764 AthenaPoolSharedIOCnvSvc.OutputStreamingTool         INFO Server clearObject() got wait, client = 2
2026-02-12 19:20:45,769 AthenaPoolSharedIOCnvSvc.OutputStreamingTool         INFO Server clearObject() got release, client = 2
2026-02-12 19:20:45,769 AthenaPoolSharedIOCnvSvc.OutputStreamingTool         INFO Server clearObject() got release, client = 2
2026-02-12 19:20:46,118 AthenaPoolSharedIOCnvSvc.OutputStreamingTool         INFO Server clearObject() got wait, client = 4
2026-02-12 19:20:46,124 AthenaPoolSharedIOCnvSvc.OutputStreamingTool         INFO Server clearObject() got release, client = 4
2026-02-12 19:20:46,155 AthenaPoolSharedIOCnvSvc.OutputStreamingTool         INFO Server clearObject() got wait, client = 1
2026-02-12 19:20:46,161 AthenaPoolSharedIOCnvSvc.OutputStreamingTool         INFO Server clearObject() got release, client = 1
2026-02-12 19:20:47,099 AthenaPoolSharedIOCnvSvc.OutputStreamingTool         INFO Server clearObject() got wait, client = 2
2026-02-12 19:20:47,111 AthenaPoolSharedIOCnvSvc.OutputStreamingTool         INFO Server clearObject() got release, client = 2
2026-02-12 19:20:47,177 AthenaPoolSharedIOCnvSvc.OutputStreamingTool         INFO Server clearObject() got wait, client = 4
2026-02-12 19:20:47,196 AthenaPoolSharedIOCnvSvc.OutputStreamingTool         INFO Server clearObject() got release, client = 4
2026-02-12 19:20:47,258 AthenaPoolSharedIOCnvSvc.OutputStreamingTool         INFO Server clearObject() got wait, client = 3
2026-02-12 19:20:47,266 AthenaPoolSharedIOCnvSvc.OutputStreamingTool         INFO Server clearObject() got release, client = 3
2026-02-12 19:20:47,266 AthenaPoolSharedIOCnvSvc.OutputStreamingTool         INFO Server clearObject() got release, client = 3
2026-02-12 19:20:47,669 AthenaPoolSharedIOCnvSvc.OutputStreamingTool         INFO Server clearObject() got wait, client = 1
2026-02-12 19:20:47,684 AthenaPoolSharedIOCnvSvc.OutputStreamingTool         INFO Server clearObject() got release, client = 1
2026-02-12 19:20:48,020 AthenaPoolSharedIOCnvSvc.OutputStreamingTool         INFO Server clearObject() got wait, client = 4
2026-02-12 19:20:48,026 AthenaPoolSharedIOCnvSvc.OutputStreamingTool         INFO Server clearObject() got release, client = 4
2026-02-12 19:20:48,270 AthenaPoolSharedIOCnvSvc.OutputStreamingTool         INFO Server clearObject() got wait, client = 2
2026-02-12 19:20:48,282 AthenaPoolSharedIOCnvSvc.OutputStreamingTool         INFO Server clearObject() got release, client = 2
2026-02-12 19:20:48,438 AthenaPoolSharedIOCnvSvc.OutputStreamingTool         INFO Server clearObject() got wait, client = 3
2026-02-12 19:20:48,458 AthenaPoolSharedIOCnvSvc.OutputStreamingTool         INFO Server clearObject() got release, client = 3
2026-02-12 19:20:49,231 AthenaPoolSharedIOCnvSvc.OutputStreamingTool         INFO Server clearObject() got wait, client = 4
2026-02-12 19:20:49,240 AthenaPoolSharedIOCnvSvc.OutputStreamingTool         INFO Server clearObject() got release, client = 4
2026-02-12 19:20:49,376 AthenaPoolSharedIOCnvSvc.OutputStreamingTool         INFO Server clearObject() got wait, client = 2
2026-02-12 19:20:49,382 AthenaPoolSharedIOCnvSvc.OutputStreamingTool         INFO Server clearObject() got release, client = 2
2026-02-12 19:20:49,406 AthenaPoolSharedIOCnvSvc.OutputStreamingTool         INFO Server clearObject() got wait, client = 1
2026-02-12 19:20:49,440 AthenaPoolSharedIOCnvSvc.OutputStreamingTool         INFO Server clearObject() got release, client = 1
2026-02-12 19:20:49,462 AthenaPoolSharedIOCnvSvc.OutputStreamingTool         INFO Server clearObject() got wait, client = 3
2026-02-12 19:20:49,466 AthenaPoolSharedIOCnvSvc.OutputStreamingTool         INFO Server clearObject() got release, client = 3
2026-02-12 19:20:49,467 AthenaPoolSharedIOCnvSvc.OutputStreamingTool         INFO Server clearObject() got release, client = 3
2026-02-12 19:20:50,214 AthenaPoolSharedIOCnvSvc.OutputStreamingTool         INFO Server clearObject() got wait, client = 1
2026-02-12 19:20:50,219 AthenaPoolSharedIOCnvSvc.OutputStreamingTool         INFO Server clearObject() got release, client = 1
2026-02-12 19:20:50,220 AthenaPoolSharedIOCnvSvc.OutputStreamingTool         INFO Server clearObject() got release, client = 1
2026-02-12 19:20:50,645 AthenaPoolSharedIOCnvSvc.OutputStreamingTool         INFO Server clearObject() got wait, client = 4
2026-02-12 19:20:50,653 AthenaPoolSharedIOCnvSvc.OutputStreamingTool         INFO Server clearObject() got release, client = 4
2026-02-12 19:20:50,703 AthenaPoolSharedIOCnvSvc.OutputStreamingTool         INFO Server clearObject() got wait, client = 2
2026-02-12 19:20:50,714 AthenaPoolSharedIOCnvSvc.OutputStreamingTool         INFO Server clearObject() got release, client = 2
2026-02-12 19:20:50,762 AthenaPoolSharedIOCnvSvc.OutputStreamingTool         INFO Server clearObject() got wait, client = 3
2026-02-12 19:20:50,768 AthenaPoolSharedIOCnvSvc.OutputStreamingTool         INFO Server clearObject() got release, client = 3
2026-02-12 19:20:51,240 AthenaPoolSharedIOCnvSvc.OutputStreamingTool         INFO Server clearObject() got wait, client = 1
2026-02-12 19:20:51,246 AthenaPoolSharedIOCnvSvc.OutputStreamingTool         INFO Server clearObject() got release, client = 1
2026-02-12 19:20:51,246 AthenaPoolSharedIOCnvSvc.OutputStreamingTool         INFO Server clearObject() got release, client = 1
2026-02-12 19:20:51,594 AthenaPoolSharedIOCnvSvc.OutputStreamingTool         INFO Server clearObject() got wait, client = 4
2026-02-12 19:20:51,600 AthenaPoolSharedIOCnvSvc.OutputStreamingTool         INFO Server clearObject() got release, client = 4
2026-02-12 19:20:51,763 AthenaPoolSharedIOCnvSvc.OutputStreamingTool         INFO Server clearObject() got wait, client = 2
2026-02-12 19:20:51,776 AthenaPoolSharedIOCnvSvc.OutputStreamingTool         INFO Server clearObject() got release, client = 2
2026-02-12 19:20:51,915 AthenaPoolSharedIOCnvSvc.OutputStreamingTool         INFO Server clearObject() got wait, client = 3
2026-02-12 19:20:51,924 AthenaPoolSharedIOCnvSvc.OutputStreamingTool         INFO Server clearObject() got release, client = 3
2026-02-12 19:20:52,467 AthenaPoolSharedIOCnvSvc.OutputStreamingTool         INFO Server clearObject() got wait, client = 1
2026-02-12 19:20:52,476 AthenaPoolSharedIOCnvSvc.OutputStreamingTool         INFO Server clearObject() got release, client = 1
2026-02-12 19:20:52,810 AthenaPoolSharedIOCnvSvc.OutputStreamingTool         INFO Server clearObject() got wait, client = 4
2026-02-12 19:20:52,816 AthenaPoolSharedIOCnvSvc.OutputStreamingTool         INFO Server clearObject() got release, client = 4
2026-02-12 19:20:52,817 AthenaPoolSharedIOCnvSvc.OutputStreamingTool         INFO Server clearObject() got release, client = 4
2026-02-12 19:20:52,969 AthenaPoolSharedIOCnvSvc.OutputStreamingTool         INFO Server clearObject() got wait, client = 3
2026-02-12 19:20:52,974 AthenaPoolSharedIOCnvSvc.OutputStreamingTool         INFO Server clearObject() got release, client = 3
2026-02-12 19:20:52,974 AthenaPoolSharedIOCnvSvc.OutputStreamingTool         INFO Server clearObject() got release, client = 3
2026-02-12 19:20:53,022 AthenaPoolSharedIOCnvSvc.OutputStreamingTool         INFO Server clearObject() got wait, client = 2
2026-02-12 19:20:53,035 AthenaPoolSharedIOCnvSvc.OutputStreamingTool         INFO Server clearObject() got release, client = 2
2026-02-12 19:20:53,579 AthenaPoolSharedIOCnvSvc.OutputStreamingTool         INFO Server clearObject() got wait, client = 1
2026-02-12 19:20:53,584 AthenaPoolSharedIOCnvSvc.OutputStreamingTool         INFO Server clearObject() got release, client = 1
2026-02-12 19:20:53,585 AthenaPoolSharedIOCnvSvc.OutputStreamingTool         INFO Server clearObject() got release, client = 1
2026-02-12 19:20:53,935 AthenaPoolSharedIOCnvSvc.OutputStreamingTool         INFO Server clearObject() got wait, client = 4
2026-02-12 19:20:53,965 AthenaPoolSharedIOCnvSvc.OutputStreamingTool         INFO Server clearObject() got release, client = 4
2026-02-12 19:20:54,136 AthenaPoolSharedIOCnvSvc.OutputStreamingTool         INFO Server clearObject() got wait, client = 2
2026-02-12 19:20:54,151 AthenaPoolSharedIOCnvSvc.OutputStreamingTool         INFO Server clearObject() got release, client = 2
AthenaPoolShare... WARNING INFO message limit (500) reached for AthenaPoolSharedIOCnvSvc.OutputStreamingTool. Suppressing further output.
2026-02-12 19:25:43,685 ToolSvc.BookkeeperTool                               INFO Preparing local cache for source '' with 194 variations
2026-02-12 19:25:43,695 ToolSvc.xAODMaker::FileMetaDataTool                  INFO Copied "FileMetaData__STREAM[DAOD_PHYS.DAOD.pool.root]" to MetaDataStore
2026-02-12 19:25:43,696 ToolSvc.BookkeeperTool                               INFO Copying input containers for source ''
2026-02-12 19:25:45,485 ToolSvc.BookkeeperTool                               INFO Preparing local cache for source '' with 194 variations
2026-02-12 19:25:45,492 ToolSvc.BookkeeperTool                               INFO Copying input containers for source ''
2026-02-12 19:25:50,216 ToolSvc.BookkeeperTool                               INFO Preparing local cache for source '' with 194 variations
2026-02-12 19:25:50,222 ToolSvc.BookkeeperTool                               INFO Copying input containers for source ''
2026-02-12 19:25:50,712 ToolSvc.BookkeeperTool                               INFO Preparing local cache for source '' with 194 variations
2026-02-12 19:25:50,718 ToolSvc.BookkeeperTool                               INFO Copying input containers for source ''
2026-02-12 19:25:50,719 AthenaPoolSharedIOCnvSvc                             INFO All SharedWriter clients stopped - exiting
2026-02-12 19:25:50,719 AthenaRootSharedWriterSvc                            INFO commitOutput failed, metadata done.
2026-02-12 19:25:50,719 AthenaRootSharedWriterSvc                            INFO End commitOutput loop
2026-02-12 19:25:50,727 ToolSvc.BookkeeperTool                               INFO Successfully copied CutBookkeepers to the output MetaDataStore
2026-02-12 19:25:50,732 StorageSvc                                           INFO Building shape according to reflection information using shape ID for: 
2026-02-12 19:25:50,732 StorageSvc                                           INFO xAOD::CutBookkeeperAuxContainer_v1 [AF612BAA-20B8-40A3-A418-894A9FB8A61B]
2026-02-12 19:25:50,750 StorageSvc                                           INFO Building shape according to reflection information using shape ID for: 
2026-02-12 19:25:50,751 StorageSvc                                           INFO xAOD::CutBookkeeperContainer_v1 [F2F90B2F-B879-43B8-AF9B-0F843E299A87]
2026-02-12 19:25:50,819 /eos/home-b/bkamgama/draft/Run_sleep_10000/...root   INFO Database being retired...
2026-02-12 19:25:50,821 /eos/home-b/bkamgama/draft/Run_sleep_10000/...root   INFO ->  Deaccess DbDatabase   READ      [ROOT_All] AA21FB28-2672-434E-9813-0D7BE842151D
2026-02-12 19:25:52,262 DAOD_PHYS.DAOD.pool.root                             INFO Database being retired...
2026-02-12 19:25:52,331 DAOD_PHYS.DAOD.pool.root                             INFO ->  Deaccess DbDatabase   CREATE    [ROOT_All] 69F525AA-083F-11F1-924B-F688172E65E7
2026-02-12 19:25:52,332 Domain[ROOT_All]                                     INFO >   Deaccess DbDomain     READ      [ROOT_All]
2026-02-12 19:25:52,362 ApplicationMgr                                       INFO Application Manager Stopped successfully
2026-02-12 19:25:52,378 AthenaRootSharedWriterSvc                            INFO in finalize()
2026-02-12 19:25:52,490 CondInputLoader                                      INFO Finalizing CondInputLoader...
2026-02-12 19:25:52,490 MCTruthClassificationKernel                          INFO ============================================================================
2026-02-12 19:25:52,491 MCTruthClassificationKernel                          INFO  The following CP tools were called by MCTruthClassificationKernel for the whole train:
2026-02-12 19:25:52,491 MCTruthClassificationKernel                          INFO ToolSvc.DFCommonTruthClassificationTool
2026-02-12 19:25:52,491 MCTruthClassificationKernel                          INFO ============================================================================
2026-02-12 19:25:52,491 PhysCommonTruthCharmKernel                           INFO ============================================================================
2026-02-12 19:25:52,491 PhysCommonTruthCharmKernel                           INFO  The following CP tools were called by PhysCommonTruthCharmKernel for the whole train:
2026-02-12 19:25:52,491 PhysCommonTruthCharmKernel                           INFO ToolSvc.PhysCommonTruthCharmTool
2026-02-12 19:25:52,491 PhysCommonTruthCharmKernel                           INFO ============================================================================
2026-02-12 19:25:52,491 MCTruthCommonHFAndDecaysKernel                       INFO ============================================================================
2026-02-12 19:25:52,492 MCTruthCommonHFAndDecaysKernel                       INFO  The following CP tools were called by MCTruthCommonHFAndDecaysKernel for the whole train:
2026-02-12 19:25:52,492 MCTruthCommonHFAndDecaysKernel                       INFO ToolSvc.DFCommonHFAndDecaysTool
2026-02-12 19:25:52,492 MCTruthCommonHFAndDecaysKernel                       INFO ============================================================================
2026-02-12 19:25:52,492 DFCommonTruthMetaDataWriterKernel                    INFO ============================================================================
2026-02-12 19:25:52,492 DFCommonTruthMetaDataWriterKernel                    INFO  The following CP tools were called by DFCommonTruthMetaDataWriterKernel for the whole train:
2026-02-12 19:25:52,492 DFCommonTruthMetaDataWriterKernel                    INFO ToolSvc.DFCommonTruthMetaDataWriter
2026-02-12 19:25:52,492 DFCommonTruthMetaDataWriterKernel                    INFO ============================================================================
2026-02-12 19:25:52,492 MCTruthCommonPreJetKernelNo1                         INFO ============================================================================
2026-02-12 19:25:52,492 MCTruthCommonPreJetKernelNo1                         INFO  The following CP tools were called by MCTruthCommonPreJetKernelNo1 for the whole train:
2026-02-12 19:25:52,492 MCTruthCommonPreJetKernelNo1                         INFO ToolSvc.DFCommonTruthMuonTool
2026-02-12 19:25:52,492 MCTruthCommonPreJetKernelNo1                         INFO ============================================================================
2026-02-12 19:25:52,492 MCTruthCommonPreJetKernelNo2                         INFO ============================================================================
2026-02-12 19:25:52,492 MCTruthCommonPreJetKernelNo2                         INFO  The following CP tools were called by MCTruthCommonPreJetKernelNo2 for the whole train:
2026-02-12 19:25:52,492 MCTruthCommonPreJetKernelNo2                         INFO ToolSvc.DFCommonTruthElectronTool
2026-02-12 19:25:52,492 MCTruthCommonPreJetKernelNo2                         INFO ============================================================================
2026-02-12 19:25:52,492 MCTruthCommonPreJetKernelNo3                         INFO ============================================================================
2026-02-12 19:25:52,493 MCTruthCommonPreJetKernelNo3                         INFO  The following CP tools were called by MCTruthCommonPreJetKernelNo3 for the whole train:
2026-02-12 19:25:52,493 MCTruthCommonPreJetKernelNo3                         INFO ToolSvc.DFCommonTruthPhotonToolSim
2026-02-12 19:25:52,493 MCTruthCommonPreJetKernelNo3                         INFO ============================================================================
2026-02-12 19:25:52,493 MCTruthCommonPreJetKernelNo4                         INFO ============================================================================
2026-02-12 19:25:52,493 MCTruthCommonPreJetKernelNo4                         INFO  The following CP tools were called by MCTruthCommonPreJetKernelNo4 for the whole train:
2026-02-12 19:25:52,493 MCTruthCommonPreJetKernelNo4                         INFO ToolSvc.DFCommonTruthNeutrinoTool
2026-02-12 19:25:52,493 MCTruthCommonPreJetKernelNo4                         INFO ============================================================================
2026-02-12 19:25:52,493 MCTruthCommonPreJetKernelNo5                         INFO ============================================================================
2026-02-12 19:25:52,493 MCTruthCommonPreJetKernelNo5                         INFO  The following CP tools were called by MCTruthCommonPreJetKernelNo5 for the whole train:
2026-02-12 19:25:52,493 MCTruthCommonPreJetKernelNo5                         INFO ToolSvc.DFCommonTruthBottomTool
2026-02-12 19:25:52,493 MCTruthCommonPreJetKernelNo5                         INFO ============================================================================
2026-02-12 19:25:52,493 MCTruthCommonPreJetKernelNo6                         INFO ============================================================================
2026-02-12 19:25:52,493 MCTruthCommonPreJetKernelNo6                         INFO  The following CP tools were called by MCTruthCommonPreJetKernelNo6 for the whole train:
2026-02-12 19:25:52,493 MCTruthCommonPreJetKernelNo6                         INFO ToolSvc.DFCommonTruthTopTool
2026-02-12 19:25:52,493 MCTruthCommonPreJetKernelNo6                         INFO ============================================================================
2026-02-12 19:25:52,493 MCTruthCommonPreJetKernelNo7                         INFO ============================================================================
2026-02-12 19:25:52,493 MCTruthCommonPreJetKernelNo7                         INFO  The following CP tools were called by MCTruthCommonPreJetKernelNo7 for the whole train:
2026-02-12 19:25:52,493 MCTruthCommonPreJetKernelNo7                         INFO ToolSvc.DFCommonTruthBosonTool
2026-02-12 19:25:52,493 MCTruthCommonPreJetKernelNo7                         INFO ============================================================================
2026-02-12 19:25:52,493 MCTruthCommonPreJetKernelNo8                         INFO ============================================================================
2026-02-12 19:25:52,494 MCTruthCommonPreJetKernelNo8                         INFO  The following CP tools were called by MCTruthCommonPreJetKernelNo8 for the whole train:
2026-02-12 19:25:52,494 MCTruthCommonPreJetKernelNo8                         INFO ToolSvc.DFCommonTruthBSMTool
2026-02-12 19:25:52,494 MCTruthCommonPreJetKernelNo8                         INFO ============================================================================
2026-02-12 19:25:52,494 MCTruthCommonPreJetKernelNo9                         INFO ============================================================================
2026-02-12 19:25:52,494 MCTruthCommonPreJetKernelNo9                         INFO  The following CP tools were called by MCTruthCommonPreJetKernelNo9 for the whole train:
2026-02-12 19:25:52,494 MCTruthCommonPreJetKernelNo9                         INFO ToolSvc.DFCommonTruthElectronIsolationTool1
2026-02-12 19:25:52,494 MCTruthCommonPreJetKernelNo9                         INFO ============================================================================
2026-02-12 19:25:52,494 MCTruthCommonPreJetKernelNo10                        INFO ============================================================================
2026-02-12 19:25:52,494 MCTruthCommonPreJetKernelNo10                        INFO  The following CP tools were called by MCTruthCommonPreJetKernelNo10 for the whole train:
2026-02-12 19:25:52,494 MCTruthCommonPreJetKernelNo10                        INFO ToolSvc.DFCommonTruthElectronIsolationTool2
2026-02-12 19:25:52,494 MCTruthCommonPreJetKernelNo10                        INFO ============================================================================
2026-02-12 19:25:52,494 MCTruthCommonPreJetKernelNo11                        INFO ============================================================================
2026-02-12 19:25:52,494 MCTruthCommonPreJetKernelNo11                        INFO  The following CP tools were called by MCTruthCommonPreJetKernelNo11 for the whole train:
2026-02-12 19:25:52,494 MCTruthCommonPreJetKernelNo11                        INFO ToolSvc.DFCommonTruthMuonIsolationTool1
2026-02-12 19:25:52,494 MCTruthCommonPreJetKernelNo11                        INFO ============================================================================
2026-02-12 19:25:52,494 MCTruthCommonPreJetKernelNo12                        INFO ============================================================================
2026-02-12 19:25:52,494 MCTruthCommonPreJetKernelNo12                        INFO  The following CP tools were called by MCTruthCommonPreJetKernelNo12 for the whole train:
2026-02-12 19:25:52,494 MCTruthCommonPreJetKernelNo12                        INFO ToolSvc.DFCommonTruthMuonIsolationTool2
2026-02-12 19:25:52,494 MCTruthCommonPreJetKernelNo12                        INFO ============================================================================
2026-02-12 19:25:52,494 MCTruthCommonPreJetKernelNo13                        INFO ============================================================================
2026-02-12 19:25:52,495 MCTruthCommonPreJetKernelNo13                        INFO  The following CP tools were called by MCTruthCommonPreJetKernelNo13 for the whole train:
2026-02-12 19:25:52,495 MCTruthCommonPreJetKernelNo13                        INFO ToolSvc.DFCommonTruthPhotonIsolationTool1
2026-02-12 19:25:52,495 MCTruthCommonPreJetKernelNo13                        INFO ============================================================================
2026-02-12 19:25:52,495 MCTruthCommonPreJetKernelNo14                        INFO ============================================================================
2026-02-12 19:25:52,495 MCTruthCommonPreJetKernelNo14                        INFO  The following CP tools were called by MCTruthCommonPreJetKernelNo14 for the whole train:
2026-02-12 19:25:52,495 MCTruthCommonPreJetKernelNo14                        INFO ToolSvc.DFCommonTruthPhotonIsolationTool2
2026-02-12 19:25:52,495 MCTruthCommonPreJetKernelNo14                        INFO ============================================================================
2026-02-12 19:25:52,495 MCTruthCommonPreJetKernelNo15                        INFO ============================================================================
2026-02-12 19:25:52,495 MCTruthCommonPreJetKernelNo15                        INFO  The following CP tools were called by MCTruthCommonPreJetKernelNo15 for the whole train:
2026-02-12 19:25:52,495 MCTruthCommonPreJetKernelNo15                        INFO ToolSvc.DFCommonTruthPhotonIsolationTool3
2026-02-12 19:25:52,495 MCTruthCommonPreJetKernelNo15                        INFO ============================================================================
2026-02-12 19:25:52,495 MCTruthCommonPreJetKernelNo16                        INFO ============================================================================
2026-02-12 19:25:52,495 MCTruthCommonPreJetKernelNo16                        INFO  The following CP tools were called by MCTruthCommonPreJetKernelNo16 for the whole train:
2026-02-12 19:25:52,495 MCTruthCommonPreJetKernelNo16                        INFO ToolSvc.DFCommonTruthForwardProtonTool
2026-02-12 19:25:52,495 MCTruthCommonPreJetKernelNo16                        INFO ============================================================================
2026-02-12 19:25:52,495 MCTruthCommonPreJetKernelNo17                        INFO ============================================================================
2026-02-12 19:25:52,495 MCTruthCommonPreJetKernelNo17                        INFO  The following CP tools were called by MCTruthCommonPreJetKernelNo17 for the whole train:
2026-02-12 19:25:52,495 MCTruthCommonPreJetKernelNo17                        INFO ToolSvc.DFCommonTruthElectronDressingTool
2026-02-12 19:25:52,495 MCTruthCommonPreJetKernelNo17                        INFO ============================================================================
2026-02-12 19:25:52,495 MCTruthCommonPreJetKernelNo18                        INFO ============================================================================
2026-02-12 19:25:52,496 MCTruthCommonPreJetKernelNo18                        INFO  The following CP tools were called by MCTruthCommonPreJetKernelNo18 for the whole train:
2026-02-12 19:25:52,496 MCTruthCommonPreJetKernelNo18                        INFO ToolSvc.DFCommonTruthMuonDressingTool
2026-02-12 19:25:52,496 MCTruthCommonPreJetKernelNo18                        INFO ============================================================================
2026-02-12 19:25:52,497 TauTruthCommonKernel2                                INFO ============================================================================
2026-02-12 19:25:52,497 TauTruthCommonKernel2                                INFO  The following CP tools were called by TauTruthCommonKernel2 for the whole train:
2026-02-12 19:25:52,497 TauTruthCommonKernel2                                INFO ToolSvc.DFCommonTauJetsTruthMatchingWrapper
2026-02-12 19:25:52,497 TauTruthCommonKernel2                                INFO ============================================================================
2026-02-12 19:25:52,497 MCTruthCommonPostJetKernelNo1                        INFO ============================================================================
2026-02-12 19:25:52,497 MCTruthCommonPostJetKernelNo1                        INFO  The following CP tools were called by MCTruthCommonPostJetKernelNo1 for the whole train:
2026-02-12 19:25:52,497 MCTruthCommonPostJetKernelNo1                        INFO ToolSvc.DFCommonTruthTauDressingTool
2026-02-12 19:25:52,497 MCTruthCommonPostJetKernelNo1                        INFO ============================================================================
2026-02-12 19:25:52,497 MCTruthCommonPostJetKernelNo2                        INFO ============================================================================
2026-02-12 19:25:52,497 MCTruthCommonPostJetKernelNo2                        INFO  The following CP tools were called by MCTruthCommonPostJetKernelNo2 for the whole train:
2026-02-12 19:25:52,497 MCTruthCommonPostJetKernelNo2                        INFO ToolSvc.DFCommonTruthGenFilt
2026-02-12 19:25:52,497 MCTruthCommonPostJetKernelNo2                        INFO ============================================================================
2026-02-12 19:25:52,497 MCTruthCommonPostJetKernelNo3                        INFO ============================================================================
2026-02-12 19:25:52,498 MCTruthCommonPostJetKernelNo3                        INFO  The following CP tools were called by MCTruthCommonPostJetKernelNo3 for the whole train:
2026-02-12 19:25:52,498 MCTruthCommonPostJetKernelNo3                        INFO ToolSvc.DFCommonTruthDressedWZQGLabelTool
2026-02-12 19:25:52,498 MCTruthCommonPostJetKernelNo3                        INFO ============================================================================
2026-02-12 19:25:52,498 MCTruthNavigationDecoratorKernel                     INFO ============================================================================
2026-02-12 19:25:52,498 MCTruthNavigationDecoratorKernel                     INFO  The following CP tools were called by MCTruthNavigationDecoratorKernel for the whole train:
2026-02-12 19:25:52,498 MCTruthNavigationDecoratorKernel                     INFO ToolSvc.DFCommonTruthNavigationDecorator
2026-02-12 19:25:52,498 MCTruthNavigationDecoratorKernel                     INFO ============================================================================
2026-02-12 19:25:52,498 MCTruthCommonBosonsAndDecaysKernel                   INFO ============================================================================
2026-02-12 19:25:52,498 MCTruthCommonBosonsAndDecaysKernel                   INFO  The following CP tools were called by MCTruthCommonBosonsAndDecaysKernel for the whole train:
2026-02-12 19:25:52,498 MCTruthCommonBosonsAndDecaysKernel                   INFO ToolSvc.DFCommonBosonsAndDecaysTool
2026-02-12 19:25:52,498 MCTruthCommonBosonsAndDecaysKernel                   INFO ============================================================================
2026-02-12 19:25:52,498 MCTruthCommonBSMAndDecaysKernel                      INFO ============================================================================
2026-02-12 19:25:52,498 MCTruthCommonBSMAndDecaysKernel                      INFO  The following CP tools were called by MCTruthCommonBSMAndDecaysKernel for the whole train:
2026-02-12 19:25:52,498 MCTruthCommonBSMAndDecaysKernel                      INFO ToolSvc.DFCommonBSMAndDecaysTool
2026-02-12 19:25:52,498 MCTruthCommonBSMAndDecaysKernel                      INFO ============================================================================
2026-02-12 19:25:52,498 MCTruthCommonBornLeptonsKernel                       INFO ============================================================================
2026-02-12 19:25:52,498 MCTruthCommonBornLeptonsKernel                       INFO  The following CP tools were called by MCTruthCommonBornLeptonsKernel for the whole train:
2026-02-12 19:25:52,498 MCTruthCommonBornLeptonsKernel                       INFO ToolSvc.DFCommonBornLeptonCollTool
2026-02-12 19:25:52,498 MCTruthCommonBornLeptonsKernel                       INFO ============================================================================
2026-02-12 19:25:52,498 MiniCollectionTruthLinkKernelNo1                     INFO ============================================================================
2026-02-12 19:25:52,498 MiniCollectionTruthLinkKernelNo1                     INFO  The following CP tools were called by MiniCollectionTruthLinkKernelNo1 for the whole train:
2026-02-12 19:25:52,499 MiniCollectionTruthLinkKernelNo1                     INFO ToolSvc.ElMiniCollectionTruthLinkTool
2026-02-12 19:25:52,499 MiniCollectionTruthLinkKernelNo1                     INFO ============================================================================
2026-02-12 19:25:52,499 MiniCollectionTruthLinkKernelNo2                     INFO ============================================================================
2026-02-12 19:25:52,499 MiniCollectionTruthLinkKernelNo2                     INFO  The following CP tools were called by MiniCollectionTruthLinkKernelNo2 for the whole train:
2026-02-12 19:25:52,499 MiniCollectionTruthLinkKernelNo2                     INFO ToolSvc.PhMiniCollectionTruthLinkTool
2026-02-12 19:25:52,499 MiniCollectionTruthLinkKernelNo2                     INFO ============================================================================
2026-02-12 19:25:52,499 MiniCollectionTruthLinkKernelNo3                     INFO ============================================================================
2026-02-12 19:25:52,499 MiniCollectionTruthLinkKernelNo3                     INFO  The following CP tools were called by MiniCollectionTruthLinkKernelNo3 for the whole train:
2026-02-12 19:25:52,499 MiniCollectionTruthLinkKernelNo3                     INFO ToolSvc.MuMiniCollectionTruthLinkTool
2026-02-12 19:25:52,499 MiniCollectionTruthLinkKernelNo3                     INFO ============================================================================
2026-02-12 19:25:52,499 MCTruthCommonTruthPVCollKernel                       INFO ============================================================================
2026-02-12 19:25:52,499 MCTruthCommonTruthPVCollKernel                       INFO  The following CP tools were called by MCTruthCommonTruthPVCollKernel for the whole train:
2026-02-12 19:25:52,499 MCTruthCommonTruthPVCollKernel                       INFO ToolSvc.DFCommonTruthPVCollTool
2026-02-12 19:25:52,499 MCTruthCommonTruthPVCollKernel                       INFO ============================================================================
2026-02-12 19:25:52,499 DFCommonHSDecorator                                  INFO ============================================================================
2026-02-12 19:25:52,499 DFCommonHSDecorator                                  INFO  The following CP tools were called by DFCommonHSDecorator for the whole train:
2026-02-12 19:25:52,499 DFCommonHSDecorator                                  INFO ToolSvc.HardScatterDecorTool
2026-02-12 19:25:52,499 DFCommonHSDecorator                                  INFO ============================================================================
2026-02-12 19:25:52,499 InDetCommonKernelDFCommonTrackSelection              INFO ============================================================================
2026-02-12 19:25:52,500 InDetCommonKernelDFCommonTrackSelection              INFO  The following CP tools were called by InDetCommonKernelDFCommonTrackSelection for the whole train:
2026-02-12 19:25:52,500 InDetCommonKernelDFCommonTrackSelection              INFO ToolSvc.DFCommonTrackSelection
2026-02-12 19:25:52,500 InDetCommonKernelDFCommonTrackSelection              INFO ============================================================================
2026-02-12 19:25:52,500 InDetCommonKernelDFCommonZ0AtPV                      INFO ============================================================================
2026-02-12 19:25:52,500 InDetCommonKernelDFCommonZ0AtPV                      INFO  The following CP tools were called by InDetCommonKernelDFCommonZ0AtPV for the whole train:
2026-02-12 19:25:52,500 InDetCommonKernelDFCommonZ0AtPV                      INFO ToolSvc.DFCommonZ0AtPV
2026-02-12 19:25:52,500 InDetCommonKernelDFCommonZ0AtPV                      INFO ============================================================================
2026-02-12 19:25:52,500 InDetCommonKernelDFCommonUsedInFitDecorator          INFO ============================================================================
2026-02-12 19:25:52,500 InDetCommonKernelDFCommonUsedInFitDecorator          INFO  The following CP tools were called by InDetCommonKernelDFCommonUsedInFitDecorator for the whole train:
2026-02-12 19:25:52,500 InDetCommonKernelDFCommonUsedInFitDecorator          INFO ToolSvc.DFCommonUsedInFitDecorator
2026-02-12 19:25:52,500 InDetCommonKernelDFCommonUsedInFitDecorator          INFO ============================================================================
2026-02-12 19:25:52,500 DFCommonMuonsKernel                                  INFO ============================================================================
2026-02-12 19:25:52,500 DFCommonMuonsKernel                                  INFO  The following CP tools were called by DFCommonMuonsKernel for the whole train:
2026-02-12 19:25:52,500 DFCommonMuonsKernel                                  INFO ToolSvc.DFCommonMuonToolWrapperIDCuts
2026-02-12 19:25:52,500 DFCommonMuonsKernel                                  INFO ToolSvc.DFCommonMuonToolWrapperPreselection
2026-02-12 19:25:52,500 DFCommonMuonsKernel                                  INFO ============================================================================
2026-02-12 19:25:52,500 IsolationBuilderNonpro...All_MaxWeightLooseCone500   INFO Finalizing IsolationBuilderNonprompt_All_MaxWeightLooseCone500...
2026-02-12 19:25:52,501 IsolationBuilderNonprompt_All_MaxWeight500           INFO Finalizing IsolationBuilderNonprompt_All_MaxWeight500...
2026-02-12 19:25:52,501 IsolationBuilderNonpro...ll_MaxWeightLooseCone1000   INFO Finalizing IsolationBuilderNonprompt_All_MaxWeightLooseCone1000...
2026-02-12 19:25:52,501 IsolationBuilderNonprompt_All_MaxWeight1000          INFO Finalizing IsolationBuilderNonprompt_All_MaxWeight1000...
2026-02-12 19:25:52,501 EGammaCommonKernel                                   INFO ============================================================================
2026-02-12 19:25:52,501 EGammaCommonKernel                                   INFO  The following CP tools were called by EGammaCommonKernel for the whole train:
2026-02-12 19:25:52,501 EGammaCommonKernel                                   INFO ToolSvc.DFCommonPhotonsDirection
2026-02-12 19:25:52,501 EGammaCommonKernel                                   INFO ToolSvc.ElectronPassLHVeryLoose
2026-02-12 19:25:52,501 EGammaCommonKernel                                   INFO ToolSvc.ElectronPassLHLoose
2026-02-12 19:25:52,501 EGammaCommonKernel                                   INFO ToolSvc.ElectronPassLHLooseBL
2026-02-12 19:25:52,501 EGammaCommonKernel                                   INFO ToolSvc.ElectronPassLHMedium
2026-02-12 19:25:52,501 EGammaCommonKernel                                   INFO ToolSvc.ElectronPassLHTight
2026-02-12 19:25:52,501 EGammaCommonKernel                                   INFO ToolSvc.ElectronPassDNNLoose
2026-02-12 19:25:52,501 EGammaCommonKernel                                   INFO ToolSvc.ElectronPassDNNMedium
2026-02-12 19:25:52,501 EGammaCommonKernel                                   INFO ToolSvc.ElectronPassDNNTight
2026-02-12 19:25:52,501 EGammaCommonKernel                                   INFO ToolSvc.ElectronPassDNNVeryLooseNoCF97
2026-02-12 19:25:52,501 EGammaCommonKernel                                   INFO ToolSvc.ElectronPassDNNLooseNoCF
2026-02-12 19:25:52,501 EGammaCommonKernel                                   INFO ToolSvc.ElectronPassDNNMediumNoCF
2026-02-12 19:25:52,501 EGammaCommonKernel                                   INFO ToolSvc.ElectronPassDNNTightNoCF
2026-02-12 19:25:52,501 EGammaCommonKernel                                   INFO ToolSvc.PhotonPassIsEMLoose
2026-02-12 19:25:52,501 EGammaCommonKernel                                   INFO ToolSvc.PhotonPassIsEMMedium
2026-02-12 19:25:52,502 EGammaCommonKernel                                   INFO ToolSvc.PhotonPassIsEMTight
2026-02-12 19:25:52,502 EGammaCommonKernel                                   INFO ToolSvc.PhotonPassCleaning
2026-02-12 19:25:52,502 EGammaCommonKernel                                   INFO ToolSvc.ElectronAdditionnalAmbiguity
2026-02-12 19:25:52,502 EGammaCommonKernel                                   INFO ToolSvc.ElectronPassECIDS
2026-02-12 19:25:52,502 EGammaCommonKernel                                   INFO ToolSvc.ForwardElectronPassLHLoose
2026-02-12 19:25:52,502 EGammaCommonKernel                                   INFO ToolSvc.ForwardElectronPassLHMedium
2026-02-12 19:25:52,502 EGammaCommonKernel                                   INFO ToolSvc.ForwardElectronPassLHTight
2026-02-12 19:25:52,502 EGammaCommonKernel                                   INFO ToolSvc.DerivationFramework::EGammaClusterCoreCellRecovery
2026-02-12 19:25:52,502 EGammaCommonKernel                                   INFO ToolSvc.BkgElectronClassificationTool
2026-02-12 19:25:52,502 EGammaCommonKernel                                   INFO ToolSvc.TruthEgetIsolationTool
2026-02-12 19:25:52,502 EGammaCommonKernel                                   INFO ToolSvc.TruthEgptIsolationTool
2026-02-12 19:25:52,502 EGammaCommonKernel                                   INFO ============================================================================
2026-02-12 19:25:52,502 PFlowIsolationBuilder                                INFO Finalizing PFlowIsolationBuilder...
2026-02-12 19:25:52,503 BadBatmanAugmentation                                INFO ============================================================================
2026-02-12 19:25:52,503 BadBatmanAugmentation                                INFO  The following CP tools were called by BadBatmanAugmentation for the whole train:
2026-02-12 19:25:52,503 BadBatmanAugmentation                                INFO ToolSvc.BadBatmanAugmentationTool
2026-02-12 19:25:52,503 BadBatmanAugmentation                                INFO ============================================================================
2026-02-12 19:25:52,504 DistanceInTrainAugmentation                          INFO ============================================================================
2026-02-12 19:25:52,504 DistanceInTrainAugmentation                          INFO  The following CP tools were called by DistanceInTrainAugmentation for the whole train:
2026-02-12 19:25:52,504 DistanceInTrainAugmentation                          INFO ToolSvc.DistanceInTrainAugmentationTool
2026-02-12 19:25:52,504 DistanceInTrainAugmentation                          INFO ============================================================================
2026-02-12 19:25:52,504 TauJets_TauIDDecorKernel                             INFO ============================================================================
2026-02-12 19:25:52,504 TauJets_TauIDDecorKernel                             INFO  The following CP tools were called by TauJets_TauIDDecorKernel for the whole train:
2026-02-12 19:25:52,504 TauJets_TauIDDecorKernel                             INFO ToolSvc.TauJets_TauIDDecoratorWrapper
2026-02-12 19:25:52,504 TauJets_TauIDDecorKernel                             INFO ============================================================================
2026-02-12 19:25:52,504 TauRNNLooseAugmentationKernel                        INFO ============================================================================
2026-02-12 19:25:52,504 TauRNNLooseAugmentationKernel                        INFO  The following CP tools were called by TauRNNLooseAugmentationKernel for the whole train:
2026-02-12 19:25:52,504 TauRNNLooseAugmentationKernel                        INFO ToolSvc.TauRNNLooseWrapper
2026-02-12 19:25:52,504 TauRNNLooseAugmentationKernel                        INFO ============================================================================
2026-02-12 19:25:52,504 DFCommonMuonsKernel2                                 INFO ============================================================================
2026-02-12 19:25:52,504 DFCommonMuonsKernel2                                 INFO  The following CP tools were called by DFCommonMuonsKernel2 for the whole train:
2026-02-12 19:25:52,504 DFCommonMuonsKernel2                                 INFO ToolSvc.MuonJetDrTool
2026-02-12 19:25:52,504 DFCommonMuonsKernel2                                 INFO ============================================================================
2026-02-12 19:25:52,505 DiTauLowPtBuilder                                    INFO Finalizing DiTauLowPtBuilder...
2026-02-12 19:25:52,505 TauJets_MuonRM_TauIDDecorKernel                      INFO ============================================================================
2026-02-12 19:25:52,505 TauJets_MuonRM_TauIDDecorKernel                      INFO  The following CP tools were called by TauJets_MuonRM_TauIDDecorKernel for the whole train:
2026-02-12 19:25:52,505 TauJets_MuonRM_TauIDDecorKernel                      INFO ToolSvc.TauJets_MuonRM_TauIDDecoratorWrapper
2026-02-12 19:25:52,505 TauJets_MuonRM_TauIDDecorKernel                      INFO ============================================================================
2026-02-12 19:25:52,505 DiTauIDDecorKernel                                   INFO ============================================================================
2026-02-12 19:25:52,505 DiTauIDDecorKernel                                   INFO  The following CP tools were called by DiTauIDDecorKernel for the whole train:
2026-02-12 19:25:52,505 DiTauIDDecorKernel                                   INFO ToolSvc.DiTauIDDecoratorWrapper
2026-02-12 19:25:52,505 DiTauIDDecorKernel                                   INFO ============================================================================
2026-02-12 19:25:52,505 DiTauJets_DiTauIDDecorKernel                         INFO ============================================================================
2026-02-12 19:25:52,505 DiTauJets_DiTauIDDecorKernel                         INFO  The following CP tools were called by DiTauJets_DiTauIDDecorKernel for the whole train:
2026-02-12 19:25:52,506 DiTauJets_DiTauIDDecorKernel                         INFO ToolSvc.DiTauJets_DiTauChargeDecorator
2026-02-12 19:25:52,506 DiTauJets_DiTauIDDecorKernel                         INFO ============================================================================
2026-02-12 19:25:52,506 DiTauJetsLowPt_DiTauIDDecorKernel                    INFO ============================================================================
2026-02-12 19:25:52,506 DiTauJetsLowPt_DiTauIDDecorKernel                    INFO  The following CP tools were called by DiTauJetsLowPt_DiTauIDDecorKernel for the whole train:
2026-02-12 19:25:52,506 DiTauJetsLowPt_DiTauIDDecorKernel                    INFO ToolSvc.DiTauJetsLowPt_DiTauChargeDecorator
2026-02-12 19:25:52,506 DiTauJetsLowPt_DiTauIDDecorKernel                    INFO ============================================================================
2026-02-12 19:25:52,507 PHYSKernel                                           INFO ============================================================================
2026-02-12 19:25:52,507 PHYSKernel                                           INFO || SUMMARY OF THE DERIVATION FRAMEWORK KERNEL WITH NAME PHYSKernel || 
2026-02-12 19:25:52,507 PHYSKernel                                           INFO ============================================================================
2026-02-12 19:25:52,507 PHYSKernel                                           INFO ============================================================================
2026-02-12 19:25:52,507 PHYSKernel                                           INFO Events analyzed: 0
2026-02-12 19:25:52,507 PHYSKernel                                           INFO Events accepted: 0
2026-02-12 19:25:52,507 PHYSKernel                                           INFO ============================================================================
2026-02-12 19:25:52,507 FourLeptonVertexAlg                                  INFO Proccessed in total 0 events. Lepton multiplicities observed:
2026-02-12 19:25:52,507 FourLeptonVertexAlg                                  INFO     ---- Events with 0 leptons: 0 (elec/muon) 0/0 (0%)
2026-02-12 19:25:52,507 FourLeptonVertexAlg                                  INFO     ---- Events with 1 leptons: 0 (elec/muon) 0/0 (0%)
2026-02-12 19:25:52,507 FourLeptonVertexAlg                                  INFO     ---- Events with 2 leptons: 0 (elec/muon) 0/0 (0%)
2026-02-12 19:25:52,507 FourLeptonVertexAlg                                  INFO     ---- Events with 3 leptons: 0 (elec/muon) 0/0 (0%)
2026-02-12 19:25:52,507 FourLeptonVertexAlg                                  INFO     ---- Events with 4 leptons: 0 (elec/muon) 0/0 (0%)
2026-02-12 19:25:52,508 FourLeptonVertexAlg                                  INFO     ---- Events with 5 leptons: 0 (elec/muon) 0/0 (0%)
2026-02-12 19:25:52,508 FourLeptonVertexAlg                                  INFO     ---- Events with 6 leptons: 0 (elec/muon) 0/0 (0%)
2026-02-12 19:25:52,508 FourLeptonVertexAlg                                  INFO     ---- Events with 7 leptons: 0 (elec/muon) 0/0 (0%)
2026-02-12 19:25:52,508 FourLeptonVertexAlg                                  INFO ---> Attempted fits 0 out of which 0 (0%) succeeded.
2026-02-12 19:25:52,508 HFClassificationCommonKernel                         INFO ============================================================================
2026-02-12 19:25:52,508 HFClassificationCommonKernel                         INFO  The following CP tools were called by HFClassificationCommonKernel for the whole train:
2026-02-12 19:25:52,508 HFClassificationCommonKernel                         INFO ToolSvc.DFCommonClassifyAndCalculateHFAugmentation
2026-02-12 19:25:52,508 HFClassificationCommonKernel                         INFO ============================================================================
2026-02-12 19:25:52,508 MCTruthCommonTausAndDecaysKernel                     INFO ============================================================================
2026-02-12 19:25:52,508 MCTruthCommonTausAndDecaysKernel                     INFO  The following CP tools were called by MCTruthCommonTausAndDecaysKernel for the whole train:
2026-02-12 19:25:52,508 MCTruthCommonTausAndDecaysKernel                     INFO ToolSvc.DFCommonTausAndDecaysTool
2026-02-12 19:25:52,508 MCTruthCommonTausAndDecaysKernel                     INFO ============================================================================
2026-02-12 19:25:52,508 AllExecutedEventsCounterAlg                          INFO accepted 0 out of 0 events for filter AllExecutedEvents (Number of processed events before any cut)
2026-02-12 19:25:52,509 DecisionSvc                                          INFO Finalized successfully.
2026-02-12 19:25:52,509 AthDictLoaderSvc                                     INFO in finalize...
2026-02-12 19:25:53,095 Domain[ROOT_All]                                     INFO >   Deaccess DbDomain     READ      [ROOT_All]
2026-02-12 19:25:53,096 AthenaPoolSharedIOCnvSvc                             INFO PerfStats ----------------------------------------
2026-02-12 19:25:53,096 AthenaPoolSharedIOCnvSvc                             INFO PerfStats Timing Measurements for AthenaPoolCnvSvc
2026-02-12 19:25:53,096 AthenaPoolSharedIOCnvSvc                             INFO PerfStats ----------------------------------------
2026-02-12 19:25:53,096 AthenaPoolSharedIOCnvSvc                             INFO PerfStats | cObjR_ALL       |            4501 ms |
2026-02-12 19:25:53,096 AthenaPoolSharedIOCnvSvc                             INFO PerfStats | commitOutput    |            8633 ms |
2026-02-12 19:25:53,096 AthenaPoolSharedIOCnvSvc                             INFO PerfStats | fRep_ALL        |              54 ms |
2026-02-12 19:25:53,096 AthenaPoolSharedIOCnvSvc                             INFO PerfStats | cObj_ALL        |            5361 ms |
2026-02-12 19:25:53,096 AthenaPoolSharedIOCnvSvc                             INFO PerfStats | cRepR_ALL       |            3512 ms |
2026-02-12 19:25:53,096 AthenaPoolSharedIOCnvSvc                             INFO PerfStats | cRep_ALL        |           15035 ms |
2026-02-12 19:25:53,097 AthenaPoolSharedIOCnvSvc                             INFO PerfStats ----------------------------------------
2026-02-12 19:25:53,113 IOVDbFolder                                          INFO Folder /Digitization/Parameters (AttrList) db-read 0/1 objs/chan/bytes 1/0/0 ((     0.00 ))s
2026-02-12 19:25:53,113 IOVDbFolder                                          INFO Folder /EXT/DCS/MAGNETS/SENSORDATA (AttrListColl) db-read 1/1 objs/chan/bytes 4/4/20 ((     0.03 ))s
2026-02-12 19:25:53,113 IOVDbFolder                                          INFO Folder /GLOBAL/BField/Maps (AttrListColl) db-read 1/1 objs/chan/bytes 3/3/202 ((     0.02 ))s
2026-02-12 19:25:53,114 IOVDbFolder                                          INFO Folder /GLOBAL/TrackingGeo/LayerMaterialV2 (PoolRef) db-read 1/1 objs/chan/bytes 1/1/231 ((     0.01 ))s
2026-02-12 19:25:53,114 IOVDbFolder                                          INFO Folder /Indet/Align (PoolRefColl) db-read 1/1 objs/chan/bytes 43/43/7009 ((     0.03 ))s
2026-02-12 19:25:53,114 IOVDbFolder                                          INFO Folder /Indet/Beampos (AttrList) db-read 1/1 objs/chan/bytes 6/1/456 ((     0.02 ))s
2026-02-12 19:25:53,114 IOVDbFolder                                          INFO Folder /Indet/IBLDist (AttrListColl) db-read 1/1 objs/chan/bytes 14/14/280 ((     0.01 ))s
2026-02-12 19:25:53,114 IOVDbFolder                                          INFO Folder /LAR/Align (PoolRef) db-read 1/1 objs/chan/bytes 1/1/170 ((     0.04 ))s
2026-02-12 19:25:53,114 IOVDbFolder                                          INFO Folder /MDT/MM/PASSIVATION (AttrListColl) db-read 1/1 objs/chan/bytes 1/1/680679 ((     0.04 ))s
2026-02-12 19:25:53,114 IOVDbFolder                                          INFO Folder /TRT/Align (PoolRefColl) db-read 1/1 objs/chan/bytes 32/32/5120 ((     0.03 ))s
2026-02-12 19:25:53,114 IOVDbFolder                                          INFO Folder /TRT/Calib/DX (PoolRef) db-read 1/1 objs/chan/bytes 1/1/183 ((     0.03 ))s
2026-02-12 19:25:53,114 IOVDbFolder                                          INFO Folder /TagInfo (AttrListColl) db-read 0/1 objs/chan/bytes 1/0/0 ((     0.00 ))s
2026-02-12 19:25:53,114 IOVDbFolder                                          INFO Folder /LAR/LArCellPositionShift (PoolRef) db-read 1/1 objs/chan/bytes 1/1/195 ((     0.01 ))s
2026-02-12 19:25:53,114 IOVDbSvc                                             INFO Total payload read from IOVDb: 694545 bytes in ((      0.26 ))s
2026-02-12 19:25:53,114 IOVDbSvc                                             INFO Connection sqlite://;schema=mycool.db;dbname=OFLP200 : nConnect: 0 nFolders: 0 ReadTime: ((     0.00 ))s
2026-02-12 19:25:53,114 IOVDbSvc                                             INFO Connection COOLOFL_LAR/OFLP200 : nConnect: 2 nFolders: 2 ReadTime: ((     0.05 ))s
2026-02-12 19:25:53,114 IOVDbSvc                                             INFO Connection COOLOFL_GLOBAL/OFLP200 : nConnect: 2 nFolders: 2 ReadTime: ((     0.03 ))s
2026-02-12 19:25:53,114 IOVDbSvc                                             INFO Connection COOLOFL_DCS/OFLP200 : nConnect: 2 nFolders: 1 ReadTime: ((     0.03 ))s
2026-02-12 19:25:53,115 IOVDbSvc                                             INFO Connection COOLOFL_INDET/OFLP200 : nConnect: 2 nFolders: 3 ReadTime: ((     0.06 ))s
2026-02-12 19:25:53,115 IOVDbSvc                                             INFO Connection COOLOFL_MDT/OFLP200 : nConnect: 2 nFolders: 1 ReadTime: ((     0.04 ))s
2026-02-12 19:25:53,115 IOVDbSvc                                             INFO Connection COOLOFL_TRT/OFLP200 : nConnect: 2 nFolders: 2 ReadTime: ((     0.06 ))s
2026-02-12 19:25:53,116 ToolSvc                                              INFO Removing all tools created by ToolSvc
2026-02-12 19:25:53,117 TruthCategoriesDecorator.HiggsTruthCategoryTool      INFO  ====================================================== 
2026-02-12 19:25:53,117 TruthCategoriesDecorator.HiggsTruthCategoryTool      INFO  ---- FinalizingTruthCategoriesDecorator.HiggsTruthCategoryTool...
2026-02-12 19:25:53,117 TruthCategoriesDecorator.HiggsTruthCategoryTool      INFO  ====================================================== 
2026-02-12 19:25:53,118 TruthCategoriesDecorator.HiggsTruthCategoryTool      INFO  ====================================================== 
2026-02-12 19:25:53,118 TruthCategoriesDecorator.xAODToHepMCTool             INFO ==============================================================
2026-02-12 19:25:53,118 TruthCategoriesDecorator.xAODToHepMCTool             INFO ==========    xAOD -> HepMC Tool :: Run Summary     ==========
2026-02-12 19:25:53,118 TruthCategoriesDecorator.xAODToHepMCTool             INFO ==============================================================
2026-02-12 19:25:53,118 TruthCategoriesDecorator.xAODToHepMCTool             INFO No missing production vertices
2026-02-12 19:25:53,118 TruthCategoriesDecorator.xAODToHepMCTool             INFO No events with undefined beams.
2026-02-12 19:25:53,118 TruthCategoriesDecorator.xAODToHepMCTool             INFO ==============================================================
2026-02-12 19:25:53,118 TruthCategoriesDecorator.xAODToHepMCTool             INFO ===================    End Run Summary     ===================
2026-02-12 19:25:53,118 TruthCategoriesDecorator.xAODToHepMCTool             INFO ==============================================================
2026-02-12 19:25:53,118 ToolSvc.PHYSDiTauLowPtTPThinningTool                 INFO Processed 0 tracks, 0 were retained 
2026-02-12 19:25:53,118 ToolSvc.PHYSDiTauLowPtThinningTool                   INFO Processed 0 objects, 0 were retained 
2026-02-12 19:25:53,118 ToolSvc.PHYSDiTauTPThinningTool                      INFO Processed 0 tracks, 0 were retained 
2026-02-12 19:25:53,119 ToolSvc.PHYSDiTauThinningTool                        INFO Processed 0 objects, 0 were retained 
2026-02-12 19:25:53,119 ToolSvc.PHYSTauJets_MuonRMThinningTool               INFO Processed 0 taus, 0 were kept
2026-02-12 19:25:53,119 ToolSvc.PHYSTauJetThinningTool                       INFO Processed 0 taus, 0 were kept
2026-02-12 19:25:53,119 ToolSvc.PHYSMuonTPThinningTool                       INFO Processed 0 tracks, 0 were retained 
2026-02-12 19:25:53,119 ToolSvc.PHYSTrackParticleThinningTool                INFO Processed 0 tracks, 0 were retained 
2026-02-12 19:25:53,119 ToolSvc.TrigDecisionTool                             INFO Finalized
2026-02-12 19:25:53,119 METAssociat...MET_AssociationTool_AntiKt4EMPFlowHR   INFO Finalizing METAssociation_AntiKt4EMPFlowHR.MET_AssociationTool_AntiKt4EMPFlowHR...
2026-02-12 19:25:53,119 METAssociatio...MET_AssociationTool_AntiKt4EMPFlow   INFO Finalizing METAssociation_AntiKt4EMPFlow.MET_AssociationTool_AntiKt4EMPFlow...
2026-02-12 19:25:53,119 METAssociation...MET_AssociationTool_AntiKt4EMTopo   INFO Finalizing METAssociation_AntiKt4EMTopo.MET_AssociationTool_AntiKt4EMTopo...
2026-02-12 19:25:53,120 JetTagVertexDecoratorAlgAntiKt10UFO...JFVarFactory   INFO  Finalization of JetFitterVariablesFactory successful
2026-02-12 19:25:53,120 JetTagVertexDecoratorAlgAntiKt10...Analysis::SVTag   INFO #BTAG# Number of jets used for calibration for reference ALL : #b= 0 #light= 0 #charm= 0
2026-02-12 19:25:53,120 InDetVKalVxInJetTool                                 INFO Time User   : Tot=    0 [us]  #=  0
2026-02-12 19:25:53,120 InDetVKalVxInJetTool                                 INFO Time User   : Tot=    0 [us]  #=  0
2026-02-12 19:25:53,120 JetTagVertexDecoratorAlgAntiKt4EMPF...JFVarFactory   INFO  Finalization of JetFitterVariablesFactory successful
2026-02-12 19:25:53,120 JetTagVertexDecoratorAlgAntiKt4E...Analysis::SVTag   INFO #BTAG# Number of jets used for calibration for reference ALL : #b= 0 #light= 0 #charm= 0
2026-02-12 19:25:53,120 InDetVKalVxInJetTool                                 INFO Time User   : Tot=    0 [us]  #=  0
2026-02-12 19:25:53,121 InDetVKalVxInJetTool                                 INFO Time User   : Tot=    0 [us]  #=  0
2026-02-12 19:25:53,125 METRecoAlg_Truth.MET_RegionTool_Truth                INFO Finalizing METRecoAlg_Truth.MET_RegionTool_Truth...
2026-02-12 19:25:53,125 METRecoAlg_Truth.MET_RecoTool_Truth                  INFO Finalizing METRecoAlg_Truth.MET_RecoTool_Truth...
2026-02-12 19:25:53,127 ToolSvc.DFCommonTruthForwardProtonTool               INFO Processed 0 truth particles, 0 were retained 
2026-02-12 19:25:53,127 ToolSvc.DFCommonTruthBSMTool                         INFO Processed 0 truth particles, 0 were retained 
2026-02-12 19:25:53,127 ToolSvc.DFCommonTruthBosonTool                       INFO Processed 0 truth particles, 0 were retained 
2026-02-12 19:25:53,127 ToolSvc.DFCommonTruthTopTool                         INFO Processed 0 truth particles, 0 were retained 
2026-02-12 19:25:53,127 ToolSvc.DFCommonTruthBottomTool                      INFO Processed 0 truth particles, 0 were retained 
2026-02-12 19:25:53,127 ToolSvc.DFCommonTruthNeutrinoTool                    INFO Processed 0 truth particles, 0 were retained 
2026-02-12 19:25:53,127 ToolSvc.DFCommonTruthPhotonToolSim                   INFO Processed 0 truth particles, 0 were retained 
2026-02-12 19:25:53,127 ToolSvc.DFCommonTruthElectronTool                    INFO Processed 0 truth particles, 0 were retained 
2026-02-12 19:25:53,127 ToolSvc.DFCommonTruthMuonTool                        INFO Processed 0 truth particles, 0 were retained 
2026-02-12 19:25:53,127 ToolSvc.PhysCommonTruthCharmTool                     INFO Processed 0 truth particles, 0 were retained 
2026-02-12 19:25:53,128 ToolSvc.DFCommonTruthClassificationTool              INFO Processed and decorated 0 truth particles
2026-02-12 19:25:53,128 AthenaPoolSharedIOCnvSvc.OutputStreamingTool         INFO in finalize()
2026-02-12 19:25:53,139 InDet_TrkInJetType                                   INFO Time User   : Tot=    0 [us]  #=  0
2026-02-12 19:25:53,139 InDet_TrkInJetType                                   INFO Time User   : Tot=    0 [us]  #=  0
2026-02-12 19:25:53,140 InDet_TrkInJetType                                   INFO Time User   : Tot=    0 [us]  #=  0
2026-02-12 19:25:53,140 InDet_TrkInJetType                                   INFO Time User   : Tot=    0 [us]  #=  0
2026-02-12 19:25:53,141 ToolSvc.DiTauIDDeco...DiTauRec_OnnxScoreCalculator   INFO Finalizing DiTauOnnxDiscriminantTool
2026-02-12 19:25:53,155 METRecoAlg_Truth.MET_R...MET_IntMuonsRegions_Truth   INFO Finalizing METRecoAlg_Truth.MET_RegionTool_Truth.MET_IntMuonsRegions_Truth...
2026-02-12 19:25:53,155 METRecoAlg_Truth.MET_Reg...MET_IntOutRegions_Truth   INFO Finalizing METRecoAlg_Truth.MET_RegionTool_Truth.MET_IntOutRegions_Truth...
2026-02-12 19:25:53,155 METRecoAlg_Truth.MET_Region...MET_IntRegions_Truth   INFO Finalizing METRecoAlg_Truth.MET_RegionTool_Truth.MET_IntRegions_Truth...
2026-02-12 19:25:53,155 METRecoAlg_Truth.MET_Reg...MET_NonIntRegions_Truth   INFO Finalizing METRecoAlg_Truth.MET_RegionTool_Truth.MET_NonIntRegions_Truth...
2026-02-12 19:25:53,156 AtlasTrackingGeometryCond...MuonStationTypeBuilder   INFO  finalize() successful

The MCnet usage guidelines apply to Rivet: see http://www.montecarlonet.org/GUIDELINES
Please acknowledge Rivet in results made using it, and cite https://arxiv.org/abs/2404.15984 and https://arxiv.org/abs/2312.15070
2026-02-12 19:25:53,252 PerfMonMTSvc                                         INFO Finalizing PerfMonMTSvc
2026-02-12 19:25:53,252 IdDictDetDescrCnv                                    INFO in finalize
2026-02-12 19:25:53,255 *****Chrono*****                                     INFO ****************************************************************************************************
2026-02-12 19:25:53,256 *****Chrono*****                                     INFO  The Final CPU consumption ( Chrono ) Table (ordered)
2026-02-12 19:25:53,256 *****Chrono*****                                     INFO ****************************************************************************************************
2026-02-12 19:25:53,256 InDetVKalVxInJetTool                                 INFO Time User   : Tot=    0 [us]  #=  0
2026-02-12 19:25:53,256 InDet_TrkInJetType                                   INFO Time User   : Tot=    0 [us]  #=  0
2026-02-12 19:25:53,256 ChronoStatSvc                                        INFO Time User   : Tot= 18.9  [s]  #=  1
2026-02-12 19:25:53,256 *****Chrono*****                                     INFO ****************************************************************************************************
2026-02-12 19:25:53,256 ChronoStatSvc.finalize()                             INFO  Service finalized successfully 
2026-02-12 19:25:53,256 FPEAuditor                                           INFO FPE summary for this job
2026-02-12 19:25:53,256 FPEAuditor                                           INFO  FPE OVERFLOWs  : 0
2026-02-12 19:25:53,256 FPEAuditor                                           INFO  FPE INVALIDs   : 0
2026-02-12 19:25:53,256 FPEAuditor                                           INFO  FPE DIVBYZEROs : 0
2026-02-12 19:25:53,370 PerfMonMTSvc                                         INFO =======================================================================================
2026-02-12 19:25:53,371 PerfMonMTSvc                                         INFO                                  PerfMonMTSvc Report                                   
2026-02-12 19:25:53,371 PerfMonMTSvc                                         INFO =======================================================================================
2026-02-12 19:25:53,371 PerfMonMTSvc                                         INFO *** Full set of information can also be found in: perfmonmt_Derivation.json
2026-02-12 19:25:53,371 PerfMonMTSvc                                         INFO *** In order to make plots using the results run the following commands:
2026-02-12 19:25:53,371 PerfMonMTSvc                                         INFO *** $ perfmonmt-plotter.py -i perfmonmt_Derivation.json
2026-02-12 19:25:53,371 PerfMonMTSvc                                         INFO *** In order to print tables using the results run the following commands:
2026-02-12 19:25:53,371 PerfMonMTSvc                                         INFO *** $ perfmonmt-printer.py -i perfmonmt_Derivation.json
2026-02-12 19:25:53,371 PerfMonMTSvc                                         INFO =======================================================================================
2026-02-12 19:25:53,371 PerfMonMTSvc                                         INFO =======================================================================================
2026-02-12 19:25:53,371 PerfMonMTSvc                                         INFO                              Component Level Monitoring                                
2026-02-12 19:25:53,371 PerfMonMTSvc                                         INFO =======================================================================================
2026-02-12 19:25:53,372 PerfMonMTSvc                                         INFO Step       Count           CPU Time [ms]             Vmem [kB]                                Malloc [kB]                                             Component                                                                  
2026-02-12 19:25:53,372 PerfMonMTSvc                                         INFO ---------------------------------------------------------------------------------------
2026-02-12 19:25:53,390 PerfMonMTSvc                                         INFO Initialize 1               3086.48                   128152                                   33760                                                   EGammaCommonKernel                                                         
2026-02-12 19:25:53,390 PerfMonMTSvc                                         INFO Initialize 1               627.92                    36620                                    13247                                                   MuonRemovalTauAODReRecoAlg                                                 
2026-02-12 19:25:53,391 PerfMonMTSvc                                         INFO Initialize 1               501.59                    34356                                    74752                                                   AntiKt10UFOCSSKSoftDropBeta100Zcut10Jets                                   
2026-02-12 19:25:53,391 PerfMonMTSvc                                         INFO Initialize 1               465.63                    11996                                    7584                                                    DFCommonMuonsKernel                                                        
2026-02-12 19:25:53,391 PerfMonMTSvc                                         INFO Initialize 1               446.61                    9448                                     7460                                                    ToolSvc.DFCommonMuonToolWrapperIDCuts                                      
2026-02-12 19:25:53,391 PerfMonMTSvc                                         INFO Initialize 1               440.03                    8856                                     7378                                                    ToolSvc.DFCommonMuonsSelector                                              
2026-02-12 19:25:53,391 PerfMonMTSvc                                         INFO Initialize 1               434.12                    27648                                    73350                                                   jetrecalg_AntiKt10UFOCSSKSoftDropBeta100Zcut10Jets                         
2026-02-12 19:25:53,391 PerfMonMTSvc                                         INFO Initialize 1               418.82                    46276                                    67585                                                   AntiKt4EMPFlowJets                                                         
2026-02-12 19:25:53,391 PerfMonMTSvc                                         INFO Initialize 1               415.71                    46276                                    67283                                                   jetrecalg_AntiKt4EMPFlowJets                                               
2026-02-12 19:25:53,391 PerfMonMTSvc                                         INFO Initialize 1               415.34                    46276                                    67247                                                   jetrecalg_AntiKt4EMPFlowJets.emscalemom_AntiKt4EMPFlow                     
2026-02-12 19:25:53,391 PerfMonMTSvc                                         INFO Initialize 1               414.97                    46276                                    67209                                                   jetrecalg_AntiKt4EMPFlowJets.jetens                                        
2026-02-12 19:25:53,391 PerfMonMTSvc                                         INFO Initialize 1               411.72                    46276                                    66960                                                   jetrecalg_AntiKt4EMPFlowJets.width                                         
2026-02-12 19:25:53,391 PerfMonMTSvc                                         INFO Initialize 1               411.51                    46276                                    66951                                                   jetrecalg_AntiKt4EMPFlowJets.caloqual                                      
2026-02-12 19:25:53,391 PerfMonMTSvc                                         INFO Initialize 1               410.84                    46276                                    66919                                                   jetrecalg_AntiKt4EMPFlowJets.trkmoms                                       
2026-02-12 19:25:53,391 PerfMonMTSvc                                         INFO Initialize 1               409.80                    46276                                    66847                                                   jetrecalg_AntiKt4EMPFlowJets.trksummoms                                    
2026-02-12 19:25:53,391 PerfMonMTSvc                                         INFO Initialize 1               409.35                    46276                                    66785                                                   jetrecalg_AntiKt4EMPFlowJets.jvf                                           
2026-02-12 19:25:53,392 PerfMonMTSvc                                         INFO Initialize 1               408.87                    46276                                    66724                                                   jetrecalg_AntiKt4EMPFlowJets.jvt                                           
2026-02-12 19:25:53,392 PerfMonMTSvc                                         INFO Initialize 1               406.85                    46276                                    66586                                                   jetrecalg_AntiKt4EMPFlowJets.larhvcorr                                     
2026-02-12 19:25:53,392 PerfMonMTSvc                                         INFO Initialize 1               406.68                    46276                                    66576                                                   jetrecalg_AntiKt4EMPFlowJets.iso                                           
2026-02-12 19:25:53,392 PerfMonMTSvc                                         INFO Initialize 1               406.45                    46276                                    66561                                                   jetrecalg_AntiKt4EMPFlowJets.jetPtAssociation                              
2026-02-12 19:25:53,392 PerfMonMTSvc                                         INFO Initialize 1               406.25                    46276                                    66542                                                   jetrecalg_AntiKt4EMPFlowJets.qgtagging                                     
2026-02-12 19:25:53,392 PerfMonMTSvc                                         INFO Initialize 1               405.23                    46276                                    66462                                                   jetrecalg_AntiKt4EMPFlowJets.nnjvt                                         
2026-02-12 19:25:53,392 PerfMonMTSvc                                         INFO Initialize 1               403.24                    46276                                    66424                                                   jetrecalg_AntiKt4EMPFlowJets.fJVT                                          
2026-02-12 19:25:53,392 PerfMonMTSvc                                         INFO Initialize 1               375.59                    27112                                    1972                                                    TrigNavSlimmingMTAlg_DAOD                                                  
2026-02-12 19:25:53,392 PerfMonMTSvc                                         INFO Initialize 1               368.94                    79640                                    3659                                                    ToolSvc.ElectronPassDNNLoose                                               
2026-02-12 19:25:53,392 PerfMonMTSvc                                         INFO Initialize 1               349.31                    78848                                    3449                                                    ToolSvc.ElectronPassDNNLoose.ElectronDNNSelectorLoose                      
2026-02-12 19:25:53,392 PerfMonMTSvc                                         INFO Initialize 1               345.95                    24132                                    1675                                                    ToolSvc.TrigDecisionTool.Navigation                                        
2026-02-12 19:25:53,392 PerfMonMTSvc                                         INFO Initialize 1               337.37                    8192                                     39912                                                   jetrecalg_AntiKt10UFOCSSKSoftDropBeta100Zcut10Jets.width                   
2026-02-12 19:25:53,392 PerfMonMTSvc                                         INFO Initialize 1               337.09                    8192                                     39895                                                   jetrecalg_AntiKt10UFOCSSKSoftDropBeta100Zcut10Jets.nsubjettiness           
2026-02-12 19:25:53,392 PerfMonMTSvc                                         INFO Initialize 1               335.97                    8192                                     39849                                                   jetrecalg_AntiKt10UFOCSSKSoftDropBeta100Zcut10Jets.ktsplitter              
2026-02-12 19:25:53,392 PerfMonMTSvc                                         INFO Initialize 1               335.48                    8192                                     39827                                                   jetrecalg_AntiKt10UFOCSSKSoftDropBeta100Zcut10Jets.ecorr                   
2026-02-12 19:25:53,392 PerfMonMTSvc                                         INFO Initialize 1               334.81                    8192                                     39796                                                   jetrecalg_AntiKt10UFOCSSKSoftDropBeta100Zcut10Jets.qw                      
2026-02-12 19:25:53,392 PerfMonMTSvc                                         INFO Initialize 1               334.31                    8192                                     39766                                                   jetrecalg_AntiKt10UFOCSSKSoftDropBeta100Zcut10Jets.comshapes               
2026-02-12 19:25:53,392 PerfMonMTSvc                                         INFO Initialize 1               333.44                    8192                                     39724                                                   jetrecalg_AntiKt10UFOCSSKSoftDropBeta100Zcut10Jets.ecorrgeneral            
2026-02-12 19:25:53,392 PerfMonMTSvc                                         INFO Initialize 1               332.41                    8192                                     39658                                                   jetrecalg_AntiKt10UFOCSSKSoftDropBeta100Zcut10Jets.truthlabeler_R10TruthLabel_R21Precision
2026-02-12 19:25:53,393 PerfMonMTSvc                                         INFO Initialize 1               331.52                    8192                                     39613                                                   jetrecalg_AntiKt10UFOCSSKSoftDropBeta100Zcut10Jets.truthlabeler_R10TruthLabel_R21Precision_2022v1
2026-02-12 19:25:53,393 PerfMonMTSvc                                         INFO Initialize 1               330.83                    2048                                     1383                                                    ToolSvc.ElectronPassDNNLooseNoCF                                           
2026-02-12 19:25:53,393 PerfMonMTSvc                                         INFO Initialize 1               330.73                    8192                                     39565                                                   jetrecalg_AntiKt10UFOCSSKSoftDropBeta100Zcut10Jets.truthlabeler_R10TruthLabel_R22v1
2026-02-12 19:25:53,393 PerfMonMTSvc                                         INFO Initialize 1               329.95                    8192                                     39518                                                   jetrecalg_AntiKt10UFOCSSKSoftDropBeta100Zcut10Jets.truthlabeler_R10WZTruthLabel_R22v1
2026-02-12 19:25:53,393 PerfMonMTSvc                                         INFO Initialize 1               329.22                    8192                                     39492                                                   jetrecalg_AntiKt10UFOCSSKSoftDropBeta100Zcut10Jets.emscalemom_AntiKt10UFOCSSKSoftDropBeta100Zcut10
2026-02-12 19:25:53,393 PerfMonMTSvc                                         INFO Initialize 1               328.88                    8192                                     39454                                                   jetrecalg_AntiKt10UFOCSSKSoftDropBeta100Zcut10Jets.jetenslargeR            
2026-02-12 19:25:53,393 PerfMonMTSvc                                         INFO Initialize 1               327.55                    8192                                     39409                                                   jetrecalg_AntiKt10UFOCSSKSoftDropBeta100Zcut10Jets.constitFrac             
2026-02-12 19:25:53,393 PerfMonMTSvc                                         INFO Initialize 1               327.27                    8192                                     39395                                                   jetrecalg_AntiKt10UFOCSSKSoftDropBeta100Zcut10Jets.groomMRatio             
2026-02-12 19:25:53,393 PerfMonMTSvc                                         INFO Initialize 1               327.11                    8192                                     39385                                                   jetrecalg_AntiKt10UFOCSSKSoftDropBeta100Zcut10Jets.BoostedJetTaggerTool-Top
2026-02-12 19:25:53,393 PerfMonMTSvc                                         INFO Initialize 1               326.72                    8192                                     39300                                                   jetrecalg_AntiKt10UFOCSSKSoftDropBeta100Zcut10Jets.BoostedJetTaggerTool-Top.MLHelper
2026-02-12 19:25:53,393 PerfMonMTSvc                                         INFO Initialize 1               325.36                    2048                                     1255                                                    ToolSvc.ElectronPassDNNLooseNoCF.ElectronDNNSelectorLooseNoCF              
2026-02-12 19:25:53,393 PerfMonMTSvc                                         INFO Initialize 1               318.07                    51200                                    52481                                                   FtagNN_AntiKt4EMPFlowJets_InDetTrackParticles_BTagging_20231205_GN2v01_antikt4empflow_STANDARD_Jet
2026-02-12 19:25:53,393 PerfMonMTSvc                                         INFO Initialize 1               317.15                    51200                                    52440                                                   FtagNN_AntiKt4EMPFlowJets_InDetTrackParticles_BTagging_20231205_GN2v01_antikt4empflow_STANDARD_Jet.multifold
2026-02-12 19:25:53,393 PerfMonMTSvc                                         INFO Initialize 1               312.41                    5120                                     1384                                                    ToolSvc.ElectronPassDNNMedium                                              
2026-02-12 19:25:53,393 PerfMonMTSvc                                         INFO Initialize 1               311.51                    1024                                     1384                                                    ToolSvc.ElectronPassDNNVeryLooseNoCF97                                     
2026-02-12 19:25:53,393 PerfMonMTSvc                                         INFO =======================================================================================
2026-02-12 19:25:53,393 PerfMonMTSvc                                         INFO FirstEvent 1               3010.12                   235716                                   228323                                                  CondInputLoader                                                            
2026-02-12 19:25:53,393 PerfMonMTSvc                                         INFO FirstEvent 1               1460.20                   143360                                   140697                                                  AtlasTrackingGeometryCondAlg                                               
2026-02-12 19:25:53,393 PerfMonMTSvc                                         INFO FirstEvent 1               1219.01                   262144                                   166070                                                  AtlasFieldMapCondAlg                                                       
2026-02-12 19:25:53,393 PerfMonMTSvc                                         INFO FirstEvent 1               390.36                    82944                                    178281                                                  MuonDetectorCondAlg                                                        
2026-02-12 19:25:53,393 PerfMonMTSvc                                         INFO FirstEvent 1               344.47                    116736                                   106955                                                  TRTAlignCondAlg                                                            
2026-02-12 19:25:53,394 PerfMonMTSvc                                         INFO FirstEvent 1               125.70                    54720                                    58445                                                   CaloAlignCondAlg                                                           
2026-02-12 19:25:53,394 PerfMonMTSvc                                         INFO FirstEvent 1               102.30                    6144                                     6055                                                    SCT_AlignCondAlg                                                           
2026-02-12 19:25:53,394 PerfMonMTSvc                                         INFO FirstEvent 1               31.86                     37172                                    35705                                                   AthReadAlg_AllCalo                                                         
2026-02-12 19:25:53,394 PerfMonMTSvc                                         INFO FirstEvent 1               29.25                     5120                                     4942                                                    CaloSuperCellAlignCondAlg                                                  
2026-02-12 19:25:53,394 PerfMonMTSvc                                         INFO FirstEvent 1               24.05                     0                                        1991                                                    PixelAlignCondAlg                                                          
2026-02-12 19:25:53,394 PerfMonMTSvc                                         INFO FirstEvent 1               16.95                     0                                        148                                                     NswPassivationDbAlg                                                        
2026-02-12 19:25:53,394 PerfMonMTSvc                                         INFO FirstEvent 1               14.20                     8192                                     7862                                                    SCT_DetectorElementCondAlg                                                 
2026-02-12 19:25:53,394 PerfMonMTSvc                                         INFO FirstEvent 1               3.59                      2048                                     1973                                                    PixelDetectorElementCondAlg                                                
2026-02-12 19:25:53,394 PerfMonMTSvc                                         INFO FirstEvent 1               0.73                      0                                        16                                                      LArAlignCondAlg                                                            
2026-02-12 19:25:53,394 PerfMonMTSvc                                         INFO FirstEvent 1               0.43                      0                                        7                                                       BunchCrossingCondAlgDefault                                                
2026-02-12 19:25:53,394 PerfMonMTSvc                                         INFO FirstEvent 1               0.19                      0                                        1                                                       BeamSpotCondAlg                                                            
2026-02-12 19:25:53,394 PerfMonMTSvc                                         INFO FirstEvent 1               0.17                      0                                        0                                                       AtlasFieldCacheCondAlg                                                     
2026-02-12 19:25:53,394 PerfMonMTSvc                                         INFO =======================================================================================
2026-02-12 19:25:53,394 PerfMonMTSvc                                         INFO Finalize   1               334.20                    0                                        -667874                                                 ConditionStore                                                             
2026-02-12 19:25:53,395 PerfMonMTSvc                                         INFO Finalize   1               186.50                    -64                                      -246792                                                 DetectorStore                                                              
2026-02-12 19:25:53,395 PerfMonMTSvc                                         INFO Finalize   1               129.48                    -65548                                   -294926                                                 ToolSvc                                                                    
2026-02-12 19:25:53,395 PerfMonMTSvc                                         INFO Finalize   1               63.55                     0                                        -64959                                                  RDBAccessSvc                                                               
2026-02-12 19:25:53,395 PerfMonMTSvc                                         INFO Finalize   1               15.57                     0                                        -16168                                                  StoreGateSvc                                                               
2026-02-12 19:25:53,395 PerfMonMTSvc                                         INFO Finalize   1               9.89                      0                                        -15548                                                  ToolSvc.DiTauIDDecoratorWrapper.DiTauRec_OnnxScoreCalculator               
2026-02-12 19:25:53,395 PerfMonMTSvc                                         INFO Finalize   1               5.92                      0                                        -51130                                                  Gaudi::MultiFileCatalog                                                    
2026-02-12 19:25:53,395 PerfMonMTSvc                                         INFO Finalize   1               2.54                      0                                        -3104                                                   DetDescrCnvSvc                                                             
2026-02-12 19:25:53,395 PerfMonMTSvc                                         INFO Finalize   1               1.75                      0                                        -9851                                                   InputMetaDataStore                                                         
2026-02-12 19:25:53,395 PerfMonMTSvc                                         INFO Finalize   1               1.71                      0                                        -13315                                                  MetaDataStore                                                              
2026-02-12 19:25:53,395 PerfMonMTSvc                                         INFO Finalize   1               0.62                      0                                        6                                                       AntiKt4TruthJets                                                           
2026-02-12 19:25:53,395 PerfMonMTSvc                                         INFO Finalize   1               0.52                      0                                        -768                                                    IOVDbSvc                                                                   
2026-02-12 19:25:53,395 PerfMonMTSvc                                         INFO Finalize   1               0.51                      0                                        -3                                                      PoolSvc                                                                    
2026-02-12 19:25:53,395 PerfMonMTSvc                                         INFO Finalize   1               0.37                      0                                        3                                                       AntiKt10UFOCSSKSoftDropBeta100Zcut10Jets                                   
2026-02-12 19:25:53,395 PerfMonMTSvc                                         INFO Finalize   1               0.27                      0                                        2                                                       AntiKt4EMTopoJets                                                          
2026-02-12 19:25:53,395 PerfMonMTSvc                                         INFO Finalize   1               0.23                      0                                        -0                                                      EGammaCommonKernel                                                         
2026-02-12 19:25:53,395 PerfMonMTSvc                                         INFO Finalize   1               0.22                      0                                        2                                                       EventCleanSeq                                                              
2026-02-12 19:25:53,395 PerfMonMTSvc                                         INFO Finalize   1               0.18                      0                                        1                                                       AntiKt4EMPFlowJets                                                         
2026-02-12 19:25:53,395 PerfMonMTSvc                                         INFO Finalize   1               0.17                      0                                        -1                                                      ChronoStatSvc                                                              
2026-02-12 19:25:53,395 PerfMonMTSvc                                         INFO Finalize   1               0.15                      0                                        -4                                                      ToolSvc.PHYSDiTauLowPtTPThinningTool                                       
2026-02-12 19:25:53,395 PerfMonMTSvc                                         INFO Finalize   1               0.14                      0                                        -0                                                      MCTruthClassificationKernel                                                
2026-02-12 19:25:53,396 PerfMonMTSvc                                         INFO Finalize   1               0.13                      0                                        0                                                       FourLeptonVertexAlg                                                        
2026-02-12 19:25:53,396 PerfMonMTSvc                                         INFO Finalize   1               0.13                      0                                        0                                                       antikt10ufocssksoftdropbeta100zcut10_sv1flip_secvtxfinding.IDVKalVxInJetFlip
2026-02-12 19:25:53,396 PerfMonMTSvc                                         INFO Finalize   1               0.12                      0                                        1                                                       AntiKtVR30Rmax4Rmin02PV0TrackJets                                          
2026-02-12 19:25:53,396 PerfMonMTSvc                                         INFO Finalize   1               0.12                      0                                        -0                                                      AthenaPoolSharedIOCnvSvc                                                   
2026-02-12 19:25:53,396 PerfMonMTSvc                                         INFO Finalize   1               0.10                      0                                        1                                                       AntiKt4TruthWZJets                                                         
2026-02-12 19:25:53,396 PerfMonMTSvc                                         INFO Finalize   1               0.10                      0                                        1                                                       AntiKt4TruthDressedWZJets                                                  
2026-02-12 19:25:53,396 PerfMonMTSvc                                         INFO Finalize   1               0.10                      0                                        1                                                       AntiKtVR30Rmax4Rmin02TruthChargedJets                                      
2026-02-12 19:25:53,396 PerfMonMTSvc                                         INFO Finalize   1               0.10                      0                                        1                                                       AntiKt10LCTopoJets                                                         
2026-02-12 19:25:53,396 PerfMonMTSvc                                         INFO Finalize   1               0.10                      0                                        -11                                                     EventSelector                                                              
2026-02-12 19:25:53,396 PerfMonMTSvc                                         INFO Finalize   1               0.09                      0                                        -0                                                      ToolSvc.TrigDecisionTool                                                   
2026-02-12 19:25:53,396 PerfMonMTSvc                                         INFO Finalize   1               0.09                      0                                        1                                                       AntiKt10TruthSoftDropBeta100Zcut10Jets                                     
2026-02-12 19:25:53,396 PerfMonMTSvc                                         INFO Finalize   1               0.09                      0                                        -0                                                      TruthCategoriesDecorator.xAODToHepMCTool                                   
2026-02-12 19:25:53,396 PerfMonMTSvc                                         INFO Finalize   1               0.08                      0                                        -0                                                      PHYSKernel                                                                 
2026-02-12 19:25:53,396 PerfMonMTSvc                                         INFO Finalize   1               0.07                      0                                        0                                                       AllExecutedEventsCounterAlg                                                
2026-02-12 19:25:53,396 PerfMonMTSvc                                         INFO Finalize   1               0.07                      0                                        -0                                                      InDetUsedInFitDecorator_0Alg                                               
2026-02-12 19:25:53,396 PerfMonMTSvc                                         INFO Finalize   1               0.06                      0                                        -0                                                      ToolSvc.PHYSTrackParticleThinningTool                                      
2026-02-12 19:25:53,396 PerfMonMTSvc                                         INFO Finalize   1               0.06                      0                                        -0                                                      CondInputLoader                                                            
2026-02-12 19:25:53,396 PerfMonMTSvc                                         INFO Finalize   1               0.06                      0                                        -4                                                      ToolSvc.PHYSDiTauLowPtThinningTool                                         
2026-02-12 19:25:53,396 PerfMonMTSvc                                         INFO Finalize   1               0.06                      0                                        -0                                                      IsolationBuilderNonprompt_All_MaxWeightLooseCone500                        
2026-02-12 19:25:53,396 PerfMonMTSvc                                         INFO Finalize   1               0.05                      0                                        -0                                                      TruthCategoriesDecorator.HiggsTruthCategoryTool                            
2026-02-12 19:25:53,396 PerfMonMTSvc                                         INFO Finalize   1               0.05                      0                                        -0                                                      THistSvc                                                                   
2026-02-12 19:25:53,396 PerfMonMTSvc                                         INFO Finalize   1               0.05                      0                                        -0                                                      StreamDAOD_PHYS                                                            
2026-02-12 19:25:53,397 PerfMonMTSvc                                         INFO Finalize   1               0.05                      0                                        -2                                                      ToolSvc.PHYSTauJets_MuonRMThinningTool                                     
2026-02-12 19:25:53,397 PerfMonMTSvc                                         INFO Finalize   1               0.05                      0                                        -24                                                     ToolSvc.CaloSurfaceBuilder                                                 
2026-02-12 19:25:53,397 PerfMonMTSvc                                         INFO Finalize   1               0.05                      0                                        -0                                                      PhysCommonTruthCharmKernel                                                 
2026-02-12 19:25:53,397 PerfMonMTSvc                                         INFO Finalize   1               0.05                      0                                        -0                                                      ToolSvc.DFCommonUsedInFitDecorator                                         
2026-02-12 19:25:53,397 PerfMonMTSvc                                         INFO Finalize   1               0.05                      0                                        -0                                                      BadBatmanAugmentation                                                      
2026-02-12 19:25:53,397 PerfMonMTSvc                                         INFO Finalize   1               0.05                      0                                        -0                                                      TauJets_MuonRM_TauIDDecorKernel                                            
2026-02-12 19:25:53,397 PerfMonMTSvc                                         INFO Finalize   1               0.04                      0                                        -0                                                      TauTruthCommonKernel2                                                      
2026-02-12 19:25:53,397 PerfMonMTSvc                                         INFO =======================================================================================
2026-02-12 19:25:53,397 PerfMonMTSvc                                         INFO preLoadProxy 1               25.10                     0                                        40                                                      loadCachesOverhead:COOLOFL_INDET/OFLP200                                   
2026-02-12 19:25:53,397 PerfMonMTSvc                                         INFO preLoadProxy 1               19.87                     1024                                     3                                                       loadCachesOverhead:COOLOFL_LAR/OFLP200                                     
2026-02-12 19:25:53,397 PerfMonMTSvc                                         INFO preLoadProxy 1               16.37                     0                                        13                                                      loadCachesOverhead:COOLOFL_TRT/OFLP200                                     
2026-02-12 19:25:53,397 PerfMonMTSvc                                         INFO preLoadProxy 1               15.53                     1024                                     1156                                                    FldrCache:/LAR/Align                                                       
2026-02-12 19:25:53,397 PerfMonMTSvc                                         INFO preLoadProxy 1               14.72                     0                                        3                                                       loadCachesOverhead:COOLOFL_GLOBAL/OFLP200                                  
2026-02-12 19:25:53,397 PerfMonMTSvc                                         INFO preLoadProxy 1               14.33                     0                                        2                                                       loadCachesOverhead:COOLOFL_DCS/OFLP200                                     
2026-02-12 19:25:53,397 PerfMonMTSvc                                         INFO preLoadProxy 1               13.75                     0                                        898                                                     FldrCache:/EXT/DCS/MAGNETS/SENSORDATA                                      
2026-02-12 19:25:53,397 PerfMonMTSvc                                         INFO preLoadProxy 1               13.18                     0                                        542                                                     FldrCache:/Indet/Align                                                     
2026-02-12 19:25:53,397 PerfMonMTSvc                                         INFO preLoadProxy 1               12.87                     3072                                     673                                                     loadCachesOverhead:COOLOFL_MDT/OFLP200                                     
2026-02-12 19:25:53,397 PerfMonMTSvc                                         INFO preLoadProxy 1               12.15                     3072                                     1431                                                    FldrCache:/MDT/MM/PASSIVATION                                              
2026-02-12 19:25:53,397 PerfMonMTSvc                                         INFO preLoadProxy 1               11.68                     0                                        753                                                     FldrCache:/TRT/Align                                                       
2026-02-12 19:25:53,397 PerfMonMTSvc                                         INFO preLoadProxy 1               10.30                     0                                        821                                                     FldrCache:/GLOBAL/BField/Maps                                              
2026-02-12 19:25:53,397 PerfMonMTSvc                                         INFO preLoadProxy 1               7.21                      0                                        21                                                      FldrCache:/Indet/Beampos                                                   
2026-02-12 19:25:53,398 PerfMonMTSvc                                         INFO preLoadProxy 1               4.24                      0                                        18                                                      FldrCache:/Indet/IBLDist                                                   
2026-02-12 19:25:53,398 PerfMonMTSvc                                         INFO preLoadProxy 1               4.06                      0                                        9                                                       FldrCache:/TRT/Calib/DX                                                    
2026-02-12 19:25:53,398 PerfMonMTSvc                                         INFO preLoadProxy 1               3.89                      0                                        3                                                       FldrCache:/GLOBAL/TrackingGeo/LayerMaterialV2                              
2026-02-12 19:25:53,398 PerfMonMTSvc                                         INFO preLoadProxy 1               3.63                      0                                        8                                                       FldrCache:/LAR/LArCellPositionShift                                        
2026-02-12 19:25:53,398 PerfMonMTSvc                                         INFO preLoadProxy 1               0.72                      0                                        14                                                      UpdateAddr::/TagInfo                                                       
2026-02-12 19:25:53,398 PerfMonMTSvc                                         INFO preLoadProxy 1               0.40                      0                                        13                                                      FldrSetup:/TagInfo                                                         
2026-02-12 19:25:53,398 PerfMonMTSvc                                         INFO preLoadProxy 1               0.16                      0                                        12                                                      FldrSetup:/Indet/Align                                                     
2026-02-12 19:25:53,398 PerfMonMTSvc                                         INFO preLoadProxy 1               0.10                      0                                        22                                                      FldrSetup:/Digitization/Parameters                                         
2026-02-12 19:25:53,398 PerfMonMTSvc                                         INFO preLoadProxy 1               0.08                      0                                        0                                                       FldrSetup:/GLOBAL/TrackingGeo/LayerMaterialV2                              
2026-02-12 19:25:53,398 PerfMonMTSvc                                         INFO preLoadProxy 1               0.08                      0                                        0                                                       FldrSetup:LArCellPositionShift                                             
2026-02-12 19:25:53,398 PerfMonMTSvc                                         INFO preLoadProxy 1               0.08                      0                                        10                                                      FldrSetup:/Indet/IBLDist                                                   
2026-02-12 19:25:53,398 PerfMonMTSvc                                         INFO preLoadProxy 1               0.07                      0                                        9                                                       FldrSetup:/TRT/Align                                                       
2026-02-12 19:25:53,398 PerfMonMTSvc                                         INFO preLoadProxy 1               0.07                      0                                        2                                                       FldrSetup:/EXT/DCS/MAGNETS/SENSORDATA                                      
2026-02-12 19:25:53,398 PerfMonMTSvc                                         INFO preLoadProxy 1               0.05                      0                                        3                                                       FldrSetup:/GLOBAL/BField/Maps                                              
2026-02-12 19:25:53,398 PerfMonMTSvc                                         INFO preLoadProxy 1               0.05                      0                                        0                                                       FldrSetup:/TRT/Calib/DX                                                    
2026-02-12 19:25:53,398 PerfMonMTSvc                                         INFO preLoadProxy 1               0.04                      0                                        -0                                                      AthenaAttributeList[/Digitization/Parameters]                              
2026-02-12 19:25:53,398 PerfMonMTSvc                                         INFO preLoadProxy 1               0.04                      0                                        1                                                       FldrSetup:/MDT/MM/PASSIVATION                                              
2026-02-12 19:25:53,398 PerfMonMTSvc                                         INFO preLoadProxy 1               0.02                      0                                        2                                                       FldrSetup:/Indet/Beampos                                                   
2026-02-12 19:25:53,398 PerfMonMTSvc                                         INFO preLoadProxy 1               0.02                      0                                        -0                                                      UpdateAddr::AthenaMPEventQueue_1499410_ad110f49-fdb6-4fc2-b1d6-803dedaecabe
2026-02-12 19:25:53,398 PerfMonMTSvc                                         INFO preLoadProxy 1               0.02                      0                                        -0                                                      UpdateAddr::PRESAMPLER_B_POS                                               
2026-02-12 19:25:53,398 PerfMonMTSvc                                         INFO preLoadProxy 1               0.01                      0                                        0                                                       FldrSetup:/LAR/Align                                                       
2026-02-12 19:25:53,399 PerfMonMTSvc                                         INFO preLoadProxy 1               0.01                      0                                        -0                                                      CondAttrListCollection[/TagInfo]                                           
2026-02-12 19:25:53,399 PerfMonMTSvc                                         INFO preLoadProxy 1               0.01                      0                                        -0                                                      Trk::LayerMaterialMap[/GLOBAL/TrackingGeo/LayerMaterialV2]                 
2026-02-12 19:25:53,399 PerfMonMTSvc                                         INFO preLoadProxy 1               0.01                      0                                        -0                                                      AthenaAttributeList[/Indet/Beampos]                                        
2026-02-12 19:25:53,399 PerfMonMTSvc                                         INFO preLoadProxy 1               0.01                      0                                        -0                                                      CondAttrListCollection[/EXT/DCS/MAGNETS/SENSORDATA]                        
2026-02-12 19:25:53,399 PerfMonMTSvc                                         INFO preLoadProxy 1               0.01                      0                                        -0                                                      TRTCond::StrawDxContainer[/TRT/Calib/DX]                                   
2026-02-12 19:25:53,399 PerfMonMTSvc                                         INFO preLoadProxy 1               0.01                      0                                        -0                                                      UpdateAddr::PRESAMPLER_B_NEG                                               
2026-02-12 19:25:53,399 PerfMonMTSvc                                         INFO preLoadProxy 1               0.01                      0                                        -0                                                      UpdateAddr::HEC_POS                                                        
2026-02-12 19:25:53,399 PerfMonMTSvc                                         INFO preLoadProxy 1               0.01                      0                                        -0                                                      CaloRec::CaloCellPositionShift[LArCellPositionShift]                       
2026-02-12 19:25:53,399 PerfMonMTSvc                                         INFO preLoadProxy 1               0.01                      0                                        -0                                                      DetCondKeyTrans[/LAR/Align]                                                
2026-02-12 19:25:53,399 PerfMonMTSvc                                         INFO preLoadProxy 1               0.01                      0                                        -0                                                      UpdateAddr::PRESAMPLER_EC_NEG                                              
2026-02-12 19:25:53,399 PerfMonMTSvc                                         INFO preLoadProxy 1               0.01                      0                                        -0                                                      UpdateAddr::PRESAMPLER_EC_POS                                              
2026-02-12 19:25:53,399 PerfMonMTSvc                                         INFO preLoadProxy 1               0.01                      0                                        -0                                                      UpdateAddr::HEC_NEG                                                        
2026-02-12 19:25:53,399 PerfMonMTSvc                                         INFO preLoadProxy 1               0.01                      0                                        -0                                                      CondAttrListCollection[/MDT/MM/PASSIVATION]                                
2026-02-12 19:25:53,399 PerfMonMTSvc                                         INFO preLoadProxy 1               0.01                      0                                        -0                                                      CondAttrListCollection[/GLOBAL/BField/Maps]                                
2026-02-12 19:25:53,399 PerfMonMTSvc                                         INFO preLoadProxy 1               0.01                      0                                        -0                                                      CondAttrListCollection[/Indet/IBLDist]                                     
2026-02-12 19:25:53,399 PerfMonMTSvc                                         INFO preLoadProxy 1               0.01                      0                                        -0                                                      AlignableTransformContainer[/Indet/Align]                                  
2026-02-12 19:25:53,399 PerfMonMTSvc                                         INFO =======================================================================================
2026-02-12 19:25:53,399 PerfMonMTSvc                                         INFO                                 Event Level Monitoring                                 
2026-02-12 19:25:53,399 PerfMonMTSvc                                         INFO         (Only the first 10 and the last measurements are explicitly printed)
2026-02-12 19:25:53,399 PerfMonMTSvc                                         INFO =======================================================================================
2026-02-12 19:25:53,399 PerfMonMTSvc                                         INFO Event            CPU [s]      Wall [s]     Vmem [kB]    Rss [kB]     Pss [kB]     Swap [kB]   
2026-02-12 19:25:53,399 PerfMonMTSvc                                         INFO ---------------------------------------------------------------------------------------
2026-02-12 19:25:53,400 PerfMonMTSvc                                         INFO =======================================================================================
2026-02-12 19:25:53,400 PerfMonMTSvc                                         INFO                                 Snapshots Summary                                      
2026-02-12 19:25:53,400 PerfMonMTSvc                                         INFO =======================================================================================
2026-02-12 19:25:53,400 PerfMonMTSvc                                         INFO Step          dCPU [s]     dWall [s]    <CPU>   dVmem [kB]  dRss [kB]   dPss [kB]   dSwap [kB] 
2026-02-12 19:25:53,400 PerfMonMTSvc                                         INFO ---------------------------------------------------------------------------------------
2026-02-12 19:25:53,400 PerfMonMTSvc                                         INFO Configure     12.74        19.03        0.67    1414636     1112212     813390      0          
2026-02-12 19:25:53,400 PerfMonMTSvc                                         INFO Initialize    12.68        81.66        0.16    1906852     1414392     1399552     0          
2026-02-12 19:25:53,400 PerfMonMTSvc                                         INFO FirstEvent    0.00         0.00         -nan    0           0           0           0          
2026-02-12 19:25:53,400 PerfMonMTSvc                                         INFO Execute       0.00         0.00         -nan    0           0           0           0          
2026-02-12 19:25:53,400 PerfMonMTSvc                                         INFO Finalize      0.85         0.89         0.96    -65612      75796       704668      0          
2026-02-12 19:25:53,400 PerfMonMTSvc                                         INFO ***************************************************************************************
2026-02-12 19:25:53,400 PerfMonMTSvc                                         INFO Number of events processed:         0
2026-02-12 19:25:53,400 PerfMonMTSvc                                         INFO CPU usage per event [ms]:           0
2026-02-12 19:25:53,400 PerfMonMTSvc                                         INFO Events per second:                  0.000
2026-02-12 19:25:53,400 PerfMonMTSvc                                         INFO CPU utilization efficiency [%]:     25
2026-02-12 19:25:53,400 PerfMonMTSvc                                         INFO ***************************************************************************************
2026-02-12 19:25:53,400 PerfMonMTSvc                                         INFO Max Vmem:                           0.00 KB
2026-02-12 19:25:53,400 PerfMonMTSvc                                         INFO Max Rss:                            0.00 KB
2026-02-12 19:25:53,400 PerfMonMTSvc                                         INFO Max Pss:                            0.00 KB
2026-02-12 19:25:53,400 PerfMonMTSvc                                         INFO Max Swap:                           0.00 KB
2026-02-12 19:25:53,400 PerfMonMTSvc                                         INFO ***************************************************************************************
2026-02-12 19:25:53,400 PerfMonMTSvc                                         INFO Leak estimate per event Vmem:       0.00 KB
2026-02-12 19:25:53,401 PerfMonMTSvc                                         INFO Leak estimate per event Pss:        0.00 KB
2026-02-12 19:25:53,401 PerfMonMTSvc                                         INFO   >> Estimated using the last 0 measurements from the Event Level Monitoring
2026-02-12 19:25:53,401 PerfMonMTSvc                                         INFO   >> Events prior to the first 25 are omitted...
2026-02-12 19:25:53,401 PerfMonMTSvc                                         INFO =======================================================================================
2026-02-12 19:25:53,401 PerfMonMTSvc                                         INFO                                   System Information                                   
2026-02-12 19:25:53,401 PerfMonMTSvc                                         INFO =======================================================================================
2026-02-12 19:25:53,402 PerfMonMTSvc                                         INFO CPU Model:                          Intel(R) Xeon(R) Gold 6326 CPU @ 2.90GHz 24576 KB
2026-02-12 19:25:53,402 PerfMonMTSvc                                         INFO Number of Available Cores:          32
2026-02-12 19:25:53,402 PerfMonMTSvc                                         INFO Total Memory:                       251.00 GB
2026-02-12 19:25:53,402 PerfMonMTSvc                                         INFO =======================================================================================
2026-02-12 19:25:53,402 PerfMonMTSvc                                         INFO                                Environment Information                                 
2026-02-12 19:25:53,402 PerfMonMTSvc                                         INFO =======================================================================================
2026-02-12 19:25:53,402 PerfMonMTSvc                                         INFO Malloc Library:                     libtcmalloc_minimal.so
2026-02-12 19:25:53,402 PerfMonMTSvc                                         INFO Math Library:                       libimf.so
2026-02-12 19:25:53,402 PerfMonMTSvc                                         INFO =======================================================================================
2026-02-12 19:25:53,865 ApplicationMgr                                       INFO Application Manager Finalized successfully
