2026-02-12 19:19:32,520 AthMpEvtLoopMgr.SharedEvtQueueConsumer               INFO Logs redirected in the AthenaMP event worker PID=1499707
2026-02-12 19:19:32,521 AthMpEvtLoopMgr.SharedEvtQueueConsumer               INFO Io registry updated in the AthenaMP event worker PID=1499707
2026-02-12 19:19:32,560 AthMpEvtLoopMgr.SharedEvtQueueConsumer               INFO File descriptors re-opened in the AthenaMP event worker PID=1499707
2026-02-12 19:19:32,560 PoolSvc                                              INFO I/O reinitialization...
2026-02-12 19:19:32,560 PoolSvc                                              INFO Setting up APR FileCatalog and Streams
2026-02-12 19:19:32,569 PoolSvc                                              INFO Resolved path (via ATLAS_POOLCOND_PATH) is /cvmfs/atlas-condb.cern.ch/repo/conditions/poolcond/PoolFileCatalog.xml
2026-02-12 19:19:32,597 PoolSvc                                              INFO Unable find catalog apcfile:poolcond/PoolCat_oflcond.xml in $ATLAS_POOLCOND_PATH and $DATAPATH
2026-02-12 19:19:32,597 PoolSvc                                              INFO POOL WriteCatalog is xmlcatalog_file:PoolFileCatalog.xml
2026-02-12 19:19:32,827 DbSession                                            INFO     Open     DbSession
2026-02-12 19:19:32,827 Domain[ROOT_All]                                     INFO >   Access   DbDomain     READ      [ROOT_All]
2026-02-12 19:19:32,827 DbSession                                            INFO     Open     DbSession
2026-02-12 19:19:32,827 Domain[ROOT_All]                                     INFO >   Access   DbDomain     READ      [ROOT_All]
2026-02-12 19:19:32,828 MetaDataSvc                                          INFO I/O reinitialization...
2026-02-12 19:19:32,828 MetaDataSvc                                          INFO Attached MetaDataTool: ToolSvc.IOVDbMetaDataTool
2026-02-12 19:19:32,828 MetaDataSvc                                          INFO Attached MetaDataTool: ToolSvc.BookkeeperTool
2026-02-12 19:19:32,828 MetaDataSvc                                          INFO Attached MetaDataTool: ToolSvc.StreamDAOD_PHYS_CopyEventStreamInfo
2026-02-12 19:19:32,828 MetaDataSvc                                          INFO Attached MetaDataTool: ToolSvc.TriggerMenuMetaDataTool
2026-02-12 19:19:32,828 MetaDataSvc                                          INFO Attached MetaDataTool: ToolSvc.TruthMetaDataTool
2026-02-12 19:19:32,828 MetaDataSvc                                          INFO Attached MetaDataTool: ToolSvc.xAODMaker::FileMetaDataTool
2026-02-12 19:19:32,828 MetaDataSvc                                          INFO Attached MetaDataTool: ToolSvc.xAODMaker::EventFormatMetaDataTool
2026-02-12 19:19:32,828 EventSelector                                        INFO I/O reinitialization...
2026-02-12 19:19:32,828 /eos/home-b/bkamgama/draft/Run_sleep_10000/...root   INFO ->  Access   DbDatabase   READ      [ROOT_All] AA21FB28-2672-434E-9813-0D7BE842151D
2026-02-12 19:19:32,859 RootDatabase                                         INFO /eos/home-b/bkamgama/draft/Run_sleep_10000/Compression_QT/DAOD_Compression_Analysis/workspaces/zstd_level1/data/zstd_rntuple_level1.AOD.pool.root File version:1063901
2026-02-12 19:19:32,900 StreamDAOD_PHYS                                      INFO I/O reinitialization...
2026-02-12 19:19:32,901 /eos/home-b/bkamgama/draft/Run_sleep_10000/...root   INFO Database being retired...
2026-02-12 19:19:32,901 /eos/home-b/bkamgama/draft/Run_sleep_10000/...root   INFO ->  Deaccess DbDatabase   READ      [ROOT_All] AA21FB28-2672-434E-9813-0D7BE842151D
2026-02-12 19:19:32,901 Domain[ROOT_All]                                     INFO >   Deaccess DbDomain     READ      [ROOT_All]
2026-02-12 19:19:32,902 DbSession                                            INFO     Open     DbSession
2026-02-12 19:19:32,902 Domain[ROOT_All]                                     INFO >   Access   DbDomain     READ      [ROOT_All]
2026-02-12 19:19:32,902 /eos/home-b/bkamgama/draft/Run_sleep_10000/...root   INFO ->  Access   DbDatabase   READ      [ROOT_All] AA21FB28-2672-434E-9813-0D7BE842151D
2026-02-12 19:19:32,906 RootDatabase                                         INFO /eos/home-b/bkamgama/draft/Run_sleep_10000/Compression_QT/DAOD_Compression_Analysis/workspaces/zstd_level1/data/zstd_rntuple_level1.AOD.pool.root File version:1063901
2026-02-12 19:19:32,920 AthMpEvtLoopMgr.SharedEvtQueueConsumer               INFO Exec function in the AthenaMP worker PID=1499707
2026-02-12 19:19:34,398 AthMpEvtLoopMgr.SharedEvtQueueConsumer               INFO Received from the queue: event num=3 chunk size=1
2026-02-12 19:19:34,398 AthMpEvtLoopMgr.SharedEvtQueueConsumer               INFO Seek to 3 succeeded
2026-02-12 19:19:34,411 ToolSvc.BookkeeperTool                               INFO Preparing local cache for source 'AA21FB28-2672-434E-9813-0D7BE842151D' with 194 variations
2026-02-12 19:19:34,414 ToolSvc.BookkeeperTool                               INFO No incomplete bookkeepers with name 'IncompleteCutBookkeepers' in this file
2026-02-12 19:19:34,414 ToolSvc.BookkeeperTool                               INFO No complete bookkeepers with name 'CutBookkeepers' in this file
2026-02-12 19:19:36,905 AthenaEventLoopMgr                                   INFO   ===>>>  start processing event #334732003, run #450000 0 events processed so far  <<<===
2026-02-12 19:19:37,029 xAODConfigSvc                                        INFO TrigConfxAOD/src/xAODConfigSvc.cxx:940 (StatusCode TrigConf::xAODConfigSvc::prepareEventxAODTriggerMenuJson(const xAOD::TrigConfKeys*, const xAOD::BunchConfKey*, const EventContext&)): Loaded xAOD::TriggerMenuJson configuration:  SMK = 2130037424, L1PSK = 3785439411, HLTPSK = 266086103, BGSK = 707058941
2026-02-12 19:19:37,135 PerfMonMTSvc                                         INFO Event [    1] CPU Time: 00h00m01s, Wall Time: 00h02m03s, Vmem: 5.30 GB, Rss: 3.70 GB, Pss: 1.68 GB, Swap: 0.00 KB
2026-02-12 19:19:37,135 ToolSvc.TrigDecisionTool                             INFO Updating config in slot 0 with SMK: 2130037424 and L1PSK: 3785439411 and HLTPSK: 266086103 and BGSK: 707058941 getForceConfigUpdate()=1 HLT Chains: 2535
2026-02-12 19:19:37,462 ToolSvc.PhysCommonTruthCharmTool                  WARNING Found xAODTruthMetaDataContainer empty! Configuring to be NOT Sherpa.
2026-02-12 19:19:37,463 ToolSvc.PhysCommonTruthCharmTool                     INFO From metadata configured: Sherpa? 0
2026-02-12 19:19:43,605 ToolSvc.DFCommonBornLeptonCollTool                   INFO From metadata configured: Sherpa? 0
2026-02-12 19:19:45,812 ToolSvc.xAODTrackParticleCompressorTool              INFO Initialising
2026-02-12 19:19:45,813 ToolSvc.xAODTrackParticleCompressorTool              INFO   OffDiagCovMatrixBits = 23
2026-02-12 19:19:45,813 ToolSvc.xAODTrackParticleCompressorTool              INFO   DiagCovMatrixBits    = 23
2026-02-12 19:19:45,813 ToolSvc.xAODTrackParticleCompressorTool              INFO   UseOffDiagCompr = 0
2026-02-12 19:19:45,864 ToolSvc.DFCommonMuonsSelector                     WARNING MuonSelectionTool currently supports Loose, Medium, Tight, HighPt, and LowPtEfficiency WPs for Run3; all other WPs can only be used in ExpertDevelopMode mode
2026-02-12 19:19:45,929 xAODClusterCompressor                                INFO Compression of ClusterMoments to 16 bits enabled
2026-02-12 19:19:45,929 AthenaPoolConverter                                  INFO Retrieved compression tool
WARNING from FastJet: Recluster: the original cluster sequence is lacking explicit ghosts; area support will no longer be available after re-clustering
WARNING from FastJet: Recluster: the original cluster sequence is lacking explicit ghosts; area support will no longer be available after re-clustering
WARNING from FastJet: Recluster: the original cluster sequence is lacking explicit ghosts; area support will no longer be available after re-clustering
WARNING from FastJet: Recluster: the original cluster sequence is lacking explicit ghosts; area support will no longer be available after re-clustering
2026-02-12 19:19:48,230 ClassIDSvc                                           INFO getRegistryEntries: read 2953 CLIDRegistry entries for module ALL
xAOD::AuxSelection WARNING Selected dynamic Aux atribute "DFCommonJets_eventClean_LooseBadLLP" not found in the registry
xAOD::AuxSelection WARNING Selected dynamic Aux atribute "HTXS_Higgs_decay_eta" not found in the registry
xAOD::AuxSelection WARNING Selected dynamic Aux atribute "HTXS_Higgs_decay_m" not found in the registry
xAOD::AuxSelection WARNING Selected dynamic Aux atribute "HTXS_Higgs_decay_phi" not found in the registry
xAOD::AuxSelection WARNING Selected dynamic Aux atribute "HTXS_Higgs_decay_pt" not found in the registry
xAOD::AuxSelection WARNING Selected dynamic Aux atribute "HTXS_Higgs_eta" not found in the registry
xAOD::AuxSelection WARNING Selected dynamic Aux atribute "HTXS_Higgs_m" not found in the registry
xAOD::AuxSelection WARNING Selected dynamic Aux atribute "HTXS_Higgs_phi" not found in the registry
xAOD::AuxSelection WARNING Selected dynamic Aux atribute "HTXS_Higgs_pt" not found in the registry
xAOD::AuxSelection WARNING Selected dynamic Aux atribute "HTXS_Njets_pTjet25" not found in the registry
xAOD::AuxSelection WARNING Selected dynamic Aux atribute "HTXS_Njets_pTjet30" not found in the registry
xAOD::AuxSelection WARNING Selected dynamic Aux atribute "HTXS_Stage0_Category" not found in the registry
xAOD::AuxSelection WARNING Selected dynamic Aux atribute "HTXS_Stage1_2_Category_pTjet25" not found in the registry
xAOD::AuxSelection WARNING Selected dynamic Aux atribute "HTXS_Stage1_2_Category_pTjet30" not found in the registry
xAOD::AuxSelection WARNING Selected dynamic Aux atribute "HTXS_Stage1_2_FineIndex_pTjet25" not found in the registry
xAOD::AuxSelection WARNING Selected dynamic Aux atribute "HTXS_Stage1_2_FineIndex_pTjet30" not found in the registry
xAOD::AuxSelection WARNING Selected dynamic Aux atribute "HTXS_Stage1_2_Fine_Category_pTjet25" not found in the registry
xAOD::AuxSelection WARNING Selected dynamic Aux atribute "HTXS_Stage1_2_Fine_Category_pTjet30" not found in the registry
xAOD::AuxSelection WARNING Selected dynamic Aux atribute "HTXS_Stage1_2_Fine_FineIndex_pTjet25" not found in the registry
xAOD::AuxSelection WARNING Selected dynamic Aux atribute "HTXS_Stage1_2_Fine_FineIndex_pTjet30" not found in the registry
xAOD::AuxSelection WARNING Selected dynamic Aux atribute "HTXS_Stage1_Category_pTjet25" not found in the registry
xAOD::AuxSelection WARNING Selected dynamic Aux atribute "HTXS_Stage1_Category_pTjet30" not found in the registry
xAOD::AuxSelection WARNING Selected dynamic Aux atribute "HTXS_Stage1_FineIndex_pTjet25" not found in the registry
xAOD::AuxSelection WARNING Selected dynamic Aux atribute "HTXS_Stage1_FineIndex_pTjet30" not found in the registry
xAOD::AuxSelection WARNING Selected dynamic Aux atribute "HTXS_V_decay_eta" not found in the registry
xAOD::AuxSelection WARNING Selected dynamic Aux atribute "HTXS_V_decay_m" not found in the registry
xAOD::AuxSelection WARNING Selected dynamic Aux atribute "HTXS_V_decay_phi" not found in the registry
xAOD::AuxSelection WARNING Selected dynamic Aux atribute "HTXS_V_decay_pt" not found in the registry
xAOD::AuxSelection WARNING Selected dynamic Aux atribute "HTXS_V_eta" not found in the registry
xAOD::AuxSelection WARNING Selected dynamic Aux atribute "HTXS_V_jets25_eta" not found in the registry
xAOD::AuxSelection WARNING Selected dynamic Aux atribute "HTXS_V_jets25_m" not found in the registry
xAOD::AuxSelection WARNING Selected dynamic Aux atribute "HTXS_V_jets25_phi" not found in the registry
xAOD::AuxSelection WARNING Selected dynamic Aux atribute "HTXS_V_jets25_pt" not found in the registry
xAOD::AuxSelection WARNING Selected dynamic Aux atribute "HTXS_V_jets30_eta" not found in the registry
xAOD::AuxSelection WARNING Selected dynamic Aux atribute "HTXS_V_jets30_m" not found in the registry
xAOD::AuxSelection WARNING Selected dynamic Aux atribute "HTXS_V_jets30_phi" not found in the registry
xAOD::AuxSelection WARNING Selected dynamic Aux atribute "HTXS_V_jets30_pt" not found in the registry
xAOD::AuxSelection WARNING Selected dynamic Aux atribute "HTXS_V_m" not found in the registry
xAOD::AuxSelection WARNING Selected dynamic Aux atribute "HTXS_V_phi" not found in the registry
xAOD::AuxSelection WARNING Selected dynamic Aux atribute "HTXS_V_pt" not found in the registry
xAOD::AuxSelection WARNING Selected dynamic Aux atribute "HTXS_errorCode" not found in the registry
xAOD::AuxSelection WARNING Selected dynamic Aux atribute "HTXS_isZ2vvDecay" not found in the registry
xAOD::AuxSelection WARNING Selected dynamic Aux atribute "truthClassification" not found in the registry
xAOD::AuxSelection WARNING Selected dynamic Aux atribute "DFCommonGoodMuon" not found in the registry
xAOD::AuxSelection WARNING Selected dynamic Aux atribute "absipSigLeadTrk" not found in the registry
xAOD::AuxSelection WARNING Selected dynamic Aux atribute "DecayModeVector" not found in the registry
xAOD::AuxSelection WARNING Selected dynamic Aux atribute "IsHadronicTau" not found in the registry
xAOD::AuxSelection WARNING Selected dynamic Aux atribute "decay_vertex_x" not found in the registry
xAOD::AuxSelection WARNING Selected dynamic Aux atribute "decay_vertex_y" not found in the registry
xAOD::AuxSelection WARNING Selected dynamic Aux atribute "decay_vertex_z" not found in the registry
xAOD::AuxSelection WARNING Selected dynamic Aux atribute "eta_invis" not found in the registry
xAOD::AuxSelection WARNING Selected dynamic Aux atribute "eta_vis_neutral" not found in the registry
xAOD::AuxSelection WARNING Selected dynamic Aux atribute "m_invis" not found in the registry
xAOD::AuxSelection WARNING Selected dynamic Aux atribute "m_vis_neutral" not found in the registry
xAOD::AuxSelection WARNING Selected dynamic Aux atribute "numCharged" not found in the registry
xAOD::AuxSelection WARNING Selected dynamic Aux atribute "numChargedPion" not found in the registry
xAOD::AuxSelection WARNING Selected dynamic Aux atribute "numNeutral" not found in the registry
xAOD::AuxSelection WARNING Selected dynamic Aux atribute "numNeutralPion" not found in the registry
xAOD::AuxSelection WARNING Selected dynamic Aux atribute "phi_invis" not found in the registry
xAOD::AuxSelection WARNING Selected dynamic Aux atribute "phi_vis_neutral" not found in the registry
xAOD::AuxSelection WARNING Selected dynamic Aux atribute "prod_vertex_x" not found in the registry
xAOD::AuxSelection WARNING Selected dynamic Aux atribute "prod_vertex_y" not found in the registry
xAOD::AuxSelection WARNING Selected dynamic Aux atribute "prod_vertex_z" not found in the registry
xAOD::AuxSelection WARNING Selected dynamic Aux atribute "pt_invis" not found in the registry
xAOD::AuxSelection WARNING Selected dynamic Aux atribute "pt_vis_neutral" not found in the registry
xAOD::AuxSelection WARNING Selected dynamic Aux atribute "GN3XPV01_pqcd" not found in the registry
xAOD::AuxSelection WARNING Selected dynamic Aux atribute "bJR10v00_mass" not found in the registry
xAOD::AuxSelection WARNING Selected dynamic Aux atribute "bJR10v00_pt" not found in the registry
xAOD::AuxSelection WARNING Selected dynamic Aux atribute "PartonTruthLabelTruthLabelBarcode" not found in the registry
xAOD::AuxSelection WARNING Selected dynamic Aux atribute "PartonTruthLabelTruthLabelDR" not found in the registry
xAOD::AuxSelection WARNING Selected dynamic Aux atribute "PartonTruthLabelTruthLabelID" not found in the registry
xAOD::AuxSelection WARNING Selected dynamic Aux atribute "PartonTruthLabelTruthLabelLxy" not found in the registry
xAOD::AuxSelection WARNING Selected dynamic Aux atribute "PartonTruthLabelTruthLabelPdgId" not found in the registry
xAOD::AuxSelection WARNING Selected dynamic Aux atribute "PartonTruthLabelTruthLabelPt" not found in the registry
2026-02-12 19:19:54,505 copyAuxStoreThinned                               WARNING AthContainers/src/copyAuxStoreThinned.cxx:138: unlocked decoration UEcorr_Pt (955) in object of type xAOD::ElectronAuxContainer_v3
2026-02-12 19:19:54,516 copyAuxStoreThinned                               WARNING AthContainers/src/copyAuxStoreThinned.cxx:138: unlocked decoration UEcorr_Pt (955) in object of type xAOD::MuonAuxContainer_v5
2026-02-12 19:19:54,538 ClassIDSvc                                           INFO getRegistryEntries: read 302 CLIDRegistry entries for module ALL
2026-02-12 19:19:54,650 AthenaEventLoopMgr                                   INFO   ===>>>  done processing event #334732003, run #450000 1 events processed so far  <<<===
2026-02-12 19:19:54,669 PoolSvc                                           WARNING connect: Using default input Stream instead of id = 4294967295
2026-02-12 19:19:54,669 AthMpEvtLoopMgr.SharedEvtQueueConsumer               INFO Received from the queue: event num=8 chunk size=1
2026-02-12 19:19:54,669 AthMpEvtLoopMgr.SharedEvtQueueConsumer               INFO Seek to 8 succeeded
WARNING from FastJet: Recluster: the original cluster sequence is lacking explicit ghosts; area support will no longer be available after re-clustering (LAST SUCH WARNING)
2026-02-12 19:19:55,637 copyAuxStoreThinned                               WARNING AthContainers/src/copyAuxStoreThinned.cxx:138: unlocked decoration UEcorr_Pt (955) in object of type xAOD::ElectronAuxContainer_v3
2026-02-12 19:19:55,641 copyAuxStoreThinned                               WARNING AthContainers/src/copyAuxStoreThinned.cxx:138: unlocked decoration UEcorr_Pt (955) in object of type xAOD::MuonAuxContainer_v5
2026-02-12 19:19:55,659 AthMpEvtLoopMgr.SharedEvtQueueConsumer               INFO Received from the queue: event num=12 chunk size=1
2026-02-12 19:19:55,659 AthMpEvtLoopMgr.SharedEvtQueueConsumer               INFO Seek to 12 succeeded
2026-02-12 19:19:56,557 copyAuxStoreThinned                               WARNING AthContainers/src/copyAuxStoreThinned.cxx:138: unlocked decoration UEcorr_Pt (955) in object of type xAOD::ElectronAuxContainer_v3
2026-02-12 19:19:56,578 AthMpEvtLoopMgr.SharedEvtQueueConsumer               INFO Received from the queue: event num=16 chunk size=1
2026-02-12 19:19:56,578 AthMpEvtLoopMgr.SharedEvtQueueConsumer               INFO Seek to 16 succeeded
2026-02-12 19:19:57,420 copyAuxStoreThinned                               WARNING AthContainers/src/copyAuxStoreThinned.cxx:138: unlocked decoration UEcorr_Pt (955) in object of type xAOD::ElectronAuxContainer_v3
2026-02-12 19:19:57,423 copyAuxStoreThinned                               WARNING AthContainers/src/copyAuxStoreThinned.cxx:138: unlocked decoration UEcorr_Pt (955) in object of type xAOD::MuonAuxContainer_v5
2026-02-12 19:19:57,440 AthMpEvtLoopMgr.SharedEvtQueueConsumer               INFO Received from the queue: event num=20 chunk size=1
2026-02-12 19:19:57,441 AthMpEvtLoopMgr.SharedEvtQueueConsumer               INFO Seek to 20 succeeded
2026-02-12 19:19:58,227 copyAuxStoreThinned                               WARNING AthContainers/src/copyAuxStoreThinned.cxx:138: unlocked decoration UEcorr_Pt (955) in object of type xAOD::ElectronAuxContainer_v3
2026-02-12 19:19:58,246 AthMpEvtLoopMgr.SharedEvtQueueConsumer               INFO Received from the queue: event num=23 chunk size=1
2026-02-12 19:19:58,247 AthMpEvtLoopMgr.SharedEvtQueueConsumer               INFO Seek to 23 succeeded
2026-02-12 19:19:59,563 copyAuxStoreThinned                               WARNING AthContainers/src/copyAuxStoreThinned.cxx:138: unlocked decoration UEcorr_Pt (955) in object of type xAOD::ElectronAuxContainer_v3
2026-02-12 19:19:59,585 AthMpEvtLoopMgr.SharedEvtQueueConsumer               INFO Received from the queue: event num=27 chunk size=1
2026-02-12 19:19:59,585 AthMpEvtLoopMgr.SharedEvtQueueConsumer               INFO Seek to 27 succeeded
2026-02-12 19:20:00,913 copyAuxStoreThinned                               WARNING AthContainers/src/copyAuxStoreThinned.cxx:138: unlocked decoration UEcorr_Pt (955) in object of type xAOD::ElectronAuxContainer_v3
2026-02-12 19:20:00,938 AthMpEvtLoopMgr.SharedEvtQueueConsumer               INFO Received from the queue: event num=32 chunk size=1
2026-02-12 19:20:00,938 AthMpEvtLoopMgr.SharedEvtQueueConsumer               INFO Seek to 32 succeeded
2026-02-12 19:20:01,792 copyAuxStoreThinned                               WARNING AthContainers/src/copyAuxStoreThinned.cxx:138: unlocked decoration UEcorr_Pt (955) in object of type xAOD::ElectronAuxContainer_v3
2026-02-12 19:20:01,795 copyAuxStoreThinned                               WARNING AthContainers/src/copyAuxStoreThinned.cxx:138: unlocked decoration UEcorr_Pt (955) in object of type xAOD::MuonAuxContainer_v5
2026-02-12 19:20:01,813 AthMpEvtLoopMgr.SharedEvtQueueConsumer               INFO Received from the queue: event num=36 chunk size=1
2026-02-12 19:20:01,813 AthMpEvtLoopMgr.SharedEvtQueueConsumer               INFO Seek to 36 succeeded
2026-02-12 19:20:03,016 copyAuxStoreThinned                               WARNING AthContainers/src/copyAuxStoreThinned.cxx:138: unlocked decoration UEcorr_Pt (955) in object of type xAOD::ElectronAuxContainer_v3
2026-02-12 19:20:03,020 copyAuxStoreThinned                               WARNING AthContainers/src/copyAuxStoreThinned.cxx:138: unlocked decoration UEcorr_Pt (955) in object of type xAOD::MuonAuxContainer_v5
2026-02-12 19:20:03,039 AthMpEvtLoopMgr.SharedEvtQueueConsumer               INFO Received from the queue: event num=40 chunk size=1
2026-02-12 19:20:03,039 AthMpEvtLoopMgr.SharedEvtQueueConsumer               INFO Seek to 40 succeeded
2026-02-12 19:20:04,360 copyAuxStoreThinned                               WARNING AthContainers/src/copyAuxStoreThinned.cxx:138: unlocked decoration UEcorr_Pt (955) in object of type xAOD::ElectronAuxContainer_v3
2026-02-12 19:20:04,364 copyAuxStoreThinned                               WARNING AthContainers/src/copyAuxStoreThinned.cxx:138: unlocked decoration UEcorr_Pt (955) in object of type xAOD::MuonAuxContainer_v5
2026-02-12 19:20:04,384 AthMpEvtLoopMgr.SharedEvtQueueConsumer               INFO Received from the queue: event num=44 chunk size=1
2026-02-12 19:20:04,384 AthMpEvtLoopMgr.SharedEvtQueueConsumer               INFO Seek to 44 succeeded
2026-02-12 19:20:05,261 copyAuxStoreThinned                               WARNING AthContainers/src/copyAuxStoreThinned.cxx:138: unlocked decoration UEcorr_Pt (955) in object of type xAOD::ElectronAuxContainer_v3
2026-02-12 19:20:05,281 AthMpEvtLoopMgr.SharedEvtQueueConsumer               INFO Received from the queue: event num=47 chunk size=1
2026-02-12 19:20:05,282 AthMpEvtLoopMgr.SharedEvtQueueConsumer               INFO Seek to 47 succeeded
2026-02-12 19:20:06,069 copyAuxStoreThinned                               WARNING AthContainers/src/copyAuxStoreThinned.cxx:138: unlocked decoration UEcorr_Pt (955) in object of type xAOD::ElectronAuxContainer_v3
2026-02-12 19:20:06,073 copyAuxStoreThinned                               WARNING AthContainers/src/copyAuxStoreThinned.cxx:138: unlocked decoration UEcorr_Pt (955) in object of type xAOD::MuonAuxContainer_v5
2026-02-12 19:20:06,090 AthMpEvtLoopMgr.SharedEvtQueueConsumer               INFO Received from the queue: event num=51 chunk size=1
2026-02-12 19:20:06,090 AthMpEvtLoopMgr.SharedEvtQueueConsumer               INFO Seek to 51 succeeded
2026-02-12 19:20:07,189 copyAuxStoreThinned                               WARNING AthContainers/src/copyAuxStoreThinned.cxx:138: unlocked decoration UEcorr_Pt (955) in object of type xAOD::ElectronAuxContainer_v3
2026-02-12 19:20:07,192 copyAuxStoreThinned                               WARNING AthContainers/src/copyAuxStoreThinned.cxx:138: unlocked decoration UEcorr_Pt (955) in object of type xAOD::MuonAuxContainer_v5
2026-02-12 19:20:07,211 AthMpEvtLoopMgr.SharedEvtQueueConsumer               INFO Received from the queue: event num=55 chunk size=1
2026-02-12 19:20:07,211 AthMpEvtLoopMgr.SharedEvtQueueConsumer               INFO Seek to 55 succeeded
2026-02-12 19:20:07,325 PerfMonMTSvc                                         INFO Event [   14] CPU Time: 00h00m25s, Wall Time: 00h02m33s, Vmem: 5.95 GB, Rss: 4.66 GB, Pss: 2.63 GB, Swap: 0.00 KB
2026-02-12 19:20:08,189 copyAuxStoreThinned                               WARNING AthContainers/src/copyAuxStoreThinned.cxx:138: unlocked decoration UEcorr_Pt (955) in object of type xAOD::ElectronAuxContainer_v3
2026-02-12 19:20:08,210 AthMpEvtLoopMgr.SharedEvtQueueConsumer               INFO Received from the queue: event num=59 chunk size=1
2026-02-12 19:20:08,210 AthMpEvtLoopMgr.SharedEvtQueueConsumer               INFO Seek to 59 succeeded
2026-02-12 19:20:09,201 copyAuxStoreThinned                               WARNING AthContainers/src/copyAuxStoreThinned.cxx:138: unlocked decoration UEcorr_Pt (955) in object of type xAOD::ElectronAuxContainer_v3
2026-02-12 19:20:09,222 AthMpEvtLoopMgr.SharedEvtQueueConsumer               INFO Received from the queue: event num=63 chunk size=1
2026-02-12 19:20:09,222 AthMpEvtLoopMgr.SharedEvtQueueConsumer               INFO Seek to 63 succeeded
2026-02-12 19:20:09,953 copyAuxStoreThinned                               WARNING AthContainers/src/copyAuxStoreThinned.cxx:138: unlocked decoration UEcorr_Pt (955) in object of type xAOD::ElectronAuxContainer_v3
2026-02-12 19:20:09,956 copyAuxStoreThinned                               WARNING AthContainers/src/copyAuxStoreThinned.cxx:138: unlocked decoration UEcorr_Pt (955) in object of type xAOD::MuonAuxContainer_v5
2026-02-12 19:20:09,973 AthMpEvtLoopMgr.SharedEvtQueueConsumer               INFO Received from the queue: event num=66 chunk size=1
2026-02-12 19:20:09,973 AthMpEvtLoopMgr.SharedEvtQueueConsumer               INFO Seek to 66 succeeded
2026-02-12 19:20:11,277 copyAuxStoreThinned                               WARNING AthContainers/src/copyAuxStoreThinned.cxx:138: unlocked decoration UEcorr_Pt (955) in object of type xAOD::ElectronAuxContainer_v3
2026-02-12 19:20:11,281 copyAuxStoreThinned                               WARNING AthContainers/src/copyAuxStoreThinned.cxx:138: unlocked decoration UEcorr_Pt (955) in object of type xAOD::MuonAuxContainer_v5
2026-02-12 19:20:11,301 AthMpEvtLoopMgr.SharedEvtQueueConsumer               INFO Received from the queue: event num=71 chunk size=1
2026-02-12 19:20:11,301 AthMpEvtLoopMgr.SharedEvtQueueConsumer               INFO Seek to 71 succeeded
2026-02-12 19:20:12,096 copyAuxStoreThinned                               WARNING AthContainers/src/copyAuxStoreThinned.cxx:138: unlocked decoration UEcorr_Pt (955) in object of type xAOD::ElectronAuxContainer_v3
2026-02-12 19:20:12,100 copyAuxStoreThinned                               WARNING AthContainers/src/copyAuxStoreThinned.cxx:138: unlocked decoration UEcorr_Pt (955) in object of type xAOD::MuonAuxContainer_v5
2026-02-12 19:20:12,116 AthMpEvtLoopMgr.SharedEvtQueueConsumer               INFO Received from the queue: event num=74 chunk size=1
2026-02-12 19:20:12,117 AthMpEvtLoopMgr.SharedEvtQueueConsumer               INFO Seek to 74 succeeded
2026-02-12 19:20:13,170 copyAuxStoreThinned                               WARNING AthContainers/src/copyAuxStoreThinned.cxx:138: unlocked decoration UEcorr_Pt (955) in object of type xAOD::ElectronAuxContainer_v3
2026-02-12 19:20:13,190 AthMpEvtLoopMgr.SharedEvtQueueConsumer               INFO Received from the queue: event num=78 chunk size=1
2026-02-12 19:20:13,190 AthMpEvtLoopMgr.SharedEvtQueueConsumer               INFO Seek to 78 succeeded
2026-02-12 19:20:14,199 copyAuxStoreThinned                               WARNING AthContainers/src/copyAuxStoreThinned.cxx:138: unlocked decoration UEcorr_Pt (955) in object of type xAOD::ElectronAuxContainer_v3
2026-02-12 19:20:14,203 copyAuxStoreThinned                               WARNING AthContainers/src/copyAuxStoreThinned.cxx:138: unlocked decoration UEcorr_Pt (955) in object of type xAOD::MuonAuxContainer_v5
2026-02-12 19:20:14,221 AthMpEvtLoopMgr.SharedEvtQueueConsumer               INFO Received from the queue: event num=82 chunk size=1
2026-02-12 19:20:14,221 AthMpEvtLoopMgr.SharedEvtQueueConsumer               INFO Seek to 82 succeeded
2026-02-12 19:20:15,094 copyAuxStoreThinned                               WARNING AthContainers/src/copyAuxStoreThinned.cxx:138: unlocked decoration UEcorr_Pt (955) in object of type xAOD::ElectronAuxContainer_v3
2026-02-12 19:20:15,098 copyAuxStoreThinned                               WARNING AthContainers/src/copyAuxStoreThinned.cxx:138: unlocked decoration UEcorr_Pt (955) in object of type xAOD::MuonAuxContainer_v5
2026-02-12 19:20:15,116 AthMpEvtLoopMgr.SharedEvtQueueConsumer               INFO Received from the queue: event num=84 chunk size=1
2026-02-12 19:20:15,117 AthMpEvtLoopMgr.SharedEvtQueueConsumer               INFO Seek to 84 succeeded
2026-02-12 19:20:16,339 copyAuxStoreThinned                               WARNING AthContainers/src/copyAuxStoreThinned.cxx:138: unlocked decoration UEcorr_Pt (955) in object of type xAOD::ElectronAuxContainer_v3
2026-02-12 19:20:16,360 AthMpEvtLoopMgr.SharedEvtQueueConsumer               INFO Received from the queue: event num=89 chunk size=1
2026-02-12 19:20:16,360 AthMpEvtLoopMgr.SharedEvtQueueConsumer               INFO Seek to 89 succeeded
2026-02-12 19:20:17,402 copyAuxStoreThinned                               WARNING AthContainers/src/copyAuxStoreThinned.cxx:138: unlocked decoration UEcorr_Pt (955) in object of type xAOD::ElectronAuxContainer_v3
2026-02-12 19:20:17,405 copyAuxStoreThinned                               WARNING AthContainers/src/copyAuxStoreThinned.cxx:138: unlocked decoration UEcorr_Pt (955) in object of type xAOD::MuonAuxContainer_v5
2026-02-12 19:20:17,426 AthMpEvtLoopMgr.SharedEvtQueueConsumer               INFO Received from the queue: event num=92 chunk size=1
2026-02-12 19:20:17,426 AthMpEvtLoopMgr.SharedEvtQueueConsumer               INFO Seek to 92 succeeded
2026-02-12 19:20:18,464 copyAuxStoreThinned                               WARNING AthContainers/src/copyAuxStoreThinned.cxx:138: unlocked decoration UEcorr_Pt (955) in object of type xAOD::ElectronAuxContainer_v3
2026-02-12 19:20:18,468 copyAuxStoreThinned                               WARNING AthContainers/src/copyAuxStoreThinned.cxx:138: unlocked decoration UEcorr_Pt (955) in object of type xAOD::MuonAuxContainer_v5
2026-02-12 19:20:18,490 AthMpEvtLoopMgr.SharedEvtQueueConsumer               INFO Received from the queue: event num=97 chunk size=1
2026-02-12 19:20:18,490 AthMpEvtLoopMgr.SharedEvtQueueConsumer               INFO Seek to 97 succeeded
2026-02-12 19:20:19,885 copyAuxStoreThinned                               WARNING AthContainers/src/copyAuxStoreThinned.cxx:138: unlocked decoration UEcorr_Pt (955) in object of type xAOD::ElectronAuxContainer_v3
2026-02-12 19:20:19,889 copyAuxStoreThinned                               WARNING AthContainers/src/copyAuxStoreThinned.cxx:138: unlocked decoration UEcorr_Pt (955) in object of type xAOD::MuonAuxContainer_v5
2026-02-12 19:20:19,909 AthMpEvtLoopMgr.SharedEvtQueueConsumer               INFO Received from the queue: event num=101 chunk size=1
2026-02-12 19:20:19,909 AthMpEvtLoopMgr.SharedEvtQueueConsumer               INFO Seek to 101 succeeded
2026-02-12 19:20:21,439 copyAuxStoreThinned                               WARNING AthContainers/src/copyAuxStoreThinned.cxx:138: unlocked decoration UEcorr_Pt (955) in object of type xAOD::ElectronAuxContainer_v3
2026-02-12 19:20:21,442 copyAuxStoreThinned                               WARNING AthContainers/src/copyAuxStoreThinned.cxx:138: unlocked decoration UEcorr_Pt (955) in object of type xAOD::MuonAuxContainer_v5
2026-02-12 19:20:21,461 AthMpEvtLoopMgr.SharedEvtQueueConsumer               INFO Received from the queue: event num=105 chunk size=1
2026-02-12 19:20:21,462 AthMpEvtLoopMgr.SharedEvtQueueConsumer               INFO Seek to 105 succeeded
2026-02-12 19:20:22,615 copyAuxStoreThinned                               WARNING AthContainers/src/copyAuxStoreThinned.cxx:138: unlocked decoration UEcorr_Pt (955) in object of type xAOD::ElectronAuxContainer_v3
2026-02-12 19:20:22,619 copyAuxStoreThinned                               WARNING AthContainers/src/copyAuxStoreThinned.cxx:138: unlocked decoration UEcorr_Pt (955) in object of type xAOD::MuonAuxContainer_v5
2026-02-12 19:20:22,637 AthMpEvtLoopMgr.SharedEvtQueueConsumer               INFO Received from the queue: event num=109 chunk size=1
2026-02-12 19:20:22,637 AthMpEvtLoopMgr.SharedEvtQueueConsumer               INFO Seek to 109 succeeded
2026-02-12 19:20:23,667 copyAuxStoreThinned                               WARNING AthContainers/src/copyAuxStoreThinned.cxx:138: unlocked decoration UEcorr_Pt (955) in object of type xAOD::ElectronAuxContainer_v3
2026-02-12 19:20:23,689 AthMpEvtLoopMgr.SharedEvtQueueConsumer               INFO Received from the queue: event num=113 chunk size=1
2026-02-12 19:20:23,689 AthMpEvtLoopMgr.SharedEvtQueueConsumer               INFO Seek to 113 succeeded
2026-02-12 19:20:24,991 copyAuxStoreThinned                               WARNING AthContainers/src/copyAuxStoreThinned.cxx:138: unlocked decoration UEcorr_Pt (955) in object of type xAOD::ElectronAuxContainer_v3
2026-02-12 19:20:24,995 copyAuxStoreThinned                               WARNING AthContainers/src/copyAuxStoreThinned.cxx:138: unlocked decoration UEcorr_Pt (955) in object of type xAOD::MuonAuxContainer_v5
2026-02-12 19:20:25,014 AthMpEvtLoopMgr.SharedEvtQueueConsumer               INFO Received from the queue: event num=117 chunk size=1
2026-02-12 19:20:25,014 AthMpEvtLoopMgr.SharedEvtQueueConsumer               INFO Seek to 117 succeeded
2026-02-12 19:20:26,167 copyAuxStoreThinned                               WARNING AthContainers/src/copyAuxStoreThinned.cxx:138: unlocked decoration UEcorr_Pt (955) in object of type xAOD::ElectronAuxContainer_v3
2026-02-12 19:20:26,171 copyAuxStoreThinned                               WARNING AthContainers/src/copyAuxStoreThinned.cxx:138: unlocked decoration UEcorr_Pt (955) in object of type xAOD::MuonAuxContainer_v5
2026-02-12 19:20:26,189 AthMpEvtLoopMgr.SharedEvtQueueConsumer               INFO Received from the queue: event num=121 chunk size=1
2026-02-12 19:20:26,190 AthMpEvtLoopMgr.SharedEvtQueueConsumer               INFO Seek to 121 succeeded
2026-02-12 19:20:27,413 copyAuxStoreThinned                               WARNING AthContainers/src/copyAuxStoreThinned.cxx:138: unlocked decoration UEcorr_Pt (955) in object of type xAOD::ElectronAuxContainer_v3
2026-02-12 19:20:27,416 copyAuxStoreThinned                               WARNING AthContainers/src/copyAuxStoreThinned.cxx:138: unlocked decoration UEcorr_Pt (955) in object of type xAOD::MuonAuxContainer_v5
2026-02-12 19:20:27,434 AthMpEvtLoopMgr.SharedEvtQueueConsumer               INFO Received from the queue: event num=125 chunk size=1
2026-02-12 19:20:27,435 AthMpEvtLoopMgr.SharedEvtQueueConsumer               INFO Seek to 125 succeeded
2026-02-12 19:20:28,558 copyAuxStoreThinned                               WARNING AthContainers/src/copyAuxStoreThinned.cxx:138: unlocked decoration UEcorr_Pt (955) in object of type xAOD::ElectronAuxContainer_v3
2026-02-12 19:20:28,562 copyAuxStoreThinned                               WARNING AthContainers/src/copyAuxStoreThinned.cxx:138: unlocked decoration UEcorr_Pt (955) in object of type xAOD::MuonAuxContainer_v5
2026-02-12 19:20:28,580 AthMpEvtLoopMgr.SharedEvtQueueConsumer               INFO Received from the queue: event num=129 chunk size=1
2026-02-12 19:20:28,581 AthMpEvtLoopMgr.SharedEvtQueueConsumer               INFO Seek to 129 succeeded
2026-02-12 19:20:29,828 copyAuxStoreThinned                               WARNING AthContainers/src/copyAuxStoreThinned.cxx:138: unlocked decoration UEcorr_Pt (955) in object of type xAOD::ElectronAuxContainer_v3
2026-02-12 19:20:29,832 copyAuxStoreThinned                               WARNING AthContainers/src/copyAuxStoreThinned.cxx:138: unlocked decoration UEcorr_Pt (955) in object of type xAOD::MuonAuxContainer_v5
2026-02-12 19:20:29,852 AthMpEvtLoopMgr.SharedEvtQueueConsumer               INFO Received from the queue: event num=132 chunk size=1
2026-02-12 19:20:29,852 AthMpEvtLoopMgr.SharedEvtQueueConsumer               INFO Seek to 132 succeeded
2026-02-12 19:20:30,844 copyAuxStoreThinned                               WARNING AthContainers/src/copyAuxStoreThinned.cxx:138: unlocked decoration UEcorr_Pt (955) in object of type xAOD::ElectronAuxContainer_v3
2026-02-12 19:20:30,848 copyAuxStoreThinned                               WARNING AthContainers/src/copyAuxStoreThinned.cxx:138: unlocked decoration UEcorr_Pt (955) in object of type xAOD::MuonAuxContainer_v5
2026-02-12 19:20:30,867 AthMpEvtLoopMgr.SharedEvtQueueConsumer               INFO Received from the queue: event num=136 chunk size=1
2026-02-12 19:20:30,867 AthMpEvtLoopMgr.SharedEvtQueueConsumer               INFO Seek to 136 succeeded
2026-02-12 19:20:31,779 copyAuxStoreThinned                               WARNING AthContainers/src/copyAuxStoreThinned.cxx:138: unlocked decoration UEcorr_Pt (955) in object of type xAOD::ElectronAuxContainer_v3
2026-02-12 19:20:31,800 AthMpEvtLoopMgr.SharedEvtQueueConsumer               INFO Received from the queue: event num=140 chunk size=1
2026-02-12 19:20:31,801 AthMpEvtLoopMgr.SharedEvtQueueConsumer               INFO Seek to 140 succeeded
2026-02-12 19:20:32,611 copyAuxStoreThinned                               WARNING AthContainers/src/copyAuxStoreThinned.cxx:138: unlocked decoration UEcorr_Pt (955) in object of type xAOD::ElectronAuxContainer_v3
2026-02-12 19:20:32,614 copyAuxStoreThinned                               WARNING AthContainers/src/copyAuxStoreThinned.cxx:138: unlocked decoration UEcorr_Pt (955) in object of type xAOD::MuonAuxContainer_v5
2026-02-12 19:20:32,631 AthMpEvtLoopMgr.SharedEvtQueueConsumer               INFO Received from the queue: event num=144 chunk size=1
2026-02-12 19:20:32,631 AthMpEvtLoopMgr.SharedEvtQueueConsumer               INFO Seek to 144 succeeded
2026-02-12 19:20:33,378 copyAuxStoreThinned                               WARNING AthContainers/src/copyAuxStoreThinned.cxx:138: unlocked decoration UEcorr_Pt (955) in object of type xAOD::ElectronAuxContainer_v3
2026-02-12 19:20:33,382 copyAuxStoreThinned                               WARNING AthContainers/src/copyAuxStoreThinned.cxx:138: unlocked decoration UEcorr_Pt (955) in object of type xAOD::MuonAuxContainer_v5
2026-02-12 19:20:33,401 AthMpEvtLoopMgr.SharedEvtQueueConsumer               INFO Received from the queue: event num=145 chunk size=1
2026-02-12 19:20:33,402 AthMpEvtLoopMgr.SharedEvtQueueConsumer               INFO Seek to 145 succeeded
2026-02-12 19:20:34,602 copyAuxStoreThinned                               WARNING AthContainers/src/copyAuxStoreThinned.cxx:138: unlocked decoration UEcorr_Pt (955) in object of type xAOD::ElectronAuxContainer_v3
2026-02-12 19:20:34,606 copyAuxStoreThinned                               WARNING AthContainers/src/copyAuxStoreThinned.cxx:138: unlocked decoration UEcorr_Pt (955) in object of type xAOD::MuonAuxContainer_v5
2026-02-12 19:20:34,625 AthMpEvtLoopMgr.SharedEvtQueueConsumer               INFO Received from the queue: event num=150 chunk size=1
2026-02-12 19:20:34,625 AthMpEvtLoopMgr.SharedEvtQueueConsumer               INFO Seek to 150 succeeded
2026-02-12 19:20:36,011 copyAuxStoreThinned                               WARNING AthContainers/src/copyAuxStoreThinned.cxx:138: unlocked decoration UEcorr_Pt (955) in object of type xAOD::ElectronAuxContainer_v3
2026-02-12 19:20:36,014 copyAuxStoreThinned                               WARNING AthContainers/src/copyAuxStoreThinned.cxx:138: unlocked decoration UEcorr_Pt (955) in object of type xAOD::MuonAuxContainer_v5
2026-02-12 19:20:36,035 AthMpEvtLoopMgr.SharedEvtQueueConsumer               INFO Received from the queue: event num=154 chunk size=1
2026-02-12 19:20:36,035 AthMpEvtLoopMgr.SharedEvtQueueConsumer               INFO Seek to 154 succeeded
2026-02-12 19:20:36,857 copyAuxStoreThinned                               WARNING AthContainers/src/copyAuxStoreThinned.cxx:138: unlocked decoration UEcorr_Pt (955) in object of type xAOD::ElectronAuxContainer_v3
2026-02-12 19:20:36,860 copyAuxStoreThinned                               WARNING AthContainers/src/copyAuxStoreThinned.cxx:138: unlocked decoration UEcorr_Pt (955) in object of type xAOD::MuonAuxContainer_v5
2026-02-12 19:20:36,878 AthMpEvtLoopMgr.SharedEvtQueueConsumer               INFO Received from the queue: event num=157 chunk size=1
2026-02-12 19:20:36,878 AthMpEvtLoopMgr.SharedEvtQueueConsumer               INFO Seek to 157 succeeded
WARNING from FastJet: ClusterSequenceAreaBase::get_median_rho_and_sigma(...): the estimated empty area is suspiciously large and negative and may lead to an over-estimation of rho. This may be due to (i) a rare statistical fluctuation or (ii) too small a range used to estimate the background properties.
2026-02-12 19:20:37,746 copyAuxStoreThinned                               WARNING AthContainers/src/copyAuxStoreThinned.cxx:138: unlocked decoration UEcorr_Pt (955) in object of type xAOD::ElectronAuxContainer_v3
2026-02-12 19:20:37,749 copyAuxStoreThinned                               WARNING AthContainers/src/copyAuxStoreThinned.cxx:138: unlocked decoration UEcorr_Pt (955) in object of type xAOD::MuonAuxContainer_v5
2026-02-12 19:20:37,768 AthMpEvtLoopMgr.SharedEvtQueueConsumer               INFO Received from the queue: event num=160 chunk size=1
2026-02-12 19:20:37,768 AthMpEvtLoopMgr.SharedEvtQueueConsumer               INFO Seek to 160 succeeded
2026-02-12 19:20:37,883 PerfMonMTSvc                                         INFO Event [   42] CPU Time: 00h00m55s, Wall Time: 00h03m03s, Vmem: 5.97 GB, Rss: 4.69 GB, Pss: 2.66 GB, Swap: 0.00 KB
2026-02-12 19:20:38,770 copyAuxStoreThinned                               WARNING AthContainers/src/copyAuxStoreThinned.cxx:138: unlocked decoration UEcorr_Pt (955) in object of type xAOD::ElectronAuxContainer_v3
2026-02-12 19:20:38,774 copyAuxStoreThinned                               WARNING AthContainers/src/copyAuxStoreThinned.cxx:138: unlocked decoration UEcorr_Pt (955) in object of type xAOD::MuonAuxContainer_v5
2026-02-12 19:20:38,793 AthMpEvtLoopMgr.SharedEvtQueueConsumer               INFO Received from the queue: event num=163 chunk size=1
2026-02-12 19:20:38,793 AthMpEvtLoopMgr.SharedEvtQueueConsumer               INFO Seek to 163 succeeded
2026-02-12 19:20:39,784 copyAuxStoreThinned                               WARNING AthContainers/src/copyAuxStoreThinned.cxx:138: unlocked decoration UEcorr_Pt (955) in object of type xAOD::ElectronAuxContainer_v3
2026-02-12 19:20:39,788 copyAuxStoreThinned                               WARNING AthContainers/src/copyAuxStoreThinned.cxx:138: unlocked decoration UEcorr_Pt (955) in object of type xAOD::MuonAuxContainer_v5
2026-02-12 19:20:39,806 AthMpEvtLoopMgr.SharedEvtQueueConsumer               INFO Received from the queue: event num=167 chunk size=1
2026-02-12 19:20:39,807 AthMpEvtLoopMgr.SharedEvtQueueConsumer               INFO Seek to 167 succeeded
2026-02-12 19:20:41,250 copyAuxStoreThinned                               WARNING AthContainers/src/copyAuxStoreThinned.cxx:138: unlocked decoration UEcorr_Pt (955) in object of type xAOD::ElectronAuxContainer_v3
2026-02-12 19:20:41,254 copyAuxStoreThinned                               WARNING AthContainers/src/copyAuxStoreThinned.cxx:138: unlocked decoration UEcorr_Pt (955) in object of type xAOD::MuonAuxContainer_v5
2026-02-12 19:20:41,274 AthMpEvtLoopMgr.SharedEvtQueueConsumer               INFO Received from the queue: event num=170 chunk size=1
2026-02-12 19:20:41,274 AthMpEvtLoopMgr.SharedEvtQueueConsumer               INFO Seek to 170 succeeded
2026-02-12 19:20:42,395 copyAuxStoreThinned                               WARNING AthContainers/src/copyAuxStoreThinned.cxx:138: unlocked decoration UEcorr_Pt (955) in object of type xAOD::ElectronAuxContainer_v3
2026-02-12 19:20:42,399 copyAuxStoreThinned                               WARNING AthContainers/src/copyAuxStoreThinned.cxx:138: unlocked decoration UEcorr_Pt (955) in object of type xAOD::MuonAuxContainer_v5
2026-02-12 19:20:42,418 AthMpEvtLoopMgr.SharedEvtQueueConsumer               INFO Received from the queue: event num=174 chunk size=1
2026-02-12 19:20:42,418 AthMpEvtLoopMgr.SharedEvtQueueConsumer               INFO Seek to 174 succeeded
2026-02-12 19:20:43,351 copyAuxStoreThinned                               WARNING AthContainers/src/copyAuxStoreThinned.cxx:138: unlocked decoration UEcorr_Pt (955) in object of type xAOD::ElectronAuxContainer_v3
2026-02-12 19:20:43,355 copyAuxStoreThinned                               WARNING AthContainers/src/copyAuxStoreThinned.cxx:138: unlocked decoration UEcorr_Pt (955) in object of type xAOD::MuonAuxContainer_v5
2026-02-12 19:20:43,373 AthMpEvtLoopMgr.SharedEvtQueueConsumer               INFO Received from the queue: event num=178 chunk size=1
2026-02-12 19:20:43,373 AthMpEvtLoopMgr.SharedEvtQueueConsumer               INFO Seek to 178 succeeded
2026-02-12 19:20:44,869 copyAuxStoreThinned                               WARNING AthContainers/src/copyAuxStoreThinned.cxx:138: unlocked decoration UEcorr_Pt (955) in object of type xAOD::ElectronAuxContainer_v3
2026-02-12 19:20:44,873 copyAuxStoreThinned                               WARNING AthContainers/src/copyAuxStoreThinned.cxx:138: unlocked decoration UEcorr_Pt (955) in object of type xAOD::MuonAuxContainer_v5
2026-02-12 19:20:44,893 AthMpEvtLoopMgr.SharedEvtQueueConsumer               INFO Received from the queue: event num=182 chunk size=1
2026-02-12 19:20:44,893 AthMpEvtLoopMgr.SharedEvtQueueConsumer               INFO Seek to 182 succeeded
2026-02-12 19:20:46,102 copyAuxStoreThinned                               WARNING AthContainers/src/copyAuxStoreThinned.cxx:138: unlocked decoration UEcorr_Pt (955) in object of type xAOD::ElectronAuxContainer_v3
2026-02-12 19:20:46,123 AthMpEvtLoopMgr.SharedEvtQueueConsumer               INFO Received from the queue: event num=186 chunk size=1
2026-02-12 19:20:46,123 AthMpEvtLoopMgr.SharedEvtQueueConsumer               INFO Seek to 186 succeeded
2026-02-12 19:20:47,159 copyAuxStoreThinned                               WARNING AthContainers/src/copyAuxStoreThinned.cxx:138: unlocked decoration UEcorr_Pt (955) in object of type xAOD::ElectronAuxContainer_v3
2026-02-12 19:20:47,162 copyAuxStoreThinned                               WARNING AthContainers/src/copyAuxStoreThinned.cxx:138: unlocked decoration UEcorr_Pt (955) in object of type xAOD::MuonAuxContainer_v5
2026-02-12 19:20:47,182 AthMpEvtLoopMgr.SharedEvtQueueConsumer               INFO Received from the queue: event num=189 chunk size=1
2026-02-12 19:20:47,182 AthMpEvtLoopMgr.SharedEvtQueueConsumer               INFO Seek to 189 succeeded
2026-02-12 19:20:48,003 copyAuxStoreThinned                               WARNING AthContainers/src/copyAuxStoreThinned.cxx:138: unlocked decoration UEcorr_Pt (955) in object of type xAOD::ElectronAuxContainer_v3
2026-02-12 19:20:48,006 copyAuxStoreThinned                               WARNING AthContainers/src/copyAuxStoreThinned.cxx:138: unlocked decoration UEcorr_Pt (955) in object of type xAOD::MuonAuxContainer_v5
2026-02-12 19:20:48,025 AthMpEvtLoopMgr.SharedEvtQueueConsumer               INFO Received from the queue: event num=192 chunk size=1
2026-02-12 19:20:48,025 AthMpEvtLoopMgr.SharedEvtQueueConsumer               INFO Seek to 192 succeeded
2026-02-12 19:20:49,212 copyAuxStoreThinned                               WARNING AthContainers/src/copyAuxStoreThinned.cxx:138: unlocked decoration UEcorr_Pt (955) in object of type xAOD::ElectronAuxContainer_v3
2026-02-12 19:20:49,216 copyAuxStoreThinned                               WARNING AthContainers/src/copyAuxStoreThinned.cxx:138: unlocked decoration UEcorr_Pt (955) in object of type xAOD::MuonAuxContainer_v5
2026-02-12 19:20:49,236 AthMpEvtLoopMgr.SharedEvtQueueConsumer               INFO Received from the queue: event num=195 chunk size=1
2026-02-12 19:20:49,237 AthMpEvtLoopMgr.SharedEvtQueueConsumer               INFO Seek to 195 succeeded
2026-02-12 19:20:50,626 copyAuxStoreThinned                               WARNING AthContainers/src/copyAuxStoreThinned.cxx:138: unlocked decoration UEcorr_Pt (955) in object of type xAOD::ElectronAuxContainer_v3
2026-02-12 19:20:50,630 copyAuxStoreThinned                               WARNING AthContainers/src/copyAuxStoreThinned.cxx:138: unlocked decoration UEcorr_Pt (955) in object of type xAOD::MuonAuxContainer_v5
2026-02-12 19:20:50,650 AthMpEvtLoopMgr.SharedEvtQueueConsumer               INFO Received from the queue: event num=200 chunk size=1
2026-02-12 19:20:50,650 AthMpEvtLoopMgr.SharedEvtQueueConsumer               INFO Seek to 200 succeeded
2026-02-12 19:20:51,575 copyAuxStoreThinned                               WARNING AthContainers/src/copyAuxStoreThinned.cxx:138: unlocked decoration UEcorr_Pt (955) in object of type xAOD::ElectronAuxContainer_v3
2026-02-12 19:20:51,580 copyAuxStoreThinned                               WARNING AthContainers/src/copyAuxStoreThinned.cxx:138: unlocked decoration UEcorr_Pt (955) in object of type xAOD::MuonAuxContainer_v5
2026-02-12 19:20:51,599 AthMpEvtLoopMgr.SharedEvtQueueConsumer               INFO Received from the queue: event num=204 chunk size=1
2026-02-12 19:20:51,600 AthMpEvtLoopMgr.SharedEvtQueueConsumer               INFO Seek to 204 succeeded
2026-02-12 19:20:52,791 copyAuxStoreThinned                               WARNING AthContainers/src/copyAuxStoreThinned.cxx:138: unlocked decoration UEcorr_Pt (955) in object of type xAOD::ElectronAuxContainer_v3
2026-02-12 19:20:52,795 copyAuxStoreThinned                               WARNING AthContainers/src/copyAuxStoreThinned.cxx:138: unlocked decoration UEcorr_Pt (955) in object of type xAOD::MuonAuxContainer_v5
2026-02-12 19:20:52,816 AthMpEvtLoopMgr.SharedEvtQueueConsumer               INFO Received from the queue: event num=208 chunk size=1
2026-02-12 19:20:52,816 AthMpEvtLoopMgr.SharedEvtQueueConsumer               INFO Seek to 208 succeeded
2026-02-12 19:20:53,918 copyAuxStoreThinned                               WARNING AthContainers/src/copyAuxStoreThinned.cxx:138: unlocked decoration UEcorr_Pt (955) in object of type xAOD::ElectronAuxContainer_v3
2026-02-12 19:20:53,940 AthMpEvtLoopMgr.SharedEvtQueueConsumer               INFO Received from the queue: event num=212 chunk size=1
2026-02-12 19:20:53,940 AthMpEvtLoopMgr.SharedEvtQueueConsumer               INFO Seek to 212 succeeded
2026-02-12 19:20:55,006 copyAuxStoreThinned                               WARNING AthContainers/src/copyAuxStoreThinned.cxx:138: unlocked decoration UEcorr_Pt (955) in object of type xAOD::ElectronAuxContainer_v3
2026-02-12 19:20:55,009 copyAuxStoreThinned                               WARNING AthContainers/src/copyAuxStoreThinned.cxx:138: unlocked decoration UEcorr_Pt (955) in object of type xAOD::MuonAuxContainer_v5
2026-02-12 19:20:55,026 AthMpEvtLoopMgr.SharedEvtQueueConsumer               INFO Received from the queue: event num=216 chunk size=1
2026-02-12 19:20:55,026 AthMpEvtLoopMgr.SharedEvtQueueConsumer               INFO Seek to 216 succeeded
2026-02-12 19:20:56,356 copyAuxStoreThinned                               WARNING AthContainers/src/copyAuxStoreThinned.cxx:138: unlocked decoration UEcorr_Pt (955) in object of type xAOD::ElectronAuxContainer_v3
2026-02-12 19:20:56,360 copyAuxStoreThinned                               WARNING AthContainers/src/copyAuxStoreThinned.cxx:138: unlocked decoration UEcorr_Pt (955) in object of type xAOD::MuonAuxContainer_v5
2026-02-12 19:20:56,379 AthMpEvtLoopMgr.SharedEvtQueueConsumer               INFO Received from the queue: event num=219 chunk size=1
2026-02-12 19:20:56,379 AthMpEvtLoopMgr.SharedEvtQueueConsumer               INFO Seek to 219 succeeded
2026-02-12 19:20:57,755 copyAuxStoreThinned                               WARNING AthContainers/src/copyAuxStoreThinned.cxx:138: unlocked decoration UEcorr_Pt (955) in object of type xAOD::ElectronAuxContainer_v3
2026-02-12 19:20:57,759 copyAuxStoreThinned                               WARNING AthContainers/src/copyAuxStoreThinned.cxx:138: unlocked decoration UEcorr_Pt (955) in object of type xAOD::MuonAuxContainer_v5
2026-02-12 19:20:57,779 AthMpEvtLoopMgr.SharedEvtQueueConsumer               INFO Received from the queue: event num=223 chunk size=1
2026-02-12 19:20:57,779 AthMpEvtLoopMgr.SharedEvtQueueConsumer               INFO Seek to 223 succeeded
2026-02-12 19:20:58,985 copyAuxStoreThinned                               WARNING AthContainers/src/copyAuxStoreThinned.cxx:138: unlocked decoration UEcorr_Pt (955) in object of type xAOD::ElectronAuxContainer_v3
2026-02-12 19:20:58,989 copyAuxStoreThinned                               WARNING AthContainers/src/copyAuxStoreThinned.cxx:138: unlocked decoration UEcorr_Pt (955) in object of type xAOD::MuonAuxContainer_v5
2026-02-12 19:20:59,012 AthMpEvtLoopMgr.SharedEvtQueueConsumer               INFO Received from the queue: event num=227 chunk size=1
2026-02-12 19:20:59,012 AthMpEvtLoopMgr.SharedEvtQueueConsumer               INFO Seek to 227 succeeded
2026-02-12 19:21:00,172 copyAuxStoreThinned                               WARNING AthContainers/src/copyAuxStoreThinned.cxx:138: unlocked decoration UEcorr_Pt (955) in object of type xAOD::ElectronAuxContainer_v3
2026-02-12 19:21:00,176 copyAuxStoreThinned                               WARNING AthContainers/src/copyAuxStoreThinned.cxx:138: unlocked decoration UEcorr_Pt (955) in object of type xAOD::MuonAuxContainer_v5
2026-02-12 19:21:00,196 AthMpEvtLoopMgr.SharedEvtQueueConsumer               INFO Received from the queue: event num=231 chunk size=1
2026-02-12 19:21:00,196 AthMpEvtLoopMgr.SharedEvtQueueConsumer               INFO Seek to 231 succeeded
2026-02-12 19:21:01,469 copyAuxStoreThinned                               WARNING AthContainers/src/copyAuxStoreThinned.cxx:138: unlocked decoration UEcorr_Pt (955) in object of type xAOD::ElectronAuxContainer_v3
2026-02-12 19:21:01,473 copyAuxStoreThinned                               WARNING AthContainers/src/copyAuxStoreThinned.cxx:138: unlocked decoration UEcorr_Pt (955) in object of type xAOD::MuonAuxContainer_v5
2026-02-12 19:21:01,493 AthMpEvtLoopMgr.SharedEvtQueueConsumer               INFO Received from the queue: event num=235 chunk size=1
2026-02-12 19:21:01,493 AthMpEvtLoopMgr.SharedEvtQueueConsumer               INFO Seek to 235 succeeded
2026-02-12 19:21:02,834 copyAuxStoreThinned                               WARNING AthContainers/src/copyAuxStoreThinned.cxx:138: unlocked decoration UEcorr_Pt (955) in object of type xAOD::ElectronAuxContainer_v3
2026-02-12 19:21:02,837 copyAuxStoreThinned                               WARNING AthContainers/src/copyAuxStoreThinned.cxx:138: unlocked decoration UEcorr_Pt (955) in object of type xAOD::MuonAuxContainer_v5
2026-02-12 19:21:02,856 AthMpEvtLoopMgr.SharedEvtQueueConsumer               INFO Received from the queue: event num=239 chunk size=1
2026-02-12 19:21:02,856 AthMpEvtLoopMgr.SharedEvtQueueConsumer               INFO Seek to 239 succeeded
2026-02-12 19:21:04,655 copyAuxStoreThinned                               WARNING AthContainers/src/copyAuxStoreThinned.cxx:138: unlocked decoration UEcorr_Pt (955) in object of type xAOD::ElectronAuxContainer_v3
2026-02-12 19:21:04,659 copyAuxStoreThinned                               WARNING AthContainers/src/copyAuxStoreThinned.cxx:138: unlocked decoration UEcorr_Pt (955) in object of type xAOD::MuonAuxContainer_v5
2026-02-12 19:21:04,679 AthMpEvtLoopMgr.SharedEvtQueueConsumer               INFO Received from the queue: event num=244 chunk size=1
2026-02-12 19:21:04,679 AthMpEvtLoopMgr.SharedEvtQueueConsumer               INFO Seek to 244 succeeded
2026-02-12 19:21:05,665 copyAuxStoreThinned                               WARNING AthContainers/src/copyAuxStoreThinned.cxx:138: unlocked decoration UEcorr_Pt (955) in object of type xAOD::ElectronAuxContainer_v3
2026-02-12 19:21:05,669 copyAuxStoreThinned                               WARNING AthContainers/src/copyAuxStoreThinned.cxx:138: unlocked decoration UEcorr_Pt (955) in object of type xAOD::MuonAuxContainer_v5
2026-02-12 19:21:05,687 AthMpEvtLoopMgr.SharedEvtQueueConsumer               INFO Received from the queue: event num=247 chunk size=1
2026-02-12 19:21:05,687 AthMpEvtLoopMgr.SharedEvtQueueConsumer               INFO Seek to 247 succeeded
2026-02-12 19:21:10,635 copyAuxStoreThinned                               WARNING AthContainers/src/copyAuxStoreThinned.cxx:138: unlocked decoration UEcorr_Pt (955) in object of type xAOD::ElectronAuxContainer_v3
2026-02-12 19:21:10,638 copyAuxStoreThinned                               WARNING AthContainers/src/copyAuxStoreThinned.cxx:138: unlocked decoration UEcorr_Pt (955) in object of type xAOD::MuonAuxContainer_v5
2026-02-12 19:21:10,662 AthMpEvtLoopMgr.SharedEvtQueueConsumer               INFO Received from the queue: event num=260 chunk size=1
2026-02-12 19:21:10,662 AthMpEvtLoopMgr.SharedEvtQueueConsumer               INFO Seek to 260 succeeded
2026-02-12 19:21:10,779 PerfMonMTSvc                                         INFO Event [   66] CPU Time: 00h01m28s, Wall Time: 00h03m36s, Vmem: 5.98 GB, Rss: 4.70 GB, Pss: 2.67 GB, Swap: 0.00 KB
2026-02-12 19:21:12,099 copyAuxStoreThinned                               WARNING AthContainers/src/copyAuxStoreThinned.cxx:138: unlocked decoration UEcorr_Pt (955) in object of type xAOD::ElectronAuxContainer_v3
2026-02-12 19:21:12,103 copyAuxStoreThinned                               WARNING AthContainers/src/copyAuxStoreThinned.cxx:138: unlocked decoration UEcorr_Pt (955) in object of type xAOD::MuonAuxContainer_v5
2026-02-12 19:21:12,125 AthMpEvtLoopMgr.SharedEvtQueueConsumer               INFO Received from the queue: event num=264 chunk size=1
2026-02-12 19:21:12,126 AthMpEvtLoopMgr.SharedEvtQueueConsumer               INFO Seek to 264 succeeded
2026-02-12 19:21:13,190 copyAuxStoreThinned                               WARNING AthContainers/src/copyAuxStoreThinned.cxx:138: unlocked decoration UEcorr_Pt (955) in object of type xAOD::ElectronAuxContainer_v3
2026-02-12 19:21:13,193 copyAuxStoreThinned                               WARNING AthContainers/src/copyAuxStoreThinned.cxx:138: unlocked decoration UEcorr_Pt (955) in object of type xAOD::MuonAuxContainer_v5
2026-02-12 19:21:13,211 AthMpEvtLoopMgr.SharedEvtQueueConsumer               INFO Received from the queue: event num=268 chunk size=1
2026-02-12 19:21:13,212 AthMpEvtLoopMgr.SharedEvtQueueConsumer               INFO Seek to 268 succeeded
2026-02-12 19:21:14,829 ClassIDSvc                                           INFO getRegistryEntries: read 68 CLIDRegistry entries for module ALL
2026-02-12 19:21:14,837 copyAuxStoreThinned                               WARNING AthContainers/src/copyAuxStoreThinned.cxx:138: unlocked decoration UEcorr_Pt (955) in object of type xAOD::ElectronAuxContainer_v3
2026-02-12 19:21:14,841 copyAuxStoreThinned                               WARNING AthContainers/src/copyAuxStoreThinned.cxx:138: unlocked decoration UEcorr_Pt (955) in object of type xAOD::MuonAuxContainer_v5
2026-02-12 19:21:14,861 AthMpEvtLoopMgr.SharedEvtQueueConsumer               INFO Received from the queue: event num=272 chunk size=1
2026-02-12 19:21:14,861 AthMpEvtLoopMgr.SharedEvtQueueConsumer               INFO Seek to 272 succeeded
2026-02-12 19:21:15,989 copyAuxStoreThinned                               WARNING AthContainers/src/copyAuxStoreThinned.cxx:138: unlocked decoration UEcorr_Pt (955) in object of type xAOD::ElectronAuxContainer_v3
2026-02-12 19:21:15,993 copyAuxStoreThinned                               WARNING AthContainers/src/copyAuxStoreThinned.cxx:138: unlocked decoration UEcorr_Pt (955) in object of type xAOD::MuonAuxContainer_v5
2026-02-12 19:21:16,012 AthMpEvtLoopMgr.SharedEvtQueueConsumer               INFO Received from the queue: event num=275 chunk size=1
2026-02-12 19:21:16,012 AthMpEvtLoopMgr.SharedEvtQueueConsumer               INFO Seek to 275 succeeded
2026-02-12 19:21:17,314 copyAuxStoreThinned                               WARNING AthContainers/src/copyAuxStoreThinned.cxx:138: unlocked decoration UEcorr_Pt (955) in object of type xAOD::ElectronAuxContainer_v3
2026-02-12 19:21:17,318 copyAuxStoreThinned                               WARNING AthContainers/src/copyAuxStoreThinned.cxx:138: unlocked decoration UEcorr_Pt (955) in object of type xAOD::MuonAuxContainer_v5
2026-02-12 19:21:17,340 AthMpEvtLoopMgr.SharedEvtQueueConsumer               INFO Received from the queue: event num=279 chunk size=1
2026-02-12 19:21:17,340 AthMpEvtLoopMgr.SharedEvtQueueConsumer               INFO Seek to 279 succeeded
2026-02-12 19:21:19,003 copyAuxStoreThinned                               WARNING AthContainers/src/copyAuxStoreThinned.cxx:138: unlocked decoration UEcorr_Pt (955) in object of type xAOD::ElectronAuxContainer_v3
2026-02-12 19:21:19,013 copyAuxStoreThinned                               WARNING AthContainers/src/copyAuxStoreThinned.cxx:138: unlocked decoration UEcorr_Pt (955) in object of type xAOD::MuonAuxContainer_v5
2026-02-12 19:21:19,037 AthMpEvtLoopMgr.SharedEvtQueueConsumer               INFO Received from the queue: event num=283 chunk size=1
2026-02-12 19:21:19,037 AthMpEvtLoopMgr.SharedEvtQueueConsumer               INFO Seek to 283 succeeded
2026-02-12 19:21:20,178 copyAuxStoreThinned                               WARNING AthContainers/src/copyAuxStoreThinned.cxx:138: unlocked decoration UEcorr_Pt (955) in object of type xAOD::ElectronAuxContainer_v3
2026-02-12 19:21:20,181 copyAuxStoreThinned                               WARNING AthContainers/src/copyAuxStoreThinned.cxx:138: unlocked decoration UEcorr_Pt (955) in object of type xAOD::MuonAuxContainer_v5
2026-02-12 19:21:20,200 AthMpEvtLoopMgr.SharedEvtQueueConsumer               INFO Received from the queue: event num=287 chunk size=1
2026-02-12 19:21:20,200 AthMpEvtLoopMgr.SharedEvtQueueConsumer               INFO Seek to 287 succeeded
2026-02-12 19:21:21,533 copyAuxStoreThinned                               WARNING AthContainers/src/copyAuxStoreThinned.cxx:138: unlocked decoration UEcorr_Pt (955) in object of type xAOD::ElectronAuxContainer_v3
2026-02-12 19:21:21,537 copyAuxStoreThinned                               WARNING AthContainers/src/copyAuxStoreThinned.cxx:138: unlocked decoration UEcorr_Pt (955) in object of type xAOD::MuonAuxContainer_v5
2026-02-12 19:21:21,556 AthMpEvtLoopMgr.SharedEvtQueueConsumer               INFO Received from the queue: event num=293 chunk size=1
2026-02-12 19:21:21,556 AthMpEvtLoopMgr.SharedEvtQueueConsumer               INFO Seek to 293 succeeded
2026-02-12 19:21:23,044 copyAuxStoreThinned                               WARNING AthContainers/src/copyAuxStoreThinned.cxx:138: unlocked decoration UEcorr_Pt (955) in object of type xAOD::ElectronAuxContainer_v3
2026-02-12 19:21:23,048 copyAuxStoreThinned                               WARNING AthContainers/src/copyAuxStoreThinned.cxx:138: unlocked decoration UEcorr_Pt (955) in object of type xAOD::MuonAuxContainer_v5
2026-02-12 19:21:23,068 AthMpEvtLoopMgr.SharedEvtQueueConsumer               INFO Received from the queue: event num=297 chunk size=1
2026-02-12 19:21:23,069 AthMpEvtLoopMgr.SharedEvtQueueConsumer               INFO Seek to 297 succeeded
2026-02-12 19:21:24,232 copyAuxStoreThinned                               WARNING AthContainers/src/copyAuxStoreThinned.cxx:138: unlocked decoration UEcorr_Pt (955) in object of type xAOD::ElectronAuxContainer_v3
2026-02-12 19:21:24,252 AthMpEvtLoopMgr.SharedEvtQueueConsumer               INFO Received from the queue: event num=301 chunk size=1
2026-02-12 19:21:24,253 AthMpEvtLoopMgr.SharedEvtQueueConsumer               INFO Seek to 301 succeeded
2026-02-12 19:21:25,136 copyAuxStoreThinned                               WARNING AthContainers/src/copyAuxStoreThinned.cxx:138: unlocked decoration UEcorr_Pt (955) in object of type xAOD::ElectronAuxContainer_v3
2026-02-12 19:21:25,140 copyAuxStoreThinned                               WARNING AthContainers/src/copyAuxStoreThinned.cxx:138: unlocked decoration UEcorr_Pt (955) in object of type xAOD::MuonAuxContainer_v5
2026-02-12 19:21:25,159 AthMpEvtLoopMgr.SharedEvtQueueConsumer               INFO Received from the queue: event num=303 chunk size=1
2026-02-12 19:21:25,160 AthMpEvtLoopMgr.SharedEvtQueueConsumer               INFO Seek to 303 succeeded
2026-02-12 19:21:26,446 copyAuxStoreThinned                               WARNING AthContainers/src/copyAuxStoreThinned.cxx:138: unlocked decoration UEcorr_Pt (955) in object of type xAOD::ElectronAuxContainer_v3
2026-02-12 19:21:26,450 copyAuxStoreThinned                               WARNING AthContainers/src/copyAuxStoreThinned.cxx:138: unlocked decoration UEcorr_Pt (955) in object of type xAOD::MuonAuxContainer_v5
2026-02-12 19:21:26,469 AthMpEvtLoopMgr.SharedEvtQueueConsumer               INFO Received from the queue: event num=307 chunk size=1
2026-02-12 19:21:26,469 AthMpEvtLoopMgr.SharedEvtQueueConsumer               INFO Seek to 307 succeeded
2026-02-12 19:21:27,552 copyAuxStoreThinned                               WARNING AthContainers/src/copyAuxStoreThinned.cxx:138: unlocked decoration UEcorr_Pt (955) in object of type xAOD::ElectronAuxContainer_v3
2026-02-12 19:21:27,556 copyAuxStoreThinned                               WARNING AthContainers/src/copyAuxStoreThinned.cxx:138: unlocked decoration UEcorr_Pt (955) in object of type xAOD::MuonAuxContainer_v5
2026-02-12 19:21:27,574 AthMpEvtLoopMgr.SharedEvtQueueConsumer               INFO Received from the queue: event num=311 chunk size=1
2026-02-12 19:21:27,574 AthMpEvtLoopMgr.SharedEvtQueueConsumer               INFO Seek to 311 succeeded
2026-02-12 19:21:28,511 copyAuxStoreThinned                               WARNING AthContainers/src/copyAuxStoreThinned.cxx:138: unlocked decoration UEcorr_Pt (955) in object of type xAOD::ElectronAuxContainer_v3
2026-02-12 19:21:28,515 copyAuxStoreThinned                               WARNING AthContainers/src/copyAuxStoreThinned.cxx:138: unlocked decoration UEcorr_Pt (955) in object of type xAOD::MuonAuxContainer_v5
2026-02-12 19:21:28,533 AthMpEvtLoopMgr.SharedEvtQueueConsumer               INFO Received from the queue: event num=314 chunk size=1
2026-02-12 19:21:28,533 AthMpEvtLoopMgr.SharedEvtQueueConsumer               INFO Seek to 314 succeeded
2026-02-12 19:21:29,467 copyAuxStoreThinned                               WARNING AthContainers/src/copyAuxStoreThinned.cxx:138: unlocked decoration UEcorr_Pt (955) in object of type xAOD::ElectronAuxContainer_v3
2026-02-12 19:21:29,470 copyAuxStoreThinned                               WARNING AthContainers/src/copyAuxStoreThinned.cxx:138: unlocked decoration UEcorr_Pt (955) in object of type xAOD::MuonAuxContainer_v5
2026-02-12 19:21:29,489 AthMpEvtLoopMgr.SharedEvtQueueConsumer               INFO Received from the queue: event num=317 chunk size=1
2026-02-12 19:21:29,489 AthMpEvtLoopMgr.SharedEvtQueueConsumer               INFO Seek to 317 succeeded
2026-02-12 19:21:30,551 copyAuxStoreThinned                               WARNING AthContainers/src/copyAuxStoreThinned.cxx:138: unlocked decoration UEcorr_Pt (955) in object of type xAOD::ElectronAuxContainer_v3
2026-02-12 19:21:30,555 copyAuxStoreThinned                               WARNING AthContainers/src/copyAuxStoreThinned.cxx:138: unlocked decoration UEcorr_Pt (955) in object of type xAOD::MuonAuxContainer_v5
2026-02-12 19:21:30,574 AthMpEvtLoopMgr.SharedEvtQueueConsumer               INFO Received from the queue: event num=320 chunk size=1
2026-02-12 19:21:30,574 AthMpEvtLoopMgr.SharedEvtQueueConsumer               INFO Seek to 320 succeeded
2026-02-12 19:21:31,540 copyAuxStoreThinned                               WARNING AthContainers/src/copyAuxStoreThinned.cxx:138: unlocked decoration UEcorr_Pt (955) in object of type xAOD::ElectronAuxContainer_v3
2026-02-12 19:21:31,544 copyAuxStoreThinned                               WARNING AthContainers/src/copyAuxStoreThinned.cxx:138: unlocked decoration UEcorr_Pt (955) in object of type xAOD::MuonAuxContainer_v5
2026-02-12 19:21:31,562 AthMpEvtLoopMgr.SharedEvtQueueConsumer               INFO Received from the queue: event num=324 chunk size=1
2026-02-12 19:21:31,562 AthMpEvtLoopMgr.SharedEvtQueueConsumer               INFO Seek to 324 succeeded
2026-02-12 19:21:32,812 copyAuxStoreThinned                               WARNING AthContainers/src/copyAuxStoreThinned.cxx:138: unlocked decoration UEcorr_Pt (955) in object of type xAOD::ElectronAuxContainer_v3
2026-02-12 19:21:32,832 AthMpEvtLoopMgr.SharedEvtQueueConsumer               INFO Received from the queue: event num=328 chunk size=1
2026-02-12 19:21:32,832 AthMpEvtLoopMgr.SharedEvtQueueConsumer               INFO Seek to 328 succeeded
2026-02-12 19:21:34,174 copyAuxStoreThinned                               WARNING AthContainers/src/copyAuxStoreThinned.cxx:138: unlocked decoration UEcorr_Pt (955) in object of type xAOD::ElectronAuxContainer_v3
2026-02-12 19:21:34,177 copyAuxStoreThinned                               WARNING AthContainers/src/copyAuxStoreThinned.cxx:138: unlocked decoration UEcorr_Pt (955) in object of type xAOD::MuonAuxContainer_v5
2026-02-12 19:21:34,197 AthMpEvtLoopMgr.SharedEvtQueueConsumer               INFO Received from the queue: event num=332 chunk size=1
2026-02-12 19:21:34,198 AthMpEvtLoopMgr.SharedEvtQueueConsumer               INFO Seek to 332 succeeded
2026-02-12 19:21:35,553 copyAuxStoreThinned                               WARNING AthContainers/src/copyAuxStoreThinned.cxx:138: unlocked decoration UEcorr_Pt (955) in object of type xAOD::ElectronAuxContainer_v3
2026-02-12 19:21:35,557 copyAuxStoreThinned                               WARNING AthContainers/src/copyAuxStoreThinned.cxx:138: unlocked decoration UEcorr_Pt (955) in object of type xAOD::MuonAuxContainer_v5
2026-02-12 19:21:35,576 AthMpEvtLoopMgr.SharedEvtQueueConsumer               INFO Received from the queue: event num=336 chunk size=1
2026-02-12 19:21:35,576 AthMpEvtLoopMgr.SharedEvtQueueConsumer               INFO Seek to 336 succeeded
2026-02-12 19:21:37,040 copyAuxStoreThinned                               WARNING AthContainers/src/copyAuxStoreThinned.cxx:138: unlocked decoration UEcorr_Pt (955) in object of type xAOD::ElectronAuxContainer_v3
2026-02-12 19:21:37,044 copyAuxStoreThinned                               WARNING AthContainers/src/copyAuxStoreThinned.cxx:138: unlocked decoration UEcorr_Pt (955) in object of type xAOD::MuonAuxContainer_v5
2026-02-12 19:21:37,063 AthMpEvtLoopMgr.SharedEvtQueueConsumer               INFO Received from the queue: event num=340 chunk size=1
2026-02-12 19:21:37,063 AthMpEvtLoopMgr.SharedEvtQueueConsumer               INFO Seek to 340 succeeded
2026-02-12 19:21:38,232 copyAuxStoreThinned                               WARNING AthContainers/src/copyAuxStoreThinned.cxx:138: unlocked decoration UEcorr_Pt (955) in object of type xAOD::ElectronAuxContainer_v3
2026-02-12 19:21:38,236 copyAuxStoreThinned                               WARNING AthContainers/src/copyAuxStoreThinned.cxx:138: unlocked decoration UEcorr_Pt (955) in object of type xAOD::MuonAuxContainer_v5
2026-02-12 19:21:38,255 AthMpEvtLoopMgr.SharedEvtQueueConsumer               INFO Received from the queue: event num=343 chunk size=1
2026-02-12 19:21:38,255 AthMpEvtLoopMgr.SharedEvtQueueConsumer               INFO Seek to 343 succeeded
2026-02-12 19:21:39,582 copyAuxStoreThinned                               WARNING AthContainers/src/copyAuxStoreThinned.cxx:138: unlocked decoration UEcorr_Pt (955) in object of type xAOD::ElectronAuxContainer_v3
2026-02-12 19:21:39,586 copyAuxStoreThinned                               WARNING AthContainers/src/copyAuxStoreThinned.cxx:138: unlocked decoration UEcorr_Pt (955) in object of type xAOD::MuonAuxContainer_v5
2026-02-12 19:21:39,606 AthMpEvtLoopMgr.SharedEvtQueueConsumer               INFO Received from the queue: event num=347 chunk size=1
2026-02-12 19:21:39,606 AthMpEvtLoopMgr.SharedEvtQueueConsumer               INFO Seek to 347 succeeded
2026-02-12 19:21:40,625 copyAuxStoreThinned                               WARNING AthContainers/src/copyAuxStoreThinned.cxx:138: unlocked decoration UEcorr_Pt (955) in object of type xAOD::ElectronAuxContainer_v3
2026-02-12 19:21:40,647 AthMpEvtLoopMgr.SharedEvtQueueConsumer               INFO Received from the queue: event num=350 chunk size=1
2026-02-12 19:21:40,648 AthMpEvtLoopMgr.SharedEvtQueueConsumer               INFO Seek to 350 succeeded
2026-02-12 19:21:41,684 copyAuxStoreThinned                               WARNING AthContainers/src/copyAuxStoreThinned.cxx:138: unlocked decoration UEcorr_Pt (955) in object of type xAOD::ElectronAuxContainer_v3
2026-02-12 19:21:41,687 copyAuxStoreThinned                               WARNING AthContainers/src/copyAuxStoreThinned.cxx:138: unlocked decoration UEcorr_Pt (955) in object of type xAOD::MuonAuxContainer_v5
2026-02-12 19:21:41,707 AthMpEvtLoopMgr.SharedEvtQueueConsumer               INFO Received from the queue: event num=354 chunk size=1
2026-02-12 19:21:41,707 AthMpEvtLoopMgr.SharedEvtQueueConsumer               INFO Seek to 354 succeeded
2026-02-12 19:21:41,822 PerfMonMTSvc                                         INFO Event [   91] CPU Time: 00h01m59s, Wall Time: 00h04m07s, Vmem: 6.12 GB, Rss: 4.83 GB, Pss: 2.80 GB, Swap: 0.00 KB
2026-02-12 19:21:43,171 copyAuxStoreThinned                               WARNING AthContainers/src/copyAuxStoreThinned.cxx:138: unlocked decoration UEcorr_Pt (955) in object of type xAOD::ElectronAuxContainer_v3
2026-02-12 19:21:43,175 copyAuxStoreThinned                               WARNING AthContainers/src/copyAuxStoreThinned.cxx:138: unlocked decoration UEcorr_Pt (955) in object of type xAOD::MuonAuxContainer_v5
2026-02-12 19:21:43,195 AthMpEvtLoopMgr.SharedEvtQueueConsumer               INFO Received from the queue: event num=359 chunk size=1
2026-02-12 19:21:43,195 AthMpEvtLoopMgr.SharedEvtQueueConsumer               INFO Seek to 359 succeeded
2026-02-12 19:21:44,695 copyAuxStoreThinned                               WARNING AthContainers/src/copyAuxStoreThinned.cxx:138: unlocked decoration UEcorr_Pt (955) in object of type xAOD::ElectronAuxContainer_v3
2026-02-12 19:21:44,700 copyAuxStoreThinned                               WARNING AthContainers/src/copyAuxStoreThinned.cxx:138: unlocked decoration UEcorr_Pt (955) in object of type xAOD::MuonAuxContainer_v5
2026-02-12 19:21:44,719 AthMpEvtLoopMgr.SharedEvtQueueConsumer               INFO Received from the queue: event num=363 chunk size=1
2026-02-12 19:21:44,720 AthMpEvtLoopMgr.SharedEvtQueueConsumer               INFO Seek to 363 succeeded
2026-02-12 19:21:45,904 copyAuxStoreThinned                               WARNING AthContainers/src/copyAuxStoreThinned.cxx:138: unlocked decoration UEcorr_Pt (955) in object of type xAOD::ElectronAuxContainer_v3
2026-02-12 19:21:45,908 copyAuxStoreThinned                               WARNING AthContainers/src/copyAuxStoreThinned.cxx:138: unlocked decoration UEcorr_Pt (955) in object of type xAOD::MuonAuxContainer_v5
2026-02-12 19:21:45,928 AthMpEvtLoopMgr.SharedEvtQueueConsumer               INFO Received from the queue: event num=367 chunk size=1
2026-02-12 19:21:45,928 AthMpEvtLoopMgr.SharedEvtQueueConsumer               INFO Seek to 367 succeeded
2026-02-12 19:21:46,941 copyAuxStoreThinned                               WARNING AthContainers/src/copyAuxStoreThinned.cxx:138: unlocked decoration UEcorr_Pt (955) in object of type xAOD::ElectronAuxContainer_v3
2026-02-12 19:21:46,962 AthMpEvtLoopMgr.SharedEvtQueueConsumer               INFO Received from the queue: event num=370 chunk size=1
2026-02-12 19:21:46,963 AthMpEvtLoopMgr.SharedEvtQueueConsumer               INFO Seek to 370 succeeded
2026-02-12 19:21:48,322 copyAuxStoreThinned                               WARNING AthContainers/src/copyAuxStoreThinned.cxx:138: unlocked decoration UEcorr_Pt (955) in object of type xAOD::ElectronAuxContainer_v3
2026-02-12 19:21:48,326 copyAuxStoreThinned                               WARNING AthContainers/src/copyAuxStoreThinned.cxx:138: unlocked decoration UEcorr_Pt (955) in object of type xAOD::MuonAuxContainer_v5
2026-02-12 19:21:48,346 AthMpEvtLoopMgr.SharedEvtQueueConsumer               INFO Received from the queue: event num=373 chunk size=1
2026-02-12 19:21:48,346 AthMpEvtLoopMgr.SharedEvtQueueConsumer               INFO Seek to 373 succeeded
2026-02-12 19:21:49,676 copyAuxStoreThinned                               WARNING AthContainers/src/copyAuxStoreThinned.cxx:138: unlocked decoration UEcorr_Pt (955) in object of type xAOD::ElectronAuxContainer_v3
2026-02-12 19:21:49,680 copyAuxStoreThinned                               WARNING AthContainers/src/copyAuxStoreThinned.cxx:138: unlocked decoration UEcorr_Pt (955) in object of type xAOD::MuonAuxContainer_v5
2026-02-12 19:21:49,699 AthMpEvtLoopMgr.SharedEvtQueueConsumer               INFO Received from the queue: event num=378 chunk size=1
2026-02-12 19:21:49,700 AthMpEvtLoopMgr.SharedEvtQueueConsumer               INFO Seek to 378 succeeded
2026-02-12 19:21:50,846 copyAuxStoreThinned                               WARNING AthContainers/src/copyAuxStoreThinned.cxx:138: unlocked decoration UEcorr_Pt (955) in object of type xAOD::ElectronAuxContainer_v3
2026-02-12 19:21:50,850 copyAuxStoreThinned                               WARNING AthContainers/src/copyAuxStoreThinned.cxx:138: unlocked decoration UEcorr_Pt (955) in object of type xAOD::MuonAuxContainer_v5
2026-02-12 19:21:50,868 AthMpEvtLoopMgr.SharedEvtQueueConsumer               INFO Received from the queue: event num=381 chunk size=1
2026-02-12 19:21:50,869 AthMpEvtLoopMgr.SharedEvtQueueConsumer               INFO Seek to 381 succeeded
2026-02-12 19:21:52,391 copyAuxStoreThinned                               WARNING AthContainers/src/copyAuxStoreThinned.cxx:138: unlocked decoration UEcorr_Pt (955) in object of type xAOD::ElectronAuxContainer_v3
2026-02-12 19:21:52,414 AthMpEvtLoopMgr.SharedEvtQueueConsumer               INFO Received from the queue: event num=386 chunk size=1
2026-02-12 19:21:52,415 AthMpEvtLoopMgr.SharedEvtQueueConsumer               INFO Seek to 386 succeeded
2026-02-12 19:21:53,818 copyAuxStoreThinned                               WARNING AthContainers/src/copyAuxStoreThinned.cxx:138: unlocked decoration UEcorr_Pt (955) in object of type xAOD::ElectronAuxContainer_v3
2026-02-12 19:21:53,821 copyAuxStoreThinned                               WARNING AthContainers/src/copyAuxStoreThinned.cxx:138: unlocked decoration UEcorr_Pt (955) in object of type xAOD::MuonAuxContainer_v5
2026-02-12 19:21:53,843 AthMpEvtLoopMgr.SharedEvtQueueConsumer               INFO Received from the queue: event num=391 chunk size=1
2026-02-12 19:21:53,843 AthMpEvtLoopMgr.SharedEvtQueueConsumer               INFO Seek to 391 succeeded
2026-02-12 19:21:55,381 copyAuxStoreThinned                               WARNING AthContainers/src/copyAuxStoreThinned.cxx:138: unlocked decoration UEcorr_Pt (955) in object of type xAOD::ElectronAuxContainer_v3
2026-02-12 19:21:55,385 copyAuxStoreThinned                               WARNING AthContainers/src/copyAuxStoreThinned.cxx:138: unlocked decoration UEcorr_Pt (955) in object of type xAOD::MuonAuxContainer_v5
2026-02-12 19:21:55,404 AthMpEvtLoopMgr.SharedEvtQueueConsumer               INFO Received from the queue: event num=394 chunk size=1
2026-02-12 19:21:55,404 AthMpEvtLoopMgr.SharedEvtQueueConsumer               INFO Seek to 394 succeeded
2026-02-12 19:21:55,405 AthenaEventLoopMgr                                   INFO   ===>>>  start processing event #334732405, run #450000 100 events processed so far  <<<===
2026-02-12 19:21:56,458 copyAuxStoreThinned                               WARNING AthContainers/src/copyAuxStoreThinned.cxx:138: unlocked decoration UEcorr_Pt (955) in object of type xAOD::ElectronAuxContainer_v3
2026-02-12 19:21:56,462 copyAuxStoreThinned                               WARNING AthContainers/src/copyAuxStoreThinned.cxx:138: unlocked decoration UEcorr_Pt (955) in object of type xAOD::MuonAuxContainer_v5
2026-02-12 19:21:56,477 AthenaEventLoopMgr                                   INFO   ===>>>  done processing event #334732405, run #450000 101 events processed so far  <<<===
2026-02-12 19:21:56,497 AthMpEvtLoopMgr.SharedEvtQueueConsumer               INFO Received from the queue: event num=398 chunk size=1
2026-02-12 19:21:56,497 AthMpEvtLoopMgr.SharedEvtQueueConsumer               INFO Seek to 398 succeeded
2026-02-12 19:21:57,805 copyAuxStoreThinned                               WARNING AthContainers/src/copyAuxStoreThinned.cxx:138: unlocked decoration UEcorr_Pt (955) in object of type xAOD::ElectronAuxContainer_v3
2026-02-12 19:21:57,826 AthMpEvtLoopMgr.SharedEvtQueueConsumer               INFO Received from the queue: event num=402 chunk size=1
2026-02-12 19:21:57,826 AthMpEvtLoopMgr.SharedEvtQueueConsumer               INFO Seek to 402 succeeded
2026-02-12 19:21:58,712 copyAuxStoreThinned                               WARNING AthContainers/src/copyAuxStoreThinned.cxx:138: unlocked decoration UEcorr_Pt (955) in object of type xAOD::ElectronAuxContainer_v3
2026-02-12 19:21:58,716 copyAuxStoreThinned                               WARNING AthContainers/src/copyAuxStoreThinned.cxx:138: unlocked decoration UEcorr_Pt (955) in object of type xAOD::MuonAuxContainer_v5
2026-02-12 19:21:58,735 AthMpEvtLoopMgr.SharedEvtQueueConsumer               INFO Received from the queue: event num=403 chunk size=1
2026-02-12 19:21:58,735 AthMpEvtLoopMgr.SharedEvtQueueConsumer               INFO Seek to 403 succeeded
2026-02-12 19:22:00,663 copyAuxStoreThinned                               WARNING AthContainers/src/copyAuxStoreThinned.cxx:138: unlocked decoration UEcorr_Pt (955) in object of type xAOD::ElectronAuxContainer_v3
2026-02-12 19:22:00,666 copyAuxStoreThinned                               WARNING AthContainers/src/copyAuxStoreThinned.cxx:138: unlocked decoration UEcorr_Pt (955) in object of type xAOD::MuonAuxContainer_v5
2026-02-12 19:22:00,684 AthMpEvtLoopMgr.SharedEvtQueueConsumer               INFO Received from the queue: event num=409 chunk size=1
2026-02-12 19:22:00,684 AthMpEvtLoopMgr.SharedEvtQueueConsumer               INFO Seek to 409 succeeded
2026-02-12 19:22:01,574 copyAuxStoreThinned                               WARNING AthContainers/src/copyAuxStoreThinned.cxx:138: unlocked decoration UEcorr_Pt (955) in object of type xAOD::ElectronAuxContainer_v3
2026-02-12 19:22:01,577 copyAuxStoreThinned                               WARNING AthContainers/src/copyAuxStoreThinned.cxx:138: unlocked decoration UEcorr_Pt (955) in object of type xAOD::MuonAuxContainer_v5
2026-02-12 19:22:01,596 AthMpEvtLoopMgr.SharedEvtQueueConsumer               INFO Received from the queue: event num=411 chunk size=1
2026-02-12 19:22:01,596 AthMpEvtLoopMgr.SharedEvtQueueConsumer               INFO Seek to 411 succeeded
2026-02-12 19:22:02,911 copyAuxStoreThinned                               WARNING AthContainers/src/copyAuxStoreThinned.cxx:138: unlocked decoration UEcorr_Pt (955) in object of type xAOD::ElectronAuxContainer_v3
2026-02-12 19:22:02,915 copyAuxStoreThinned                               WARNING AthContainers/src/copyAuxStoreThinned.cxx:138: unlocked decoration UEcorr_Pt (955) in object of type xAOD::MuonAuxContainer_v5
2026-02-12 19:22:02,934 AthMpEvtLoopMgr.SharedEvtQueueConsumer               INFO Received from the queue: event num=414 chunk size=1
2026-02-12 19:22:02,934 AthMpEvtLoopMgr.SharedEvtQueueConsumer               INFO Seek to 414 succeeded
2026-02-12 19:22:03,914 copyAuxStoreThinned                               WARNING AthContainers/src/copyAuxStoreThinned.cxx:138: unlocked decoration UEcorr_Pt (955) in object of type xAOD::ElectronAuxContainer_v3
2026-02-12 19:22:03,918 copyAuxStoreThinned                               WARNING AthContainers/src/copyAuxStoreThinned.cxx:138: unlocked decoration UEcorr_Pt (955) in object of type xAOD::MuonAuxContainer_v5
2026-02-12 19:22:03,935 AthMpEvtLoopMgr.SharedEvtQueueConsumer               INFO Received from the queue: event num=418 chunk size=1
2026-02-12 19:22:03,935 AthMpEvtLoopMgr.SharedEvtQueueConsumer               INFO Seek to 418 succeeded
2026-02-12 19:22:05,122 copyAuxStoreThinned                               WARNING AthContainers/src/copyAuxStoreThinned.cxx:138: unlocked decoration UEcorr_Pt (955) in object of type xAOD::ElectronAuxContainer_v3
2026-02-12 19:22:05,126 copyAuxStoreThinned                               WARNING AthContainers/src/copyAuxStoreThinned.cxx:138: unlocked decoration UEcorr_Pt (955) in object of type xAOD::MuonAuxContainer_v5
2026-02-12 19:22:05,146 AthMpEvtLoopMgr.SharedEvtQueueConsumer               INFO Received from the queue: event num=421 chunk size=1
2026-02-12 19:22:05,146 AthMpEvtLoopMgr.SharedEvtQueueConsumer               INFO Seek to 421 succeeded
2026-02-12 19:22:06,310 copyAuxStoreThinned                               WARNING AthContainers/src/copyAuxStoreThinned.cxx:138: unlocked decoration UEcorr_Pt (955) in object of type xAOD::ElectronAuxContainer_v3
2026-02-12 19:22:06,314 copyAuxStoreThinned                               WARNING AthContainers/src/copyAuxStoreThinned.cxx:138: unlocked decoration UEcorr_Pt (955) in object of type xAOD::MuonAuxContainer_v5
2026-02-12 19:22:06,332 AthMpEvtLoopMgr.SharedEvtQueueConsumer               INFO Received from the queue: event num=425 chunk size=1
2026-02-12 19:22:06,333 AthMpEvtLoopMgr.SharedEvtQueueConsumer               INFO Seek to 425 succeeded
2026-02-12 19:22:07,323 copyAuxStoreThinned                               WARNING AthContainers/src/copyAuxStoreThinned.cxx:138: unlocked decoration UEcorr_Pt (955) in object of type xAOD::ElectronAuxContainer_v3
2026-02-12 19:22:07,327 copyAuxStoreThinned                               WARNING AthContainers/src/copyAuxStoreThinned.cxx:138: unlocked decoration UEcorr_Pt (955) in object of type xAOD::MuonAuxContainer_v5
2026-02-12 19:22:07,346 AthMpEvtLoopMgr.SharedEvtQueueConsumer               INFO Received from the queue: event num=429 chunk size=1
2026-02-12 19:22:07,346 AthMpEvtLoopMgr.SharedEvtQueueConsumer               INFO Seek to 429 succeeded
2026-02-12 19:22:08,644 copyAuxStoreThinned                               WARNING AthContainers/src/copyAuxStoreThinned.cxx:138: unlocked decoration UEcorr_Pt (955) in object of type xAOD::ElectronAuxContainer_v3
2026-02-12 19:22:08,648 copyAuxStoreThinned                               WARNING AthContainers/src/copyAuxStoreThinned.cxx:138: unlocked decoration UEcorr_Pt (955) in object of type xAOD::MuonAuxContainer_v5
2026-02-12 19:22:08,667 AthMpEvtLoopMgr.SharedEvtQueueConsumer               INFO Received from the queue: event num=432 chunk size=1
2026-02-12 19:22:08,667 AthMpEvtLoopMgr.SharedEvtQueueConsumer               INFO Seek to 432 succeeded
2026-02-12 19:22:09,818 copyAuxStoreThinned                               WARNING AthContainers/src/copyAuxStoreThinned.cxx:138: unlocked decoration UEcorr_Pt (955) in object of type xAOD::ElectronAuxContainer_v3
2026-02-12 19:22:09,822 copyAuxStoreThinned                               WARNING AthContainers/src/copyAuxStoreThinned.cxx:138: unlocked decoration UEcorr_Pt (955) in object of type xAOD::MuonAuxContainer_v5
2026-02-12 19:22:09,842 AthMpEvtLoopMgr.SharedEvtQueueConsumer               INFO Received from the queue: event num=434 chunk size=1
2026-02-12 19:22:09,842 AthMpEvtLoopMgr.SharedEvtQueueConsumer               INFO Seek to 434 succeeded
2026-02-12 19:22:10,761 copyAuxStoreThinned                               WARNING AthContainers/src/copyAuxStoreThinned.cxx:138: unlocked decoration UEcorr_Pt (955) in object of type xAOD::ElectronAuxContainer_v3
2026-02-12 19:22:10,765 copyAuxStoreThinned                               WARNING AthContainers/src/copyAuxStoreThinned.cxx:138: unlocked decoration UEcorr_Pt (955) in object of type xAOD::MuonAuxContainer_v5
2026-02-12 19:22:10,782 AthMpEvtLoopMgr.SharedEvtQueueConsumer               INFO Received from the queue: event num=437 chunk size=1
2026-02-12 19:22:10,782 AthMpEvtLoopMgr.SharedEvtQueueConsumer               INFO Seek to 437 succeeded
2026-02-12 19:22:11,999 copyAuxStoreThinned                               WARNING AthContainers/src/copyAuxStoreThinned.cxx:138: unlocked decoration UEcorr_Pt (955) in object of type xAOD::ElectronAuxContainer_v3
2026-02-12 19:22:12,002 copyAuxStoreThinned                               WARNING AthContainers/src/copyAuxStoreThinned.cxx:138: unlocked decoration UEcorr_Pt (955) in object of type xAOD::MuonAuxContainer_v5
2026-02-12 19:22:12,021 AthMpEvtLoopMgr.SharedEvtQueueConsumer               INFO Received from the queue: event num=441 chunk size=1
2026-02-12 19:22:12,021 AthMpEvtLoopMgr.SharedEvtQueueConsumer               INFO Seek to 441 succeeded
2026-02-12 19:22:12,137 PerfMonMTSvc                                         INFO Event [  115] CPU Time: 00h02m29s, Wall Time: 00h04m38s, Vmem: 6.12 GB, Rss: 4.84 GB, Pss: 2.81 GB, Swap: 0.00 KB
2026-02-12 19:22:14,060 copyAuxStoreThinned                               WARNING AthContainers/src/copyAuxStoreThinned.cxx:138: unlocked decoration UEcorr_Pt (955) in object of type xAOD::ElectronAuxContainer_v3
2026-02-12 19:22:14,064 copyAuxStoreThinned                               WARNING AthContainers/src/copyAuxStoreThinned.cxx:138: unlocked decoration UEcorr_Pt (955) in object of type xAOD::MuonAuxContainer_v5
2026-02-12 19:22:14,084 AthMpEvtLoopMgr.SharedEvtQueueConsumer               INFO Received from the queue: event num=447 chunk size=1
2026-02-12 19:22:14,084 AthMpEvtLoopMgr.SharedEvtQueueConsumer               INFO Seek to 447 succeeded
2026-02-12 19:22:15,153 copyAuxStoreThinned                               WARNING AthContainers/src/copyAuxStoreThinned.cxx:138: unlocked decoration UEcorr_Pt (955) in object of type xAOD::ElectronAuxContainer_v3
2026-02-12 19:22:15,156 copyAuxStoreThinned                               WARNING AthContainers/src/copyAuxStoreThinned.cxx:138: unlocked decoration UEcorr_Pt (955) in object of type xAOD::MuonAuxContainer_v5
2026-02-12 19:22:15,175 AthMpEvtLoopMgr.SharedEvtQueueConsumer               INFO Received from the queue: event num=450 chunk size=1
2026-02-12 19:22:15,175 AthMpEvtLoopMgr.SharedEvtQueueConsumer               INFO Seek to 450 succeeded
2026-02-12 19:22:16,327 copyAuxStoreThinned                               WARNING AthContainers/src/copyAuxStoreThinned.cxx:138: unlocked decoration UEcorr_Pt (955) in object of type xAOD::ElectronAuxContainer_v3
2026-02-12 19:22:16,330 copyAuxStoreThinned                               WARNING AthContainers/src/copyAuxStoreThinned.cxx:138: unlocked decoration UEcorr_Pt (955) in object of type xAOD::MuonAuxContainer_v5
2026-02-12 19:22:16,349 AthMpEvtLoopMgr.SharedEvtQueueConsumer               INFO Received from the queue: event num=453 chunk size=1
2026-02-12 19:22:16,350 AthMpEvtLoopMgr.SharedEvtQueueConsumer               INFO Seek to 453 succeeded
2026-02-12 19:22:17,395 copyAuxStoreThinned                               WARNING AthContainers/src/copyAuxStoreThinned.cxx:138: unlocked decoration UEcorr_Pt (955) in object of type xAOD::ElectronAuxContainer_v3
2026-02-12 19:22:17,399 copyAuxStoreThinned                               WARNING AthContainers/src/copyAuxStoreThinned.cxx:138: unlocked decoration UEcorr_Pt (955) in object of type xAOD::MuonAuxContainer_v5
2026-02-12 19:22:17,418 AthMpEvtLoopMgr.SharedEvtQueueConsumer               INFO Received from the queue: event num=457 chunk size=1
2026-02-12 19:22:17,419 AthMpEvtLoopMgr.SharedEvtQueueConsumer               INFO Seek to 457 succeeded
2026-02-12 19:22:19,052 copyAuxStoreThinned                               WARNING AthContainers/src/copyAuxStoreThinned.cxx:138: unlocked decoration UEcorr_Pt (955) in object of type xAOD::ElectronAuxContainer_v3
2026-02-12 19:22:19,056 copyAuxStoreThinned                               WARNING AthContainers/src/copyAuxStoreThinned.cxx:138: unlocked decoration UEcorr_Pt (955) in object of type xAOD::MuonAuxContainer_v5
2026-02-12 19:22:19,077 AthMpEvtLoopMgr.SharedEvtQueueConsumer               INFO Received from the queue: event num=461 chunk size=1
2026-02-12 19:22:19,077 AthMpEvtLoopMgr.SharedEvtQueueConsumer               INFO Seek to 461 succeeded
2026-02-12 19:22:21,127 copyAuxStoreThinned                               WARNING AthContainers/src/copyAuxStoreThinned.cxx:138: unlocked decoration UEcorr_Pt (955) in object of type xAOD::ElectronAuxContainer_v3
2026-02-12 19:22:21,131 copyAuxStoreThinned                               WARNING AthContainers/src/copyAuxStoreThinned.cxx:138: unlocked decoration UEcorr_Pt (955) in object of type xAOD::MuonAuxContainer_v5
2026-02-12 19:22:21,152 AthMpEvtLoopMgr.SharedEvtQueueConsumer               INFO Received from the queue: event num=466 chunk size=1
2026-02-12 19:22:21,152 AthMpEvtLoopMgr.SharedEvtQueueConsumer               INFO Seek to 466 succeeded
2026-02-12 19:22:22,082 copyAuxStoreThinned                               WARNING AthContainers/src/copyAuxStoreThinned.cxx:138: unlocked decoration UEcorr_Pt (955) in object of type xAOD::ElectronAuxContainer_v3
2026-02-12 19:22:22,086 copyAuxStoreThinned                               WARNING AthContainers/src/copyAuxStoreThinned.cxx:138: unlocked decoration UEcorr_Pt (955) in object of type xAOD::MuonAuxContainer_v5
2026-02-12 19:22:22,106 AthMpEvtLoopMgr.SharedEvtQueueConsumer               INFO Received from the queue: event num=469 chunk size=1
2026-02-12 19:22:22,106 AthMpEvtLoopMgr.SharedEvtQueueConsumer               INFO Seek to 469 succeeded
2026-02-12 19:22:23,567 copyAuxStoreThinned                               WARNING AthContainers/src/copyAuxStoreThinned.cxx:138: unlocked decoration UEcorr_Pt (955) in object of type xAOD::ElectronAuxContainer_v3
2026-02-12 19:22:23,570 copyAuxStoreThinned                               WARNING AthContainers/src/copyAuxStoreThinned.cxx:138: unlocked decoration UEcorr_Pt (955) in object of type xAOD::MuonAuxContainer_v5
2026-02-12 19:22:23,590 AthMpEvtLoopMgr.SharedEvtQueueConsumer               INFO Received from the queue: event num=474 chunk size=1
2026-02-12 19:22:23,591 AthMpEvtLoopMgr.SharedEvtQueueConsumer               INFO Seek to 474 succeeded
2026-02-12 19:22:24,886 copyAuxStoreThinned                               WARNING AthContainers/src/copyAuxStoreThinned.cxx:138: unlocked decoration UEcorr_Pt (955) in object of type xAOD::ElectronAuxContainer_v3
2026-02-12 19:22:24,889 copyAuxStoreThinned                               WARNING AthContainers/src/copyAuxStoreThinned.cxx:138: unlocked decoration UEcorr_Pt (955) in object of type xAOD::MuonAuxContainer_v5
2026-02-12 19:22:24,907 AthMpEvtLoopMgr.SharedEvtQueueConsumer               INFO Received from the queue: event num=479 chunk size=1
2026-02-12 19:22:24,907 AthMpEvtLoopMgr.SharedEvtQueueConsumer               INFO Seek to 479 succeeded
2026-02-12 19:22:26,055 copyAuxStoreThinned                               WARNING AthContainers/src/copyAuxStoreThinned.cxx:138: unlocked decoration UEcorr_Pt (955) in object of type xAOD::ElectronAuxContainer_v3
2026-02-12 19:22:26,058 copyAuxStoreThinned                               WARNING AthContainers/src/copyAuxStoreThinned.cxx:138: unlocked decoration UEcorr_Pt (955) in object of type xAOD::MuonAuxContainer_v5
2026-02-12 19:22:26,077 AthMpEvtLoopMgr.SharedEvtQueueConsumer               INFO Received from the queue: event num=482 chunk size=1
2026-02-12 19:22:26,077 AthMpEvtLoopMgr.SharedEvtQueueConsumer               INFO Seek to 482 succeeded
2026-02-12 19:22:27,789 copyAuxStoreThinned                               WARNING AthContainers/src/copyAuxStoreThinned.cxx:138: unlocked decoration UEcorr_Pt (955) in object of type xAOD::ElectronAuxContainer_v3
2026-02-12 19:22:27,793 copyAuxStoreThinned                               WARNING AthContainers/src/copyAuxStoreThinned.cxx:138: unlocked decoration UEcorr_Pt (955) in object of type xAOD::MuonAuxContainer_v5
2026-02-12 19:22:27,811 AthMpEvtLoopMgr.SharedEvtQueueConsumer               INFO Received from the queue: event num=487 chunk size=1
2026-02-12 19:22:27,811 AthMpEvtLoopMgr.SharedEvtQueueConsumer               INFO Seek to 487 succeeded
2026-02-12 19:22:29,044 copyAuxStoreThinned                               WARNING AthContainers/src/copyAuxStoreThinned.cxx:138: unlocked decoration UEcorr_Pt (955) in object of type xAOD::ElectronAuxContainer_v3
2026-02-12 19:22:29,047 copyAuxStoreThinned                               WARNING AthContainers/src/copyAuxStoreThinned.cxx:138: unlocked decoration UEcorr_Pt (955) in object of type xAOD::MuonAuxContainer_v5
2026-02-12 19:22:29,067 AthMpEvtLoopMgr.SharedEvtQueueConsumer               INFO Received from the queue: event num=491 chunk size=1
2026-02-12 19:22:29,067 AthMpEvtLoopMgr.SharedEvtQueueConsumer               INFO Seek to 491 succeeded
2026-02-12 19:22:30,356 copyAuxStoreThinned                               WARNING AthContainers/src/copyAuxStoreThinned.cxx:138: unlocked decoration UEcorr_Pt (955) in object of type xAOD::ElectronAuxContainer_v3
2026-02-12 19:22:30,362 copyAuxStoreThinned                               WARNING AthContainers/src/copyAuxStoreThinned.cxx:138: unlocked decoration UEcorr_Pt (955) in object of type xAOD::MuonAuxContainer_v5
2026-02-12 19:22:30,381 AthMpEvtLoopMgr.SharedEvtQueueConsumer               INFO Received from the queue: event num=494 chunk size=1
2026-02-12 19:22:30,382 AthMpEvtLoopMgr.SharedEvtQueueConsumer               INFO Seek to 494 succeeded
2026-02-12 19:22:32,349 copyAuxStoreThinned                               WARNING AthContainers/src/copyAuxStoreThinned.cxx:138: unlocked decoration UEcorr_Pt (955) in object of type xAOD::ElectronAuxContainer_v3
2026-02-12 19:22:32,352 copyAuxStoreThinned                               WARNING AthContainers/src/copyAuxStoreThinned.cxx:138: unlocked decoration UEcorr_Pt (955) in object of type xAOD::MuonAuxContainer_v5
2026-02-12 19:22:32,372 AthMpEvtLoopMgr.SharedEvtQueueConsumer               INFO Received from the queue: event num=501 chunk size=1
2026-02-12 19:22:32,372 AthMpEvtLoopMgr.SharedEvtQueueConsumer               INFO Seek to 501 succeeded
2026-02-12 19:22:34,056 copyAuxStoreThinned                               WARNING AthContainers/src/copyAuxStoreThinned.cxx:138: unlocked decoration UEcorr_Pt (955) in object of type xAOD::ElectronAuxContainer_v3
2026-02-12 19:22:34,061 copyAuxStoreThinned                               WARNING AthContainers/src/copyAuxStoreThinned.cxx:138: unlocked decoration UEcorr_Pt (955) in object of type xAOD::MuonAuxContainer_v5
2026-02-12 19:22:34,080 AthMpEvtLoopMgr.SharedEvtQueueConsumer               INFO Received from the queue: event num=505 chunk size=1
2026-02-12 19:22:34,080 AthMpEvtLoopMgr.SharedEvtQueueConsumer               INFO Seek to 505 succeeded
2026-02-12 19:22:35,394 copyAuxStoreThinned                               WARNING AthContainers/src/copyAuxStoreThinned.cxx:138: unlocked decoration UEcorr_Pt (955) in object of type xAOD::ElectronAuxContainer_v3
2026-02-12 19:22:35,398 copyAuxStoreThinned                               WARNING AthContainers/src/copyAuxStoreThinned.cxx:138: unlocked decoration UEcorr_Pt (955) in object of type xAOD::MuonAuxContainer_v5
2026-02-12 19:22:35,417 AthMpEvtLoopMgr.SharedEvtQueueConsumer               INFO Received from the queue: event num=508 chunk size=1
2026-02-12 19:22:35,418 AthMpEvtLoopMgr.SharedEvtQueueConsumer               INFO Seek to 508 succeeded
2026-02-12 19:22:36,981 copyAuxStoreThinned                               WARNING AthContainers/src/copyAuxStoreThinned.cxx:138: unlocked decoration UEcorr_Pt (955) in object of type xAOD::ElectronAuxContainer_v3
2026-02-12 19:22:36,985 copyAuxStoreThinned                               WARNING AthContainers/src/copyAuxStoreThinned.cxx:138: unlocked decoration UEcorr_Pt (955) in object of type xAOD::MuonAuxContainer_v5
2026-02-12 19:22:37,007 AthMpEvtLoopMgr.SharedEvtQueueConsumer               INFO Received from the queue: event num=511 chunk size=1
2026-02-12 19:22:37,008 AthMpEvtLoopMgr.SharedEvtQueueConsumer               INFO Seek to 511 succeeded
2026-02-12 19:22:38,492 copyAuxStoreThinned                               WARNING AthContainers/src/copyAuxStoreThinned.cxx:138: unlocked decoration UEcorr_Pt (955) in object of type xAOD::ElectronAuxContainer_v3
2026-02-12 19:22:38,496 copyAuxStoreThinned                               WARNING AthContainers/src/copyAuxStoreThinned.cxx:138: unlocked decoration UEcorr_Pt (955) in object of type xAOD::MuonAuxContainer_v5
2026-02-12 19:22:38,516 AthMpEvtLoopMgr.SharedEvtQueueConsumer               INFO Received from the queue: event num=516 chunk size=1
2026-02-12 19:22:38,516 AthMpEvtLoopMgr.SharedEvtQueueConsumer               INFO Seek to 516 succeeded
2026-02-12 19:22:39,902 copyAuxStoreThinned                               WARNING AthContainers/src/copyAuxStoreThinned.cxx:138: unlocked decoration UEcorr_Pt (955) in object of type xAOD::ElectronAuxContainer_v3
2026-02-12 19:22:39,906 copyAuxStoreThinned                               WARNING AthContainers/src/copyAuxStoreThinned.cxx:138: unlocked decoration UEcorr_Pt (955) in object of type xAOD::MuonAuxContainer_v5
2026-02-12 19:22:39,925 AthMpEvtLoopMgr.SharedEvtQueueConsumer               INFO Received from the queue: event num=521 chunk size=1
2026-02-12 19:22:39,926 AthMpEvtLoopMgr.SharedEvtQueueConsumer               INFO Seek to 521 succeeded
2026-02-12 19:22:41,751 copyAuxStoreThinned                               WARNING AthContainers/src/copyAuxStoreThinned.cxx:138: unlocked decoration UEcorr_Pt (955) in object of type xAOD::ElectronAuxContainer_v3
2026-02-12 19:22:41,756 copyAuxStoreThinned                               WARNING AthContainers/src/copyAuxStoreThinned.cxx:138: unlocked decoration UEcorr_Pt (955) in object of type xAOD::MuonAuxContainer_v5
2026-02-12 19:22:41,776 AthMpEvtLoopMgr.SharedEvtQueueConsumer               INFO Received from the queue: event num=525 chunk size=1
2026-02-12 19:22:41,776 AthMpEvtLoopMgr.SharedEvtQueueConsumer               INFO Seek to 525 succeeded
2026-02-12 19:22:43,231 copyAuxStoreThinned                               WARNING AthContainers/src/copyAuxStoreThinned.cxx:138: unlocked decoration UEcorr_Pt (955) in object of type xAOD::ElectronAuxContainer_v3
2026-02-12 19:22:43,235 copyAuxStoreThinned                               WARNING AthContainers/src/copyAuxStoreThinned.cxx:138: unlocked decoration UEcorr_Pt (955) in object of type xAOD::MuonAuxContainer_v5
2026-02-12 19:22:43,253 AthMpEvtLoopMgr.SharedEvtQueueConsumer               INFO Received from the queue: event num=529 chunk size=1
2026-02-12 19:22:43,253 AthMpEvtLoopMgr.SharedEvtQueueConsumer               INFO Seek to 529 succeeded
2026-02-12 19:22:43,367 PerfMonMTSvc                                         INFO Event [  136] CPU Time: 00h03m00s, Wall Time: 00h05m09s, Vmem: 6.13 GB, Rss: 4.84 GB, Pss: 2.81 GB, Swap: 0.00 KB
2026-02-12 19:22:44,524 copyAuxStoreThinned                               WARNING AthContainers/src/copyAuxStoreThinned.cxx:138: unlocked decoration UEcorr_Pt (955) in object of type xAOD::ElectronAuxContainer_v3
2026-02-12 19:22:44,544 AthMpEvtLoopMgr.SharedEvtQueueConsumer               INFO Received from the queue: event num=533 chunk size=1
2026-02-12 19:22:44,545 AthMpEvtLoopMgr.SharedEvtQueueConsumer               INFO Seek to 533 succeeded
2026-02-12 19:22:46,217 copyAuxStoreThinned                               WARNING AthContainers/src/copyAuxStoreThinned.cxx:138: unlocked decoration UEcorr_Pt (955) in object of type xAOD::ElectronAuxContainer_v3
2026-02-12 19:22:46,221 copyAuxStoreThinned                               WARNING AthContainers/src/copyAuxStoreThinned.cxx:138: unlocked decoration UEcorr_Pt (955) in object of type xAOD::MuonAuxContainer_v5
2026-02-12 19:22:46,242 AthMpEvtLoopMgr.SharedEvtQueueConsumer               INFO Received from the queue: event num=536 chunk size=1
2026-02-12 19:22:46,243 AthMpEvtLoopMgr.SharedEvtQueueConsumer               INFO Seek to 536 succeeded
2026-02-12 19:22:48,002 copyAuxStoreThinned                               WARNING AthContainers/src/copyAuxStoreThinned.cxx:138: unlocked decoration UEcorr_Pt (955) in object of type xAOD::ElectronAuxContainer_v3
2026-02-12 19:22:48,006 copyAuxStoreThinned                               WARNING AthContainers/src/copyAuxStoreThinned.cxx:138: unlocked decoration UEcorr_Pt (955) in object of type xAOD::MuonAuxContainer_v5
2026-02-12 19:22:48,028 AthMpEvtLoopMgr.SharedEvtQueueConsumer               INFO Received from the queue: event num=541 chunk size=1
2026-02-12 19:22:48,028 AthMpEvtLoopMgr.SharedEvtQueueConsumer               INFO Seek to 541 succeeded
2026-02-12 19:22:49,468 copyAuxStoreThinned                               WARNING AthContainers/src/copyAuxStoreThinned.cxx:138: unlocked decoration UEcorr_Pt (955) in object of type xAOD::ElectronAuxContainer_v3
2026-02-12 19:22:49,471 copyAuxStoreThinned                               WARNING AthContainers/src/copyAuxStoreThinned.cxx:138: unlocked decoration UEcorr_Pt (955) in object of type xAOD::MuonAuxContainer_v5
2026-02-12 19:22:49,491 AthMpEvtLoopMgr.SharedEvtQueueConsumer               INFO Received from the queue: event num=545 chunk size=1
2026-02-12 19:22:49,491 AthMpEvtLoopMgr.SharedEvtQueueConsumer               INFO Seek to 545 succeeded
2026-02-12 19:22:50,925 copyAuxStoreThinned                               WARNING AthContainers/src/copyAuxStoreThinned.cxx:138: unlocked decoration UEcorr_Pt (955) in object of type xAOD::ElectronAuxContainer_v3
2026-02-12 19:22:50,929 copyAuxStoreThinned                               WARNING AthContainers/src/copyAuxStoreThinned.cxx:138: unlocked decoration UEcorr_Pt (955) in object of type xAOD::MuonAuxContainer_v5
2026-02-12 19:22:50,950 AthMpEvtLoopMgr.SharedEvtQueueConsumer               INFO Received from the queue: event num=549 chunk size=1
2026-02-12 19:22:50,950 AthMpEvtLoopMgr.SharedEvtQueueConsumer               INFO Seek to 549 succeeded
2026-02-12 19:22:52,309 copyAuxStoreThinned                               WARNING AthContainers/src/copyAuxStoreThinned.cxx:138: unlocked decoration UEcorr_Pt (955) in object of type xAOD::ElectronAuxContainer_v3
2026-02-12 19:22:52,313 copyAuxStoreThinned                               WARNING AthContainers/src/copyAuxStoreThinned.cxx:138: unlocked decoration UEcorr_Pt (955) in object of type xAOD::MuonAuxContainer_v5
2026-02-12 19:22:52,334 AthMpEvtLoopMgr.SharedEvtQueueConsumer               INFO Received from the queue: event num=553 chunk size=1
2026-02-12 19:22:52,334 AthMpEvtLoopMgr.SharedEvtQueueConsumer               INFO Seek to 553 succeeded
2026-02-12 19:22:53,752 copyAuxStoreThinned                               WARNING AthContainers/src/copyAuxStoreThinned.cxx:138: unlocked decoration UEcorr_Pt (955) in object of type xAOD::ElectronAuxContainer_v3
2026-02-12 19:22:53,774 AthMpEvtLoopMgr.SharedEvtQueueConsumer               INFO Received from the queue: event num=557 chunk size=1
2026-02-12 19:22:53,775 AthMpEvtLoopMgr.SharedEvtQueueConsumer               INFO Seek to 557 succeeded
2026-02-12 19:22:55,016 copyAuxStoreThinned                               WARNING AthContainers/src/copyAuxStoreThinned.cxx:138: unlocked decoration UEcorr_Pt (955) in object of type xAOD::ElectronAuxContainer_v3
2026-02-12 19:22:55,019 copyAuxStoreThinned                               WARNING AthContainers/src/copyAuxStoreThinned.cxx:138: unlocked decoration UEcorr_Pt (955) in object of type xAOD::MuonAuxContainer_v5
2026-02-12 19:22:55,038 AthMpEvtLoopMgr.SharedEvtQueueConsumer               INFO Received from the queue: event num=561 chunk size=1
2026-02-12 19:22:55,039 AthMpEvtLoopMgr.SharedEvtQueueConsumer               INFO Seek to 561 succeeded
2026-02-12 19:22:56,338 copyAuxStoreThinned                               WARNING AthContainers/src/copyAuxStoreThinned.cxx:138: unlocked decoration UEcorr_Pt (955) in object of type xAOD::ElectronAuxContainer_v3
2026-02-12 19:22:56,342 copyAuxStoreThinned                               WARNING AthContainers/src/copyAuxStoreThinned.cxx:138: unlocked decoration UEcorr_Pt (955) in object of type xAOD::MuonAuxContainer_v5
2026-02-12 19:22:56,361 AthMpEvtLoopMgr.SharedEvtQueueConsumer               INFO Received from the queue: event num=565 chunk size=1
2026-02-12 19:22:56,362 AthMpEvtLoopMgr.SharedEvtQueueConsumer               INFO Seek to 565 succeeded
2026-02-12 19:22:58,224 copyAuxStoreThinned                               WARNING AthContainers/src/copyAuxStoreThinned.cxx:138: unlocked decoration UEcorr_Pt (955) in object of type xAOD::ElectronAuxContainer_v3
2026-02-12 19:22:58,248 AthMpEvtLoopMgr.SharedEvtQueueConsumer               INFO Received from the queue: event num=569 chunk size=1
2026-02-12 19:22:58,248 AthMpEvtLoopMgr.SharedEvtQueueConsumer               INFO Seek to 569 succeeded
2026-02-12 19:23:00,416 copyAuxStoreThinned                               WARNING AthContainers/src/copyAuxStoreThinned.cxx:138: unlocked decoration UEcorr_Pt (955) in object of type xAOD::ElectronAuxContainer_v3
2026-02-12 19:23:00,420 copyAuxStoreThinned                               WARNING AthContainers/src/copyAuxStoreThinned.cxx:138: unlocked decoration UEcorr_Pt (955) in object of type xAOD::MuonAuxContainer_v5
2026-02-12 19:23:00,442 AthMpEvtLoopMgr.SharedEvtQueueConsumer               INFO Received from the queue: event num=576 chunk size=1
2026-02-12 19:23:00,442 AthMpEvtLoopMgr.SharedEvtQueueConsumer               INFO Seek to 576 succeeded
2026-02-12 19:23:01,735 copyAuxStoreThinned                               WARNING AthContainers/src/copyAuxStoreThinned.cxx:138: unlocked decoration UEcorr_Pt (955) in object of type xAOD::ElectronAuxContainer_v3
2026-02-12 19:23:01,739 copyAuxStoreThinned                               WARNING AthContainers/src/copyAuxStoreThinned.cxx:138: unlocked decoration UEcorr_Pt (955) in object of type xAOD::MuonAuxContainer_v5
2026-02-12 19:23:01,760 AthMpEvtLoopMgr.SharedEvtQueueConsumer               INFO Received from the queue: event num=580 chunk size=1
2026-02-12 19:23:01,761 AthMpEvtLoopMgr.SharedEvtQueueConsumer               INFO Seek to 580 succeeded
2026-02-12 19:23:03,741 copyAuxStoreThinned                               WARNING AthContainers/src/copyAuxStoreThinned.cxx:138: unlocked decoration UEcorr_Pt (955) in object of type xAOD::ElectronAuxContainer_v3
2026-02-12 19:23:03,745 copyAuxStoreThinned                               WARNING AthContainers/src/copyAuxStoreThinned.cxx:138: unlocked decoration UEcorr_Pt (955) in object of type xAOD::MuonAuxContainer_v5
2026-02-12 19:23:03,766 AthMpEvtLoopMgr.SharedEvtQueueConsumer               INFO Received from the queue: event num=586 chunk size=1
2026-02-12 19:23:03,767 AthMpEvtLoopMgr.SharedEvtQueueConsumer               INFO Seek to 586 succeeded
2026-02-12 19:23:05,231 copyAuxStoreThinned                               WARNING AthContainers/src/copyAuxStoreThinned.cxx:138: unlocked decoration UEcorr_Pt (955) in object of type xAOD::ElectronAuxContainer_v3
2026-02-12 19:23:05,235 copyAuxStoreThinned                               WARNING AthContainers/src/copyAuxStoreThinned.cxx:138: unlocked decoration UEcorr_Pt (955) in object of type xAOD::MuonAuxContainer_v5
2026-02-12 19:23:05,252 AthMpEvtLoopMgr.SharedEvtQueueConsumer               INFO Received from the queue: event num=590 chunk size=1
2026-02-12 19:23:05,252 AthMpEvtLoopMgr.SharedEvtQueueConsumer               INFO Seek to 590 succeeded
2026-02-12 19:23:06,438 copyAuxStoreThinned                               WARNING AthContainers/src/copyAuxStoreThinned.cxx:138: unlocked decoration UEcorr_Pt (955) in object of type xAOD::ElectronAuxContainer_v3
2026-02-12 19:23:06,442 copyAuxStoreThinned                               WARNING AthContainers/src/copyAuxStoreThinned.cxx:138: unlocked decoration UEcorr_Pt (955) in object of type xAOD::MuonAuxContainer_v5
2026-02-12 19:23:06,459 AthMpEvtLoopMgr.SharedEvtQueueConsumer               INFO Received from the queue: event num=594 chunk size=1
2026-02-12 19:23:06,459 AthMpEvtLoopMgr.SharedEvtQueueConsumer               INFO Seek to 594 succeeded
2026-02-12 19:23:08,301 copyAuxStoreThinned                               WARNING AthContainers/src/copyAuxStoreThinned.cxx:138: unlocked decoration UEcorr_Pt (955) in object of type xAOD::ElectronAuxContainer_v3
2026-02-12 19:23:08,305 copyAuxStoreThinned                               WARNING AthContainers/src/copyAuxStoreThinned.cxx:138: unlocked decoration UEcorr_Pt (955) in object of type xAOD::MuonAuxContainer_v5
2026-02-12 19:23:08,326 AthMpEvtLoopMgr.SharedEvtQueueConsumer               INFO Received from the queue: event num=598 chunk size=1
2026-02-12 19:23:08,326 AthMpEvtLoopMgr.SharedEvtQueueConsumer               INFO Seek to 598 succeeded
2026-02-12 19:23:09,807 copyAuxStoreThinned                               WARNING AthContainers/src/copyAuxStoreThinned.cxx:138: unlocked decoration UEcorr_Pt (955) in object of type xAOD::ElectronAuxContainer_v3
2026-02-12 19:23:09,811 copyAuxStoreThinned                               WARNING AthContainers/src/copyAuxStoreThinned.cxx:138: unlocked decoration UEcorr_Pt (955) in object of type xAOD::MuonAuxContainer_v5
2026-02-12 19:23:09,830 AthMpEvtLoopMgr.SharedEvtQueueConsumer               INFO Received from the queue: event num=603 chunk size=1
2026-02-12 19:23:09,831 AthMpEvtLoopMgr.SharedEvtQueueConsumer               INFO Seek to 603 succeeded
2026-02-12 19:23:11,427 copyAuxStoreThinned                               WARNING AthContainers/src/copyAuxStoreThinned.cxx:138: unlocked decoration UEcorr_Pt (955) in object of type xAOD::ElectronAuxContainer_v3
2026-02-12 19:23:11,432 copyAuxStoreThinned                               WARNING AthContainers/src/copyAuxStoreThinned.cxx:138: unlocked decoration UEcorr_Pt (955) in object of type xAOD::MuonAuxContainer_v5
2026-02-12 19:23:11,452 AthMpEvtLoopMgr.SharedEvtQueueConsumer               INFO Received from the queue: event num=607 chunk size=1
2026-02-12 19:23:11,453 AthMpEvtLoopMgr.SharedEvtQueueConsumer               INFO Seek to 607 succeeded
2026-02-12 19:23:12,923 copyAuxStoreThinned                               WARNING AthContainers/src/copyAuxStoreThinned.cxx:138: unlocked decoration UEcorr_Pt (955) in object of type xAOD::ElectronAuxContainer_v3
2026-02-12 19:23:12,946 AthMpEvtLoopMgr.SharedEvtQueueConsumer               INFO Received from the queue: event num=610 chunk size=1
2026-02-12 19:23:12,946 AthMpEvtLoopMgr.SharedEvtQueueConsumer               INFO Seek to 610 succeeded
2026-02-12 19:23:14,670 copyAuxStoreThinned                               WARNING AthContainers/src/copyAuxStoreThinned.cxx:138: unlocked decoration UEcorr_Pt (955) in object of type xAOD::ElectronAuxContainer_v3
2026-02-12 19:23:14,674 copyAuxStoreThinned                               WARNING AthContainers/src/copyAuxStoreThinned.cxx:138: unlocked decoration UEcorr_Pt (955) in object of type xAOD::MuonAuxContainer_v5
2026-02-12 19:23:14,696 AthMpEvtLoopMgr.SharedEvtQueueConsumer               INFO Received from the queue: event num=613 chunk size=1
2026-02-12 19:23:14,696 AthMpEvtLoopMgr.SharedEvtQueueConsumer               INFO Seek to 613 succeeded
2026-02-12 19:23:14,814 PerfMonMTSvc                                         INFO Event [  156] CPU Time: 00h03m32s, Wall Time: 00h05m40s, Vmem: 6.13 GB, Rss: 4.84 GB, Pss: 2.81 GB, Swap: 0.00 KB
2026-02-12 19:23:16,486 copyAuxStoreThinned                               WARNING AthContainers/src/copyAuxStoreThinned.cxx:138: unlocked decoration UEcorr_Pt (955) in object of type xAOD::ElectronAuxContainer_v3
2026-02-12 19:23:16,490 copyAuxStoreThinned                               WARNING AthContainers/src/copyAuxStoreThinned.cxx:138: unlocked decoration UEcorr_Pt (955) in object of type xAOD::MuonAuxContainer_v5
2026-02-12 19:23:16,512 AthMpEvtLoopMgr.SharedEvtQueueConsumer               INFO Received from the queue: event num=619 chunk size=1
2026-02-12 19:23:16,512 AthMpEvtLoopMgr.SharedEvtQueueConsumer               INFO Seek to 619 succeeded
2026-02-12 19:23:17,731 copyAuxStoreThinned                               WARNING AthContainers/src/copyAuxStoreThinned.cxx:138: unlocked decoration UEcorr_Pt (955) in object of type xAOD::ElectronAuxContainer_v3
2026-02-12 19:23:17,735 copyAuxStoreThinned                               WARNING AthContainers/src/copyAuxStoreThinned.cxx:138: unlocked decoration UEcorr_Pt (955) in object of type xAOD::MuonAuxContainer_v5
2026-02-12 19:23:17,754 AthMpEvtLoopMgr.SharedEvtQueueConsumer               INFO Received from the queue: event num=623 chunk size=1
2026-02-12 19:23:17,754 AthMpEvtLoopMgr.SharedEvtQueueConsumer               INFO Seek to 623 succeeded
2026-02-12 19:23:19,785 copyAuxStoreThinned                               WARNING AthContainers/src/copyAuxStoreThinned.cxx:138: unlocked decoration UEcorr_Pt (955) in object of type xAOD::ElectronAuxContainer_v3
2026-02-12 19:23:19,789 copyAuxStoreThinned                               WARNING AthContainers/src/copyAuxStoreThinned.cxx:138: unlocked decoration UEcorr_Pt (955) in object of type xAOD::MuonAuxContainer_v5
2026-02-12 19:23:19,808 AthMpEvtLoopMgr.SharedEvtQueueConsumer               INFO Received from the queue: event num=628 chunk size=1
2026-02-12 19:23:19,809 AthMpEvtLoopMgr.SharedEvtQueueConsumer               INFO Seek to 628 succeeded
2026-02-12 19:23:21,578 copyAuxStoreThinned                               WARNING AthContainers/src/copyAuxStoreThinned.cxx:138: unlocked decoration UEcorr_Pt (955) in object of type xAOD::ElectronAuxContainer_v3
2026-02-12 19:23:21,582 copyAuxStoreThinned                               WARNING AthContainers/src/copyAuxStoreThinned.cxx:138: unlocked decoration UEcorr_Pt (955) in object of type xAOD::MuonAuxContainer_v5
2026-02-12 19:23:21,602 AthMpEvtLoopMgr.SharedEvtQueueConsumer               INFO Received from the queue: event num=631 chunk size=1
2026-02-12 19:23:21,603 AthMpEvtLoopMgr.SharedEvtQueueConsumer               INFO Seek to 631 succeeded
2026-02-12 19:23:22,654 copyAuxStoreThinned                               WARNING AthContainers/src/copyAuxStoreThinned.cxx:138: unlocked decoration UEcorr_Pt (955) in object of type xAOD::ElectronAuxContainer_v3
2026-02-12 19:23:22,658 copyAuxStoreThinned                               WARNING AthContainers/src/copyAuxStoreThinned.cxx:138: unlocked decoration UEcorr_Pt (955) in object of type xAOD::MuonAuxContainer_v5
2026-02-12 19:23:22,677 AthMpEvtLoopMgr.SharedEvtQueueConsumer               INFO Received from the queue: event num=635 chunk size=1
2026-02-12 19:23:22,678 AthMpEvtLoopMgr.SharedEvtQueueConsumer               INFO Seek to 635 succeeded
2026-02-12 19:23:24,315 copyAuxStoreThinned                               WARNING AthContainers/src/copyAuxStoreThinned.cxx:138: unlocked decoration UEcorr_Pt (955) in object of type xAOD::ElectronAuxContainer_v3
2026-02-12 19:23:24,318 copyAuxStoreThinned                               WARNING AthContainers/src/copyAuxStoreThinned.cxx:138: unlocked decoration UEcorr_Pt (955) in object of type xAOD::MuonAuxContainer_v5
2026-02-12 19:23:24,337 AthMpEvtLoopMgr.SharedEvtQueueConsumer               INFO Received from the queue: event num=641 chunk size=1
2026-02-12 19:23:24,337 AthMpEvtLoopMgr.SharedEvtQueueConsumer               INFO Seek to 641 succeeded
2026-02-12 19:23:25,908 copyAuxStoreThinned                               WARNING AthContainers/src/copyAuxStoreThinned.cxx:138: unlocked decoration UEcorr_Pt (955) in object of type xAOD::ElectronAuxContainer_v3
2026-02-12 19:23:25,912 copyAuxStoreThinned                               WARNING AthContainers/src/copyAuxStoreThinned.cxx:138: unlocked decoration UEcorr_Pt (955) in object of type xAOD::MuonAuxContainer_v5
2026-02-12 19:23:25,931 AthMpEvtLoopMgr.SharedEvtQueueConsumer               INFO Received from the queue: event num=645 chunk size=1
2026-02-12 19:23:25,931 AthMpEvtLoopMgr.SharedEvtQueueConsumer               INFO Seek to 645 succeeded
2026-02-12 19:23:26,920 copyAuxStoreThinned                               WARNING AthContainers/src/copyAuxStoreThinned.cxx:138: unlocked decoration UEcorr_Pt (955) in object of type xAOD::ElectronAuxContainer_v3
2026-02-12 19:23:26,923 copyAuxStoreThinned                               WARNING AthContainers/src/copyAuxStoreThinned.cxx:138: unlocked decoration UEcorr_Pt (955) in object of type xAOD::MuonAuxContainer_v5
2026-02-12 19:23:26,942 AthMpEvtLoopMgr.SharedEvtQueueConsumer               INFO Received from the queue: event num=646 chunk size=1
2026-02-12 19:23:26,942 AthMpEvtLoopMgr.SharedEvtQueueConsumer               INFO Seek to 646 succeeded
2026-02-12 19:23:28,371 copyAuxStoreThinned                               WARNING AthContainers/src/copyAuxStoreThinned.cxx:138: unlocked decoration UEcorr_Pt (955) in object of type xAOD::ElectronAuxContainer_v3
2026-02-12 19:23:28,375 copyAuxStoreThinned                               WARNING AthContainers/src/copyAuxStoreThinned.cxx:138: unlocked decoration UEcorr_Pt (955) in object of type xAOD::MuonAuxContainer_v5
2026-02-12 19:23:28,394 AthMpEvtLoopMgr.SharedEvtQueueConsumer               INFO Received from the queue: event num=651 chunk size=1
2026-02-12 19:23:28,394 AthMpEvtLoopMgr.SharedEvtQueueConsumer               INFO Seek to 651 succeeded
2026-02-12 19:23:29,930 copyAuxStoreThinned                               WARNING AthContainers/src/copyAuxStoreThinned.cxx:138: unlocked decoration UEcorr_Pt (955) in object of type xAOD::ElectronAuxContainer_v3
2026-02-12 19:23:29,940 copyAuxStoreThinned                               WARNING AthContainers/src/copyAuxStoreThinned.cxx:138: unlocked decoration UEcorr_Pt (955) in object of type xAOD::MuonAuxContainer_v5
2026-02-12 19:23:29,962 AthMpEvtLoopMgr.SharedEvtQueueConsumer               INFO Received from the queue: event num=654 chunk size=1
2026-02-12 19:23:29,962 AthMpEvtLoopMgr.SharedEvtQueueConsumer               INFO Seek to 654 succeeded
2026-02-12 19:23:31,557 copyAuxStoreThinned                               WARNING AthContainers/src/copyAuxStoreThinned.cxx:138: unlocked decoration UEcorr_Pt (955) in object of type xAOD::ElectronAuxContainer_v3
2026-02-12 19:23:31,561 copyAuxStoreThinned                               WARNING AthContainers/src/copyAuxStoreThinned.cxx:138: unlocked decoration UEcorr_Pt (955) in object of type xAOD::MuonAuxContainer_v5
2026-02-12 19:23:31,582 AthMpEvtLoopMgr.SharedEvtQueueConsumer               INFO Received from the queue: event num=660 chunk size=1
2026-02-12 19:23:31,582 AthMpEvtLoopMgr.SharedEvtQueueConsumer               INFO Seek to 660 succeeded
2026-02-12 19:23:35,210 copyAuxStoreThinned                               WARNING AthContainers/src/copyAuxStoreThinned.cxx:138: unlocked decoration UEcorr_Pt (955) in object of type xAOD::ElectronAuxContainer_v3
2026-02-12 19:23:35,215 copyAuxStoreThinned                               WARNING AthContainers/src/copyAuxStoreThinned.cxx:138: unlocked decoration UEcorr_Pt (955) in object of type xAOD::MuonAuxContainer_v5
2026-02-12 19:23:35,241 AthMpEvtLoopMgr.SharedEvtQueueConsumer               INFO Received from the queue: event num=668 chunk size=1
2026-02-12 19:23:35,241 AthMpEvtLoopMgr.SharedEvtQueueConsumer               INFO Seek to 668 succeeded
2026-02-12 19:23:36,704 copyAuxStoreThinned                               WARNING AthContainers/src/copyAuxStoreThinned.cxx:138: unlocked decoration UEcorr_Pt (955) in object of type xAOD::ElectronAuxContainer_v3
2026-02-12 19:23:36,708 copyAuxStoreThinned                               WARNING AthContainers/src/copyAuxStoreThinned.cxx:138: unlocked decoration UEcorr_Pt (955) in object of type xAOD::MuonAuxContainer_v5
2026-02-12 19:23:36,728 AthMpEvtLoopMgr.SharedEvtQueueConsumer               INFO Received from the queue: event num=672 chunk size=1
2026-02-12 19:23:36,729 AthMpEvtLoopMgr.SharedEvtQueueConsumer               INFO Seek to 672 succeeded
2026-02-12 19:23:37,910 copyAuxStoreThinned                               WARNING AthContainers/src/copyAuxStoreThinned.cxx:138: unlocked decoration UEcorr_Pt (955) in object of type xAOD::ElectronAuxContainer_v3
2026-02-12 19:23:37,932 AthMpEvtLoopMgr.SharedEvtQueueConsumer               INFO Received from the queue: event num=677 chunk size=1
2026-02-12 19:23:37,932 AthMpEvtLoopMgr.SharedEvtQueueConsumer               INFO Seek to 677 succeeded
2026-02-12 19:23:39,200 copyAuxStoreThinned                               WARNING AthContainers/src/copyAuxStoreThinned.cxx:138: unlocked decoration UEcorr_Pt (955) in object of type xAOD::ElectronAuxContainer_v3
2026-02-12 19:23:39,203 copyAuxStoreThinned                               WARNING AthContainers/src/copyAuxStoreThinned.cxx:138: unlocked decoration UEcorr_Pt (955) in object of type xAOD::MuonAuxContainer_v5
2026-02-12 19:23:39,224 AthMpEvtLoopMgr.SharedEvtQueueConsumer               INFO Received from the queue: event num=679 chunk size=1
2026-02-12 19:23:39,225 AthMpEvtLoopMgr.SharedEvtQueueConsumer               INFO Seek to 679 succeeded
2026-02-12 19:23:40,659 copyAuxStoreThinned                               WARNING AthContainers/src/copyAuxStoreThinned.cxx:138: unlocked decoration UEcorr_Pt (955) in object of type xAOD::ElectronAuxContainer_v3
2026-02-12 19:23:40,662 copyAuxStoreThinned                               WARNING AthContainers/src/copyAuxStoreThinned.cxx:138: unlocked decoration UEcorr_Pt (955) in object of type xAOD::MuonAuxContainer_v5
2026-02-12 19:23:40,681 AthMpEvtLoopMgr.SharedEvtQueueConsumer               INFO Received from the queue: event num=684 chunk size=1
2026-02-12 19:23:40,681 AthMpEvtLoopMgr.SharedEvtQueueConsumer               INFO Seek to 684 succeeded
2026-02-12 19:23:41,697 copyAuxStoreThinned                               WARNING AthContainers/src/copyAuxStoreThinned.cxx:138: unlocked decoration UEcorr_Pt (955) in object of type xAOD::ElectronAuxContainer_v3
2026-02-12 19:23:41,701 copyAuxStoreThinned                               WARNING AthContainers/src/copyAuxStoreThinned.cxx:138: unlocked decoration UEcorr_Pt (955) in object of type xAOD::MuonAuxContainer_v5
2026-02-12 19:23:41,720 AthMpEvtLoopMgr.SharedEvtQueueConsumer               INFO Received from the queue: event num=687 chunk size=1
2026-02-12 19:23:41,720 AthMpEvtLoopMgr.SharedEvtQueueConsumer               INFO Seek to 687 succeeded
2026-02-12 19:23:43,066 copyAuxStoreThinned                               WARNING AthContainers/src/copyAuxStoreThinned.cxx:138: unlocked decoration UEcorr_Pt (955) in object of type xAOD::ElectronAuxContainer_v3
2026-02-12 19:23:43,070 copyAuxStoreThinned                               WARNING AthContainers/src/copyAuxStoreThinned.cxx:138: unlocked decoration UEcorr_Pt (955) in object of type xAOD::MuonAuxContainer_v5
2026-02-12 19:23:43,091 AthMpEvtLoopMgr.SharedEvtQueueConsumer               INFO Received from the queue: event num=691 chunk size=1
2026-02-12 19:23:43,091 AthMpEvtLoopMgr.SharedEvtQueueConsumer               INFO Seek to 691 succeeded
2026-02-12 19:23:44,308 copyAuxStoreThinned                               WARNING AthContainers/src/copyAuxStoreThinned.cxx:138: unlocked decoration UEcorr_Pt (955) in object of type xAOD::ElectronAuxContainer_v3
2026-02-12 19:23:44,311 copyAuxStoreThinned                               WARNING AthContainers/src/copyAuxStoreThinned.cxx:138: unlocked decoration UEcorr_Pt (955) in object of type xAOD::MuonAuxContainer_v5
2026-02-12 19:23:44,331 AthMpEvtLoopMgr.SharedEvtQueueConsumer               INFO Received from the queue: event num=695 chunk size=1
2026-02-12 19:23:44,331 AthMpEvtLoopMgr.SharedEvtQueueConsumer               INFO Seek to 695 succeeded
2026-02-12 19:23:45,784 copyAuxStoreThinned                               WARNING AthContainers/src/copyAuxStoreThinned.cxx:138: unlocked decoration UEcorr_Pt (955) in object of type xAOD::ElectronAuxContainer_v3
2026-02-12 19:23:45,788 copyAuxStoreThinned                               WARNING AthContainers/src/copyAuxStoreThinned.cxx:138: unlocked decoration UEcorr_Pt (955) in object of type xAOD::MuonAuxContainer_v5
2026-02-12 19:23:45,810 AthMpEvtLoopMgr.SharedEvtQueueConsumer               INFO Received from the queue: event num=699 chunk size=1
2026-02-12 19:23:45,810 AthMpEvtLoopMgr.SharedEvtQueueConsumer               INFO Seek to 699 succeeded
2026-02-12 19:23:45,926 PerfMonMTSvc                                         INFO Event [  176] CPU Time: 00h04m03s, Wall Time: 00h06m11s, Vmem: 6.25 GB, Rss: 4.97 GB, Pss: 2.93 GB, Swap: 0.00 KB
2026-02-12 19:23:46,830 copyAuxStoreThinned                               WARNING AthContainers/src/copyAuxStoreThinned.cxx:138: unlocked decoration UEcorr_Pt (955) in object of type xAOD::ElectronAuxContainer_v3
2026-02-12 19:23:46,834 copyAuxStoreThinned                               WARNING AthContainers/src/copyAuxStoreThinned.cxx:138: unlocked decoration UEcorr_Pt (955) in object of type xAOD::MuonAuxContainer_v5
2026-02-12 19:23:46,854 AthMpEvtLoopMgr.SharedEvtQueueConsumer               INFO Received from the queue: event num=702 chunk size=1
2026-02-12 19:23:46,854 AthMpEvtLoopMgr.SharedEvtQueueConsumer               INFO Seek to 702 succeeded
2026-02-12 19:23:48,340 copyAuxStoreThinned                               WARNING AthContainers/src/copyAuxStoreThinned.cxx:138: unlocked decoration UEcorr_Pt (955) in object of type xAOD::ElectronAuxContainer_v3
2026-02-12 19:23:48,344 copyAuxStoreThinned                               WARNING AthContainers/src/copyAuxStoreThinned.cxx:138: unlocked decoration UEcorr_Pt (955) in object of type xAOD::MuonAuxContainer_v5
2026-02-12 19:23:48,364 AthMpEvtLoopMgr.SharedEvtQueueConsumer               INFO Received from the queue: event num=706 chunk size=1
2026-02-12 19:23:48,364 AthMpEvtLoopMgr.SharedEvtQueueConsumer               INFO Seek to 706 succeeded
2026-02-12 19:23:50,267 copyAuxStoreThinned                               WARNING AthContainers/src/copyAuxStoreThinned.cxx:138: unlocked decoration UEcorr_Pt (955) in object of type xAOD::ElectronAuxContainer_v3
2026-02-12 19:23:50,270 copyAuxStoreThinned                               WARNING AthContainers/src/copyAuxStoreThinned.cxx:138: unlocked decoration UEcorr_Pt (955) in object of type xAOD::MuonAuxContainer_v5
2026-02-12 19:23:50,290 AthMpEvtLoopMgr.SharedEvtQueueConsumer               INFO Received from the queue: event num=712 chunk size=1
2026-02-12 19:23:50,290 AthMpEvtLoopMgr.SharedEvtQueueConsumer               INFO Seek to 712 succeeded
2026-02-12 19:23:52,140 copyAuxStoreThinned                               WARNING AthContainers/src/copyAuxStoreThinned.cxx:138: unlocked decoration UEcorr_Pt (955) in object of type xAOD::ElectronAuxContainer_v3
2026-02-12 19:23:52,145 copyAuxStoreThinned                               WARNING AthContainers/src/copyAuxStoreThinned.cxx:138: unlocked decoration UEcorr_Pt (955) in object of type xAOD::MuonAuxContainer_v5
2026-02-12 19:23:52,166 AthMpEvtLoopMgr.SharedEvtQueueConsumer               INFO Received from the queue: event num=716 chunk size=1
2026-02-12 19:23:52,167 AthMpEvtLoopMgr.SharedEvtQueueConsumer               INFO Seek to 716 succeeded
2026-02-12 19:23:53,285 copyAuxStoreThinned                               WARNING AthContainers/src/copyAuxStoreThinned.cxx:138: unlocked decoration UEcorr_Pt (955) in object of type xAOD::ElectronAuxContainer_v3
2026-02-12 19:23:53,289 copyAuxStoreThinned                               WARNING AthContainers/src/copyAuxStoreThinned.cxx:138: unlocked decoration UEcorr_Pt (955) in object of type xAOD::MuonAuxContainer_v5
2026-02-12 19:23:53,309 AthMpEvtLoopMgr.SharedEvtQueueConsumer               INFO Received from the queue: event num=719 chunk size=1
2026-02-12 19:23:53,309 AthMpEvtLoopMgr.SharedEvtQueueConsumer               INFO Seek to 719 succeeded
2026-02-12 19:23:54,320 copyAuxStoreThinned                               WARNING AthContainers/src/copyAuxStoreThinned.cxx:138: unlocked decoration UEcorr_Pt (955) in object of type xAOD::ElectronAuxContainer_v3
2026-02-12 19:23:54,323 copyAuxStoreThinned                               WARNING AthContainers/src/copyAuxStoreThinned.cxx:138: unlocked decoration UEcorr_Pt (955) in object of type xAOD::MuonAuxContainer_v5
2026-02-12 19:23:54,342 AthMpEvtLoopMgr.SharedEvtQueueConsumer               INFO Received from the queue: event num=723 chunk size=1
2026-02-12 19:23:54,342 AthMpEvtLoopMgr.SharedEvtQueueConsumer               INFO Seek to 723 succeeded
2026-02-12 19:23:55,348 copyAuxStoreThinned                               WARNING AthContainers/src/copyAuxStoreThinned.cxx:138: unlocked decoration UEcorr_Pt (955) in object of type xAOD::ElectronAuxContainer_v3
2026-02-12 19:23:55,352 copyAuxStoreThinned                               WARNING AthContainers/src/copyAuxStoreThinned.cxx:138: unlocked decoration UEcorr_Pt (955) in object of type xAOD::MuonAuxContainer_v5
2026-02-12 19:23:55,369 AthMpEvtLoopMgr.SharedEvtQueueConsumer               INFO Received from the queue: event num=726 chunk size=1
2026-02-12 19:23:55,369 AthMpEvtLoopMgr.SharedEvtQueueConsumer               INFO Seek to 726 succeeded
2026-02-12 19:23:56,938 copyAuxStoreThinned                               WARNING AthContainers/src/copyAuxStoreThinned.cxx:138: unlocked decoration UEcorr_Pt (955) in object of type xAOD::ElectronAuxContainer_v3
2026-02-12 19:23:56,942 copyAuxStoreThinned                               WARNING AthContainers/src/copyAuxStoreThinned.cxx:138: unlocked decoration UEcorr_Pt (955) in object of type xAOD::MuonAuxContainer_v5
2026-02-12 19:23:56,962 AthMpEvtLoopMgr.SharedEvtQueueConsumer               INFO Received from the queue: event num=730 chunk size=1
2026-02-12 19:23:56,963 AthMpEvtLoopMgr.SharedEvtQueueConsumer               INFO Seek to 730 succeeded
2026-02-12 19:23:59,101 copyAuxStoreThinned                               WARNING AthContainers/src/copyAuxStoreThinned.cxx:138: unlocked decoration UEcorr_Pt (955) in object of type xAOD::ElectronAuxContainer_v3
2026-02-12 19:23:59,105 copyAuxStoreThinned                               WARNING AthContainers/src/copyAuxStoreThinned.cxx:138: unlocked decoration UEcorr_Pt (955) in object of type xAOD::MuonAuxContainer_v5
2026-02-12 19:23:59,128 AthMpEvtLoopMgr.SharedEvtQueueConsumer               INFO Received from the queue: event num=735 chunk size=1
2026-02-12 19:23:59,128 AthMpEvtLoopMgr.SharedEvtQueueConsumer               INFO Seek to 735 succeeded
2026-02-12 19:24:03,170 copyAuxStoreThinned                               WARNING AthContainers/src/copyAuxStoreThinned.cxx:138: unlocked decoration UEcorr_Pt (955) in object of type xAOD::ElectronAuxContainer_v3
2026-02-12 19:24:03,174 copyAuxStoreThinned                               WARNING AthContainers/src/copyAuxStoreThinned.cxx:138: unlocked decoration UEcorr_Pt (955) in object of type xAOD::MuonAuxContainer_v5
2026-02-12 19:24:03,199 AthMpEvtLoopMgr.SharedEvtQueueConsumer               INFO Received from the queue: event num=744 chunk size=1
2026-02-12 19:24:03,200 AthMpEvtLoopMgr.SharedEvtQueueConsumer               INFO Seek to 744 succeeded
2026-02-12 19:24:04,978 copyAuxStoreThinned                               WARNING AthContainers/src/copyAuxStoreThinned.cxx:138: unlocked decoration UEcorr_Pt (955) in object of type xAOD::ElectronAuxContainer_v3
2026-02-12 19:24:05,002 AthMpEvtLoopMgr.SharedEvtQueueConsumer               INFO Received from the queue: event num=747 chunk size=1
2026-02-12 19:24:05,003 AthMpEvtLoopMgr.SharedEvtQueueConsumer               INFO Seek to 747 succeeded
2026-02-12 19:24:06,293 copyAuxStoreThinned                               WARNING AthContainers/src/copyAuxStoreThinned.cxx:138: unlocked decoration UEcorr_Pt (955) in object of type xAOD::ElectronAuxContainer_v3
2026-02-12 19:24:06,296 copyAuxStoreThinned                               WARNING AthContainers/src/copyAuxStoreThinned.cxx:138: unlocked decoration UEcorr_Pt (955) in object of type xAOD::MuonAuxContainer_v5
2026-02-12 19:24:06,316 AthMpEvtLoopMgr.SharedEvtQueueConsumer               INFO Received from the queue: event num=752 chunk size=1
2026-02-12 19:24:06,317 AthMpEvtLoopMgr.SharedEvtQueueConsumer               INFO Seek to 752 succeeded
2026-02-12 19:24:07,975 copyAuxStoreThinned                               WARNING AthContainers/src/copyAuxStoreThinned.cxx:138: unlocked decoration UEcorr_Pt (955) in object of type xAOD::ElectronAuxContainer_v3
2026-02-12 19:24:07,978 copyAuxStoreThinned                               WARNING AthContainers/src/copyAuxStoreThinned.cxx:138: unlocked decoration UEcorr_Pt (955) in object of type xAOD::MuonAuxContainer_v5
2026-02-12 19:24:07,998 AthMpEvtLoopMgr.SharedEvtQueueConsumer               INFO Received from the queue: event num=756 chunk size=1
2026-02-12 19:24:07,998 AthMpEvtLoopMgr.SharedEvtQueueConsumer               INFO Seek to 756 succeeded
2026-02-12 19:24:09,362 copyAuxStoreThinned                               WARNING AthContainers/src/copyAuxStoreThinned.cxx:138: unlocked decoration UEcorr_Pt (955) in object of type xAOD::ElectronAuxContainer_v3
2026-02-12 19:24:09,366 copyAuxStoreThinned                               WARNING AthContainers/src/copyAuxStoreThinned.cxx:138: unlocked decoration UEcorr_Pt (955) in object of type xAOD::MuonAuxContainer_v5
2026-02-12 19:24:09,386 AthMpEvtLoopMgr.SharedEvtQueueConsumer               INFO Received from the queue: event num=760 chunk size=1
2026-02-12 19:24:09,386 AthMpEvtLoopMgr.SharedEvtQueueConsumer               INFO Seek to 760 succeeded
2026-02-12 19:24:10,822 copyAuxStoreThinned                               WARNING AthContainers/src/copyAuxStoreThinned.cxx:138: unlocked decoration UEcorr_Pt (955) in object of type xAOD::ElectronAuxContainer_v3
2026-02-12 19:24:10,825 copyAuxStoreThinned                               WARNING AthContainers/src/copyAuxStoreThinned.cxx:138: unlocked decoration UEcorr_Pt (955) in object of type xAOD::MuonAuxContainer_v5
2026-02-12 19:24:10,845 AthMpEvtLoopMgr.SharedEvtQueueConsumer               INFO Received from the queue: event num=764 chunk size=1
2026-02-12 19:24:10,845 AthMpEvtLoopMgr.SharedEvtQueueConsumer               INFO Seek to 764 succeeded
2026-02-12 19:24:12,747 copyAuxStoreThinned                               WARNING AthContainers/src/copyAuxStoreThinned.cxx:138: unlocked decoration UEcorr_Pt (955) in object of type xAOD::ElectronAuxContainer_v3
2026-02-12 19:24:12,751 copyAuxStoreThinned                               WARNING AthContainers/src/copyAuxStoreThinned.cxx:138: unlocked decoration UEcorr_Pt (955) in object of type xAOD::MuonAuxContainer_v5
2026-02-12 19:24:12,772 AthMpEvtLoopMgr.SharedEvtQueueConsumer               INFO Received from the queue: event num=769 chunk size=1
2026-02-12 19:24:12,772 AthMpEvtLoopMgr.SharedEvtQueueConsumer               INFO Seek to 769 succeeded
2026-02-12 19:24:13,917 copyAuxStoreThinned                               WARNING AthContainers/src/copyAuxStoreThinned.cxx:138: unlocked decoration UEcorr_Pt (955) in object of type xAOD::ElectronAuxContainer_v3
2026-02-12 19:24:13,920 copyAuxStoreThinned                               WARNING AthContainers/src/copyAuxStoreThinned.cxx:138: unlocked decoration UEcorr_Pt (955) in object of type xAOD::MuonAuxContainer_v5
2026-02-12 19:24:13,938 AthMpEvtLoopMgr.SharedEvtQueueConsumer               INFO Received from the queue: event num=773 chunk size=1
2026-02-12 19:24:13,939 AthMpEvtLoopMgr.SharedEvtQueueConsumer               INFO Seek to 773 succeeded
2026-02-12 19:24:15,264 copyAuxStoreThinned                               WARNING AthContainers/src/copyAuxStoreThinned.cxx:138: unlocked decoration UEcorr_Pt (955) in object of type xAOD::ElectronAuxContainer_v3
2026-02-12 19:24:15,268 copyAuxStoreThinned                               WARNING AthContainers/src/copyAuxStoreThinned.cxx:138: unlocked decoration UEcorr_Pt (955) in object of type xAOD::MuonAuxContainer_v5
2026-02-12 19:24:15,286 AthMpEvtLoopMgr.SharedEvtQueueConsumer               INFO Received from the queue: event num=775 chunk size=1
2026-02-12 19:24:15,286 AthMpEvtLoopMgr.SharedEvtQueueConsumer               INFO Seek to 775 succeeded
2026-02-12 19:24:16,995 copyAuxStoreThinned                               WARNING AthContainers/src/copyAuxStoreThinned.cxx:138: unlocked decoration UEcorr_Pt (955) in object of type xAOD::ElectronAuxContainer_v3
2026-02-12 19:24:16,999 copyAuxStoreThinned                               WARNING AthContainers/src/copyAuxStoreThinned.cxx:138: unlocked decoration UEcorr_Pt (955) in object of type xAOD::MuonAuxContainer_v5
2026-02-12 19:24:17,019 AthMpEvtLoopMgr.SharedEvtQueueConsumer               INFO Received from the queue: event num=781 chunk size=1
2026-02-12 19:24:17,020 AthMpEvtLoopMgr.SharedEvtQueueConsumer               INFO Seek to 781 succeeded
2026-02-12 19:24:17,133 PerfMonMTSvc                                         INFO Event [  195] CPU Time: 00h04m34s, Wall Time: 00h06m43s, Vmem: 6.25 GB, Rss: 4.97 GB, Pss: 2.93 GB, Swap: 0.00 KB
2026-02-12 19:24:18,264 copyAuxStoreThinned                               WARNING AthContainers/src/copyAuxStoreThinned.cxx:138: unlocked decoration UEcorr_Pt (955) in object of type xAOD::ElectronAuxContainer_v3
2026-02-12 19:24:18,267 copyAuxStoreThinned                               WARNING AthContainers/src/copyAuxStoreThinned.cxx:138: unlocked decoration UEcorr_Pt (955) in object of type xAOD::MuonAuxContainer_v5
2026-02-12 19:24:18,287 AthMpEvtLoopMgr.SharedEvtQueueConsumer               INFO Received from the queue: event num=782 chunk size=1
2026-02-12 19:24:18,287 AthMpEvtLoopMgr.SharedEvtQueueConsumer               INFO Seek to 782 succeeded
2026-02-12 19:24:19,909 copyAuxStoreThinned                               WARNING AthContainers/src/copyAuxStoreThinned.cxx:138: unlocked decoration UEcorr_Pt (955) in object of type xAOD::ElectronAuxContainer_v3
2026-02-12 19:24:19,913 copyAuxStoreThinned                               WARNING AthContainers/src/copyAuxStoreThinned.cxx:138: unlocked decoration UEcorr_Pt (955) in object of type xAOD::MuonAuxContainer_v5
2026-02-12 19:24:19,933 AthMpEvtLoopMgr.SharedEvtQueueConsumer               INFO Received from the queue: event num=786 chunk size=1
2026-02-12 19:24:19,934 AthMpEvtLoopMgr.SharedEvtQueueConsumer               INFO Seek to 786 succeeded
2026-02-12 19:24:21,352 copyAuxStoreThinned                               WARNING AthContainers/src/copyAuxStoreThinned.cxx:138: unlocked decoration UEcorr_Pt (955) in object of type xAOD::ElectronAuxContainer_v3
2026-02-12 19:24:21,357 copyAuxStoreThinned                               WARNING AthContainers/src/copyAuxStoreThinned.cxx:138: unlocked decoration UEcorr_Pt (955) in object of type xAOD::MuonAuxContainer_v5
2026-02-12 19:24:21,376 AthMpEvtLoopMgr.SharedEvtQueueConsumer               INFO Received from the queue: event num=790 chunk size=1
2026-02-12 19:24:21,377 AthMpEvtLoopMgr.SharedEvtQueueConsumer               INFO Seek to 790 succeeded
2026-02-12 19:24:22,494 copyAuxStoreThinned                               WARNING AthContainers/src/copyAuxStoreThinned.cxx:138: unlocked decoration UEcorr_Pt (955) in object of type xAOD::ElectronAuxContainer_v3
2026-02-12 19:24:22,498 copyAuxStoreThinned                               WARNING AthContainers/src/copyAuxStoreThinned.cxx:138: unlocked decoration UEcorr_Pt (955) in object of type xAOD::MuonAuxContainer_v5
2026-02-12 19:24:22,517 AthMpEvtLoopMgr.SharedEvtQueueConsumer               INFO Received from the queue: event num=794 chunk size=1
2026-02-12 19:24:22,517 AthMpEvtLoopMgr.SharedEvtQueueConsumer               INFO Seek to 794 succeeded
2026-02-12 19:24:24,133 copyAuxStoreThinned                               WARNING AthContainers/src/copyAuxStoreThinned.cxx:138: unlocked decoration UEcorr_Pt (955) in object of type xAOD::ElectronAuxContainer_v3
2026-02-12 19:24:24,138 copyAuxStoreThinned                               WARNING AthContainers/src/copyAuxStoreThinned.cxx:138: unlocked decoration UEcorr_Pt (955) in object of type xAOD::MuonAuxContainer_v5
2026-02-12 19:24:24,159 AthMpEvtLoopMgr.SharedEvtQueueConsumer               INFO Received from the queue: event num=798 chunk size=1
2026-02-12 19:24:24,160 AthMpEvtLoopMgr.SharedEvtQueueConsumer               INFO Seek to 798 succeeded
2026-02-12 19:24:25,803 copyAuxStoreThinned                               WARNING AthContainers/src/copyAuxStoreThinned.cxx:138: unlocked decoration UEcorr_Pt (955) in object of type xAOD::ElectronAuxContainer_v3
2026-02-12 19:24:25,806 copyAuxStoreThinned                               WARNING AthContainers/src/copyAuxStoreThinned.cxx:138: unlocked decoration UEcorr_Pt (955) in object of type xAOD::MuonAuxContainer_v5
2026-02-12 19:24:25,826 AthMpEvtLoopMgr.SharedEvtQueueConsumer               INFO Received from the queue: event num=803 chunk size=1
2026-02-12 19:24:25,826 AthMpEvtLoopMgr.SharedEvtQueueConsumer               INFO Seek to 803 succeeded
2026-02-12 19:24:25,827 AthenaEventLoopMgr                                   INFO   ===>>>  start processing event #334736361, run #450000 200 events processed so far  <<<===
2026-02-12 19:24:28,300 copyAuxStoreThinned                               WARNING AthContainers/src/copyAuxStoreThinned.cxx:138: unlocked decoration UEcorr_Pt (955) in object of type xAOD::ElectronAuxContainer_v3
2026-02-12 19:24:28,303 copyAuxStoreThinned                               WARNING AthContainers/src/copyAuxStoreThinned.cxx:138: unlocked decoration UEcorr_Pt (955) in object of type xAOD::MuonAuxContainer_v5
2026-02-12 19:24:28,318 AthenaEventLoopMgr                                   INFO   ===>>>  done processing event #334736361, run #450000 201 events processed so far  <<<===
2026-02-12 19:24:28,331 AthMpEvtLoopMgr.SharedEvtQueueConsumer               INFO Received from the queue: event num=810 chunk size=1
2026-02-12 19:24:28,331 AthMpEvtLoopMgr.SharedEvtQueueConsumer               INFO Seek to 810 succeeded
2026-02-12 19:24:30,008 copyAuxStoreThinned                               WARNING AthContainers/src/copyAuxStoreThinned.cxx:138: unlocked decoration UEcorr_Pt (955) in object of type xAOD::ElectronAuxContainer_v3
2026-02-12 19:24:30,012 copyAuxStoreThinned                               WARNING AthContainers/src/copyAuxStoreThinned.cxx:138: unlocked decoration UEcorr_Pt (955) in object of type xAOD::MuonAuxContainer_v5
2026-02-12 19:24:30,033 AthMpEvtLoopMgr.SharedEvtQueueConsumer               INFO Received from the queue: event num=814 chunk size=1
2026-02-12 19:24:30,034 AthMpEvtLoopMgr.SharedEvtQueueConsumer               INFO Seek to 814 succeeded
2026-02-12 19:24:31,268 copyAuxStoreThinned                               WARNING AthContainers/src/copyAuxStoreThinned.cxx:138: unlocked decoration UEcorr_Pt (955) in object of type xAOD::ElectronAuxContainer_v3
2026-02-12 19:24:31,271 copyAuxStoreThinned                               WARNING AthContainers/src/copyAuxStoreThinned.cxx:138: unlocked decoration UEcorr_Pt (955) in object of type xAOD::MuonAuxContainer_v5
2026-02-12 19:24:31,290 AthMpEvtLoopMgr.SharedEvtQueueConsumer               INFO Received from the queue: event num=816 chunk size=1
2026-02-12 19:24:31,290 AthMpEvtLoopMgr.SharedEvtQueueConsumer               INFO Seek to 816 succeeded
2026-02-12 19:24:32,606 copyAuxStoreThinned                               WARNING AthContainers/src/copyAuxStoreThinned.cxx:138: unlocked decoration UEcorr_Pt (955) in object of type xAOD::ElectronAuxContainer_v3
2026-02-12 19:24:32,610 copyAuxStoreThinned                               WARNING AthContainers/src/copyAuxStoreThinned.cxx:138: unlocked decoration UEcorr_Pt (955) in object of type xAOD::MuonAuxContainer_v5
2026-02-12 19:24:32,629 AthMpEvtLoopMgr.SharedEvtQueueConsumer               INFO Received from the queue: event num=820 chunk size=1
2026-02-12 19:24:32,630 AthMpEvtLoopMgr.SharedEvtQueueConsumer               INFO Seek to 820 succeeded
2026-02-12 19:24:34,076 copyAuxStoreThinned                               WARNING AthContainers/src/copyAuxStoreThinned.cxx:138: unlocked decoration UEcorr_Pt (955) in object of type xAOD::ElectronAuxContainer_v3
2026-02-12 19:24:34,080 copyAuxStoreThinned                               WARNING AthContainers/src/copyAuxStoreThinned.cxx:138: unlocked decoration UEcorr_Pt (955) in object of type xAOD::MuonAuxContainer_v5
2026-02-12 19:24:34,101 AthMpEvtLoopMgr.SharedEvtQueueConsumer               INFO Received from the queue: event num=824 chunk size=1
2026-02-12 19:24:34,101 AthMpEvtLoopMgr.SharedEvtQueueConsumer               INFO Seek to 824 succeeded
2026-02-12 19:24:36,025 copyAuxStoreThinned                               WARNING AthContainers/src/copyAuxStoreThinned.cxx:138: unlocked decoration UEcorr_Pt (955) in object of type xAOD::ElectronAuxContainer_v3
2026-02-12 19:24:36,029 copyAuxStoreThinned                               WARNING AthContainers/src/copyAuxStoreThinned.cxx:138: unlocked decoration UEcorr_Pt (955) in object of type xAOD::MuonAuxContainer_v5
2026-02-12 19:24:36,050 AthMpEvtLoopMgr.SharedEvtQueueConsumer               INFO Received from the queue: event num=828 chunk size=1
2026-02-12 19:24:36,050 AthMpEvtLoopMgr.SharedEvtQueueConsumer               INFO Seek to 828 succeeded
2026-02-12 19:24:37,373 copyAuxStoreThinned                               WARNING AthContainers/src/copyAuxStoreThinned.cxx:138: unlocked decoration UEcorr_Pt (955) in object of type xAOD::ElectronAuxContainer_v3
2026-02-12 19:24:37,377 copyAuxStoreThinned                               WARNING AthContainers/src/copyAuxStoreThinned.cxx:138: unlocked decoration UEcorr_Pt (955) in object of type xAOD::MuonAuxContainer_v5
2026-02-12 19:24:37,396 AthMpEvtLoopMgr.SharedEvtQueueConsumer               INFO Received from the queue: event num=831 chunk size=1
2026-02-12 19:24:37,396 AthMpEvtLoopMgr.SharedEvtQueueConsumer               INFO Seek to 831 succeeded
2026-02-12 19:24:38,527 copyAuxStoreThinned                               WARNING AthContainers/src/copyAuxStoreThinned.cxx:138: unlocked decoration UEcorr_Pt (955) in object of type xAOD::ElectronAuxContainer_v3
2026-02-12 19:24:38,530 copyAuxStoreThinned                               WARNING AthContainers/src/copyAuxStoreThinned.cxx:138: unlocked decoration UEcorr_Pt (955) in object of type xAOD::MuonAuxContainer_v5
2026-02-12 19:24:38,549 AthMpEvtLoopMgr.SharedEvtQueueConsumer               INFO Received from the queue: event num=835 chunk size=1
2026-02-12 19:24:38,549 AthMpEvtLoopMgr.SharedEvtQueueConsumer               INFO Seek to 835 succeeded
2026-02-12 19:24:39,488 copyAuxStoreThinned                               WARNING AthContainers/src/copyAuxStoreThinned.cxx:138: unlocked decoration UEcorr_Pt (955) in object of type xAOD::ElectronAuxContainer_v3
2026-02-12 19:24:39,509 AthMpEvtLoopMgr.SharedEvtQueueConsumer               INFO Received from the queue: event num=836 chunk size=1
2026-02-12 19:24:39,510 AthMpEvtLoopMgr.SharedEvtQueueConsumer               INFO Seek to 836 succeeded
2026-02-12 19:24:40,955 copyAuxStoreThinned                               WARNING AthContainers/src/copyAuxStoreThinned.cxx:138: unlocked decoration UEcorr_Pt (955) in object of type xAOD::ElectronAuxContainer_v3
2026-02-12 19:24:40,959 copyAuxStoreThinned                               WARNING AthContainers/src/copyAuxStoreThinned.cxx:138: unlocked decoration UEcorr_Pt (955) in object of type xAOD::MuonAuxContainer_v5
2026-02-12 19:24:40,979 AthMpEvtLoopMgr.SharedEvtQueueConsumer               INFO Received from the queue: event num=840 chunk size=1
2026-02-12 19:24:40,980 AthMpEvtLoopMgr.SharedEvtQueueConsumer               INFO Seek to 840 succeeded
2026-02-12 19:24:41,999 copyAuxStoreThinned                               WARNING AthContainers/src/copyAuxStoreThinned.cxx:138: unlocked decoration UEcorr_Pt (955) in object of type xAOD::ElectronAuxContainer_v3
2026-02-12 19:24:42,004 copyAuxStoreThinned                               WARNING AthContainers/src/copyAuxStoreThinned.cxx:138: unlocked decoration UEcorr_Pt (955) in object of type xAOD::MuonAuxContainer_v5
2026-02-12 19:24:42,024 AthMpEvtLoopMgr.SharedEvtQueueConsumer               INFO Received from the queue: event num=844 chunk size=1
2026-02-12 19:24:42,025 AthMpEvtLoopMgr.SharedEvtQueueConsumer               INFO Seek to 844 succeeded
2026-02-12 19:24:43,391 copyAuxStoreThinned                               WARNING AthContainers/src/copyAuxStoreThinned.cxx:138: unlocked decoration UEcorr_Pt (955) in object of type xAOD::ElectronAuxContainer_v3
2026-02-12 19:24:43,397 copyAuxStoreThinned                               WARNING AthContainers/src/copyAuxStoreThinned.cxx:138: unlocked decoration UEcorr_Pt (955) in object of type xAOD::MuonAuxContainer_v5
2026-02-12 19:24:43,415 AthMpEvtLoopMgr.SharedEvtQueueConsumer               INFO Received from the queue: event num=847 chunk size=1
2026-02-12 19:24:43,416 AthMpEvtLoopMgr.SharedEvtQueueConsumer               INFO Seek to 847 succeeded
2026-02-12 19:24:45,161 copyAuxStoreThinned                               WARNING AthContainers/src/copyAuxStoreThinned.cxx:138: unlocked decoration UEcorr_Pt (955) in object of type xAOD::ElectronAuxContainer_v3
2026-02-12 19:24:45,166 copyAuxStoreThinned                               WARNING AthContainers/src/copyAuxStoreThinned.cxx:138: unlocked decoration UEcorr_Pt (955) in object of type xAOD::MuonAuxContainer_v5
2026-02-12 19:24:45,187 AthMpEvtLoopMgr.SharedEvtQueueConsumer               INFO Received from the queue: event num=851 chunk size=1
2026-02-12 19:24:45,188 AthMpEvtLoopMgr.SharedEvtQueueConsumer               INFO Seek to 851 succeeded
2026-02-12 19:24:46,428 copyAuxStoreThinned                               WARNING AthContainers/src/copyAuxStoreThinned.cxx:138: unlocked decoration UEcorr_Pt (955) in object of type xAOD::ElectronAuxContainer_v3
2026-02-12 19:24:46,432 copyAuxStoreThinned                               WARNING AthContainers/src/copyAuxStoreThinned.cxx:138: unlocked decoration UEcorr_Pt (955) in object of type xAOD::MuonAuxContainer_v5
2026-02-12 19:24:46,452 AthMpEvtLoopMgr.SharedEvtQueueConsumer               INFO Received from the queue: event num=855 chunk size=1
2026-02-12 19:24:46,452 AthMpEvtLoopMgr.SharedEvtQueueConsumer               INFO Seek to 855 succeeded
2026-02-12 19:24:47,823 copyAuxStoreThinned                               WARNING AthContainers/src/copyAuxStoreThinned.cxx:138: unlocked decoration UEcorr_Pt (955) in object of type xAOD::ElectronAuxContainer_v3
2026-02-12 19:24:47,827 copyAuxStoreThinned                               WARNING AthContainers/src/copyAuxStoreThinned.cxx:138: unlocked decoration UEcorr_Pt (955) in object of type xAOD::MuonAuxContainer_v5
2026-02-12 19:24:47,847 AthMpEvtLoopMgr.SharedEvtQueueConsumer               INFO Received from the queue: event num=858 chunk size=1
2026-02-12 19:24:47,848 AthMpEvtLoopMgr.SharedEvtQueueConsumer               INFO Seek to 858 succeeded
2026-02-12 19:24:49,128 copyAuxStoreThinned                               WARNING AthContainers/src/copyAuxStoreThinned.cxx:138: unlocked decoration UEcorr_Pt (955) in object of type xAOD::ElectronAuxContainer_v3
2026-02-12 19:24:49,132 copyAuxStoreThinned                               WARNING AthContainers/src/copyAuxStoreThinned.cxx:138: unlocked decoration UEcorr_Pt (955) in object of type xAOD::MuonAuxContainer_v5
2026-02-12 19:24:49,150 AthMpEvtLoopMgr.SharedEvtQueueConsumer               INFO Received from the queue: event num=862 chunk size=1
2026-02-12 19:24:49,151 AthMpEvtLoopMgr.SharedEvtQueueConsumer               INFO Seek to 862 succeeded
2026-02-12 19:24:50,859 copyAuxStoreThinned                               WARNING AthContainers/src/copyAuxStoreThinned.cxx:138: unlocked decoration UEcorr_Pt (955) in object of type xAOD::ElectronAuxContainer_v3
2026-02-12 19:24:50,863 copyAuxStoreThinned                               WARNING AthContainers/src/copyAuxStoreThinned.cxx:138: unlocked decoration UEcorr_Pt (955) in object of type xAOD::MuonAuxContainer_v5
2026-02-12 19:24:50,886 AthMpEvtLoopMgr.SharedEvtQueueConsumer               INFO Received from the queue: event num=866 chunk size=1
2026-02-12 19:24:50,886 AthMpEvtLoopMgr.SharedEvtQueueConsumer               INFO Seek to 866 succeeded
2026-02-12 19:24:52,092 copyAuxStoreThinned                               WARNING AthContainers/src/copyAuxStoreThinned.cxx:138: unlocked decoration UEcorr_Pt (955) in object of type xAOD::ElectronAuxContainer_v3
2026-02-12 19:24:52,096 copyAuxStoreThinned                               WARNING AthContainers/src/copyAuxStoreThinned.cxx:138: unlocked decoration UEcorr_Pt (955) in object of type xAOD::MuonAuxContainer_v5
2026-02-12 19:24:52,115 AthMpEvtLoopMgr.SharedEvtQueueConsumer               INFO Received from the queue: event num=870 chunk size=1
2026-02-12 19:24:52,116 AthMpEvtLoopMgr.SharedEvtQueueConsumer               INFO Seek to 870 succeeded
2026-02-12 19:24:53,543 copyAuxStoreThinned                               WARNING AthContainers/src/copyAuxStoreThinned.cxx:138: unlocked decoration UEcorr_Pt (955) in object of type xAOD::ElectronAuxContainer_v3
2026-02-12 19:24:53,547 copyAuxStoreThinned                               WARNING AthContainers/src/copyAuxStoreThinned.cxx:138: unlocked decoration UEcorr_Pt (955) in object of type xAOD::MuonAuxContainer_v5
2026-02-12 19:24:53,567 AthMpEvtLoopMgr.SharedEvtQueueConsumer               INFO Received from the queue: event num=875 chunk size=1
2026-02-12 19:24:53,567 AthMpEvtLoopMgr.SharedEvtQueueConsumer               INFO Seek to 875 succeeded
2026-02-12 19:24:54,995 copyAuxStoreThinned                               WARNING AthContainers/src/copyAuxStoreThinned.cxx:138: unlocked decoration UEcorr_Pt (955) in object of type xAOD::ElectronAuxContainer_v3
2026-02-12 19:24:55,000 copyAuxStoreThinned                               WARNING AthContainers/src/copyAuxStoreThinned.cxx:138: unlocked decoration UEcorr_Pt (955) in object of type xAOD::MuonAuxContainer_v5
2026-02-12 19:24:55,020 AthMpEvtLoopMgr.SharedEvtQueueConsumer               INFO Received from the queue: event num=879 chunk size=1
2026-02-12 19:24:55,020 AthMpEvtLoopMgr.SharedEvtQueueConsumer               INFO Seek to 879 succeeded
2026-02-12 19:24:56,406 copyAuxStoreThinned                               WARNING AthContainers/src/copyAuxStoreThinned.cxx:138: unlocked decoration UEcorr_Pt (955) in object of type xAOD::ElectronAuxContainer_v3
2026-02-12 19:24:56,410 copyAuxStoreThinned                               WARNING AthContainers/src/copyAuxStoreThinned.cxx:138: unlocked decoration UEcorr_Pt (955) in object of type xAOD::MuonAuxContainer_v5
2026-02-12 19:24:56,429 AthMpEvtLoopMgr.SharedEvtQueueConsumer               INFO Received from the queue: event num=883 chunk size=1
2026-02-12 19:24:56,429 AthMpEvtLoopMgr.SharedEvtQueueConsumer               INFO Seek to 883 succeeded
2026-02-12 19:24:58,045 copyAuxStoreThinned                               WARNING AthContainers/src/copyAuxStoreThinned.cxx:138: unlocked decoration UEcorr_Pt (955) in object of type xAOD::ElectronAuxContainer_v3
2026-02-12 19:24:58,049 copyAuxStoreThinned                               WARNING AthContainers/src/copyAuxStoreThinned.cxx:138: unlocked decoration UEcorr_Pt (955) in object of type xAOD::MuonAuxContainer_v5
2026-02-12 19:24:58,069 AthMpEvtLoopMgr.SharedEvtQueueConsumer               INFO Received from the queue: event num=887 chunk size=1
2026-02-12 19:24:58,069 AthMpEvtLoopMgr.SharedEvtQueueConsumer               INFO Seek to 887 succeeded
2026-02-12 19:24:59,383 copyAuxStoreThinned                               WARNING AthContainers/src/copyAuxStoreThinned.cxx:138: unlocked decoration UEcorr_Pt (955) in object of type xAOD::ElectronAuxContainer_v3
2026-02-12 19:24:59,386 copyAuxStoreThinned                               WARNING AthContainers/src/copyAuxStoreThinned.cxx:138: unlocked decoration UEcorr_Pt (955) in object of type xAOD::MuonAuxContainer_v5
2026-02-12 19:24:59,405 AthMpEvtLoopMgr.SharedEvtQueueConsumer               INFO Received from the queue: event num=892 chunk size=1
2026-02-12 19:24:59,405 AthMpEvtLoopMgr.SharedEvtQueueConsumer               INFO Seek to 892 succeeded
2026-02-12 19:25:00,973 copyAuxStoreThinned                               WARNING AthContainers/src/copyAuxStoreThinned.cxx:138: unlocked decoration UEcorr_Pt (955) in object of type xAOD::ElectronAuxContainer_v3
2026-02-12 19:25:00,977 copyAuxStoreThinned                               WARNING AthContainers/src/copyAuxStoreThinned.cxx:138: unlocked decoration UEcorr_Pt (955) in object of type xAOD::MuonAuxContainer_v5
2026-02-12 19:25:00,998 AthMpEvtLoopMgr.SharedEvtQueueConsumer               INFO Received from the queue: event num=896 chunk size=1
2026-02-12 19:25:00,998 AthMpEvtLoopMgr.SharedEvtQueueConsumer               INFO Seek to 896 succeeded
2026-02-12 19:25:02,406 copyAuxStoreThinned                               WARNING AthContainers/src/copyAuxStoreThinned.cxx:138: unlocked decoration UEcorr_Pt (955) in object of type xAOD::ElectronAuxContainer_v3
2026-02-12 19:25:02,409 copyAuxStoreThinned                               WARNING AthContainers/src/copyAuxStoreThinned.cxx:138: unlocked decoration UEcorr_Pt (955) in object of type xAOD::MuonAuxContainer_v5
2026-02-12 19:25:02,429 AthMpEvtLoopMgr.SharedEvtQueueConsumer               INFO Received from the queue: event num=900 chunk size=1
2026-02-12 19:25:02,429 AthMpEvtLoopMgr.SharedEvtQueueConsumer               INFO Seek to 900 succeeded
2026-02-12 19:25:03,640 copyAuxStoreThinned                               WARNING AthContainers/src/copyAuxStoreThinned.cxx:138: unlocked decoration UEcorr_Pt (955) in object of type xAOD::ElectronAuxContainer_v3
2026-02-12 19:25:03,644 copyAuxStoreThinned                               WARNING AthContainers/src/copyAuxStoreThinned.cxx:138: unlocked decoration UEcorr_Pt (955) in object of type xAOD::MuonAuxContainer_v5
2026-02-12 19:25:03,664 AthMpEvtLoopMgr.SharedEvtQueueConsumer               INFO Received from the queue: event num=904 chunk size=1
2026-02-12 19:25:03,665 AthMpEvtLoopMgr.SharedEvtQueueConsumer               INFO Seek to 904 succeeded
2026-02-12 19:25:04,819 copyAuxStoreThinned                               WARNING AthContainers/src/copyAuxStoreThinned.cxx:138: unlocked decoration UEcorr_Pt (955) in object of type xAOD::ElectronAuxContainer_v3
2026-02-12 19:25:04,823 copyAuxStoreThinned                               WARNING AthContainers/src/copyAuxStoreThinned.cxx:138: unlocked decoration UEcorr_Pt (955) in object of type xAOD::MuonAuxContainer_v5
2026-02-12 19:25:04,839 AthMpEvtLoopMgr.SharedEvtQueueConsumer               INFO Received from the queue: event num=908 chunk size=1
2026-02-12 19:25:04,840 AthMpEvtLoopMgr.SharedEvtQueueConsumer               INFO Seek to 908 succeeded
2026-02-12 19:25:06,116 copyAuxStoreThinned                               WARNING AthContainers/src/copyAuxStoreThinned.cxx:138: unlocked decoration UEcorr_Pt (955) in object of type xAOD::ElectronAuxContainer_v3
2026-02-12 19:25:06,119 copyAuxStoreThinned                               WARNING AthContainers/src/copyAuxStoreThinned.cxx:138: unlocked decoration UEcorr_Pt (955) in object of type xAOD::MuonAuxContainer_v5
2026-02-12 19:25:06,138 AthMpEvtLoopMgr.SharedEvtQueueConsumer               INFO Received from the queue: event num=912 chunk size=1
2026-02-12 19:25:06,138 AthMpEvtLoopMgr.SharedEvtQueueConsumer               INFO Seek to 912 succeeded
2026-02-12 19:25:08,523 copyAuxStoreThinned                               WARNING AthContainers/src/copyAuxStoreThinned.cxx:138: unlocked decoration UEcorr_Pt (955) in object of type xAOD::ElectronAuxContainer_v3
2026-02-12 19:25:08,528 copyAuxStoreThinned                               WARNING AthContainers/src/copyAuxStoreThinned.cxx:138: unlocked decoration UEcorr_Pt (955) in object of type xAOD::MuonAuxContainer_v5
2026-02-12 19:25:08,552 AthMpEvtLoopMgr.SharedEvtQueueConsumer               INFO Received from the queue: event num=916 chunk size=1
2026-02-12 19:25:08,552 AthMpEvtLoopMgr.SharedEvtQueueConsumer               INFO Seek to 916 succeeded
2026-02-12 19:25:10,115 copyAuxStoreThinned                               WARNING AthContainers/src/copyAuxStoreThinned.cxx:138: unlocked decoration UEcorr_Pt (955) in object of type xAOD::ElectronAuxContainer_v3
2026-02-12 19:25:10,118 copyAuxStoreThinned                               WARNING AthContainers/src/copyAuxStoreThinned.cxx:138: unlocked decoration UEcorr_Pt (955) in object of type xAOD::MuonAuxContainer_v5
2026-02-12 19:25:10,138 AthMpEvtLoopMgr.SharedEvtQueueConsumer               INFO Received from the queue: event num=921 chunk size=1
2026-02-12 19:25:10,138 AthMpEvtLoopMgr.SharedEvtQueueConsumer               INFO Seek to 921 succeeded
2026-02-12 19:25:11,293 copyAuxStoreThinned                               WARNING AthContainers/src/copyAuxStoreThinned.cxx:138: unlocked decoration UEcorr_Pt (955) in object of type xAOD::ElectronAuxContainer_v3
2026-02-12 19:25:11,297 copyAuxStoreThinned                               WARNING AthContainers/src/copyAuxStoreThinned.cxx:138: unlocked decoration UEcorr_Pt (955) in object of type xAOD::MuonAuxContainer_v5
2026-02-12 19:25:11,317 AthMpEvtLoopMgr.SharedEvtQueueConsumer               INFO Received from the queue: event num=923 chunk size=1
2026-02-12 19:25:11,317 AthMpEvtLoopMgr.SharedEvtQueueConsumer               INFO Seek to 923 succeeded
2026-02-12 19:25:12,549 copyAuxStoreThinned                               WARNING AthContainers/src/copyAuxStoreThinned.cxx:138: unlocked decoration UEcorr_Pt (955) in object of type xAOD::ElectronAuxContainer_v3
2026-02-12 19:25:12,553 copyAuxStoreThinned                               WARNING AthContainers/src/copyAuxStoreThinned.cxx:138: unlocked decoration UEcorr_Pt (955) in object of type xAOD::MuonAuxContainer_v5
2026-02-12 19:25:12,572 AthMpEvtLoopMgr.SharedEvtQueueConsumer               INFO Received from the queue: event num=927 chunk size=1
2026-02-12 19:25:12,572 AthMpEvtLoopMgr.SharedEvtQueueConsumer               INFO Seek to 927 succeeded
2026-02-12 19:25:13,614 copyAuxStoreThinned                               WARNING AthContainers/src/copyAuxStoreThinned.cxx:138: unlocked decoration UEcorr_Pt (955) in object of type xAOD::ElectronAuxContainer_v3
2026-02-12 19:25:13,618 copyAuxStoreThinned                               WARNING AthContainers/src/copyAuxStoreThinned.cxx:138: unlocked decoration UEcorr_Pt (955) in object of type xAOD::MuonAuxContainer_v5
2026-02-12 19:25:13,635 AthMpEvtLoopMgr.SharedEvtQueueConsumer               INFO Received from the queue: event num=931 chunk size=1
2026-02-12 19:25:13,635 AthMpEvtLoopMgr.SharedEvtQueueConsumer               INFO Seek to 931 succeeded
2026-02-12 19:25:15,804 copyAuxStoreThinned                               WARNING AthContainers/src/copyAuxStoreThinned.cxx:138: unlocked decoration UEcorr_Pt (955) in object of type xAOD::ElectronAuxContainer_v3
2026-02-12 19:25:15,809 copyAuxStoreThinned                               WARNING AthContainers/src/copyAuxStoreThinned.cxx:138: unlocked decoration UEcorr_Pt (955) in object of type xAOD::MuonAuxContainer_v5
2026-02-12 19:25:15,829 AthMpEvtLoopMgr.SharedEvtQueueConsumer               INFO Received from the queue: event num=936 chunk size=1
2026-02-12 19:25:15,829 AthMpEvtLoopMgr.SharedEvtQueueConsumer               INFO Seek to 936 succeeded
WARNING from FastJet: ClusterSequenceAreaBase::get_median_rho_and_sigma(...): the estimated empty area is suspiciously large and negative and may lead to an over-estimation of rho. This may be due to (i) a rare statistical fluctuation or (ii) too small a range used to estimate the background properties.
2026-02-12 19:25:16,897 copyAuxStoreThinned                               WARNING AthContainers/src/copyAuxStoreThinned.cxx:138: unlocked decoration UEcorr_Pt (955) in object of type xAOD::ElectronAuxContainer_v3
2026-02-12 19:25:16,901 copyAuxStoreThinned                               WARNING AthContainers/src/copyAuxStoreThinned.cxx:138: unlocked decoration UEcorr_Pt (955) in object of type xAOD::MuonAuxContainer_v5
2026-02-12 19:25:16,921 AthMpEvtLoopMgr.SharedEvtQueueConsumer               INFO Received from the queue: event num=939 chunk size=1
2026-02-12 19:25:16,921 AthMpEvtLoopMgr.SharedEvtQueueConsumer               INFO Seek to 939 succeeded
2026-02-12 19:25:18,195 copyAuxStoreThinned                               WARNING AthContainers/src/copyAuxStoreThinned.cxx:138: unlocked decoration UEcorr_Pt (955) in object of type xAOD::ElectronAuxContainer_v3
2026-02-12 19:25:18,198 copyAuxStoreThinned                               WARNING AthContainers/src/copyAuxStoreThinned.cxx:138: unlocked decoration UEcorr_Pt (955) in object of type xAOD::MuonAuxContainer_v5
2026-02-12 19:25:18,217 AthMpEvtLoopMgr.SharedEvtQueueConsumer               INFO Received from the queue: event num=942 chunk size=1
2026-02-12 19:25:18,218 AthMpEvtLoopMgr.SharedEvtQueueConsumer               INFO Seek to 942 succeeded
2026-02-12 19:25:19,668 copyAuxStoreThinned                               WARNING AthContainers/src/copyAuxStoreThinned.cxx:138: unlocked decoration UEcorr_Pt (955) in object of type xAOD::ElectronAuxContainer_v3
2026-02-12 19:25:19,672 copyAuxStoreThinned                               WARNING AthContainers/src/copyAuxStoreThinned.cxx:138: unlocked decoration UEcorr_Pt (955) in object of type xAOD::MuonAuxContainer_v5
2026-02-12 19:25:19,691 AthMpEvtLoopMgr.SharedEvtQueueConsumer               INFO Received from the queue: event num=946 chunk size=1
2026-02-12 19:25:19,692 AthMpEvtLoopMgr.SharedEvtQueueConsumer               INFO Seek to 946 succeeded
2026-02-12 19:25:21,205 copyAuxStoreThinned                               WARNING AthContainers/src/copyAuxStoreThinned.cxx:138: unlocked decoration UEcorr_Pt (955) in object of type xAOD::ElectronAuxContainer_v3
2026-02-12 19:25:21,226 AthMpEvtLoopMgr.SharedEvtQueueConsumer               INFO Received from the queue: event num=952 chunk size=1
2026-02-12 19:25:21,226 AthMpEvtLoopMgr.SharedEvtQueueConsumer               INFO Seek to 952 succeeded
2026-02-12 19:25:22,399 copyAuxStoreThinned                               WARNING AthContainers/src/copyAuxStoreThinned.cxx:138: unlocked decoration UEcorr_Pt (955) in object of type xAOD::ElectronAuxContainer_v3
2026-02-12 19:25:22,403 copyAuxStoreThinned                               WARNING AthContainers/src/copyAuxStoreThinned.cxx:138: unlocked decoration UEcorr_Pt (955) in object of type xAOD::MuonAuxContainer_v5
2026-02-12 19:25:22,422 AthMpEvtLoopMgr.SharedEvtQueueConsumer               INFO Received from the queue: event num=955 chunk size=1
2026-02-12 19:25:22,423 AthMpEvtLoopMgr.SharedEvtQueueConsumer               INFO Seek to 955 succeeded
2026-02-12 19:25:24,607 copyAuxStoreThinned                               WARNING AthContainers/src/copyAuxStoreThinned.cxx:138: unlocked decoration UEcorr_Pt (955) in object of type xAOD::ElectronAuxContainer_v3
2026-02-12 19:25:24,611 copyAuxStoreThinned                               WARNING AthContainers/src/copyAuxStoreThinned.cxx:138: unlocked decoration UEcorr_Pt (955) in object of type xAOD::MuonAuxContainer_v5
2026-02-12 19:25:24,639 AthMpEvtLoopMgr.SharedEvtQueueConsumer               INFO Received from the queue: event num=960 chunk size=1
2026-02-12 19:25:24,639 AthMpEvtLoopMgr.SharedEvtQueueConsumer               INFO Seek to 960 succeeded
WARNING from FastJet: ClusterSequenceAreaBase::get_median_rho_and_sigma(...): the estimated empty area is suspiciously large and negative and may lead to an over-estimation of rho. This may be due to (i) a rare statistical fluctuation or (ii) too small a range used to estimate the background properties.
2026-02-12 19:25:25,962 copyAuxStoreThinned                               WARNING AthContainers/src/copyAuxStoreThinned.cxx:138: unlocked decoration UEcorr_Pt (955) in object of type xAOD::ElectronAuxContainer_v3
2026-02-12 19:25:25,966 copyAuxStoreThinned                               WARNING AthContainers/src/copyAuxStoreThinned.cxx:138: unlocked decoration UEcorr_Pt (955) in object of type xAOD::MuonAuxContainer_v5
2026-02-12 19:25:25,984 AthMpEvtLoopMgr.SharedEvtQueueConsumer               INFO Received from the queue: event num=964 chunk size=1
2026-02-12 19:25:25,985 AthMpEvtLoopMgr.SharedEvtQueueConsumer               INFO Seek to 964 succeeded
2026-02-12 19:25:27,593 copyAuxStoreThinned                               WARNING AthContainers/src/copyAuxStoreThinned.cxx:138: unlocked decoration UEcorr_Pt (955) in object of type xAOD::ElectronAuxContainer_v3
2026-02-12 19:25:27,597 copyAuxStoreThinned                               WARNING AthContainers/src/copyAuxStoreThinned.cxx:138: unlocked decoration UEcorr_Pt (955) in object of type xAOD::MuonAuxContainer_v5
2026-02-12 19:25:27,619 AthMpEvtLoopMgr.SharedEvtQueueConsumer               INFO Received from the queue: event num=968 chunk size=1
2026-02-12 19:25:27,620 AthMpEvtLoopMgr.SharedEvtQueueConsumer               INFO Seek to 968 succeeded
2026-02-12 19:25:28,621 copyAuxStoreThinned                               WARNING AthContainers/src/copyAuxStoreThinned.cxx:138: unlocked decoration UEcorr_Pt (955) in object of type xAOD::ElectronAuxContainer_v3
2026-02-12 19:25:28,625 copyAuxStoreThinned                               WARNING AthContainers/src/copyAuxStoreThinned.cxx:138: unlocked decoration UEcorr_Pt (955) in object of type xAOD::MuonAuxContainer_v5
2026-02-12 19:25:28,644 AthMpEvtLoopMgr.SharedEvtQueueConsumer               INFO Received from the queue: event num=972 chunk size=1
2026-02-12 19:25:28,644 AthMpEvtLoopMgr.SharedEvtQueueConsumer               INFO Seek to 972 succeeded
2026-02-12 19:25:29,737 copyAuxStoreThinned                               WARNING AthContainers/src/copyAuxStoreThinned.cxx:138: unlocked decoration UEcorr_Pt (955) in object of type xAOD::ElectronAuxContainer_v3
2026-02-12 19:25:29,741 copyAuxStoreThinned                               WARNING AthContainers/src/copyAuxStoreThinned.cxx:138: unlocked decoration UEcorr_Pt (955) in object of type xAOD::MuonAuxContainer_v5
2026-02-12 19:25:29,761 AthMpEvtLoopMgr.SharedEvtQueueConsumer               INFO Received from the queue: event num=975 chunk size=1
2026-02-12 19:25:29,761 AthMpEvtLoopMgr.SharedEvtQueueConsumer               INFO Seek to 975 succeeded
2026-02-12 19:25:30,819 copyAuxStoreThinned                               WARNING AthContainers/src/copyAuxStoreThinned.cxx:138: unlocked decoration UEcorr_Pt (955) in object of type xAOD::ElectronAuxContainer_v3
2026-02-12 19:25:30,823 copyAuxStoreThinned                               WARNING AthContainers/src/copyAuxStoreThinned.cxx:138: unlocked decoration UEcorr_Pt (955) in object of type xAOD::MuonAuxContainer_v5
2026-02-12 19:25:30,843 AthMpEvtLoopMgr.SharedEvtQueueConsumer               INFO Received from the queue: event num=979 chunk size=1
2026-02-12 19:25:30,843 AthMpEvtLoopMgr.SharedEvtQueueConsumer               INFO Seek to 979 succeeded
2026-02-12 19:25:31,733 copyAuxStoreThinned                               WARNING AthContainers/src/copyAuxStoreThinned.cxx:138: unlocked decoration UEcorr_Pt (955) in object of type xAOD::ElectronAuxContainer_v3
2026-02-12 19:25:31,736 copyAuxStoreThinned                               WARNING AthContainers/src/copyAuxStoreThinned.cxx:138: unlocked decoration UEcorr_Pt (955) in object of type xAOD::MuonAuxContainer_v5
2026-02-12 19:25:31,754 AthMpEvtLoopMgr.SharedEvtQueueConsumer               INFO Received from the queue: event num=981 chunk size=1
AthMpEvtLoopMgr... WARNING INFO message limit (500) reached for AthMpEvtLoopMgr.SharedEvtQueueConsumer. Suppressing further output.
2026-02-12 19:25:33,630 copyAuxStoreThinned                               WARNING AthContainers/src/copyAuxStoreThinned.cxx:138: unlocked decoration UEcorr_Pt (955) in object of type xAOD::ElectronAuxContainer_v3
2026-02-12 19:25:33,634 copyAuxStoreThinned                               WARNING AthContainers/src/copyAuxStoreThinned.cxx:138: unlocked decoration UEcorr_Pt (955) in object of type xAOD::MuonAuxContainer_v5
2026-02-12 19:25:34,787 copyAuxStoreThinned                               WARNING AthContainers/src/copyAuxStoreThinned.cxx:138: unlocked decoration UEcorr_Pt (955) in object of type xAOD::ElectronAuxContainer_v3
2026-02-12 19:25:34,791 copyAuxStoreThinned                               WARNING AthContainers/src/copyAuxStoreThinned.cxx:138: unlocked decoration UEcorr_Pt (955) in object of type xAOD::MuonAuxContainer_v5
2026-02-12 19:25:38,640 copyAuxStoreThinned                               WARNING AthContainers/src/copyAuxStoreThinned.cxx:138: unlocked decoration UEcorr_Pt (955) in object of type xAOD::ElectronAuxContainer_v3
2026-02-12 19:25:38,651 copyAuxStoreThinned                               WARNING AthContainers/src/copyAuxStoreThinned.cxx:138: unlocked decoration UEcorr_Pt (955) in object of type xAOD::MuonAuxContainer_v5
2026-02-12 19:25:40,932 copyAuxStoreThinned                               WARNING AthContainers/src/copyAuxStoreThinned.cxx:138: unlocked decoration UEcorr_Pt (955) in object of type xAOD::ElectronAuxContainer_v3
2026-02-12 19:25:40,936 copyAuxStoreThinned                               WARNING AthContainers/src/copyAuxStoreThinned.cxx:138: unlocked decoration UEcorr_Pt (955) in object of type xAOD::MuonAuxContainer_v5
2026-02-12 19:25:50,215 ToolSvc.BookkeeperTool                               INFO Successfully copied CutBookkeepers to the output MetaDataStore
2026-02-12 19:25:50,261 /eos/home-b/bkamgama/draft/Run_sleep_10000/...root   INFO Database being retired...
2026-02-12 19:25:50,711 /eos/home-b/bkamgama/draft/Run_sleep_10000/...root   INFO ->  Deaccess DbDatabase   READ      [ROOT_All] AA21FB28-2672-434E-9813-0D7BE842151D
2026-02-12 19:25:50,712 AthenaPoolSharedIOCnvSvc.OutputStreamingTool         INFO in stop()
2026-02-12 19:25:50,712 AthenaPoolSharedIOCnvSvc.OutputStreamingTool         INFO Client stop() inform Server: 4
2026-02-12 19:25:50,741 ApplicationMgr                                       INFO Application Manager Stopped successfully
2026-02-12 19:25:50,868 CondInputLoader                                      INFO Finalizing CondInputLoader...
2026-02-12 19:25:50,868 MCTruthClassificationKernel                          INFO ============================================================================
2026-02-12 19:25:50,869 MCTruthClassificationKernel                          INFO  The following CP tools were called by MCTruthClassificationKernel for the whole train:
2026-02-12 19:25:50,869 MCTruthClassificationKernel                          INFO ToolSvc.DFCommonTruthClassificationTool
2026-02-12 19:25:50,869 MCTruthClassificationKernel                          INFO ============================================================================
2026-02-12 19:25:50,869 PhysCommonTruthCharmKernel                           INFO ============================================================================
2026-02-12 19:25:50,869 PhysCommonTruthCharmKernel                           INFO  The following CP tools were called by PhysCommonTruthCharmKernel for the whole train:
2026-02-12 19:25:50,869 PhysCommonTruthCharmKernel                           INFO ToolSvc.PhysCommonTruthCharmTool
2026-02-12 19:25:50,869 PhysCommonTruthCharmKernel                           INFO ============================================================================
2026-02-12 19:25:50,869 MCTruthCommonHFAndDecaysKernel                       INFO ============================================================================
2026-02-12 19:25:50,869 MCTruthCommonHFAndDecaysKernel                       INFO  The following CP tools were called by MCTruthCommonHFAndDecaysKernel for the whole train:
2026-02-12 19:25:50,869 MCTruthCommonHFAndDecaysKernel                       INFO ToolSvc.DFCommonHFAndDecaysTool
2026-02-12 19:25:50,869 MCTruthCommonHFAndDecaysKernel                       INFO ============================================================================
2026-02-12 19:25:50,870 DFCommonTruthMetaDataWriterKernel                    INFO ============================================================================
2026-02-12 19:25:50,870 DFCommonTruthMetaDataWriterKernel                    INFO  The following CP tools were called by DFCommonTruthMetaDataWriterKernel for the whole train:
2026-02-12 19:25:50,870 DFCommonTruthMetaDataWriterKernel                    INFO ToolSvc.DFCommonTruthMetaDataWriter
2026-02-12 19:25:50,870 DFCommonTruthMetaDataWriterKernel                    INFO ============================================================================
2026-02-12 19:25:50,870 MCTruthCommonPreJetKernelNo1                         INFO ============================================================================
2026-02-12 19:25:50,870 MCTruthCommonPreJetKernelNo1                         INFO  The following CP tools were called by MCTruthCommonPreJetKernelNo1 for the whole train:
2026-02-12 19:25:50,870 MCTruthCommonPreJetKernelNo1                         INFO ToolSvc.DFCommonTruthMuonTool
2026-02-12 19:25:50,870 MCTruthCommonPreJetKernelNo1                         INFO ============================================================================
2026-02-12 19:25:50,870 MCTruthCommonPreJetKernelNo2                         INFO ============================================================================
2026-02-12 19:25:50,870 MCTruthCommonPreJetKernelNo2                         INFO  The following CP tools were called by MCTruthCommonPreJetKernelNo2 for the whole train:
2026-02-12 19:25:50,870 MCTruthCommonPreJetKernelNo2                         INFO ToolSvc.DFCommonTruthElectronTool
2026-02-12 19:25:50,870 MCTruthCommonPreJetKernelNo2                         INFO ============================================================================
2026-02-12 19:25:50,870 MCTruthCommonPreJetKernelNo3                         INFO ============================================================================
2026-02-12 19:25:50,870 MCTruthCommonPreJetKernelNo3                         INFO  The following CP tools were called by MCTruthCommonPreJetKernelNo3 for the whole train:
2026-02-12 19:25:50,870 MCTruthCommonPreJetKernelNo3                         INFO ToolSvc.DFCommonTruthPhotonToolSim
2026-02-12 19:25:50,870 MCTruthCommonPreJetKernelNo3                         INFO ============================================================================
2026-02-12 19:25:50,870 MCTruthCommonPreJetKernelNo4                         INFO ============================================================================
2026-02-12 19:25:50,870 MCTruthCommonPreJetKernelNo4                         INFO  The following CP tools were called by MCTruthCommonPreJetKernelNo4 for the whole train:
2026-02-12 19:25:50,870 MCTruthCommonPreJetKernelNo4                         INFO ToolSvc.DFCommonTruthNeutrinoTool
2026-02-12 19:25:50,870 MCTruthCommonPreJetKernelNo4                         INFO ============================================================================
2026-02-12 19:25:50,871 MCTruthCommonPreJetKernelNo5                         INFO ============================================================================
2026-02-12 19:25:50,871 MCTruthCommonPreJetKernelNo5                         INFO  The following CP tools were called by MCTruthCommonPreJetKernelNo5 for the whole train:
2026-02-12 19:25:50,871 MCTruthCommonPreJetKernelNo5                         INFO ToolSvc.DFCommonTruthBottomTool
2026-02-12 19:25:50,871 MCTruthCommonPreJetKernelNo5                         INFO ============================================================================
2026-02-12 19:25:50,871 MCTruthCommonPreJetKernelNo6                         INFO ============================================================================
2026-02-12 19:25:50,871 MCTruthCommonPreJetKernelNo6                         INFO  The following CP tools were called by MCTruthCommonPreJetKernelNo6 for the whole train:
2026-02-12 19:25:50,871 MCTruthCommonPreJetKernelNo6                         INFO ToolSvc.DFCommonTruthTopTool
2026-02-12 19:25:50,871 MCTruthCommonPreJetKernelNo6                         INFO ============================================================================
2026-02-12 19:25:50,871 MCTruthCommonPreJetKernelNo7                         INFO ============================================================================
2026-02-12 19:25:50,871 MCTruthCommonPreJetKernelNo7                         INFO  The following CP tools were called by MCTruthCommonPreJetKernelNo7 for the whole train:
2026-02-12 19:25:50,871 MCTruthCommonPreJetKernelNo7                         INFO ToolSvc.DFCommonTruthBosonTool
2026-02-12 19:25:50,871 MCTruthCommonPreJetKernelNo7                         INFO ============================================================================
2026-02-12 19:25:50,871 MCTruthCommonPreJetKernelNo8                         INFO ============================================================================
2026-02-12 19:25:50,871 MCTruthCommonPreJetKernelNo8                         INFO  The following CP tools were called by MCTruthCommonPreJetKernelNo8 for the whole train:
2026-02-12 19:25:50,871 MCTruthCommonPreJetKernelNo8                         INFO ToolSvc.DFCommonTruthBSMTool
2026-02-12 19:25:50,871 MCTruthCommonPreJetKernelNo8                         INFO ============================================================================
2026-02-12 19:25:50,871 MCTruthCommonPreJetKernelNo9                         INFO ============================================================================
2026-02-12 19:25:50,871 MCTruthCommonPreJetKernelNo9                         INFO  The following CP tools were called by MCTruthCommonPreJetKernelNo9 for the whole train:
2026-02-12 19:25:50,871 MCTruthCommonPreJetKernelNo9                         INFO ToolSvc.DFCommonTruthElectronIsolationTool1
2026-02-12 19:25:50,872 MCTruthCommonPreJetKernelNo9                         INFO ============================================================================
2026-02-12 19:25:50,872 MCTruthCommonPreJetKernelNo10                        INFO ============================================================================
2026-02-12 19:25:50,872 MCTruthCommonPreJetKernelNo10                        INFO  The following CP tools were called by MCTruthCommonPreJetKernelNo10 for the whole train:
2026-02-12 19:25:50,872 MCTruthCommonPreJetKernelNo10                        INFO ToolSvc.DFCommonTruthElectronIsolationTool2
2026-02-12 19:25:50,872 MCTruthCommonPreJetKernelNo10                        INFO ============================================================================
2026-02-12 19:25:50,872 MCTruthCommonPreJetKernelNo11                        INFO ============================================================================
2026-02-12 19:25:50,872 MCTruthCommonPreJetKernelNo11                        INFO  The following CP tools were called by MCTruthCommonPreJetKernelNo11 for the whole train:
2026-02-12 19:25:50,872 MCTruthCommonPreJetKernelNo11                        INFO ToolSvc.DFCommonTruthMuonIsolationTool1
2026-02-12 19:25:50,872 MCTruthCommonPreJetKernelNo11                        INFO ============================================================================
2026-02-12 19:25:50,872 MCTruthCommonPreJetKernelNo12                        INFO ============================================================================
2026-02-12 19:25:50,872 MCTruthCommonPreJetKernelNo12                        INFO  The following CP tools were called by MCTruthCommonPreJetKernelNo12 for the whole train:
2026-02-12 19:25:50,872 MCTruthCommonPreJetKernelNo12                        INFO ToolSvc.DFCommonTruthMuonIsolationTool2
2026-02-12 19:25:50,872 MCTruthCommonPreJetKernelNo12                        INFO ============================================================================
2026-02-12 19:25:50,872 MCTruthCommonPreJetKernelNo13                        INFO ============================================================================
2026-02-12 19:25:50,872 MCTruthCommonPreJetKernelNo13                        INFO  The following CP tools were called by MCTruthCommonPreJetKernelNo13 for the whole train:
2026-02-12 19:25:50,872 MCTruthCommonPreJetKernelNo13                        INFO ToolSvc.DFCommonTruthPhotonIsolationTool1
2026-02-12 19:25:50,872 MCTruthCommonPreJetKernelNo13                        INFO ============================================================================
2026-02-12 19:25:50,872 MCTruthCommonPreJetKernelNo14                        INFO ============================================================================
2026-02-12 19:25:50,872 MCTruthCommonPreJetKernelNo14                        INFO  The following CP tools were called by MCTruthCommonPreJetKernelNo14 for the whole train:
2026-02-12 19:25:50,873 MCTruthCommonPreJetKernelNo14                        INFO ToolSvc.DFCommonTruthPhotonIsolationTool2
2026-02-12 19:25:50,873 MCTruthCommonPreJetKernelNo14                        INFO ============================================================================
2026-02-12 19:25:50,873 MCTruthCommonPreJetKernelNo15                        INFO ============================================================================
2026-02-12 19:25:50,873 MCTruthCommonPreJetKernelNo15                        INFO  The following CP tools were called by MCTruthCommonPreJetKernelNo15 for the whole train:
2026-02-12 19:25:50,873 MCTruthCommonPreJetKernelNo15                        INFO ToolSvc.DFCommonTruthPhotonIsolationTool3
2026-02-12 19:25:50,873 MCTruthCommonPreJetKernelNo15                        INFO ============================================================================
2026-02-12 19:25:50,873 MCTruthCommonPreJetKernelNo16                        INFO ============================================================================
2026-02-12 19:25:50,873 MCTruthCommonPreJetKernelNo16                        INFO  The following CP tools were called by MCTruthCommonPreJetKernelNo16 for the whole train:
2026-02-12 19:25:50,873 MCTruthCommonPreJetKernelNo16                        INFO ToolSvc.DFCommonTruthForwardProtonTool
2026-02-12 19:25:50,873 MCTruthCommonPreJetKernelNo16                        INFO ============================================================================
2026-02-12 19:25:50,873 MCTruthCommonPreJetKernelNo17                        INFO ============================================================================
2026-02-12 19:25:50,873 MCTruthCommonPreJetKernelNo17                        INFO  The following CP tools were called by MCTruthCommonPreJetKernelNo17 for the whole train:
2026-02-12 19:25:50,873 MCTruthCommonPreJetKernelNo17                        INFO ToolSvc.DFCommonTruthElectronDressingTool
2026-02-12 19:25:50,873 MCTruthCommonPreJetKernelNo17                        INFO ============================================================================
2026-02-12 19:25:50,873 MCTruthCommonPreJetKernelNo18                        INFO ============================================================================
2026-02-12 19:25:50,873 MCTruthCommonPreJetKernelNo18                        INFO  The following CP tools were called by MCTruthCommonPreJetKernelNo18 for the whole train:
2026-02-12 19:25:50,873 MCTruthCommonPreJetKernelNo18                        INFO ToolSvc.DFCommonTruthMuonDressingTool
2026-02-12 19:25:50,873 MCTruthCommonPreJetKernelNo18                        INFO ============================================================================
2026-02-12 19:25:50,875 TauTruthCommonKernel2                                INFO ============================================================================
2026-02-12 19:25:50,875 TauTruthCommonKernel2                                INFO  The following CP tools were called by TauTruthCommonKernel2 for the whole train:
2026-02-12 19:25:50,875 TauTruthCommonKernel2                                INFO ToolSvc.DFCommonTauJetsTruthMatchingWrapper
2026-02-12 19:25:50,875 TauTruthCommonKernel2                                INFO ============================================================================
2026-02-12 19:25:50,875 MCTruthCommonPostJetKernelNo1                        INFO ============================================================================
2026-02-12 19:25:50,875 MCTruthCommonPostJetKernelNo1                        INFO  The following CP tools were called by MCTruthCommonPostJetKernelNo1 for the whole train:
2026-02-12 19:25:50,875 MCTruthCommonPostJetKernelNo1                        INFO ToolSvc.DFCommonTruthTauDressingTool
2026-02-12 19:25:50,875 MCTruthCommonPostJetKernelNo1                        INFO ============================================================================
2026-02-12 19:25:50,875 MCTruthCommonPostJetKernelNo2                        INFO ============================================================================
2026-02-12 19:25:50,875 MCTruthCommonPostJetKernelNo2                        INFO  The following CP tools were called by MCTruthCommonPostJetKernelNo2 for the whole train:
2026-02-12 19:25:50,875 MCTruthCommonPostJetKernelNo2                        INFO ToolSvc.DFCommonTruthGenFilt
2026-02-12 19:25:50,875 MCTruthCommonPostJetKernelNo2                        INFO ============================================================================
2026-02-12 19:25:50,875 MCTruthCommonPostJetKernelNo3                        INFO ============================================================================
2026-02-12 19:25:50,875 MCTruthCommonPostJetKernelNo3                        INFO  The following CP tools were called by MCTruthCommonPostJetKernelNo3 for the whole train:
2026-02-12 19:25:50,875 MCTruthCommonPostJetKernelNo3                        INFO ToolSvc.DFCommonTruthDressedWZQGLabelTool
2026-02-12 19:25:50,875 MCTruthCommonPostJetKernelNo3                        INFO ============================================================================
2026-02-12 19:25:50,875 MCTruthNavigationDecoratorKernel                     INFO ============================================================================
2026-02-12 19:25:50,875 MCTruthNavigationDecoratorKernel                     INFO  The following CP tools were called by MCTruthNavigationDecoratorKernel for the whole train:
2026-02-12 19:25:50,875 MCTruthNavigationDecoratorKernel                     INFO ToolSvc.DFCommonTruthNavigationDecorator
2026-02-12 19:25:50,875 MCTruthNavigationDecoratorKernel                     INFO ============================================================================
2026-02-12 19:25:50,875 MCTruthCommonBosonsAndDecaysKernel                   INFO ============================================================================
2026-02-12 19:25:50,876 MCTruthCommonBosonsAndDecaysKernel                   INFO  The following CP tools were called by MCTruthCommonBosonsAndDecaysKernel for the whole train:
2026-02-12 19:25:50,876 MCTruthCommonBosonsAndDecaysKernel                   INFO ToolSvc.DFCommonBosonsAndDecaysTool
2026-02-12 19:25:50,876 MCTruthCommonBosonsAndDecaysKernel                   INFO ============================================================================
2026-02-12 19:25:50,876 MCTruthCommonBSMAndDecaysKernel                      INFO ============================================================================
2026-02-12 19:25:50,876 MCTruthCommonBSMAndDecaysKernel                      INFO  The following CP tools were called by MCTruthCommonBSMAndDecaysKernel for the whole train:
2026-02-12 19:25:50,876 MCTruthCommonBSMAndDecaysKernel                      INFO ToolSvc.DFCommonBSMAndDecaysTool
2026-02-12 19:25:50,876 MCTruthCommonBSMAndDecaysKernel                      INFO ============================================================================
2026-02-12 19:25:50,876 MCTruthCommonBornLeptonsKernel                       INFO ============================================================================
2026-02-12 19:25:50,876 MCTruthCommonBornLeptonsKernel                       INFO  The following CP tools were called by MCTruthCommonBornLeptonsKernel for the whole train:
2026-02-12 19:25:50,876 MCTruthCommonBornLeptonsKernel                       INFO ToolSvc.DFCommonBornLeptonCollTool
2026-02-12 19:25:50,876 MCTruthCommonBornLeptonsKernel                       INFO ============================================================================
2026-02-12 19:25:50,876 MiniCollectionTruthLinkKernelNo1                     INFO ============================================================================
2026-02-12 19:25:50,876 MiniCollectionTruthLinkKernelNo1                     INFO  The following CP tools were called by MiniCollectionTruthLinkKernelNo1 for the whole train:
2026-02-12 19:25:50,876 MiniCollectionTruthLinkKernelNo1                     INFO ToolSvc.ElMiniCollectionTruthLinkTool
2026-02-12 19:25:50,876 MiniCollectionTruthLinkKernelNo1                     INFO ============================================================================
2026-02-12 19:25:50,876 MiniCollectionTruthLinkKernelNo2                     INFO ============================================================================
2026-02-12 19:25:50,876 MiniCollectionTruthLinkKernelNo2                     INFO  The following CP tools were called by MiniCollectionTruthLinkKernelNo2 for the whole train:
2026-02-12 19:25:50,876 MiniCollectionTruthLinkKernelNo2                     INFO ToolSvc.PhMiniCollectionTruthLinkTool
2026-02-12 19:25:50,876 MiniCollectionTruthLinkKernelNo2                     INFO ============================================================================
2026-02-12 19:25:50,876 MiniCollectionTruthLinkKernelNo3                     INFO ============================================================================
2026-02-12 19:25:50,877 MiniCollectionTruthLinkKernelNo3                     INFO  The following CP tools were called by MiniCollectionTruthLinkKernelNo3 for the whole train:
2026-02-12 19:25:50,877 MiniCollectionTruthLinkKernelNo3                     INFO ToolSvc.MuMiniCollectionTruthLinkTool
2026-02-12 19:25:50,877 MiniCollectionTruthLinkKernelNo3                     INFO ============================================================================
2026-02-12 19:25:50,877 MCTruthCommonTruthPVCollKernel                       INFO ============================================================================
2026-02-12 19:25:50,877 MCTruthCommonTruthPVCollKernel                       INFO  The following CP tools were called by MCTruthCommonTruthPVCollKernel for the whole train:
2026-02-12 19:25:50,877 MCTruthCommonTruthPVCollKernel                       INFO ToolSvc.DFCommonTruthPVCollTool
2026-02-12 19:25:50,877 MCTruthCommonTruthPVCollKernel                       INFO ============================================================================
2026-02-12 19:25:50,877 DFCommonHSDecorator                                  INFO ============================================================================
2026-02-12 19:25:50,877 DFCommonHSDecorator                                  INFO  The following CP tools were called by DFCommonHSDecorator for the whole train:
2026-02-12 19:25:50,877 DFCommonHSDecorator                                  INFO ToolSvc.HardScatterDecorTool
2026-02-12 19:25:50,877 DFCommonHSDecorator                                  INFO ============================================================================
2026-02-12 19:25:50,877 InDetCommonKernelDFCommonTrackSelection              INFO ============================================================================
2026-02-12 19:25:50,877 InDetCommonKernelDFCommonTrackSelection              INFO  The following CP tools were called by InDetCommonKernelDFCommonTrackSelection for the whole train:
2026-02-12 19:25:50,877 InDetCommonKernelDFCommonTrackSelection              INFO ToolSvc.DFCommonTrackSelection
2026-02-12 19:25:50,877 InDetCommonKernelDFCommonTrackSelection              INFO ============================================================================
2026-02-12 19:25:50,877 InDetCommonKernelDFCommonZ0AtPV                      INFO ============================================================================
2026-02-12 19:25:50,877 InDetCommonKernelDFCommonZ0AtPV                      INFO  The following CP tools were called by InDetCommonKernelDFCommonZ0AtPV for the whole train:
2026-02-12 19:25:50,877 InDetCommonKernelDFCommonZ0AtPV                      INFO ToolSvc.DFCommonZ0AtPV
2026-02-12 19:25:50,877 InDetCommonKernelDFCommonZ0AtPV                      INFO ============================================================================
2026-02-12 19:25:50,877 InDetCommonKernelDFCommonUsedInFitDecorator          INFO ============================================================================
2026-02-12 19:25:50,878 InDetCommonKernelDFCommonUsedInFitDecorator          INFO  The following CP tools were called by InDetCommonKernelDFCommonUsedInFitDecorator for the whole train:
2026-02-12 19:25:50,878 InDetCommonKernelDFCommonUsedInFitDecorator          INFO ToolSvc.DFCommonUsedInFitDecorator
2026-02-12 19:25:50,878 InDetCommonKernelDFCommonUsedInFitDecorator          INFO ============================================================================
2026-02-12 19:25:50,878 DFCommonMuonsKernel                                  INFO ============================================================================
2026-02-12 19:25:50,878 DFCommonMuonsKernel                                  INFO  The following CP tools were called by DFCommonMuonsKernel for the whole train:
2026-02-12 19:25:50,878 DFCommonMuonsKernel                                  INFO ToolSvc.DFCommonMuonToolWrapperIDCuts
2026-02-12 19:25:50,878 DFCommonMuonsKernel                                  INFO ToolSvc.DFCommonMuonToolWrapperPreselection
2026-02-12 19:25:50,878 DFCommonMuonsKernel                                  INFO ============================================================================
2026-02-12 19:25:50,878 IsolationBuilderNonpro...All_MaxWeightLooseCone500   INFO Finalizing IsolationBuilderNonprompt_All_MaxWeightLooseCone500...
2026-02-12 19:25:50,878 IsolationBuilderNonprompt_All_MaxWeight500           INFO Finalizing IsolationBuilderNonprompt_All_MaxWeight500...
2026-02-12 19:25:50,878 IsolationBuilderNonpro...ll_MaxWeightLooseCone1000   INFO Finalizing IsolationBuilderNonprompt_All_MaxWeightLooseCone1000...
2026-02-12 19:25:50,878 IsolationBuilderNonprompt_All_MaxWeight1000          INFO Finalizing IsolationBuilderNonprompt_All_MaxWeight1000...
2026-02-12 19:25:50,878 EGammaCommonKernel                                   INFO ============================================================================
2026-02-12 19:25:50,878 EGammaCommonKernel                                   INFO  The following CP tools were called by EGammaCommonKernel for the whole train:
2026-02-12 19:25:50,878 EGammaCommonKernel                                   INFO ToolSvc.DFCommonPhotonsDirection
2026-02-12 19:25:50,878 EGammaCommonKernel                                   INFO ToolSvc.ElectronPassLHVeryLoose
2026-02-12 19:25:50,878 EGammaCommonKernel                                   INFO ToolSvc.ElectronPassLHLoose
2026-02-12 19:25:50,879 EGammaCommonKernel                                   INFO ToolSvc.ElectronPassLHLooseBL
2026-02-12 19:25:50,879 EGammaCommonKernel                                   INFO ToolSvc.ElectronPassLHMedium
2026-02-12 19:25:50,879 EGammaCommonKernel                                   INFO ToolSvc.ElectronPassLHTight
2026-02-12 19:25:50,879 EGammaCommonKernel                                   INFO ToolSvc.ElectronPassDNNLoose
2026-02-12 19:25:50,879 EGammaCommonKernel                                   INFO ToolSvc.ElectronPassDNNMedium
2026-02-12 19:25:50,879 EGammaCommonKernel                                   INFO ToolSvc.ElectronPassDNNTight
2026-02-12 19:25:50,879 EGammaCommonKernel                                   INFO ToolSvc.ElectronPassDNNVeryLooseNoCF97
2026-02-12 19:25:50,879 EGammaCommonKernel                                   INFO ToolSvc.ElectronPassDNNLooseNoCF
2026-02-12 19:25:50,879 EGammaCommonKernel                                   INFO ToolSvc.ElectronPassDNNMediumNoCF
2026-02-12 19:25:50,879 EGammaCommonKernel                                   INFO ToolSvc.ElectronPassDNNTightNoCF
2026-02-12 19:25:50,879 EGammaCommonKernel                                   INFO ToolSvc.PhotonPassIsEMLoose
2026-02-12 19:25:50,879 EGammaCommonKernel                                   INFO ToolSvc.PhotonPassIsEMMedium
2026-02-12 19:25:50,879 EGammaCommonKernel                                   INFO ToolSvc.PhotonPassIsEMTight
2026-02-12 19:25:50,879 EGammaCommonKernel                                   INFO ToolSvc.PhotonPassCleaning
2026-02-12 19:25:50,879 EGammaCommonKernel                                   INFO ToolSvc.ElectronAdditionnalAmbiguity
2026-02-12 19:25:50,879 EGammaCommonKernel                                   INFO ToolSvc.ElectronPassECIDS
2026-02-12 19:25:50,879 EGammaCommonKernel                                   INFO ToolSvc.ForwardElectronPassLHLoose
2026-02-12 19:25:50,879 EGammaCommonKernel                                   INFO ToolSvc.ForwardElectronPassLHMedium
2026-02-12 19:25:50,879 EGammaCommonKernel                                   INFO ToolSvc.ForwardElectronPassLHTight
2026-02-12 19:25:50,880 EGammaCommonKernel                                   INFO ToolSvc.DerivationFramework::EGammaClusterCoreCellRecovery
2026-02-12 19:25:50,880 EGammaCommonKernel                                   INFO ToolSvc.BkgElectronClassificationTool
2026-02-12 19:25:50,880 EGammaCommonKernel                                   INFO ToolSvc.TruthEgetIsolationTool
2026-02-12 19:25:50,880 EGammaCommonKernel                                   INFO ToolSvc.TruthEgptIsolationTool
2026-02-12 19:25:50,880 EGammaCommonKernel                                   INFO ============================================================================
2026-02-12 19:25:50,880 PFlowIsolationBuilder                                INFO Finalizing PFlowIsolationBuilder...
2026-02-12 19:25:50,881 BadBatmanAugmentation                                INFO ============================================================================
2026-02-12 19:25:50,881 BadBatmanAugmentation                                INFO  The following CP tools were called by BadBatmanAugmentation for the whole train:
2026-02-12 19:25:50,881 BadBatmanAugmentation                                INFO ToolSvc.BadBatmanAugmentationTool
2026-02-12 19:25:50,881 BadBatmanAugmentation                                INFO ============================================================================
2026-02-12 19:25:50,881 DistanceInTrainAugmentation                          INFO ============================================================================
2026-02-12 19:25:50,881 DistanceInTrainAugmentation                          INFO  The following CP tools were called by DistanceInTrainAugmentation for the whole train:
2026-02-12 19:25:50,881 DistanceInTrainAugmentation                          INFO ToolSvc.DistanceInTrainAugmentationTool
2026-02-12 19:25:50,881 DistanceInTrainAugmentation                          INFO ============================================================================
2026-02-12 19:25:50,882 TauJets_TauIDDecorKernel                             INFO ============================================================================
2026-02-12 19:25:50,882 TauJets_TauIDDecorKernel                             INFO  The following CP tools were called by TauJets_TauIDDecorKernel for the whole train:
2026-02-12 19:25:50,882 TauJets_TauIDDecorKernel                             INFO ToolSvc.TauJets_TauIDDecoratorWrapper
2026-02-12 19:25:50,882 TauJets_TauIDDecorKernel                             INFO ============================================================================
2026-02-12 19:25:50,882 TauRNNLooseAugmentationKernel                        INFO ============================================================================
2026-02-12 19:25:50,882 TauRNNLooseAugmentationKernel                        INFO  The following CP tools were called by TauRNNLooseAugmentationKernel for the whole train:
2026-02-12 19:25:50,882 TauRNNLooseAugmentationKernel                        INFO ToolSvc.TauRNNLooseWrapper
2026-02-12 19:25:50,882 TauRNNLooseAugmentationKernel                        INFO ============================================================================
2026-02-12 19:25:50,882 DFCommonMuonsKernel2                                 INFO ============================================================================
2026-02-12 19:25:50,882 DFCommonMuonsKernel2                                 INFO  The following CP tools were called by DFCommonMuonsKernel2 for the whole train:
2026-02-12 19:25:50,882 DFCommonMuonsKernel2                                 INFO ToolSvc.MuonJetDrTool
2026-02-12 19:25:50,882 DFCommonMuonsKernel2                                 INFO ============================================================================
2026-02-12 19:25:50,883 DiTauLowPtBuilder                                    INFO Finalizing DiTauLowPtBuilder...
2026-02-12 19:25:50,883 TauJets_MuonRM_TauIDDecorKernel                      INFO ============================================================================
2026-02-12 19:25:50,883 TauJets_MuonRM_TauIDDecorKernel                      INFO  The following CP tools were called by TauJets_MuonRM_TauIDDecorKernel for the whole train:
2026-02-12 19:25:50,883 TauJets_MuonRM_TauIDDecorKernel                      INFO ToolSvc.TauJets_MuonRM_TauIDDecoratorWrapper
2026-02-12 19:25:50,883 TauJets_MuonRM_TauIDDecorKernel                      INFO ============================================================================
2026-02-12 19:25:50,883 DiTauIDDecorKernel                                   INFO ============================================================================
2026-02-12 19:25:50,883 DiTauIDDecorKernel                                   INFO  The following CP tools were called by DiTauIDDecorKernel for the whole train:
2026-02-12 19:25:50,883 DiTauIDDecorKernel                                   INFO ToolSvc.DiTauIDDecoratorWrapper
2026-02-12 19:25:50,883 DiTauIDDecorKernel                                   INFO ============================================================================
2026-02-12 19:25:50,883 DiTauJets_DiTauIDDecorKernel                         INFO ============================================================================
2026-02-12 19:25:50,883 DiTauJets_DiTauIDDecorKernel                         INFO  The following CP tools were called by DiTauJets_DiTauIDDecorKernel for the whole train:
2026-02-12 19:25:50,883 DiTauJets_DiTauIDDecorKernel                         INFO ToolSvc.DiTauJets_DiTauChargeDecorator
2026-02-12 19:25:50,883 DiTauJets_DiTauIDDecorKernel                         INFO ============================================================================
2026-02-12 19:25:50,883 DiTauJetsLowPt_DiTauIDDecorKernel                    INFO ============================================================================
2026-02-12 19:25:50,883 DiTauJetsLowPt_DiTauIDDecorKernel                    INFO  The following CP tools were called by DiTauJetsLowPt_DiTauIDDecorKernel for the whole train:
2026-02-12 19:25:50,883 DiTauJetsLowPt_DiTauIDDecorKernel                    INFO ToolSvc.DiTauJetsLowPt_DiTauChargeDecorator
2026-02-12 19:25:50,883 DiTauJetsLowPt_DiTauIDDecorKernel                    INFO ============================================================================
2026-02-12 19:25:50,884 PHYSKernel                                           INFO ============================================================================
2026-02-12 19:25:50,884 PHYSKernel                                           INFO || SUMMARY OF THE DERIVATION FRAMEWORK KERNEL WITH NAME PHYSKernel || 
2026-02-12 19:25:50,884 PHYSKernel                                           INFO ============================================================================
2026-02-12 19:25:50,885 PHYSKernel                                           INFO ============================================================================
2026-02-12 19:25:50,885 PHYSKernel                                           INFO Events analyzed: 250
2026-02-12 19:25:50,885 PHYSKernel                                           INFO Events accepted: 250
2026-02-12 19:25:50,885 PHYSKernel                                           INFO ============================================================================
2026-02-12 19:25:50,885 FourLeptonVertexAlg                                  INFO Proccessed in total 250 events. Lepton multiplicities observed:
2026-02-12 19:25:50,885 FourLeptonVertexAlg                                  INFO     ---- Events with 0 leptons: 149 (elec/muon) 171/219 (59.6%)
2026-02-12 19:25:50,885 FourLeptonVertexAlg                                  INFO     ---- Events with 1 leptons: 86 (elec/muon) 74/30 (34.4%)
2026-02-12 19:25:50,885 FourLeptonVertexAlg                                  INFO     ---- Events with 2 leptons: 15 (elec/muon) 5/1 (6%)
2026-02-12 19:25:50,885 FourLeptonVertexAlg                                  INFO     ---- Events with 3 leptons: 0 (elec/muon) 0/0 (0%)
2026-02-12 19:25:50,885 FourLeptonVertexAlg                                  INFO     ---- Events with 4 leptons: 0 (elec/muon) 0/0 (0%)
2026-02-12 19:25:50,885 FourLeptonVertexAlg                                  INFO     ---- Events with 5 leptons: 0 (elec/muon) 0/0 (0%)
2026-02-12 19:25:50,885 FourLeptonVertexAlg                                  INFO     ---- Events with 6 leptons: 0 (elec/muon) 0/0 (0%)
2026-02-12 19:25:50,885 FourLeptonVertexAlg                                  INFO     ---- Events with 7 leptons: 0 (elec/muon) 0/0 (0%)
2026-02-12 19:25:50,885 FourLeptonVertexAlg                                  INFO ---> Attempted fits 0 out of which 0 (0%) succeeded.
2026-02-12 19:25:50,885 HFClassificationCommonKernel                         INFO ============================================================================
2026-02-12 19:25:50,885 HFClassificationCommonKernel                         INFO  The following CP tools were called by HFClassificationCommonKernel for the whole train:
2026-02-12 19:25:50,885 HFClassificationCommonKernel                         INFO ToolSvc.DFCommonClassifyAndCalculateHFAugmentation
2026-02-12 19:25:50,885 HFClassificationCommonKernel                         INFO ============================================================================
2026-02-12 19:25:50,886 MCTruthCommonTausAndDecaysKernel                     INFO ============================================================================
2026-02-12 19:25:50,886 MCTruthCommonTausAndDecaysKernel                     INFO  The following CP tools were called by MCTruthCommonTausAndDecaysKernel for the whole train:
2026-02-12 19:25:50,886 MCTruthCommonTausAndDecaysKernel                     INFO ToolSvc.DFCommonTausAndDecaysTool
2026-02-12 19:25:50,886 MCTruthCommonTausAndDecaysKernel                     INFO ============================================================================
2026-02-12 19:25:50,886 AllExecutedEventsCounterAlg                          INFO accepted 250 out of 250 events for filter AllExecutedEvents (Number of processed events before any cut)
2026-02-12 19:25:50,886 DecisionSvc                                          INFO Finalized successfully.
2026-02-12 19:25:50,886 Athena::DelayedConditionsCleanerSvc                  INFO Conditions container statistics
2026-02-12 19:25:50,886 Athena::DelayedConditionsCleanerSvc                  INFO   Work q: Max size: 32  (1 queries) 
2026-02-12 19:25:50,887 Athena::DelayedConditionsCleanerSvc                  INFO           Avg size: 32.00 / Avg removed: 32.00
2026-02-12 19:25:50,887 Athena::DelayedConditionsCleanerSvc                  INFO   ConditionStore+/Digitization/Parameters nInserts      1 maxSize   1
2026-02-12 19:25:50,887 Athena::DelayedConditionsCleanerSvc                  INFO     nClean 1 avgRemoved 0.00 0/1/2+ 1/0/0
2026-02-12 19:25:50,887 Athena::DelayedConditionsCleanerSvc                  INFO   ConditionStore+/EXT/DCS/MAGNETS/SENSORDATA nInserts      1 maxSize   1
2026-02-12 19:25:50,887 Athena::DelayedConditionsCleanerSvc                  INFO     nClean 1 avgRemoved 0.00 0/1/2+ 1/0/0
2026-02-12 19:25:50,887 Athena::DelayedConditionsCleanerSvc                  INFO   ConditionStore+/GLOBAL/BField/Maps nInserts      1 maxSize   1
2026-02-12 19:25:50,887 Athena::DelayedConditionsCleanerSvc                  INFO     nClean 1 avgRemoved 0.00 0/1/2+ 1/0/0
2026-02-12 19:25:50,887 Athena::DelayedConditionsCleanerSvc                  INFO   ConditionStore+/GLOBAL/TrackingGeo/LayerMaterialV2 nInserts      1 maxSize   1
2026-02-12 19:25:50,887 Athena::DelayedConditionsCleanerSvc                  INFO     nClean 1 avgRemoved 0.00 0/1/2+ 1/0/0
2026-02-12 19:25:50,887 Athena::DelayedConditionsCleanerSvc                  INFO   ConditionStore+/Indet/Align nInserts      1 maxSize   1
2026-02-12 19:25:50,887 Athena::DelayedConditionsCleanerSvc                  INFO     nClean 1 avgRemoved 0.00 0/1/2+ 1/0/0
2026-02-12 19:25:50,887 Athena::DelayedConditionsCleanerSvc                  INFO   ConditionStore+/Indet/Beampos nInserts      1 maxSize   1
2026-02-12 19:25:50,887 Athena::DelayedConditionsCleanerSvc                  INFO     nClean 1 avgRemoved 0.00 0/1/2+ 1/0/0
2026-02-12 19:25:50,887 Athena::DelayedConditionsCleanerSvc                  INFO   ConditionStore+/Indet/IBLDist nInserts      1 maxSize   1
2026-02-12 19:25:50,887 Athena::DelayedConditionsCleanerSvc                  INFO     nClean 1 avgRemoved 0.00 0/1/2+ 1/0/0
2026-02-12 19:25:50,887 Athena::DelayedConditionsCleanerSvc                  INFO   ConditionStore+/LAR/Align nInserts      1 maxSize   1
2026-02-12 19:25:50,887 Athena::DelayedConditionsCleanerSvc                  INFO     nClean 1 avgRemoved 0.00 0/1/2+ 1/0/0
2026-02-12 19:25:50,887 Athena::DelayedConditionsCleanerSvc                  INFO   ConditionStore+/MDT/MM/PASSIVATION nInserts      1 maxSize   1
2026-02-12 19:25:50,887 Athena::DelayedConditionsCleanerSvc                  INFO     nClean 1 avgRemoved 0.00 0/1/2+ 1/0/0
2026-02-12 19:25:50,887 Athena::DelayedConditionsCleanerSvc                  INFO   ConditionStore+/TRT/Align nInserts      1 maxSize   1
2026-02-12 19:25:50,887 Athena::DelayedConditionsCleanerSvc                  INFO     nClean 1 avgRemoved 0.00 0/1/2+ 1/0/0
2026-02-12 19:25:50,887 Athena::DelayedConditionsCleanerSvc                  INFO   ConditionStore+/TRT/Calib/DX nInserts      1 maxSize   1
2026-02-12 19:25:50,888 Athena::DelayedConditionsCleanerSvc                  INFO     nClean 1 avgRemoved 0.00 0/1/2+ 1/0/0
2026-02-12 19:25:50,888 Athena::DelayedConditionsCleanerSvc                  INFO   ConditionStore+AtlasTrackingGeometry nInserts      1 maxSize   1
2026-02-12 19:25:50,888 Athena::DelayedConditionsCleanerSvc                  INFO     nClean 1 avgRemoved 0.00 0/1/2+ 1/0/0
2026-02-12 19:25:50,888 Athena::DelayedConditionsCleanerSvc                  INFO   ConditionStore+BeamSpotData nInserts      1 maxSize   1
2026-02-12 19:25:50,888 Athena::DelayedConditionsCleanerSvc                  INFO     nClean 1 avgRemoved 0.00 0/1/2+ 1/0/0
2026-02-12 19:25:50,888 Athena::DelayedConditionsCleanerSvc                  INFO   ConditionStore+BunchCrossingData nInserts      1 maxSize   1
2026-02-12 19:25:50,888 Athena::DelayedConditionsCleanerSvc                  INFO     nClean 1 avgRemoved 0.00 0/1/2+ 1/0/0
2026-02-12 19:25:50,888 Athena::DelayedConditionsCleanerSvc                  INFO   ConditionStore+CaloDetDescrManager nInserts      1 maxSize   1
2026-02-12 19:25:50,888 Athena::DelayedConditionsCleanerSvc                  INFO     nClean 1 avgRemoved 0.00 0/1/2+ 1/0/0
2026-02-12 19:25:50,888 Athena::DelayedConditionsCleanerSvc                  INFO   ConditionStore+CaloSuperCellDetDescrManager nInserts      1 maxSize   1
2026-02-12 19:25:50,888 Athena::DelayedConditionsCleanerSvc                  INFO     nClean 1 avgRemoved 0.00 0/1/2+ 1/0/0
2026-02-12 19:25:50,888 Athena::DelayedConditionsCleanerSvc                  INFO   ConditionStore+LArAlignmentStore nInserts      1 maxSize   1
2026-02-12 19:25:50,888 Athena::DelayedConditionsCleanerSvc                  INFO     nClean 1 avgRemoved 0.00 0/1/2+ 1/0/0
2026-02-12 19:25:50,888 Athena::DelayedConditionsCleanerSvc                  INFO   ConditionStore+LArCellPositionShift nInserts      1 maxSize   1
2026-02-12 19:25:50,888 Athena::DelayedConditionsCleanerSvc                  INFO     nClean 1 avgRemoved 0.00 0/1/2+ 1/0/0
2026-02-12 19:25:50,888 Athena::DelayedConditionsCleanerSvc                  INFO   ConditionStore+MuonDetectorManager nInserts      1 maxSize   1
2026-02-12 19:25:50,888 Athena::DelayedConditionsCleanerSvc                  INFO     nClean 1 avgRemoved 0.00 0/1/2+ 1/0/0
2026-02-12 19:25:50,888 Athena::DelayedConditionsCleanerSvc                  INFO   ConditionStore+NswPassivationDbData nInserts      1 maxSize   1
2026-02-12 19:25:50,888 Athena::DelayedConditionsCleanerSvc                  INFO     nClean 1 avgRemoved 0.00 0/1/2+ 1/0/0
2026-02-12 19:25:50,888 Athena::DelayedConditionsCleanerSvc                  INFO   ConditionStore+PixelAlignmentStore nInserts      1 maxSize   1
2026-02-12 19:25:50,888 Athena::DelayedConditionsCleanerSvc                  INFO     nClean 1 avgRemoved 0.00 0/1/2+ 1/0/0
2026-02-12 19:25:50,888 Athena::DelayedConditionsCleanerSvc                  INFO   ConditionStore+PixelDetectorElementCollection nInserts      1 maxSize   1
2026-02-12 19:25:50,889 Athena::DelayedConditionsCleanerSvc                  INFO     nClean 1 avgRemoved 0.00 0/1/2+ 1/0/0
2026-02-12 19:25:50,889 Athena::DelayedConditionsCleanerSvc                  INFO   ConditionStore+SCTAlignmentStore nInserts      1 maxSize   1
2026-02-12 19:25:50,889 Athena::DelayedConditionsCleanerSvc                  INFO     nClean 1 avgRemoved 0.00 0/1/2+ 1/0/0
2026-02-12 19:25:50,889 Athena::DelayedConditionsCleanerSvc                  INFO   ConditionStore+SCT_DetectorElementCollection nInserts      1 maxSize   1
2026-02-12 19:25:50,889 Athena::DelayedConditionsCleanerSvc                  INFO     nClean 1 avgRemoved 0.00 0/1/2+ 1/0/0
2026-02-12 19:25:50,889 Athena::DelayedConditionsCleanerSvc                  INFO   ConditionStore+TRT_DetElementContainer nInserts      1 maxSize   1
2026-02-12 19:25:50,889 Athena::DelayedConditionsCleanerSvc                  INFO     nClean 1 avgRemoved 0.00 0/1/2+ 1/0/0
2026-02-12 19:25:50,889 Athena::DelayedConditionsCleanerSvc                  INFO   ConditionStore+fieldCondObj nInserts      1 maxSize   1
2026-02-12 19:25:50,889 Athena::DelayedConditionsCleanerSvc                  INFO     nClean 1 avgRemoved 0.00 0/1/2+ 1/0/0
2026-02-12 19:25:50,889 Athena::DelayedConditionsCleanerSvc                  INFO   ConditionStore+fieldMapCondObj nInserts      1 maxSize   1
2026-02-12 19:25:50,889 Athena::DelayedConditionsCleanerSvc                  INFO     nClean 1 avgRemoved 0.00 0/1/2+ 1/0/0
2026-02-12 19:25:50,889 AthDictLoaderSvc                                     INFO in finalize...
2026-02-12 19:25:51,468 Domain[ROOT_All]                                     INFO >   Deaccess DbDomain     READ      [ROOT_All]
2026-02-12 19:25:51,469 AthenaPoolSharedIOCnvSvc                             INFO PerfStats ----------------------------------------
2026-02-12 19:25:51,469 AthenaPoolSharedIOCnvSvc                             INFO PerfStats Timing Measurements for AthenaPoolCnvSvc
2026-02-12 19:25:51,469 AthenaPoolSharedIOCnvSvc                             INFO PerfStats ----------------------------------------
2026-02-12 19:25:51,469 AthenaPoolSharedIOCnvSvc                             INFO PerfStats | cObjR_ALL       |           18882 ms |
2026-02-12 19:25:51,469 AthenaPoolSharedIOCnvSvc                             INFO PerfStats | fRep_ALL        |            9678 ms |
2026-02-12 19:25:51,469 AthenaPoolSharedIOCnvSvc                             INFO PerfStats | cObj_ALL        |           20732 ms |
2026-02-12 19:25:51,470 AthenaPoolSharedIOCnvSvc                             INFO PerfStats | cRep_ALL        |              65 ms |
2026-02-12 19:25:51,470 AthenaPoolSharedIOCnvSvc                             INFO PerfStats ----------------------------------------
2026-02-12 19:25:51,470 Domain[ROOT_All]                                     INFO >   Deaccess DbDomain     READ      [ROOT_All]
2026-02-12 19:25:51,476 IOVDbFolder                                          INFO Folder /Digitization/Parameters (AttrList) db-read 0/1 objs/chan/bytes 1/0/0 ((     0.00 ))s
2026-02-12 19:25:51,476 IOVDbFolder                                          INFO Folder /EXT/DCS/MAGNETS/SENSORDATA (AttrListColl) db-read 1/1 objs/chan/bytes 4/4/20 ((     0.03 ))s
2026-02-12 19:25:51,476 IOVDbFolder                                          INFO Folder /GLOBAL/BField/Maps (AttrListColl) db-read 1/1 objs/chan/bytes 3/3/202 ((     0.02 ))s
2026-02-12 19:25:51,476 IOVDbFolder                                          INFO Folder /GLOBAL/TrackingGeo/LayerMaterialV2 (PoolRef) db-read 1/1 objs/chan/bytes 1/1/231 ((     0.01 ))s
2026-02-12 19:25:51,476 IOVDbFolder                                          INFO Folder /Indet/Align (PoolRefColl) db-read 1/1 objs/chan/bytes 43/43/7009 ((     0.03 ))s
2026-02-12 19:25:51,477 IOVDbFolder                                          INFO Folder /Indet/Beampos (AttrList) db-read 1/1 objs/chan/bytes 6/1/456 ((     0.02 ))s
2026-02-12 19:25:51,477 IOVDbFolder                                          INFO Folder /Indet/IBLDist (AttrListColl) db-read 1/1 objs/chan/bytes 14/14/280 ((     0.01 ))s
2026-02-12 19:25:51,477 IOVDbFolder                                          INFO Folder /LAR/Align (PoolRef) db-read 1/1 objs/chan/bytes 1/1/170 ((     0.04 ))s
2026-02-12 19:25:51,477 IOVDbFolder                                          INFO Folder /MDT/MM/PASSIVATION (AttrListColl) db-read 1/1 objs/chan/bytes 1/1/680679 ((     0.04 ))s
2026-02-12 19:25:51,477 IOVDbFolder                                          INFO Folder /TRT/Align (PoolRefColl) db-read 1/1 objs/chan/bytes 32/32/5120 ((     0.03 ))s
2026-02-12 19:25:51,477 IOVDbFolder                                          INFO Folder /TRT/Calib/DX (PoolRef) db-read 1/1 objs/chan/bytes 1/1/183 ((     0.03 ))s
2026-02-12 19:25:51,477 IOVDbFolder                                          INFO Folder /TagInfo (AttrListColl) db-read 0/1 objs/chan/bytes 1/0/0 ((     0.00 ))s
2026-02-12 19:25:51,477 IOVDbFolder                                          INFO Folder /LAR/LArCellPositionShift (PoolRef) db-read 1/1 objs/chan/bytes 1/1/195 ((     0.01 ))s
2026-02-12 19:25:51,477 IOVDbSvc                                             INFO Total payload read from IOVDb: 694545 bytes in ((      0.26 ))s
2026-02-12 19:25:51,477 IOVDbSvc                                             INFO Connection sqlite://;schema=mycool.db;dbname=OFLP200 : nConnect: 0 nFolders: 0 ReadTime: ((     0.00 ))s
2026-02-12 19:25:51,477 IOVDbSvc                                             INFO Connection COOLOFL_LAR/OFLP200 : nConnect: 2 nFolders: 2 ReadTime: ((     0.05 ))s
2026-02-12 19:25:51,477 IOVDbSvc                                             INFO Connection COOLOFL_GLOBAL/OFLP200 : nConnect: 2 nFolders: 2 ReadTime: ((     0.03 ))s
2026-02-12 19:25:51,477 IOVDbSvc                                             INFO Connection COOLOFL_DCS/OFLP200 : nConnect: 2 nFolders: 1 ReadTime: ((     0.03 ))s
2026-02-12 19:25:51,477 IOVDbSvc                                             INFO Connection COOLOFL_INDET/OFLP200 : nConnect: 2 nFolders: 3 ReadTime: ((     0.06 ))s
2026-02-12 19:25:51,477 IOVDbSvc                                             INFO Connection COOLOFL_MDT/OFLP200 : nConnect: 2 nFolders: 1 ReadTime: ((     0.04 ))s
2026-02-12 19:25:51,477 IOVDbSvc                                             INFO Connection COOLOFL_TRT/OFLP200 : nConnect: 2 nFolders: 2 ReadTime: ((     0.06 ))s
2026-02-12 19:25:51,478 ToolSvc                                              INFO Removing all tools created by ToolSvc
2026-02-12 19:25:51,479 TruthCategoriesDecorator.HiggsTruthCategoryTool      INFO  ====================================================== 
2026-02-12 19:25:51,479 TruthCategoriesDecorator.HiggsTruthCategoryTool      INFO  ---- FinalizingTruthCategoriesDecorator.HiggsTruthCategoryTool...
2026-02-12 19:25:51,479 TruthCategoriesDecorator.HiggsTruthCategoryTool      INFO  ====================================================== 
2026-02-12 19:25:51,479 TruthCategoriesDecorator.HiggsTruthCategoryTool      INFO  ====================================================== 
2026-02-12 19:25:51,479 TruthCategoriesDecorator.xAODToHepMCTool             INFO ==============================================================
2026-02-12 19:25:51,479 TruthCategoriesDecorator.xAODToHepMCTool             INFO ==========    xAOD -> HepMC Tool :: Run Summary     ==========
2026-02-12 19:25:51,479 TruthCategoriesDecorator.xAODToHepMCTool             INFO ==============================================================
2026-02-12 19:25:51,479 TruthCategoriesDecorator.xAODToHepMCTool             INFO No missing production vertices
2026-02-12 19:25:51,479 TruthCategoriesDecorator.xAODToHepMCTool             INFO No events with undefined beams.
2026-02-12 19:25:51,479 TruthCategoriesDecorator.xAODToHepMCTool             INFO ==============================================================
2026-02-12 19:25:51,479 TruthCategoriesDecorator.xAODToHepMCTool             INFO ===================    End Run Summary     ===================
2026-02-12 19:25:51,479 TruthCategoriesDecorator.xAODToHepMCTool             INFO ==============================================================
2026-02-12 19:25:51,479 ToolSvc.PHYSDiTauLowPtTPThinningTool                 INFO Processed 155453 tracks, 2427 were retained 
2026-02-12 19:25:51,480 ToolSvc.PHYSDiTauLowPtThinningTool                   INFO Processed 421 objects, 186 were retained 
2026-02-12 19:25:51,480 ToolSvc.PHYSDiTauTPThinningTool                      INFO Processed 155453 tracks, 423 were retained 
2026-02-12 19:25:51,480 ToolSvc.PHYSDiTauThinningTool                        INFO Processed 28 objects, 22 were retained 
2026-02-12 19:25:51,480 ToolSvc.PHYSTauJets_MuonRMThinningTool               INFO Processed 79 taus, 53 were kept
2026-02-12 19:25:51,480 ToolSvc.PHYSTauJetThinningTool                       INFO Processed 2484 taus, 1308 were kept
2026-02-12 19:25:51,480 ToolSvc.PHYSMuonTPThinningTool                       INFO Processed 155453 tracks, 538 were retained 
2026-02-12 19:25:51,480 ToolSvc.PHYSTrackParticleThinningTool                INFO Processed 155453 tracks, 1544 were retained 
2026-02-12 19:25:51,480 ToolSvc.TrigDecisionTool                             INFO Finalized
2026-02-12 19:25:51,481 JetTagVertexDecoratorAlgAntiKt10UFO...JFVarFactory   INFO  Finalization of JetFitterVariablesFactory successful
2026-02-12 19:25:51,481 JetTagVertexDecoratorAlgAntiKt10...Analysis::SVTag   INFO #BTAG# Number of jets used for calibration for reference ALL : #b= 0 #light= 0 #charm= 0
2026-02-12 19:25:51,481 InDetVKalVxInJetTool                                 INFO Time User   : Tot= 2.52  [s] Ave/Min/Max=0.000479(+- 0.00214)/       0/    0.01  [s] #=5260
2026-02-12 19:25:51,481 InDetVKalVxInJetTool                                 INFO Time User   : Tot= 2.52  [s] Ave/Min/Max=0.000479(+- 0.00214)/       0/    0.01  [s] #=5260
2026-02-12 19:25:51,481 JetTagVertexDecoratorAlgAntiKt4EMPF...JFVarFactory   INFO  Finalization of JetFitterVariablesFactory successful
2026-02-12 19:25:51,481 JetTagVertexDecoratorAlgAntiKt4E...Analysis::SVTag   INFO #BTAG# Number of jets used for calibration for reference ALL : #b= 0 #light= 0 #charm= 0
2026-02-12 19:25:51,481 InDetVKalVxInJetTool                                 INFO Time User   : Tot= 2.52  [s] Ave/Min/Max=0.000479(+- 0.00214)/       0/    0.01  [s] #=5260
2026-02-12 19:25:51,481 InDetVKalVxInJetTool                                 INFO Time User   : Tot= 2.52  [s] Ave/Min/Max=0.000479(+- 0.00214)/       0/    0.01  [s] #=5260
2026-02-12 19:25:51,487 ToolSvc.DFCommonTruthForwardProtonTool               INFO Processed 399880 truth particles, 1 were retained 
2026-02-12 19:25:51,488 ToolSvc.DFCommonTruthBSMTool                         INFO Processed 399880 truth particles, 0 were retained 
2026-02-12 19:25:51,488 ToolSvc.DFCommonTruthBosonTool                       INFO Processed 399880 truth particles, 902 were retained 
2026-02-12 19:25:51,488 ToolSvc.DFCommonTruthTopTool                         INFO Processed 399880 truth particles, 1001 were retained 
2026-02-12 19:25:51,488 ToolSvc.DFCommonTruthBottomTool                      INFO Processed 399880 truth particles, 1094 were retained 
2026-02-12 19:25:51,488 ToolSvc.DFCommonTruthNeutrinoTool                    INFO Processed 399880 truth particles, 328 were retained 
2026-02-12 19:25:51,488 ToolSvc.DFCommonTruthPhotonToolSim                   INFO Processed 399880 truth particles, 1461 were retained 
2026-02-12 19:25:51,488 ToolSvc.DFCommonTruthElectronTool                    INFO Processed 399880 truth particles, 899 were retained 
2026-02-12 19:25:51,488 ToolSvc.DFCommonTruthMuonTool                        INFO Processed 399880 truth particles, 143 were retained 
2026-02-12 19:25:51,488 ToolSvc.PhysCommonTruthCharmTool                     INFO Processed 399880 truth particles, 1066 were retained 
2026-02-12 19:25:51,488 ToolSvc.DFCommonTruthClassificationTool              INFO Processed and decorated 399880 truth particles
2026-02-12 19:25:51,489 AthenaPoolSharedIOCnvSvc.OutputStreamingTool         INFO in finalize()
2026-02-12 19:25:51,500 InDet_TrkInJetType                                   INFO Time User   : Tot= 1.73  [s] Ave/Min/Max=7.11e-05(+- 0.00084)/       0/    0.01  [s] #=24343
2026-02-12 19:25:51,500 InDet_TrkInJetType                                   INFO Time User   : Tot= 1.73  [s] Ave/Min/Max=7.11e-05(+- 0.00084)/       0/    0.01  [s] #=24343
2026-02-12 19:25:51,500 InDet_TrkInJetType                                   INFO Time User   : Tot= 1.73  [s] Ave/Min/Max=7.11e-05(+- 0.00084)/       0/    0.01  [s] #=24343
2026-02-12 19:25:51,500 InDet_TrkInJetType                                   INFO Time User   : Tot= 1.73  [s] Ave/Min/Max=7.11e-05(+- 0.00084)/       0/    0.01  [s] #=24343
2026-02-12 19:25:51,501 ToolSvc.DiTauIDDeco...DiTauRec_OnnxScoreCalculator   INFO Finalizing DiTauOnnxDiscriminantTool
2026-02-12 19:25:51,514 AtlasTrackingGeometryCond...MuonStationTypeBuilder   INFO  finalize() successful
2026-02-12 19:25:51,517 METAssociat...MET_AssociationTool_AntiKt4EMPFlowHR   INFO Finalizing METAssociation_AntiKt4EMPFlowHR.MET_AssociationTool_AntiKt4EMPFlowHR...
2026-02-12 19:25:51,517 METAssociatio...MET_AssociationTool_AntiKt4EMPFlow   INFO Finalizing METAssociation_AntiKt4EMPFlow.MET_AssociationTool_AntiKt4EMPFlow...
2026-02-12 19:25:51,517 METAssociation...MET_AssociationTool_AntiKt4EMTopo   INFO Finalizing METAssociation_AntiKt4EMTopo.MET_AssociationTool_AntiKt4EMTopo...
2026-02-12 19:25:51,517 METRecoAlg_Truth.MET_RegionTool_Truth                INFO Finalizing METRecoAlg_Truth.MET_RegionTool_Truth...
2026-02-12 19:25:51,518 METRecoAlg_Truth.MET_RecoTool_Truth                  INFO Finalizing METRecoAlg_Truth.MET_RecoTool_Truth...
2026-02-12 19:25:51,518 METRecoAlg_Truth.MET_R...MET_IntMuonsRegions_Truth   INFO Finalizing METRecoAlg_Truth.MET_RegionTool_Truth.MET_IntMuonsRegions_Truth...
2026-02-12 19:25:51,518 METRecoAlg_Truth.MET_Reg...MET_IntOutRegions_Truth   INFO Finalizing METRecoAlg_Truth.MET_RegionTool_Truth.MET_IntOutRegions_Truth...
2026-02-12 19:25:51,518 METRecoAlg_Truth.MET_Region...MET_IntRegions_Truth   INFO Finalizing METRecoAlg_Truth.MET_RegionTool_Truth.MET_IntRegions_Truth...
2026-02-12 19:25:51,518 METRecoAlg_Truth.MET_Reg...MET_NonIntRegions_Truth   INFO Finalizing METRecoAlg_Truth.MET_RegionTool_Truth.MET_NonIntRegions_Truth...

The MCnet usage guidelines apply to Rivet: see http://www.montecarlonet.org/GUIDELINES
Please acknowledge Rivet in results made using it, and cite https://arxiv.org/abs/2404.15984 and https://arxiv.org/abs/2312.15070
2026-02-12 19:25:51,607 PerfMonMTSvc                                         INFO Finalizing PerfMonMTSvc
2026-02-12 19:25:51,607 IdDictDetDescrCnv                                    INFO in finalize
2026-02-12 19:25:51,610 *****Chrono*****                                     INFO ****************************************************************************************************
2026-02-12 19:25:51,610 *****Chrono*****                                     INFO  The Final CPU consumption ( Chrono ) Table (ordered)
2026-02-12 19:25:51,610 *****Chrono*****                                     INFO ****************************************************************************************************
2026-02-12 19:25:51,610 DiTauJets_DiTauIDDecorKernel                         INFO Time User   : Tot=    0 [us] Ave/Min/Max=       0(+-       0)/       0/       0 [us] #=250
2026-02-12 19:25:51,610 DFCommonTruthMetaDataWriterKernel                    INFO Time User   : Tot=    0 [us] Ave/Min/Max=       0(+-       0)/       0/       0 [us] #=250
2026-02-12 19:25:51,610 MCTruthCommonPreJetKernelNo11                        INFO Time User   : Tot=    0 [us] Ave/Min/Max=       0(+-       0)/       0/       0 [us] #=250
2026-02-12 19:25:51,610 DiTauJetsLowPt_DiTauIDDecorKernel                    INFO Time User   : Tot=    0 [us] Ave/Min/Max=       0(+-       0)/       0/       0 [us] #=250
2026-02-12 19:25:51,610 InDetCommonKernelDFCommonZ0AtPV                      INFO Time User   : Tot=    0 [us] Ave/Min/Max=       0(+-       0)/       0/       0 [us] #=250
2026-02-12 19:25:51,610 DFCommonMuonsKernel2                                 INFO Time User   : Tot=    0 [us] Ave/Min/Max=       0(+-       0)/       0/       0 [us] #=250
2026-02-12 19:25:51,610 MCTruthCommonPreJetKernelNo9                         INFO Time User   : Tot=    0 [us] Ave/Min/Max=       0(+-       0)/       0/       0 [us] #=250
2026-02-12 19:25:51,611 MCTruthCommonPreJetKernelNo12                        INFO Time User   : Tot=    0 [us] Ave/Min/Max=       0(+-       0)/       0/       0 [us] #=250
2026-02-12 19:25:51,611 MCTruthCommonPreJetKernelNo10                        INFO Time User   : Tot=    0 [us] Ave/Min/Max=       0(+-       0)/       0/       0 [us] #=250
2026-02-12 19:25:51,611 MCTruthCommonPostJetKernelNo1                        INFO Time User   : Tot=    0 [us] Ave/Min/Max=       0(+-       0)/       0/       0 [us] #=250
2026-02-12 19:25:51,611 BadBatmanAugmentation                                INFO Time User   : Tot=    0 [us] Ave/Min/Max=       0(+-       0)/       0/       0 [us] #=250
2026-02-12 19:25:51,611 MCTruthCommonPreJetKernelNo13                        INFO Time User   : Tot=    0 [us] Ave/Min/Max=       0(+-       0)/       0/       0 [us] #=250
2026-02-12 19:25:51,611 MCTruthCommonPreJetKernelNo18                        INFO Time User   : Tot=    0 [us] Ave/Min/Max=       0(+-       0)/       0/       0 [us] #=250
2026-02-12 19:25:51,611 MCTruthCommonPostJetKernelNo3                        INFO Time User   : Tot=   10 [ms] Ave/Min/Max=    0.04(+-   0.631)/       0/      10 [ms] #=250
2026-02-12 19:25:51,611 MCTruthCommonBornLeptonsKernel                       INFO Time User   : Tot=   10 [ms] Ave/Min/Max=    0.04(+-   0.631)/       0/      10 [ms] #=250
2026-02-12 19:25:51,611 MCTruthCommonTruthPVCollKernel                       INFO Time User   : Tot=   10 [ms] Ave/Min/Max=    0.04(+-   0.631)/       0/      10 [ms] #=250
2026-02-12 19:25:51,611 TauRNNLooseAugmentationKernel                        INFO Time User   : Tot=   10 [ms] Ave/Min/Max=    0.04(+-   0.631)/       0/      10 [ms] #=250
2026-02-12 19:25:51,611 MCTruthCommonPreJetKernelNo17                        INFO Time User   : Tot=   10 [ms] Ave/Min/Max=    0.04(+-   0.631)/       0/      10 [ms] #=250
2026-02-12 19:25:51,611 MCTruthCommonPreJetKernelNo15                        INFO Time User   : Tot=   10 [ms] Ave/Min/Max=    0.04(+-   0.631)/       0/      10 [ms] #=250
2026-02-12 19:25:51,611 MCTruthCommonPreJetKernelNo16                        INFO Time User   : Tot=   10 [ms] Ave/Min/Max=    0.04(+-   0.631)/       0/      10 [ms] #=250
2026-02-12 19:25:51,611 MCTruthCommonTausAndDecaysKernel                     INFO Time User   : Tot=   10 [ms] Ave/Min/Max=    0.04(+-   0.631)/       0/      10 [ms] #=250
2026-02-12 19:25:51,611 MCTruthCommonPreJetKernelNo2                         INFO Time User   : Tot=   10 [ms] Ave/Min/Max=    0.04(+-   0.631)/       0/      10 [ms] #=250
2026-02-12 19:25:51,611 MCTruthCommonPreJetKernelNo5                         INFO Time User   : Tot=   10 [ms] Ave/Min/Max=    0.04(+-   0.631)/       0/      10 [ms] #=250
2026-02-12 19:25:51,611 MCTruthCommonPreJetKernelNo7                         INFO Time User   : Tot=   10 [ms] Ave/Min/Max=    0.04(+-   0.631)/       0/      10 [ms] #=250
2026-02-12 19:25:51,611 DistanceInTrainAugmentation                          INFO Time User   : Tot=   20 [ms] Ave/Min/Max=    0.08(+-   0.891)/       0/      10 [ms] #=250
2026-02-12 19:25:51,611 MCTruthCommonPreJetKernelNo14                        INFO Time User   : Tot=   20 [ms] Ave/Min/Max=    0.08(+-   0.891)/       0/      10 [ms] #=250
2026-02-12 19:25:51,611 MCTruthCommonPreJetKernelNo4                         INFO Time User   : Tot=   20 [ms] Ave/Min/Max=    0.08(+-   0.891)/       0/      10 [ms] #=250
2026-02-12 19:25:51,611 DFCommonMuonsKernel                                  INFO Time User   : Tot=   20 [ms] Ave/Min/Max=    0.08(+-   0.891)/       0/      10 [ms] #=250
2026-02-12 19:25:51,612 MiniCollectionTruthLinkKernelNo2                     INFO Time User   : Tot=   20 [ms] Ave/Min/Max=    0.08(+-   0.891)/       0/      10 [ms] #=250
2026-02-12 19:25:51,612 AthenaMP_seek                                        INFO Time User   : Tot=   30 [ms] Ave/Min/Max=    0.12(+-    1.09)/       0/      10 [ms] #=250
2026-02-12 19:25:51,612 MCTruthCommonPreJetKernelNo3                         INFO Time User   : Tot=   30 [ms] Ave/Min/Max=    0.12(+-    1.09)/       0/      10 [ms] #=250
2026-02-12 19:25:51,612 MCTruthCommonPreJetKernelNo6                         INFO Time User   : Tot=   30 [ms] Ave/Min/Max=    0.12(+-    1.09)/       0/      10 [ms] #=250
2026-02-12 19:25:51,612 MCTruthCommonBosonsAndDecaysKernel                   INFO Time User   : Tot=   40 [ms] Ave/Min/Max=    0.16(+-    1.25)/       0/      10 [ms] #=250
2026-02-12 19:25:51,612 MCTruthCommonPreJetKernelNo1                         INFO Time User   : Tot=   50 [ms] Ave/Min/Max=     0.2(+-     1.4)/       0/      10 [ms] #=250
2026-02-12 19:25:51,612 DiTauIDDecorKernel                                   INFO Time User   : Tot=   60 [ms] Ave/Min/Max=    0.24(+-    1.53)/       0/      10 [ms] #=250
2026-02-12 19:25:51,612 PhysCommonTruthCharmKernel                           INFO Time User   : Tot=   70 [ms] Ave/Min/Max=    0.28(+-    1.65)/       0/      10 [ms] #=250
2026-02-12 19:25:51,612 MCTruthCommonBSMAndDecaysKernel                      INFO Time User   : Tot=   70 [ms] Ave/Min/Max=    0.28(+-    1.65)/       0/      10 [ms] #=250
2026-02-12 19:25:51,612 MCTruthCommonPostJetKernelNo2                        INFO Time User   : Tot=   90 [ms] Ave/Min/Max=    0.36(+-    1.86)/       0/      10 [ms] #=250
2026-02-12 19:25:51,612 MCTruthCommonPreJetKernelNo8                         INFO Time User   : Tot=   90 [ms] Ave/Min/Max=    0.36(+-    1.86)/       0/      10 [ms] #=250
2026-02-12 19:25:51,612 DFCommonHSDecorator                                  INFO Time User   : Tot=  120 [ms] Ave/Min/Max=    0.48(+-    3.55)/       0/      50 [ms] #=250
2026-02-12 19:25:51,612 MCTruthNavigationDecoratorKernel                     INFO Time User   : Tot=  150 [ms] Ave/Min/Max=     0.6(+-    2.37)/       0/      10 [ms] #=250
2026-02-12 19:25:51,612 PHYSKernel                                           INFO Time User   : Tot=  150 [ms] Ave/Min/Max=     0.6(+-    2.37)/       0/      10 [ms] #=250
2026-02-12 19:25:51,612 InDetCommonKernelDFCommonUsedInFitDecorator          INFO Time User   : Tot=  170 [ms] Ave/Min/Max=    0.68(+-    2.52)/       0/      10 [ms] #=250
2026-02-12 19:25:51,612 MCTruthCommonHFAndDecaysKernel                       INFO Time User   : Tot=  280 [ms] Ave/Min/Max=    1.12(+-    3.15)/       0/      10 [ms] #=250
2026-02-12 19:25:51,612 TauJets_MuonRM_TauIDDecorKernel                      INFO Time User   : Tot=  320 [ms] Ave/Min/Max=    1.28(+-    3.46)/       0/      20 [ms] #=250
2026-02-12 19:25:51,612 InDetCommonKernelDFCommonTrackSelection              INFO Time User   : Tot=  290 [ms] Ave/Min/Max=    1.16(+-     5.2)/       0/      40 [ms] #=250
2026-02-12 19:25:51,612 MiniCollectionTruthLinkKernelNo3                     INFO Time User   : Tot=  430 [ms] Ave/Min/Max=    1.72(+-    25.3)/       0/     400 [ms] #=250
2026-02-12 19:25:51,612 MiniCollectionTruthLinkKernelNo1                     INFO Time User   : Tot= 0.72  [s] Ave/Min/Max= 0.00288(+-   0.041)/       0/    0.65  [s] #=250
2026-02-12 19:25:51,612 HFClassificationCommonKernel                         INFO Time User   : Tot= 1.02  [s] Ave/Min/Max= 0.00408(+- 0.00491)/       0/    0.01  [s] #=250
2026-02-12 19:25:51,612 MCTruthClassificationKernel                          INFO Time User   : Tot= 1.63  [s] Ave/Min/Max= 0.00652(+- 0.00712)/       0/    0.05  [s] #=250
2026-02-12 19:25:51,612 InDet_TrkInJetType                                   INFO Time User   : Tot= 1.73  [s] Ave/Min/Max=7.11e-05(+- 0.00084)/       0/    0.01  [s] #=24343
2026-02-12 19:25:51,613 InDetVKalVxInJetTool                                 INFO Time User   : Tot= 2.52  [s] Ave/Min/Max=0.000479(+- 0.00214)/       0/    0.01  [s] #=5260
2026-02-12 19:25:51,613 EGammaCommonKernel                                   INFO Time User   : Tot= 4.77  [s] Ave/Min/Max=  0.0191(+-  0.0121)/       0/    0.09  [s] #=250
2026-02-12 19:25:51,613 TauTruthCommonKernel2                                INFO Time User   : Tot= 5.59  [s] Ave/Min/Max=  0.0224(+-    0.35)/       0/    5.55  [s] #=250
2026-02-12 19:25:51,613 TauJets_TauIDDecorKernel                             INFO Time User   : Tot= 6.12  [s] Ave/Min/Max=  0.0245(+- 0.00992)/    0.01/    0.07  [s] #=250
2026-02-12 19:25:51,613 ChronoStatSvc                                        INFO Time User   : Tot=  339  [s]  #=  1
2026-02-12 19:25:51,613 AthenaMP_nextEvent                                   INFO Time User   : Tot=  354  [s] Ave/Min/Max=    1.41(+-   0.783)/    0.74/    11.2  [s] #=250
2026-02-12 19:25:51,613 *****Chrono*****                                     INFO ****************************************************************************************************
2026-02-12 19:25:51,613 ChronoStatSvc.finalize()                             INFO  Service finalized successfully 
2026-02-12 19:25:51,613 FPEAuditor                                           INFO FPE summary for this job
2026-02-12 19:25:51,613 FPEAuditor                                           INFO  FPE OVERFLOWs  : 0
2026-02-12 19:25:51,613 FPEAuditor                                           INFO  FPE INVALIDs   : 0
2026-02-12 19:25:51,613 FPEAuditor                                           INFO  FPE DIVBYZEROs : 0
2026-02-12 19:25:52,148 PerfMonMTSvc                                         INFO =======================================================================================
2026-02-12 19:25:52,148 PerfMonMTSvc                                         INFO                                  PerfMonMTSvc Report                                   
2026-02-12 19:25:52,149 PerfMonMTSvc                                         INFO =======================================================================================
2026-02-12 19:25:52,149 PerfMonMTSvc                                         INFO *** Full set of information can also be found in: perfmonmt_Derivation.json
2026-02-12 19:25:52,149 PerfMonMTSvc                                         INFO *** In order to make plots using the results run the following commands:
2026-02-12 19:25:52,149 PerfMonMTSvc                                         INFO *** $ perfmonmt-plotter.py -i perfmonmt_Derivation.json
2026-02-12 19:25:52,149 PerfMonMTSvc                                         INFO *** In order to print tables using the results run the following commands:
2026-02-12 19:25:52,149 PerfMonMTSvc                                         INFO *** $ perfmonmt-printer.py -i perfmonmt_Derivation.json
2026-02-12 19:25:52,149 PerfMonMTSvc                                         INFO =======================================================================================
2026-02-12 19:25:52,149 PerfMonMTSvc                                         INFO =======================================================================================
2026-02-12 19:25:52,149 PerfMonMTSvc                                         INFO                              Component Level Monitoring                                
2026-02-12 19:25:52,149 PerfMonMTSvc                                         INFO =======================================================================================
2026-02-12 19:25:52,149 PerfMonMTSvc                                         INFO Step       Count           CPU Time [ms]             Vmem [kB]                                Malloc [kB]                                             Component                                                                  
2026-02-12 19:25:52,149 PerfMonMTSvc                                         INFO ---------------------------------------------------------------------------------------
2026-02-12 19:25:52,169 PerfMonMTSvc                                         INFO Initialize 1               3086.48                   128152                                   33760                                                   EGammaCommonKernel                                                         
2026-02-12 19:25:52,170 PerfMonMTSvc                                         INFO Initialize 1               627.92                    36620                                    13247                                                   MuonRemovalTauAODReRecoAlg                                                 
2026-02-12 19:25:52,170 PerfMonMTSvc                                         INFO Initialize 1               501.59                    34356                                    74752                                                   AntiKt10UFOCSSKSoftDropBeta100Zcut10Jets                                   
2026-02-12 19:25:52,170 PerfMonMTSvc                                         INFO Initialize 1               465.63                    11996                                    7584                                                    DFCommonMuonsKernel                                                        
2026-02-12 19:25:52,170 PerfMonMTSvc                                         INFO Initialize 1               446.61                    9448                                     7460                                                    ToolSvc.DFCommonMuonToolWrapperIDCuts                                      
2026-02-12 19:25:52,170 PerfMonMTSvc                                         INFO Initialize 1               440.03                    8856                                     7378                                                    ToolSvc.DFCommonMuonsSelector                                              
2026-02-12 19:25:52,170 PerfMonMTSvc                                         INFO Initialize 1               434.12                    27648                                    73350                                                   jetrecalg_AntiKt10UFOCSSKSoftDropBeta100Zcut10Jets                         
2026-02-12 19:25:52,170 PerfMonMTSvc                                         INFO Initialize 1               418.82                    46276                                    67585                                                   AntiKt4EMPFlowJets                                                         
2026-02-12 19:25:52,170 PerfMonMTSvc                                         INFO Initialize 1               415.71                    46276                                    67283                                                   jetrecalg_AntiKt4EMPFlowJets                                               
2026-02-12 19:25:52,171 PerfMonMTSvc                                         INFO Initialize 1               415.34                    46276                                    67247                                                   jetrecalg_AntiKt4EMPFlowJets.emscalemom_AntiKt4EMPFlow                     
2026-02-12 19:25:52,171 PerfMonMTSvc                                         INFO Initialize 1               414.97                    46276                                    67209                                                   jetrecalg_AntiKt4EMPFlowJets.jetens                                        
2026-02-12 19:25:52,171 PerfMonMTSvc                                         INFO Initialize 1               411.72                    46276                                    66960                                                   jetrecalg_AntiKt4EMPFlowJets.width                                         
2026-02-12 19:25:52,171 PerfMonMTSvc                                         INFO Initialize 1               411.51                    46276                                    66951                                                   jetrecalg_AntiKt4EMPFlowJets.caloqual                                      
2026-02-12 19:25:52,171 PerfMonMTSvc                                         INFO Initialize 1               410.84                    46276                                    66919                                                   jetrecalg_AntiKt4EMPFlowJets.trkmoms                                       
2026-02-12 19:25:52,171 PerfMonMTSvc                                         INFO Initialize 1               409.80                    46276                                    66847                                                   jetrecalg_AntiKt4EMPFlowJets.trksummoms                                    
2026-02-12 19:25:52,171 PerfMonMTSvc                                         INFO Initialize 1               409.35                    46276                                    66785                                                   jetrecalg_AntiKt4EMPFlowJets.jvf                                           
2026-02-12 19:25:52,171 PerfMonMTSvc                                         INFO Initialize 1               408.87                    46276                                    66724                                                   jetrecalg_AntiKt4EMPFlowJets.jvt                                           
2026-02-12 19:25:52,171 PerfMonMTSvc                                         INFO Initialize 1               406.85                    46276                                    66586                                                   jetrecalg_AntiKt4EMPFlowJets.larhvcorr                                     
2026-02-12 19:25:52,171 PerfMonMTSvc                                         INFO Initialize 1               406.68                    46276                                    66576                                                   jetrecalg_AntiKt4EMPFlowJets.iso                                           
2026-02-12 19:25:52,171 PerfMonMTSvc                                         INFO Initialize 1               406.45                    46276                                    66561                                                   jetrecalg_AntiKt4EMPFlowJets.jetPtAssociation                              
2026-02-12 19:25:52,171 PerfMonMTSvc                                         INFO Initialize 1               406.25                    46276                                    66542                                                   jetrecalg_AntiKt4EMPFlowJets.qgtagging                                     
2026-02-12 19:25:52,171 PerfMonMTSvc                                         INFO Initialize 1               405.23                    46276                                    66462                                                   jetrecalg_AntiKt4EMPFlowJets.nnjvt                                         
2026-02-12 19:25:52,171 PerfMonMTSvc                                         INFO Initialize 1               403.24                    46276                                    66424                                                   jetrecalg_AntiKt4EMPFlowJets.fJVT                                          
2026-02-12 19:25:52,171 PerfMonMTSvc                                         INFO Initialize 1               375.59                    27112                                    1972                                                    TrigNavSlimmingMTAlg_DAOD                                                  
2026-02-12 19:25:52,171 PerfMonMTSvc                                         INFO Initialize 1               368.94                    79640                                    3659                                                    ToolSvc.ElectronPassDNNLoose                                               
2026-02-12 19:25:52,171 PerfMonMTSvc                                         INFO Initialize 1               349.31                    78848                                    3449                                                    ToolSvc.ElectronPassDNNLoose.ElectronDNNSelectorLoose                      
2026-02-12 19:25:52,171 PerfMonMTSvc                                         INFO Initialize 1               345.95                    24132                                    1675                                                    ToolSvc.TrigDecisionTool.Navigation                                        
2026-02-12 19:25:52,171 PerfMonMTSvc                                         INFO Initialize 1               337.37                    8192                                     39912                                                   jetrecalg_AntiKt10UFOCSSKSoftDropBeta100Zcut10Jets.width                   
2026-02-12 19:25:52,172 PerfMonMTSvc                                         INFO Initialize 1               337.09                    8192                                     39895                                                   jetrecalg_AntiKt10UFOCSSKSoftDropBeta100Zcut10Jets.nsubjettiness           
2026-02-12 19:25:52,172 PerfMonMTSvc                                         INFO Initialize 1               335.97                    8192                                     39849                                                   jetrecalg_AntiKt10UFOCSSKSoftDropBeta100Zcut10Jets.ktsplitter              
2026-02-12 19:25:52,172 PerfMonMTSvc                                         INFO Initialize 1               335.48                    8192                                     39827                                                   jetrecalg_AntiKt10UFOCSSKSoftDropBeta100Zcut10Jets.ecorr                   
2026-02-12 19:25:52,172 PerfMonMTSvc                                         INFO Initialize 1               334.81                    8192                                     39796                                                   jetrecalg_AntiKt10UFOCSSKSoftDropBeta100Zcut10Jets.qw                      
2026-02-12 19:25:52,172 PerfMonMTSvc                                         INFO Initialize 1               334.31                    8192                                     39766                                                   jetrecalg_AntiKt10UFOCSSKSoftDropBeta100Zcut10Jets.comshapes               
2026-02-12 19:25:52,172 PerfMonMTSvc                                         INFO Initialize 1               333.44                    8192                                     39724                                                   jetrecalg_AntiKt10UFOCSSKSoftDropBeta100Zcut10Jets.ecorrgeneral            
2026-02-12 19:25:52,172 PerfMonMTSvc                                         INFO Initialize 1               332.41                    8192                                     39658                                                   jetrecalg_AntiKt10UFOCSSKSoftDropBeta100Zcut10Jets.truthlabeler_R10TruthLabel_R21Precision
2026-02-12 19:25:52,172 PerfMonMTSvc                                         INFO Initialize 1               331.52                    8192                                     39613                                                   jetrecalg_AntiKt10UFOCSSKSoftDropBeta100Zcut10Jets.truthlabeler_R10TruthLabel_R21Precision_2022v1
2026-02-12 19:25:52,172 PerfMonMTSvc                                         INFO Initialize 1               330.83                    2048                                     1383                                                    ToolSvc.ElectronPassDNNLooseNoCF                                           
2026-02-12 19:25:52,172 PerfMonMTSvc                                         INFO Initialize 1               330.73                    8192                                     39565                                                   jetrecalg_AntiKt10UFOCSSKSoftDropBeta100Zcut10Jets.truthlabeler_R10TruthLabel_R22v1
2026-02-12 19:25:52,172 PerfMonMTSvc                                         INFO Initialize 1               329.95                    8192                                     39518                                                   jetrecalg_AntiKt10UFOCSSKSoftDropBeta100Zcut10Jets.truthlabeler_R10WZTruthLabel_R22v1
2026-02-12 19:25:52,172 PerfMonMTSvc                                         INFO Initialize 1               329.22                    8192                                     39492                                                   jetrecalg_AntiKt10UFOCSSKSoftDropBeta100Zcut10Jets.emscalemom_AntiKt10UFOCSSKSoftDropBeta100Zcut10
2026-02-12 19:25:52,172 PerfMonMTSvc                                         INFO Initialize 1               328.88                    8192                                     39454                                                   jetrecalg_AntiKt10UFOCSSKSoftDropBeta100Zcut10Jets.jetenslargeR            
2026-02-12 19:25:52,172 PerfMonMTSvc                                         INFO Initialize 1               327.55                    8192                                     39409                                                   jetrecalg_AntiKt10UFOCSSKSoftDropBeta100Zcut10Jets.constitFrac             
2026-02-12 19:25:52,172 PerfMonMTSvc                                         INFO Initialize 1               327.27                    8192                                     39395                                                   jetrecalg_AntiKt10UFOCSSKSoftDropBeta100Zcut10Jets.groomMRatio             
2026-02-12 19:25:52,172 PerfMonMTSvc                                         INFO Initialize 1               327.11                    8192                                     39385                                                   jetrecalg_AntiKt10UFOCSSKSoftDropBeta100Zcut10Jets.BoostedJetTaggerTool-Top
2026-02-12 19:25:52,172 PerfMonMTSvc                                         INFO Initialize 1               326.72                    8192                                     39300                                                   jetrecalg_AntiKt10UFOCSSKSoftDropBeta100Zcut10Jets.BoostedJetTaggerTool-Top.MLHelper
2026-02-12 19:25:52,172 PerfMonMTSvc                                         INFO Initialize 1               325.36                    2048                                     1255                                                    ToolSvc.ElectronPassDNNLooseNoCF.ElectronDNNSelectorLooseNoCF              
2026-02-12 19:25:52,172 PerfMonMTSvc                                         INFO Initialize 1               318.07                    51200                                    52481                                                   FtagNN_AntiKt4EMPFlowJets_InDetTrackParticles_BTagging_20231205_GN2v01_antikt4empflow_STANDARD_Jet
2026-02-12 19:25:52,172 PerfMonMTSvc                                         INFO Initialize 1               317.15                    51200                                    52440                                                   FtagNN_AntiKt4EMPFlowJets_InDetTrackParticles_BTagging_20231205_GN2v01_antikt4empflow_STANDARD_Jet.multifold
2026-02-12 19:25:52,173 PerfMonMTSvc                                         INFO Initialize 1               312.41                    5120                                     1384                                                    ToolSvc.ElectronPassDNNMedium                                              
2026-02-12 19:25:52,173 PerfMonMTSvc                                         INFO Initialize 1               311.51                    1024                                     1384                                                    ToolSvc.ElectronPassDNNVeryLooseNoCF97                                     
2026-02-12 19:25:52,173 PerfMonMTSvc                                         INFO =======================================================================================
2026-02-12 19:25:52,173 PerfMonMTSvc                                         INFO FirstEvent 1               5888.48                   277592                                   327166                                                  TauTruthCommonKernel2                                                      
2026-02-12 19:25:52,173 PerfMonMTSvc                                         INFO FirstEvent 2               3010.21                   235716                                   228323                                                  CondInputLoader                                                            
2026-02-12 19:25:52,173 PerfMonMTSvc                                         INFO FirstEvent 1               1829.71                   78004                                    14088                                                   StreamDAOD_PHYS                                                            
2026-02-12 19:25:52,173 PerfMonMTSvc                                         INFO FirstEvent 2               1460.22                   143360                                   140696                                                  AtlasTrackingGeometryCondAlg                                               
2026-02-12 19:25:52,173 PerfMonMTSvc                                         INFO FirstEvent 2               1219.04                   262144                                   166070                                                  AtlasFieldMapCondAlg                                                       
2026-02-12 19:25:52,173 PerfMonMTSvc                                         INFO FirstEvent 1               678.03                    13504                                    21930                                                   MiniCollectionTruthLinkKernelNo1                                           
2026-02-12 19:25:52,173 PerfMonMTSvc                                         INFO FirstEvent 1               410.29                    6456                                     8301                                                    MiniCollectionTruthLinkKernelNo3                                           
2026-02-12 19:25:52,173 PerfMonMTSvc                                         INFO FirstEvent 2               390.38                    82944                                    178281                                                  MuonDetectorCondAlg                                                        
2026-02-12 19:25:52,173 PerfMonMTSvc                                         INFO FirstEvent 2               344.50                    116736                                   106955                                                  TRTAlignCondAlg                                                            
2026-02-12 19:25:52,173 PerfMonMTSvc                                         INFO FirstEvent 1               267.74                    1640                                     3721                                                    TrigBTagCopierAlg                                                          
2026-02-12 19:25:52,173 PerfMonMTSvc                                         INFO FirstEvent 1               223.85                    0                                        38795                                                   IncidentProcAlg1                                                           
2026-02-12 19:25:52,173 PerfMonMTSvc                                         INFO FirstEvent 1               151.94                    16080                                    13973                                                   AntiKt4EMPFlowJets                                                         
2026-02-12 19:25:52,173 PerfMonMTSvc                                         INFO FirstEvent 1               141.94                    19516                                    20163                                                   TrigNavSlimmingMTAlg_DAOD                                                  
2026-02-12 19:25:52,173 PerfMonMTSvc                                         INFO FirstEvent 1               128.49                    4816                                     1650                                                    jetrecalg_AntiKt4EMPFlowJets                                               
2026-02-12 19:25:52,173 PerfMonMTSvc                                         INFO FirstEvent 2               125.73                    54720                                    58445                                                   CaloAlignCondAlg                                                           
2026-02-12 19:25:52,173 PerfMonMTSvc                                         INFO FirstEvent 1               125.04                    6784                                     4507                                                    AntiKt10UFOCSSKSoftDropBeta100Zcut10Jets                                   
2026-02-12 19:25:52,174 PerfMonMTSvc                                         INFO FirstEvent 1               110.42                    0                                        -0                                                      IncidentProcAlg3                                                           
2026-02-12 19:25:52,174 PerfMonMTSvc                                         INFO FirstEvent 2               102.32                    6144                                     6054                                                    SCT_AlignCondAlg                                                           
2026-02-12 19:25:52,174 PerfMonMTSvc                                         INFO FirstEvent 1               83.38                     0                                        145                                                     FtagNN_AntiKt4EMPFlowJets_InDetTrackParticles_BTagging_20250912_GN3EPCLV01_antikt4empflow_network_STANDARD_Jet
2026-02-12 19:25:52,174 PerfMonMTSvc                                         INFO FirstEvent 1               80.70                     2048                                     118                                                     FtagNN_AntiKt4EMPFlowJets_InDetTrackParticles_BTagging_20250213_GN3PflowMuonsV00_antikt4empflow_network_STANDARD_Jet
2026-02-12 19:25:52,174 PerfMonMTSvc                                         INFO FirstEvent 1               78.08                     18044                                    14287                                                   EGammaCommonKernel                                                         
2026-02-12 19:25:52,174 PerfMonMTSvc                                         INFO FirstEvent 1               72.26                     0                                        5                                                       FtagNN_AntiKt4EMPFlowJets_InDetTrackParticles_BTagging_20250912_GN3EPCLV01_antikt4empflow_network_SIMPLE_FLIP_Jet
2026-02-12 19:25:52,174 PerfMonMTSvc                                         INFO FirstEvent 1               65.85                     1864                                     5                                                       FtagNN_AntiKt4EMPFlowJets_InDetTrackParticles_BTagging_20250213_GN3PflowMuonsV00_antikt4empflow_network_SIMPLE_FLIP_Jet
2026-02-12 19:25:52,174 PerfMonMTSvc                                         INFO FirstEvent 1               60.55                     0                                        2072                                                    CaloExtensionBuilderAlg                                                    
2026-02-12 19:25:52,174 PerfMonMTSvc                                         INFO FirstEvent 1               55.27                     0                                        131                                                     FtagNN_AntiKt4EMPFlowJets_InDetTrackParticles_BTagging_20250213_GN3V00_antikt4empflow_network_STANDARD_Jet
2026-02-12 19:25:52,174 PerfMonMTSvc                                         INFO FirstEvent 1               55.16                     60708                                    58854                                                   InDetCommonKernelDFCommonTrackSelection                                    
2026-02-12 19:25:52,174 PerfMonMTSvc                                         INFO FirstEvent 1               52.77                     6836                                     4093                                                    DFCommonHSDecorator                                                        
2026-02-12 19:25:52,174 PerfMonMTSvc                                         INFO FirstEvent 1               47.59                     0                                        52269                                                   MCTruthClassificationKernel                                                
2026-02-12 19:25:52,174 PerfMonMTSvc                                         INFO FirstEvent 1               45.05                     0                                        5                                                       FtagNN_AntiKt4EMPFlowJets_InDetTrackParticles_BTagging_20250213_GN3V00_antikt4empflow_network_SIMPLE_FLIP_Jet
2026-02-12 19:25:52,174 PerfMonMTSvc                                         INFO FirstEvent 1               44.53                     33352                                    33130                                                   AntiKt4EMTopoJets                                                          
2026-02-12 19:25:52,174 PerfMonMTSvc                                         INFO FirstEvent 1               43.99                     33704                                    31605                                                   jetalg_ConstitModCorrectPFOCHS_EMPFlow                                     
2026-02-12 19:25:52,174 PerfMonMTSvc                                         INFO FirstEvent 1               42.37                     0                                        677                                                     AntiKtVR30Rmax4Rmin02TruthChargedJets                                      
2026-02-12 19:25:52,174 PerfMonMTSvc                                         INFO FirstEvent 1               41.76                     0                                        532                                                     jetrecalg_AntiKtVR30Rmax4Rmin02TruthChargedJets                            
2026-02-12 19:25:52,174 PerfMonMTSvc                                         INFO FirstEvent 1               39.76                     3200                                     561                                                     jetrecalg_AntiKt10UFOCSSKSoftDropBeta100Zcut10Jets                         
2026-02-12 19:25:52,174 PerfMonMTSvc                                         INFO FirstEvent 1               36.18                     1024                                     238                                                     AntiKtVR30Rmax4Rmin02PV0TrackJets                                          
2026-02-12 19:25:52,174 PerfMonMTSvc                                         INFO FirstEvent 2               35.69                     37172                                    56701                                                   AthReadAlg_AllCalo                                                         
2026-02-12 19:25:52,174 PerfMonMTSvc                                         INFO FirstEvent 1               35.61                     1024                                     204                                                     jetrecalg_AntiKtVR30Rmax4Rmin02PV0TrackJets                                
2026-02-12 19:25:52,175 PerfMonMTSvc                                         INFO FirstEvent 1               31.64                     3296                                     6498                                                    TauJets_TauIDDecorKernel                                                   
2026-02-12 19:25:52,175 PerfMonMTSvc                                         INFO FirstEvent 1               30.21                     25768                                    25905                                                   PFlowIsolationBuilder                                                      
2026-02-12 19:25:52,175 PerfMonMTSvc                                         INFO FirstEvent 2               29.27                     5120                                     4942                                                    CaloSuperCellAlignCondAlg                                                  
2026-02-12 19:25:52,175 PerfMonMTSvc                                         INFO FirstEvent 1               25.34                     4096                                     191                                                     DiTauLowPtBuilder                                                          
2026-02-12 19:25:52,175 PerfMonMTSvc                                         INFO FirstEvent 2               24.07                     0                                        1991                                                    PixelAlignCondAlg                                                          
2026-02-12 19:25:52,175 PerfMonMTSvc                                         INFO FirstEvent 1               23.28                     0                                        116                                                     FtagNN_AntiKt4EMPFlowJets_InDetTrackParticles_BTagging_20231205_GN2v01_antikt4empflow_STANDARD_Jet
2026-02-12 19:25:52,175 PerfMonMTSvc                                         INFO FirstEvent 1               22.80                     0                                        7084                                                    AntiKt4TruthJets                                                           
2026-02-12 19:25:52,175 PerfMonMTSvc                                         INFO FirstEvent 1               19.77                     4800                                     3642                                                    jetrecalg_AntiKt4EMTopoJets                                                
2026-02-12 19:25:52,175 PerfMonMTSvc                                         INFO FirstEvent 2               16.97                     0                                        148                                                     NswPassivationDbAlg                                                        
2026-02-12 19:25:52,175 PerfMonMTSvc                                         INFO FirstEvent 1               16.17                     11264                                    10761                                                   pflowselalg                                                                
2026-02-12 19:25:52,175 PerfMonMTSvc                                         INFO FirstEvent 1               14.63                     0                                        34                                                      Electrons_decoratePLIT                                                     
2026-02-12 19:25:52,175 PerfMonMTSvc                                         INFO FirstEvent 2               14.21                     8192                                     7862                                                    SCT_DetectorElementCondAlg                                                 
2026-02-12 19:25:52,175 PerfMonMTSvc                                         INFO FirstEvent 1               14.12                     0                                        26                                                      FtagNN_AntiKt10UFOCSSKSoftDropBeta100Zcut10Jets_InDetTrackParticles_JetCalibTools_CalibArea-00-04-83_CalibrationFactors_bbJESJMS_calibFactors_R22_MC20MC23_CSSKUFO_bJR10v01_20250212_STANDARD_Jet
2026-02-12 19:25:52,175 PerfMonMTSvc                                         INFO =======================================================================================
2026-02-12 19:25:52,175 PerfMonMTSvc                                         INFO Execute    249             66474.20                  71120                                    1640506                                                 AntiKt10UFOCSSKSoftDropBeta100Zcut10Jets                                   
2026-02-12 19:25:52,175 PerfMonMTSvc                                         INFO Execute    249             49968.42                  0                                        869575                                                  AntiKt4EMPFlowJets                                                         
2026-02-12 19:25:52,175 PerfMonMTSvc                                         INFO Execute    249             49279.73                  0                                        988541                                                  CaloExtensionBuilderAlg                                                    
2026-02-12 19:25:52,175 PerfMonMTSvc                                         INFO Execute    249             48395.26                  0                                        442589                                                  jetrecalg_AntiKt4EMPFlowJets                                               
2026-02-12 19:25:52,175 PerfMonMTSvc                                         INFO Execute    249             22469.04                  3512                                     2539                                                    FtagNN_AntiKt4EMPFlowJets_InDetTrackParticles_BTagging_20250912_GN3EPCLV01_antikt4empflow_network_STANDARD_Jet
2026-02-12 19:25:52,175 PerfMonMTSvc                                         INFO Execute    249             22434.12                  1024                                     1931                                                    FtagNN_AntiKt4EMPFlowJets_InDetTrackParticles_BTagging_20250912_GN3EPCLV01_antikt4empflow_network_SIMPLE_FLIP_Jet
2026-02-12 19:25:52,176 PerfMonMTSvc                                         INFO Execute    249             21562.86                  2392                                     2324                                                    FtagNN_AntiKt4EMPFlowJets_InDetTrackParticles_BTagging_20250213_GN3PflowMuonsV00_antikt4empflow_network_STANDARD_Jet
2026-02-12 19:25:52,176 PerfMonMTSvc                                         INFO Execute    249             21443.15                  2392                                     1709                                                    FtagNN_AntiKt4EMPFlowJets_InDetTrackParticles_BTagging_20250213_GN3PflowMuonsV00_antikt4empflow_network_SIMPLE_FLIP_Jet
2026-02-12 19:25:52,176 PerfMonMTSvc                                         INFO Execute    249             15157.30                  0                                        2082                                                    FtagNN_AntiKt4EMPFlowJets_InDetTrackParticles_BTagging_20250213_GN3V00_antikt4empflow_network_STANDARD_Jet
2026-02-12 19:25:52,176 PerfMonMTSvc                                         INFO Execute    249             15125.09                  0                                        1717                                                    FtagNN_AntiKt4EMPFlowJets_InDetTrackParticles_BTagging_20250213_GN3V00_antikt4empflow_network_SIMPLE_FLIP_Jet
2026-02-12 19:25:52,176 PerfMonMTSvc                                         INFO Execute    249             10754.87                  0                                        182862                                                  AntiKtVR30Rmax4Rmin02TruthChargedJets                                      
2026-02-12 19:25:52,176 PerfMonMTSvc                                         INFO Execute    249             10549.02                  0                                        148245                                                  jetrecalg_AntiKtVR30Rmax4Rmin02TruthChargedJets                            
2026-02-12 19:25:52,176 PerfMonMTSvc                                         INFO Execute    249             9041.10                   0                                        59798                                                   AntiKtVR30Rmax4Rmin02PV0TrackJets                                          
2026-02-12 19:25:52,176 PerfMonMTSvc                                         INFO Execute    249             8891.31                   0                                        51670                                                   jetrecalg_AntiKtVR30Rmax4Rmin02PV0TrackJets                                
2026-02-12 19:25:52,176 PerfMonMTSvc                                         INFO Execute    249             8767.88                   1024                                     222827                                                  StreamDAOD_PHYS                                                            
2026-02-12 19:25:52,176 PerfMonMTSvc                                         INFO Execute    249             8632.73                   70096                                    106450                                                  jetrecalg_AntiKt10UFOCSSKSoftDropBeta100Zcut10Jets                         
2026-02-12 19:25:52,176 PerfMonMTSvc                                         INFO Execute    249             8045.77                   0                                        47396                                                   DiTauLowPtBuilder                                                          
2026-02-12 19:25:52,176 PerfMonMTSvc                                         INFO Execute    249             6010.71                   0                                        39267                                                   TauJets_TauIDDecorKernel                                                   
2026-02-12 19:25:52,176 PerfMonMTSvc                                         INFO Execute    249             5630.98                   4328                                     741563                                                  AntiKt4EMTopoJets                                                          
2026-02-12 19:25:52,176 PerfMonMTSvc                                         INFO Execute    249             4805.44                   4328                                     470236                                                  jetrecalg_AntiKt4EMTopoJets                                                
2026-02-12 19:25:52,176 PerfMonMTSvc                                         INFO Execute    249             4752.36                   0                                        130260                                                  EGammaCommonKernel                                                         
2026-02-12 19:25:52,176 PerfMonMTSvc                                         INFO Execute    249             3874.89                   0                                        1920                                                    Electrons_decoratePLIT                                                     
2026-02-12 19:25:52,176 PerfMonMTSvc                                         INFO Execute    249             3606.56                   0                                        2462                                                    FtagNN_AntiKt4EMPFlowJets_InDetTrackParticles_BTagging_20231205_GN2v01_antikt4empflow_STANDARD_Jet
2026-02-12 19:25:52,176 PerfMonMTSvc                                         INFO Execute    249             3439.87                   0                                        1189                                                    FtagNN_AntiKt4EMPFlowJets_InDetTrackParticles_BTagging_20231205_GN2v01_antikt4empflow_SIMPLE_FLIP_Jet
2026-02-12 19:25:52,176 PerfMonMTSvc                                         INFO Execute    249             3137.05                   3656                                     222014                                                  AntiKt4TruthJets                                                           
2026-02-12 19:25:52,176 PerfMonMTSvc                                         INFO Execute    249             3071.90                   1024                                     143453                                                  jetrecalg_AntiKt10TruthDressedWZJets                                       
2026-02-12 19:25:52,176 PerfMonMTSvc                                         INFO Execute    249             2738.64                   0                                        183357                                                  AntiKt4TruthDressedWZJets                                                  
2026-02-12 19:25:52,177 PerfMonMTSvc                                         INFO Execute    249             2701.27                   0                                        183261                                                  AntiKt4TruthWZJets                                                         
2026-02-12 19:25:52,177 PerfMonMTSvc                                         INFO Execute    249             2555.40                   3656                                     148262                                                  jetrecalg_AntiKt4TruthJets                                                 
2026-02-12 19:25:52,177 PerfMonMTSvc                                         INFO Execute    249             2533.47                   0                                        1420                                                    FtagNN_AntiKt10UFOCSSKSoftDropBeta100Zcut10Jets_InDetTrackParticles_JetCalibTools_CalibArea-00-04-83_CalibrationFactors_bbJESJMS_calibFactors_R22_MC20MC23_CSSKUFO_bJR10v01_20250212_STANDARD_Jet
2026-02-12 19:25:52,177 PerfMonMTSvc                                         INFO Execute    249             2496.94                   0                                        148692                                                  jetrecalg_AntiKt4TruthDressedWZJets                                        
2026-02-12 19:25:52,177 PerfMonMTSvc                                         INFO Execute    249             2495.10                   0                                        148605                                                  jetrecalg_AntiKt4TruthWZJets                                               
2026-02-12 19:25:52,177 PerfMonMTSvc                                         INFO Execute    249             2406.14                   0                                        1596                                                    FtagNN_AntiKt10UFOCSSKSoftDropBeta100Zcut10Jets_InDetTrackParticles_BTagging_20250912_GN3XPV01_antikt10ufo_network_STANDARD_Jet
2026-02-12 19:25:52,177 PerfMonMTSvc                                         INFO Execute    249             2405.54                   0                                        15272                                                   TrackParticleClusterAssociationAlgUFO                                      
2026-02-12 19:25:52,177 PerfMonMTSvc                                         INFO Execute    249             2399.60                   0                                        1510                                                    FtagNN_AntiKt10UFOCSSKSoftDropBeta100Zcut10Jets_InDetTrackParticles_BTagging_20250310_GN2XTauV00_antikt10ufo_network_STANDARD_Jet
2026-02-12 19:25:52,177 PerfMonMTSvc                                         INFO Execute    249             2359.34                   0                                        757                                                     FtagNN_AntiKt10UFOCSSKSoftDropBeta100Zcut10Jets_InDetTrackParticles_BTagging_20240925_GN2Xv02_antikt10ufo_network_STANDARD_Jet
2026-02-12 19:25:52,177 PerfMonMTSvc                                         INFO Execute    249             2314.82                   0                                        75594                                                   METAssociation_AntiKt4EMPFlowHR                                            
2026-02-12 19:25:52,177 PerfMonMTSvc                                         INFO Execute    249             1729.58                   0                                        142296                                                  MCTruthClassificationKernel                                                
2026-02-12 19:25:52,177 PerfMonMTSvc                                         INFO Execute    249             1545.33                   0                                        135153                                                  AntiKt10TruthSoftDropBeta100Zcut10Jets                                     
2026-02-12 19:25:52,177 PerfMonMTSvc                                         INFO Execute    249             1354.11                   0                                        679                                                     FtagNN_AntiKt10UFOCSSKSoftDropBeta100Zcut10Jets_InDetTrackParticles_JetCalibTools_CalibArea-00-04-83_CalibrationFactors_bbJESJMS_calibFactors_R22_MC20_CSSKUFO_bJR10v00Ext_20250212_STANDARD_Jet
2026-02-12 19:25:52,177 PerfMonMTSvc                                         INFO Execute    249             1284.63                   0                                        270                                                     IncidentProcAlg1                                                           
2026-02-12 19:25:52,177 PerfMonMTSvc                                         INFO Execute    249             1147.10                   0                                        252517                                                  AntiKt10LCTopoJets                                                         
2026-02-12 19:25:52,177 PerfMonMTSvc                                         INFO Execute    249             1130.30                   8616                                     39729                                                   antikt4empflow_sv1_secvtxfinding                                           
2026-02-12 19:25:52,177 PerfMonMTSvc                                         INFO Execute    249             1072.93                   0                                        63203                                                   METAssociation_AntiKt4EMTopo                                               
2026-02-12 19:25:52,177 PerfMonMTSvc                                         INFO Execute    249             1057.85                   0                                        46093                                                   jetrecalg_AntiKt10TruthDressedWZSoftDropBeta100Zcut10Jets                  
2026-02-12 19:25:52,177 PerfMonMTSvc                                         INFO Execute    249             1026.87                   0                                        45602                                                   jetrecalg_AntiKt10TruthSoftDropBeta100Zcut10Jets                           
2026-02-12 19:25:52,177 PerfMonMTSvc                                         INFO Execute    249             1016.40                   0                                        16651                                                   HFClassificationCommonKernel                                               
2026-02-12 19:25:52,177 PerfMonMTSvc                                         INFO Execute    249             995.01                    0                                        155453                                                  jetrecalg_AntiKt10LCTopoJets                                               
2026-02-12 19:25:52,177 PerfMonMTSvc                                         INFO Execute    249             956.70                    0                                        257450                                                  pflowselalg                                                                
2026-02-12 19:25:52,178 PerfMonMTSvc                                         INFO Execute    249             860.61                    0                                        5621                                                    antikt4empflow_sv1flip_secvtxfinding                                       
2026-02-12 19:25:52,178 PerfMonMTSvc                                         INFO =======================================================================================
2026-02-12 19:25:52,178 PerfMonMTSvc                                         INFO Finalize   1               337.48                    0                                        -667818                                                 ConditionStore                                                             
2026-02-12 19:25:52,178 PerfMonMTSvc                                         INFO Finalize   1               179.80                    -64                                      -246792                                                 DetectorStore                                                              
2026-02-12 19:25:52,178 PerfMonMTSvc                                         INFO Finalize   1               120.31                    -65544                                   -307698                                                 ToolSvc                                                                    
2026-02-12 19:25:52,178 PerfMonMTSvc                                         INFO Finalize   1               59.99                     0                                        -64959                                                  RDBAccessSvc                                                               
2026-02-12 19:25:52,178 PerfMonMTSvc                                         INFO Finalize   1               15.74                     0                                        -16971                                                  StoreGateSvc                                                               
2026-02-12 19:25:52,178 PerfMonMTSvc                                         INFO Finalize   1               9.05                      0                                        -15605                                                  ToolSvc.DiTauIDDecoratorWrapper.DiTauRec_OnnxScoreCalculator               
2026-02-12 19:25:52,178 PerfMonMTSvc                                         INFO Finalize   1               6.02                      0                                        -51128                                                  Gaudi::MultiFileCatalog                                                    
2026-02-12 19:25:52,178 PerfMonMTSvc                                         INFO Finalize   1               3.82                      0                                        -13566                                                  MetaDataStore                                                              
2026-02-12 19:25:52,178 PerfMonMTSvc                                         INFO Finalize   1               2.30                      0                                        -3104                                                   DetDescrCnvSvc                                                             
2026-02-12 19:25:52,178 PerfMonMTSvc                                         INFO Finalize   1               0.60                      0                                        6                                                       AntiKt4TruthJets                                                           
2026-02-12 19:25:52,178 PerfMonMTSvc                                         INFO Finalize   1               0.57                      0                                        -20                                                     ChronoStatSvc                                                              
2026-02-12 19:25:52,178 PerfMonMTSvc                                         INFO Finalize   1               0.53                      0                                        -768                                                    IOVDbSvc                                                                   
2026-02-12 19:25:52,179 PerfMonMTSvc                                         INFO Finalize   1               0.40                      0                                        0                                                       Athena::DelayedConditionsCleanerSvc                                        
2026-02-12 19:25:52,179 PerfMonMTSvc                                         INFO Finalize   1               0.35                      0                                        -5576                                                   InputMetaDataStore                                                         
2026-02-12 19:25:52,179 PerfMonMTSvc                                         INFO Finalize   1               0.34                      0                                        3                                                       AntiKt10UFOCSSKSoftDropBeta100Zcut10Jets                                   
2026-02-12 19:25:52,179 PerfMonMTSvc                                         INFO Finalize   1               0.26                      0                                        2                                                       AntiKt4EMTopoJets                                                          
2026-02-12 19:25:52,179 PerfMonMTSvc                                         INFO Finalize   1               0.23                      0                                        -0                                                      EGammaCommonKernel                                                         
2026-02-12 19:25:52,179 PerfMonMTSvc                                         INFO Finalize   1               0.21                      0                                        2                                                       EventCleanSeq                                                              
2026-02-12 19:25:52,179 PerfMonMTSvc                                         INFO Finalize   1               0.18                      0                                        1                                                       AntiKt4EMPFlowJets                                                         
2026-02-12 19:25:52,179 PerfMonMTSvc                                         INFO Finalize   1               0.12                      0                                        1                                                       AntiKtVR30Rmax4Rmin02PV0TrackJets                                          
2026-02-12 19:25:52,179 PerfMonMTSvc                                         INFO Finalize   1               0.12                      0                                        -1                                                      AthenaPoolSharedIOCnvSvc                                                   
2026-02-12 19:25:52,179 PerfMonMTSvc                                         INFO Finalize   1               0.10                      0                                        1                                                       AntiKtVR30Rmax4Rmin02TruthChargedJets                                      
2026-02-12 19:25:52,179 PerfMonMTSvc                                         INFO Finalize   1               0.10                      0                                        -4                                                      ToolSvc.PHYSDiTauLowPtTPThinningTool                                       
2026-02-12 19:25:52,179 PerfMonMTSvc                                         INFO Finalize   1               0.10                      0                                        1                                                       AntiKt4TruthWZJets                                                         
2026-02-12 19:25:52,179 PerfMonMTSvc                                         INFO Finalize   1               0.10                      0                                        0                                                       FourLeptonVertexAlg                                                        
2026-02-12 19:25:52,179 PerfMonMTSvc                                         INFO Finalize   1               0.10                      0                                        1                                                       AntiKt4TruthDressedWZJets                                                  
2026-02-12 19:25:52,179 PerfMonMTSvc                                         INFO Finalize   1               0.10                      0                                        -11                                                     EventSelector                                                              
2026-02-12 19:25:52,179 PerfMonMTSvc                                         INFO Finalize   1               0.09                      0                                        1                                                       AntiKt10LCTopoJets                                                         
2026-02-12 19:25:52,179 PerfMonMTSvc                                         INFO Finalize   1               0.08                      0                                        1                                                       AntiKt10TruthSoftDropBeta100Zcut10Jets                                     
2026-02-12 19:25:52,179 PerfMonMTSvc                                         INFO Finalize   1               0.08                      0                                        -0                                                      TruthCategoriesDecorator.xAODToHepMCTool                                   
2026-02-12 19:25:52,179 PerfMonMTSvc                                         INFO Finalize   1               0.08                      0                                        -0                                                      PHYSKernel                                                                 
2026-02-12 19:25:52,179 PerfMonMTSvc                                         INFO Finalize   1               0.07                      0                                        -0                                                      antikt10ufocssksoftdropbeta100zcut10_sv1flip_secvtxfinding.IDVKalVxInJetFlip
2026-02-12 19:25:52,179 PerfMonMTSvc                                         INFO Finalize   1               0.07                      0                                        -0                                                      InDetUsedInFitDecorator_0Alg                                               
2026-02-12 19:25:52,180 PerfMonMTSvc                                         INFO Finalize   1               0.07                      0                                        -0                                                      ToolSvc.TrigDecisionTool                                                   
2026-02-12 19:25:52,180 PerfMonMTSvc                                         INFO Finalize   1               0.06                      0                                        -5                                                      PoolSvc                                                                    
2026-02-12 19:25:52,180 PerfMonMTSvc                                         INFO Finalize   1               0.06                      0                                        0                                                       AllExecutedEventsCounterAlg                                                
2026-02-12 19:25:52,180 PerfMonMTSvc                                         INFO Finalize   1               0.06                      0                                        -0                                                      TruthCategoriesDecorator.HiggsTruthCategoryTool                            
2026-02-12 19:25:52,180 PerfMonMTSvc                                         INFO Finalize   1               0.05                      0                                        -0                                                      MCTruthClassificationKernel                                                
2026-02-12 19:25:52,180 PerfMonMTSvc                                         INFO Finalize   1               0.05                      0                                        -24                                                     ToolSvc.CaloSurfaceBuilder                                                 
2026-02-12 19:25:52,180 PerfMonMTSvc                                         INFO Finalize   1               0.05                      0                                        -0                                                      TauJets_MuonRM_TauIDDecorKernel                                            
2026-02-12 19:25:52,180 PerfMonMTSvc                                         INFO Finalize   1               0.05                      0                                        -0                                                      ToolSvc.PHYSTrackParticleThinningTool                                      
2026-02-12 19:25:52,180 PerfMonMTSvc                                         INFO Finalize   1               0.04                      0                                        -0                                                      TauTruthCommonKernel2                                                      
2026-02-12 19:25:52,180 PerfMonMTSvc                                         INFO Finalize   1               0.04                      0                                        -0                                                      BadBatmanAugmentation                                                      
2026-02-12 19:25:52,180 PerfMonMTSvc                                         INFO Finalize   1               0.04                      0                                        -0                                                      TauJets_TauIDDecorKernel                                                   
2026-02-12 19:25:52,180 PerfMonMTSvc                                         INFO Finalize   1               0.04                      0                                        -0                                                      DFCommonMuonsKernel                                                        
2026-02-12 19:25:52,180 PerfMonMTSvc                                         INFO Finalize   1               0.04                      0                                        -0                                                      DiTauJets_DiTauIDDecorKernel                                               
2026-02-12 19:25:52,180 PerfMonMTSvc                                         INFO Finalize   1               0.04                      0                                        -0                                                      PhysCommonTruthCharmKernel                                                 
2026-02-12 19:25:52,180 PerfMonMTSvc                                         INFO Finalize   1               0.04                      0                                        -0                                                      CondInputLoader                                                            
2026-02-12 19:25:52,180 PerfMonMTSvc                                         INFO Finalize   1               0.04                      0                                        -0                                                      DiTauIDDecorKernel                                                         
2026-02-12 19:25:52,180 PerfMonMTSvc                                         INFO Finalize   1               0.04                      0                                        -0                                                      HFClassificationCommonKernel                                               
2026-02-12 19:25:52,180 PerfMonMTSvc                                         INFO =======================================================================================
2026-02-12 19:25:52,180 PerfMonMTSvc                                         INFO preLoadProxy 1               25.10                     0                                        40                                                      loadCachesOverhead:COOLOFL_INDET/OFLP200                                   
2026-02-12 19:25:52,180 PerfMonMTSvc                                         INFO preLoadProxy 1               19.87                     1024                                     3                                                       loadCachesOverhead:COOLOFL_LAR/OFLP200                                     
2026-02-12 19:25:52,180 PerfMonMTSvc                                         INFO preLoadProxy 1               16.37                     0                                        13                                                      loadCachesOverhead:COOLOFL_TRT/OFLP200                                     
2026-02-12 19:25:52,181 PerfMonMTSvc                                         INFO preLoadProxy 1               15.53                     1024                                     1156                                                    FldrCache:/LAR/Align                                                       
2026-02-12 19:25:52,181 PerfMonMTSvc                                         INFO preLoadProxy 1               14.72                     0                                        3                                                       loadCachesOverhead:COOLOFL_GLOBAL/OFLP200                                  
2026-02-12 19:25:52,181 PerfMonMTSvc                                         INFO preLoadProxy 1               14.33                     0                                        2                                                       loadCachesOverhead:COOLOFL_DCS/OFLP200                                     
2026-02-12 19:25:52,181 PerfMonMTSvc                                         INFO preLoadProxy 1               13.75                     0                                        898                                                     FldrCache:/EXT/DCS/MAGNETS/SENSORDATA                                      
2026-02-12 19:25:52,181 PerfMonMTSvc                                         INFO preLoadProxy 1               13.18                     0                                        542                                                     FldrCache:/Indet/Align                                                     
2026-02-12 19:25:52,181 PerfMonMTSvc                                         INFO preLoadProxy 1               12.87                     3072                                     673                                                     loadCachesOverhead:COOLOFL_MDT/OFLP200                                     
2026-02-12 19:25:52,181 PerfMonMTSvc                                         INFO preLoadProxy 1               12.15                     3072                                     1431                                                    FldrCache:/MDT/MM/PASSIVATION                                              
2026-02-12 19:25:52,181 PerfMonMTSvc                                         INFO preLoadProxy 1               11.68                     0                                        753                                                     FldrCache:/TRT/Align                                                       
2026-02-12 19:25:52,181 PerfMonMTSvc                                         INFO preLoadProxy 1               10.30                     0                                        821                                                     FldrCache:/GLOBAL/BField/Maps                                              
2026-02-12 19:25:52,181 PerfMonMTSvc                                         INFO preLoadProxy 1               7.21                      0                                        21                                                      FldrCache:/Indet/Beampos                                                   
2026-02-12 19:25:52,181 PerfMonMTSvc                                         INFO preLoadProxy 1               4.24                      0                                        18                                                      FldrCache:/Indet/IBLDist                                                   
2026-02-12 19:25:52,181 PerfMonMTSvc                                         INFO preLoadProxy 1               4.06                      0                                        9                                                       FldrCache:/TRT/Calib/DX                                                    
2026-02-12 19:25:52,181 PerfMonMTSvc                                         INFO preLoadProxy 1               3.89                      0                                        3                                                       FldrCache:/GLOBAL/TrackingGeo/LayerMaterialV2                              
2026-02-12 19:25:52,181 PerfMonMTSvc                                         INFO preLoadProxy 1               3.63                      0                                        8                                                       FldrCache:/LAR/LArCellPositionShift                                        
2026-02-12 19:25:52,181 PerfMonMTSvc                                         INFO preLoadProxy 1               0.72                      0                                        14                                                      UpdateAddr::/TagInfo                                                       
2026-02-12 19:25:52,181 PerfMonMTSvc                                         INFO preLoadProxy 1               0.40                      0                                        13                                                      FldrSetup:/TagInfo                                                         
2026-02-12 19:25:52,181 PerfMonMTSvc                                         INFO preLoadProxy 1               0.16                      0                                        12                                                      FldrSetup:/Indet/Align                                                     
2026-02-12 19:25:52,181 PerfMonMTSvc                                         INFO preLoadProxy 1               0.10                      0                                        22                                                      FldrSetup:/Digitization/Parameters                                         
2026-02-12 19:25:52,181 PerfMonMTSvc                                         INFO preLoadProxy 1               0.08                      0                                        0                                                       FldrSetup:/GLOBAL/TrackingGeo/LayerMaterialV2                              
2026-02-12 19:25:52,181 PerfMonMTSvc                                         INFO preLoadProxy 1               0.08                      0                                        0                                                       FldrSetup:LArCellPositionShift                                             
2026-02-12 19:25:52,181 PerfMonMTSvc                                         INFO preLoadProxy 1               0.08                      0                                        10                                                      FldrSetup:/Indet/IBLDist                                                   
2026-02-12 19:25:52,181 PerfMonMTSvc                                         INFO preLoadProxy 1               0.07                      0                                        9                                                       FldrSetup:/TRT/Align                                                       
2026-02-12 19:25:52,182 PerfMonMTSvc                                         INFO preLoadProxy 1               0.07                      0                                        2                                                       FldrSetup:/EXT/DCS/MAGNETS/SENSORDATA                                      
2026-02-12 19:25:52,182 PerfMonMTSvc                                         INFO preLoadProxy 1               0.05                      0                                        3                                                       FldrSetup:/GLOBAL/BField/Maps                                              
2026-02-12 19:25:52,182 PerfMonMTSvc                                         INFO preLoadProxy 1               0.05                      0                                        0                                                       FldrSetup:/TRT/Calib/DX                                                    
2026-02-12 19:25:52,182 PerfMonMTSvc                                         INFO preLoadProxy 1               0.04                      0                                        -0                                                      AthenaAttributeList[/Digitization/Parameters]                              
2026-02-12 19:25:52,182 PerfMonMTSvc                                         INFO preLoadProxy 1               0.04                      0                                        1                                                       FldrSetup:/MDT/MM/PASSIVATION                                              
2026-02-12 19:25:52,182 PerfMonMTSvc                                         INFO preLoadProxy 1               0.02                      0                                        2                                                       FldrSetup:/Indet/Beampos                                                   
2026-02-12 19:25:52,182 PerfMonMTSvc                                         INFO preLoadProxy 1               0.02                      0                                        -0                                                      UpdateAddr::AthenaMPEventQueue_1499410_ad110f49-fdb6-4fc2-b1d6-803dedaecabe
2026-02-12 19:25:52,182 PerfMonMTSvc                                         INFO preLoadProxy 1               0.02                      0                                        -0                                                      UpdateAddr::PRESAMPLER_B_POS                                               
2026-02-12 19:25:52,182 PerfMonMTSvc                                         INFO preLoadProxy 1               0.01                      0                                        0                                                       FldrSetup:/LAR/Align                                                       
2026-02-12 19:25:52,182 PerfMonMTSvc                                         INFO preLoadProxy 1               0.01                      0                                        -0                                                      CondAttrListCollection[/TagInfo]                                           
2026-02-12 19:25:52,182 PerfMonMTSvc                                         INFO preLoadProxy 1               0.01                      0                                        -0                                                      Trk::LayerMaterialMap[/GLOBAL/TrackingGeo/LayerMaterialV2]                 
2026-02-12 19:25:52,182 PerfMonMTSvc                                         INFO preLoadProxy 1               0.01                      0                                        -0                                                      AthenaAttributeList[/Indet/Beampos]                                        
2026-02-12 19:25:52,182 PerfMonMTSvc                                         INFO preLoadProxy 1               0.01                      0                                        -0                                                      CondAttrListCollection[/EXT/DCS/MAGNETS/SENSORDATA]                        
2026-02-12 19:25:52,182 PerfMonMTSvc                                         INFO preLoadProxy 1               0.01                      0                                        -0                                                      TRTCond::StrawDxContainer[/TRT/Calib/DX]                                   
2026-02-12 19:25:52,182 PerfMonMTSvc                                         INFO preLoadProxy 1               0.01                      0                                        -0                                                      UpdateAddr::PRESAMPLER_B_NEG                                               
2026-02-12 19:25:52,182 PerfMonMTSvc                                         INFO preLoadProxy 1               0.01                      0                                        -0                                                      UpdateAddr::HEC_POS                                                        
2026-02-12 19:25:52,182 PerfMonMTSvc                                         INFO preLoadProxy 1               0.01                      0                                        -0                                                      CaloRec::CaloCellPositionShift[LArCellPositionShift]                       
2026-02-12 19:25:52,182 PerfMonMTSvc                                         INFO preLoadProxy 1               0.01                      0                                        -0                                                      DetCondKeyTrans[/LAR/Align]                                                
2026-02-12 19:25:52,182 PerfMonMTSvc                                         INFO preLoadProxy 1               0.01                      0                                        -0                                                      UpdateAddr::PRESAMPLER_EC_NEG                                              
2026-02-12 19:25:52,182 PerfMonMTSvc                                         INFO preLoadProxy 1               0.01                      0                                        -0                                                      UpdateAddr::PRESAMPLER_EC_POS                                              
2026-02-12 19:25:52,182 PerfMonMTSvc                                         INFO preLoadProxy 1               0.01                      0                                        -0                                                      UpdateAddr::HEC_NEG                                                        
2026-02-12 19:25:52,182 PerfMonMTSvc                                         INFO preLoadProxy 1               0.01                      0                                        -0                                                      CondAttrListCollection[/MDT/MM/PASSIVATION]                                
2026-02-12 19:25:52,183 PerfMonMTSvc                                         INFO preLoadProxy 1               0.01                      0                                        -0                                                      CondAttrListCollection[/GLOBAL/BField/Maps]                                
2026-02-12 19:25:52,183 PerfMonMTSvc                                         INFO preLoadProxy 1               0.01                      0                                        -0                                                      CondAttrListCollection[/Indet/IBLDist]                                     
2026-02-12 19:25:52,183 PerfMonMTSvc                                         INFO preLoadProxy 1               0.01                      0                                        -0                                                      AlignableTransformContainer[/Indet/Align]                                  
2026-02-12 19:25:52,183 PerfMonMTSvc                                         INFO =======================================================================================
2026-02-12 19:25:52,183 PerfMonMTSvc                                         INFO                                 Event Level Monitoring                                 
2026-02-12 19:25:52,183 PerfMonMTSvc                                         INFO         (Only the first 10 and the last measurements are explicitly printed)
2026-02-12 19:25:52,183 PerfMonMTSvc                                         INFO =======================================================================================
2026-02-12 19:25:52,183 PerfMonMTSvc                                         INFO Event            CPU [s]      Wall [s]     Vmem [kB]    Rss [kB]     Pss [kB]     Swap [kB]   
2026-02-12 19:25:52,183 PerfMonMTSvc                                         INFO ---------------------------------------------------------------------------------------
2026-02-12 19:25:52,183 PerfMonMTSvc                                         INFO 1                        1.84       123.19      5557284      3876624      1763642            0
2026-02-12 19:25:52,183 PerfMonMTSvc                                         INFO 14                      25.35       153.37      6241040      4889972      2759783            0
2026-02-12 19:25:52,183 PerfMonMTSvc                                         INFO 42                      55.76       183.93      6265000      4914296      2784110            0
2026-02-12 19:25:52,183 PerfMonMTSvc                                         INFO 66                      88.50       216.82      6273904      4924580      2795391            0
2026-02-12 19:25:52,183 PerfMonMTSvc                                         INFO 91                     119.43       247.87      6421820      5069812      2939330            0
2026-02-12 19:25:52,183 PerfMonMTSvc                                         INFO 115                    149.63       278.18      6421820      5074604      2944117            0
2026-02-12 19:25:52,183 PerfMonMTSvc                                         INFO 136                    180.75       309.41      6424556      5075496      2945054            0
2026-02-12 19:25:52,183 PerfMonMTSvc                                         INFO 156                    212.09       340.86      6424556      5074460      2944015            0
2026-02-12 19:25:52,183 PerfMonMTSvc                                         INFO 176                    243.18       371.97      6556836      5207152      3076734            0
2026-02-12 19:25:52,183 PerfMonMTSvc                                         INFO 195                    274.28       403.18      6556836      5207112      3076694            0
2026-02-12 19:25:52,183 PerfMonMTSvc                                         INFO ...====================================================================================
2026-02-12 19:25:52,183 PerfMonMTSvc                                         INFO 237                    335.27       464.38      6556836      5208596      3078181            0
2026-02-12 19:25:52,184 PerfMonMTSvc                                         INFO =======================================================================================
2026-02-12 19:25:52,184 PerfMonMTSvc                                         INFO                                 Snapshots Summary                                      
2026-02-12 19:25:52,184 PerfMonMTSvc                                         INFO =======================================================================================
2026-02-12 19:25:52,184 PerfMonMTSvc                                         INFO Step          dCPU [s]     dWall [s]    <CPU>   dVmem [kB]  dRss [kB]   dPss [kB]   dSwap [kB] 
2026-02-12 19:25:52,184 PerfMonMTSvc                                         INFO ---------------------------------------------------------------------------------------
2026-02-12 19:25:52,184 PerfMonMTSvc                                         INFO Configure     12.74        19.03        0.67    1414636     1112212     813390      0          
2026-02-12 19:25:52,184 PerfMonMTSvc                                         INFO Initialize    12.68        81.66        0.16    1906852     1414392     1399552     0          
2026-02-12 19:25:52,184 PerfMonMTSvc                                         INFO FirstEvent    12.74        39.85        0.32    6177904     4820372     2695120     0          
2026-02-12 19:25:52,184 PerfMonMTSvc                                         INFO Execute       345.23       346.71       1.00    378932      384584      396344      0          
2026-02-12 19:25:52,184 PerfMonMTSvc                                         INFO Finalize      0.83         1.28         0.65    -65608      25440       629167      0          
2026-02-12 19:25:52,184 PerfMonMTSvc                                         INFO ***************************************************************************************
2026-02-12 19:25:52,184 PerfMonMTSvc                                         INFO Number of events processed:         250
2026-02-12 19:25:52,184 PerfMonMTSvc                                         INFO CPU usage per event [ms]:           1432
2026-02-12 19:25:52,184 PerfMonMTSvc                                         INFO Events per second:                  0.647
2026-02-12 19:25:52,184 PerfMonMTSvc                                         INFO CPU utilization efficiency [%]:     78
2026-02-12 19:25:52,184 PerfMonMTSvc                                         INFO ***************************************************************************************
2026-02-12 19:25:52,184 PerfMonMTSvc                                         INFO Max Vmem:                           6.25 GB
2026-02-12 19:25:52,184 PerfMonMTSvc                                         INFO Max Rss:                            4.97 GB
2026-02-12 19:25:52,184 PerfMonMTSvc                                         INFO Max Pss:                            2.94 GB
2026-02-12 19:25:52,184 PerfMonMTSvc                                         INFO Max Swap:                           0.00 KB
2026-02-12 19:25:52,184 PerfMonMTSvc                                         INFO ***************************************************************************************
2026-02-12 19:25:52,184 PerfMonMTSvc                                         INFO Leak estimate per event Vmem:       1.58 MB
2026-02-12 19:25:52,185 PerfMonMTSvc                                         INFO Leak estimate per event Pss:        1.58 MB
2026-02-12 19:25:52,185 PerfMonMTSvc                                         INFO   >> Estimated using the last 10 measurements from the Event Level Monitoring
2026-02-12 19:25:52,185 PerfMonMTSvc                                         INFO   >> Events prior to the first 25 are omitted...
2026-02-12 19:25:52,185 PerfMonMTSvc                                         INFO =======================================================================================
2026-02-12 19:25:52,185 PerfMonMTSvc                                         INFO                                   System Information                                   
2026-02-12 19:25:52,185 PerfMonMTSvc                                         INFO =======================================================================================
2026-02-12 19:25:52,186 PerfMonMTSvc                                         INFO CPU Model:                          Intel(R) Xeon(R) Gold 6326 CPU @ 2.90GHz 24576 KB
2026-02-12 19:25:52,186 PerfMonMTSvc                                         INFO Number of Available Cores:          32
2026-02-12 19:25:52,186 PerfMonMTSvc                                         INFO Total Memory:                       251.00 GB
2026-02-12 19:25:52,186 PerfMonMTSvc                                         INFO =======================================================================================
2026-02-12 19:25:52,186 PerfMonMTSvc                                         INFO                                Environment Information                                 
2026-02-12 19:25:52,186 PerfMonMTSvc                                         INFO =======================================================================================
2026-02-12 19:25:52,186 PerfMonMTSvc                                         INFO Malloc Library:                     libtcmalloc_minimal.so
2026-02-12 19:25:52,186 PerfMonMTSvc                                         INFO Math Library:                       libimf.so
2026-02-12 19:25:52,186 PerfMonMTSvc                                         INFO =======================================================================================
2026-02-12 19:25:52,352 ApplicationMgr                                       INFO Application Manager Finalized successfully
