2026-02-12 20:30:49,896 AthMpEvtLoopMgr.SharedEvtQueueConsumer               INFO Logs redirected in the AthenaMP event worker PID=1514895
2026-02-12 20:30:49,896 AthMpEvtLoopMgr.SharedEvtQueueConsumer               INFO Io registry updated in the AthenaMP event worker PID=1514895
2026-02-12 20:30:49,915 AthMpEvtLoopMgr.SharedEvtQueueConsumer               INFO File descriptors re-opened in the AthenaMP event worker PID=1514895
2026-02-12 20:30:49,915 PoolSvc                                              INFO I/O reinitialization...
2026-02-12 20:30:49,915 PoolSvc                                              INFO Setting up APR FileCatalog and Streams
2026-02-12 20:30:49,933 PoolSvc                                              INFO Resolved path (via ATLAS_POOLCOND_PATH) is /cvmfs/atlas-condb.cern.ch/repo/conditions/poolcond/PoolFileCatalog.xml
2026-02-12 20:30:49,943 PoolSvc                                              INFO Unable find catalog apcfile:poolcond/PoolCat_oflcond.xml in $ATLAS_POOLCOND_PATH and $DATAPATH
2026-02-12 20:30:49,944 PoolSvc                                              INFO POOL WriteCatalog is xmlcatalog_file:PoolFileCatalog.xml
2026-02-12 20:30:50,186 DbSession                                            INFO     Open     DbSession
2026-02-12 20:30:50,186 Domain[ROOT_All]                                     INFO >   Access   DbDomain     READ      [ROOT_All]
2026-02-12 20:30:50,186 DbSession                                            INFO     Open     DbSession
2026-02-12 20:30:50,186 Domain[ROOT_All]                                     INFO >   Access   DbDomain     READ      [ROOT_All]
2026-02-12 20:30:50,186 MetaDataSvc                                          INFO I/O reinitialization...
2026-02-12 20:30:50,187 MetaDataSvc                                          INFO Attached MetaDataTool: ToolSvc.IOVDbMetaDataTool
2026-02-12 20:30:50,187 MetaDataSvc                                          INFO Attached MetaDataTool: ToolSvc.BookkeeperTool
2026-02-12 20:30:50,187 MetaDataSvc                                          INFO Attached MetaDataTool: ToolSvc.StreamDAOD_PHYS_CopyEventStreamInfo
2026-02-12 20:30:50,187 MetaDataSvc                                          INFO Attached MetaDataTool: ToolSvc.TriggerMenuMetaDataTool
2026-02-12 20:30:50,187 MetaDataSvc                                          INFO Attached MetaDataTool: ToolSvc.TruthMetaDataTool
2026-02-12 20:30:50,187 MetaDataSvc                                          INFO Attached MetaDataTool: ToolSvc.xAODMaker::FileMetaDataTool
2026-02-12 20:30:50,187 MetaDataSvc                                          INFO Attached MetaDataTool: ToolSvc.xAODMaker::EventFormatMetaDataTool
2026-02-12 20:30:50,187 EventSelector                                        INFO I/O reinitialization...
2026-02-12 20:30:50,187 /eos/home-b/bkamgama/draft/Run_sleep_10000/...root   INFO ->  Access   DbDatabase   READ      [ROOT_All] AA21FB28-2672-434E-9813-0D7BE842151D
2026-02-12 20:30:50,198 RootDatabase                                         INFO /eos/home-b/bkamgama/draft/Run_sleep_10000/Compression_QT/DAOD_Compression_Analysis/workspaces/zstd_level1/data/zstd_rntuple_level1.AOD.pool.root File version:1063901
2026-02-12 20:30:50,219 StreamDAOD_PHYS                                      INFO I/O reinitialization...
2026-02-12 20:30:50,219 /eos/home-b/bkamgama/draft/Run_sleep_10000/...root   INFO Database being retired...
2026-02-12 20:30:50,220 /eos/home-b/bkamgama/draft/Run_sleep_10000/...root   INFO ->  Deaccess DbDatabase   READ      [ROOT_All] AA21FB28-2672-434E-9813-0D7BE842151D
2026-02-12 20:30:50,220 Domain[ROOT_All]                                     INFO >   Deaccess DbDomain     READ      [ROOT_All]
2026-02-12 20:30:50,220 DbSession                                            INFO     Open     DbSession
2026-02-12 20:30:50,220 Domain[ROOT_All]                                     INFO >   Access   DbDomain     READ      [ROOT_All]
2026-02-12 20:30:50,220 /eos/home-b/bkamgama/draft/Run_sleep_10000/...root   INFO ->  Access   DbDatabase   READ      [ROOT_All] AA21FB28-2672-434E-9813-0D7BE842151D
2026-02-12 20:30:50,224 RootDatabase                                         INFO /eos/home-b/bkamgama/draft/Run_sleep_10000/Compression_QT/DAOD_Compression_Analysis/workspaces/zstd_level1/data/zstd_rntuple_level1.AOD.pool.root File version:1063901
2026-02-12 20:30:50,237 AthMpEvtLoopMgr.SharedEvtQueueConsumer               INFO Exec function in the AthenaMP worker PID=1514895
2026-02-12 20:30:50,239 AthMpEvtLoopMgr.SharedEvtQueueConsumer               INFO Received from the queue: event num=1 chunk size=1
2026-02-12 20:30:50,239 AthMpEvtLoopMgr.SharedEvtQueueConsumer               INFO Seek to 1 succeeded
2026-02-12 20:30:50,245 ToolSvc.BookkeeperTool                               INFO Preparing local cache for source 'AA21FB28-2672-434E-9813-0D7BE842151D' with 194 variations
2026-02-12 20:30:50,248 ToolSvc.BookkeeperTool                               INFO No incomplete bookkeepers with name 'IncompleteCutBookkeepers' in this file
2026-02-12 20:30:50,248 ToolSvc.BookkeeperTool                               INFO No complete bookkeepers with name 'CutBookkeepers' in this file
2026-02-12 20:30:51,942 AthenaEventLoopMgr                                   INFO   ===>>>  start processing event #334732008, run #450000 0 events processed so far  <<<===
2026-02-12 20:30:52,046 xAODConfigSvc                                        INFO TrigConfxAOD/src/xAODConfigSvc.cxx:940 (StatusCode TrigConf::xAODConfigSvc::prepareEventxAODTriggerMenuJson(const xAOD::TrigConfKeys*, const xAOD::BunchConfKey*, const EventContext&)): Loaded xAOD::TriggerMenuJson configuration:  SMK = 2130037424, L1PSK = 3785439411, HLTPSK = 266086103, BGSK = 707058941
2026-02-12 20:30:52,151 PerfMonMTSvc                                         INFO Event [    1] CPU Time: 00h00m02s, Wall Time: 00h01m03s, Vmem: 5.30 GB, Rss: 3.73 GB, Pss: 1.89 GB, Swap: 0.00 KB
2026-02-12 20:30:52,152 ToolSvc.TrigDecisionTool                             INFO Updating config in slot 0 with SMK: 2130037424 and L1PSK: 3785439411 and HLTPSK: 266086103 and BGSK: 707058941 getForceConfigUpdate()=1 HLT Chains: 2535
2026-02-12 20:30:52,687 ToolSvc.PhysCommonTruthCharmTool                  WARNING Found xAODTruthMetaDataContainer empty! Configuring to be NOT Sherpa.
2026-02-12 20:30:52,687 ToolSvc.PhysCommonTruthCharmTool                     INFO From metadata configured: Sherpa? 0
2026-02-12 20:30:58,699 ToolSvc.DFCommonBornLeptonCollTool                   INFO From metadata configured: Sherpa? 0
2026-02-12 20:30:59,733 ToolSvc.xAODTrackParticleCompressorTool              INFO Initialising
2026-02-12 20:30:59,733 ToolSvc.xAODTrackParticleCompressorTool              INFO   OffDiagCovMatrixBits = 23
2026-02-12 20:30:59,734 ToolSvc.xAODTrackParticleCompressorTool              INFO   DiagCovMatrixBits    = 23
2026-02-12 20:30:59,734 ToolSvc.xAODTrackParticleCompressorTool              INFO   UseOffDiagCompr = 0
2026-02-12 20:31:00,873 xAODClusterCompressor                                INFO Compression of ClusterMoments to 16 bits enabled
2026-02-12 20:31:00,874 AthenaPoolConverter                                  INFO Retrieved compression tool
WARNING from FastJet: Recluster: the original cluster sequence is lacking explicit ghosts; area support will no longer be available after re-clustering
WARNING from FastJet: Recluster: the original cluster sequence is lacking explicit ghosts; area support will no longer be available after re-clustering
WARNING from FastJet: Recluster: the original cluster sequence is lacking explicit ghosts; area support will no longer be available after re-clustering
2026-02-12 20:31:02,463 ClassIDSvc                                           INFO getRegistryEntries: read 2784 CLIDRegistry entries for module ALL
xAOD::AuxSelection WARNING Selected dynamic Aux atribute "DFCommonJets_eventClean_LooseBadLLP" not found in the registry
xAOD::AuxSelection WARNING Selected dynamic Aux atribute "HTXS_Higgs_decay_eta" not found in the registry
xAOD::AuxSelection WARNING Selected dynamic Aux atribute "HTXS_Higgs_decay_m" not found in the registry
xAOD::AuxSelection WARNING Selected dynamic Aux atribute "HTXS_Higgs_decay_phi" not found in the registry
xAOD::AuxSelection WARNING Selected dynamic Aux atribute "HTXS_Higgs_decay_pt" not found in the registry
xAOD::AuxSelection WARNING Selected dynamic Aux atribute "HTXS_Higgs_eta" not found in the registry
xAOD::AuxSelection WARNING Selected dynamic Aux atribute "HTXS_Higgs_m" not found in the registry
xAOD::AuxSelection WARNING Selected dynamic Aux atribute "HTXS_Higgs_phi" not found in the registry
xAOD::AuxSelection WARNING Selected dynamic Aux atribute "HTXS_Higgs_pt" not found in the registry
xAOD::AuxSelection WARNING Selected dynamic Aux atribute "HTXS_Njets_pTjet25" not found in the registry
xAOD::AuxSelection WARNING Selected dynamic Aux atribute "HTXS_Njets_pTjet30" not found in the registry
xAOD::AuxSelection WARNING Selected dynamic Aux atribute "HTXS_Stage0_Category" not found in the registry
xAOD::AuxSelection WARNING Selected dynamic Aux atribute "HTXS_Stage1_2_Category_pTjet25" not found in the registry
xAOD::AuxSelection WARNING Selected dynamic Aux atribute "HTXS_Stage1_2_Category_pTjet30" not found in the registry
xAOD::AuxSelection WARNING Selected dynamic Aux atribute "HTXS_Stage1_2_FineIndex_pTjet25" not found in the registry
xAOD::AuxSelection WARNING Selected dynamic Aux atribute "HTXS_Stage1_2_FineIndex_pTjet30" not found in the registry
xAOD::AuxSelection WARNING Selected dynamic Aux atribute "HTXS_Stage1_2_Fine_Category_pTjet25" not found in the registry
xAOD::AuxSelection WARNING Selected dynamic Aux atribute "HTXS_Stage1_2_Fine_Category_pTjet30" not found in the registry
xAOD::AuxSelection WARNING Selected dynamic Aux atribute "HTXS_Stage1_2_Fine_FineIndex_pTjet25" not found in the registry
xAOD::AuxSelection WARNING Selected dynamic Aux atribute "HTXS_Stage1_2_Fine_FineIndex_pTjet30" not found in the registry
xAOD::AuxSelection WARNING Selected dynamic Aux atribute "HTXS_Stage1_Category_pTjet25" not found in the registry
xAOD::AuxSelection WARNING Selected dynamic Aux atribute "HTXS_Stage1_Category_pTjet30" not found in the registry
xAOD::AuxSelection WARNING Selected dynamic Aux atribute "HTXS_Stage1_FineIndex_pTjet25" not found in the registry
xAOD::AuxSelection WARNING Selected dynamic Aux atribute "HTXS_Stage1_FineIndex_pTjet30" not found in the registry
xAOD::AuxSelection WARNING Selected dynamic Aux atribute "HTXS_V_decay_eta" not found in the registry
xAOD::AuxSelection WARNING Selected dynamic Aux atribute "HTXS_V_decay_m" not found in the registry
xAOD::AuxSelection WARNING Selected dynamic Aux atribute "HTXS_V_decay_phi" not found in the registry
xAOD::AuxSelection WARNING Selected dynamic Aux atribute "HTXS_V_decay_pt" not found in the registry
xAOD::AuxSelection WARNING Selected dynamic Aux atribute "HTXS_V_eta" not found in the registry
xAOD::AuxSelection WARNING Selected dynamic Aux atribute "HTXS_V_jets25_eta" not found in the registry
xAOD::AuxSelection WARNING Selected dynamic Aux atribute "HTXS_V_jets25_m" not found in the registry
xAOD::AuxSelection WARNING Selected dynamic Aux atribute "HTXS_V_jets25_phi" not found in the registry
xAOD::AuxSelection WARNING Selected dynamic Aux atribute "HTXS_V_jets25_pt" not found in the registry
xAOD::AuxSelection WARNING Selected dynamic Aux atribute "HTXS_V_jets30_eta" not found in the registry
xAOD::AuxSelection WARNING Selected dynamic Aux atribute "HTXS_V_jets30_m" not found in the registry
xAOD::AuxSelection WARNING Selected dynamic Aux atribute "HTXS_V_jets30_phi" not found in the registry
xAOD::AuxSelection WARNING Selected dynamic Aux atribute "HTXS_V_jets30_pt" not found in the registry
xAOD::AuxSelection WARNING Selected dynamic Aux atribute "HTXS_V_m" not found in the registry
xAOD::AuxSelection WARNING Selected dynamic Aux atribute "HTXS_V_phi" not found in the registry
xAOD::AuxSelection WARNING Selected dynamic Aux atribute "HTXS_V_pt" not found in the registry
xAOD::AuxSelection WARNING Selected dynamic Aux atribute "HTXS_errorCode" not found in the registry
xAOD::AuxSelection WARNING Selected dynamic Aux atribute "HTXS_isZ2vvDecay" not found in the registry
xAOD::AuxSelection WARNING Selected dynamic Aux atribute "truthClassification" not found in the registry
xAOD::AuxSelection WARNING Selected dynamic Aux atribute "f_cluster_core" not found in the registry
xAOD::AuxSelection WARNING Selected dynamic Aux atribute "DFCommonGoodMuon" not found in the registry
xAOD::AuxSelection WARNING Selected dynamic Aux atribute "absipSigLeadTrk" not found in the registry
xAOD::AuxSelection WARNING Selected dynamic Aux atribute "DecayModeVector" not found in the registry
xAOD::AuxSelection WARNING Selected dynamic Aux atribute "IsHadronicTau" not found in the registry
xAOD::AuxSelection WARNING Selected dynamic Aux atribute "decay_vertex_x" not found in the registry
xAOD::AuxSelection WARNING Selected dynamic Aux atribute "decay_vertex_y" not found in the registry
xAOD::AuxSelection WARNING Selected dynamic Aux atribute "decay_vertex_z" not found in the registry
xAOD::AuxSelection WARNING Selected dynamic Aux atribute "eta_invis" not found in the registry
xAOD::AuxSelection WARNING Selected dynamic Aux atribute "eta_vis_neutral" not found in the registry
xAOD::AuxSelection WARNING Selected dynamic Aux atribute "m_invis" not found in the registry
xAOD::AuxSelection WARNING Selected dynamic Aux atribute "m_vis_neutral" not found in the registry
xAOD::AuxSelection WARNING Selected dynamic Aux atribute "numCharged" not found in the registry
xAOD::AuxSelection WARNING Selected dynamic Aux atribute "numChargedPion" not found in the registry
xAOD::AuxSelection WARNING Selected dynamic Aux atribute "numNeutral" not found in the registry
xAOD::AuxSelection WARNING Selected dynamic Aux atribute "numNeutralPion" not found in the registry
xAOD::AuxSelection WARNING Selected dynamic Aux atribute "phi_invis" not found in the registry
xAOD::AuxSelection WARNING Selected dynamic Aux atribute "phi_vis_neutral" not found in the registry
xAOD::AuxSelection WARNING Selected dynamic Aux atribute "prod_vertex_x" not found in the registry
xAOD::AuxSelection WARNING Selected dynamic Aux atribute "prod_vertex_y" not found in the registry
xAOD::AuxSelection WARNING Selected dynamic Aux atribute "prod_vertex_z" not found in the registry
xAOD::AuxSelection WARNING Selected dynamic Aux atribute "pt_invis" not found in the registry
xAOD::AuxSelection WARNING Selected dynamic Aux atribute "pt_vis_neutral" not found in the registry
xAOD::AuxSelection WARNING Selected dynamic Aux atribute "GN3XPV01_pqcd" not found in the registry
xAOD::AuxSelection WARNING Selected dynamic Aux atribute "bJR10v00_mass" not found in the registry
xAOD::AuxSelection WARNING Selected dynamic Aux atribute "bJR10v00_pt" not found in the registry
xAOD::AuxSelection WARNING Selected dynamic Aux atribute "PartonTruthLabelTruthLabelBarcode" not found in the registry
xAOD::AuxSelection WARNING Selected dynamic Aux atribute "PartonTruthLabelTruthLabelDR" not found in the registry
xAOD::AuxSelection WARNING Selected dynamic Aux atribute "PartonTruthLabelTruthLabelID" not found in the registry
xAOD::AuxSelection WARNING Selected dynamic Aux atribute "PartonTruthLabelTruthLabelLxy" not found in the registry
xAOD::AuxSelection WARNING Selected dynamic Aux atribute "PartonTruthLabelTruthLabelPdgId" not found in the registry
xAOD::AuxSelection WARNING Selected dynamic Aux atribute "PartonTruthLabelTruthLabelPt" not found in the registry
2026-02-12 20:31:02,555 DAOD_PHYS.DAOD.pool.root?pmerge=localhost:5000       INFO ->  Access   DbDatabase   CREATE    [ROOT_All] 55CDEFD0-0849-11F1-AA6A-F688172E65E7
2026-02-12 20:31:02,563 RootDatabase                                         INFO DAOD_PHYS.DAOD.pool.root?pmerge=localhost:5000 File version:63901
2026-02-12 20:31:02,594 StorageSvc                                           INFO Building shape according to reflection information using shape ID for: 
2026-02-12 20:31:02,594 StorageSvc                                           INFO xAOD::MissingETAuxAssociationMap_v2 [05184C74-A3CE-4C89-959E-D7E9F0A98D13]
2026-02-12 20:31:02,595 StorageSvc                                           INFO Building shape according to reflection information using shape ID for: 
2026-02-12 20:31:02,596 StorageSvc                                           INFO xAOD::MissingETAssociationMap_v1 [E2EAA116-F03E-430E-B4EF-216AAF7DEEE8]
2026-02-12 20:31:02,596 StorageSvc                                           INFO Building shape according to reflection information using shape ID for: 
2026-02-12 20:31:02,597 StorageSvc                                           INFO xAOD::AuxInfoBase [47FE21D1-5196-4961-A8A1-1DC1B4104DD8]
2026-02-12 20:31:02,599 StorageSvc                                           INFO Building shape according to reflection information using shape ID for: 
2026-02-12 20:31:02,599 StorageSvc                                           INFO xAOD::MissingETContainer_v1 [F49162FE-6BC0-49BC-A7DA-A792136BD939]
2026-02-12 20:31:02,604 copyAuxStoreThinned                               WARNING AthContainers/src/copyAuxStoreThinned.cxx:138: unlocked decoration UEcorr_Pt (955) in object of type xAOD::ElectronAuxContainer_v3
2026-02-12 20:31:02,643 ClassIDSvc                                           INFO getRegistryEntries: read 471 CLIDRegistry entries for module ALL
2026-02-12 20:31:02,750 AthenaEventLoopMgr                                   INFO   ===>>>  done processing event #334732008, run #450000 1 events processed so far  <<<===
2026-02-12 20:31:02,761 PoolSvc                                           WARNING connect: Using default input Stream instead of id = 4294967295
2026-02-12 20:31:02,761 AthMpEvtLoopMgr.SharedEvtQueueConsumer               INFO Received from the queue: event num=2 chunk size=1
2026-02-12 20:31:02,761 AthMpEvtLoopMgr.SharedEvtQueueConsumer               INFO Seek to 2 succeeded
2026-02-12 20:31:02,852 ToolSvc.DFCommonMuonsSelector                     WARNING MuonSelectionTool currently supports Loose, Medium, Tight, HighPt, and LowPtEfficiency WPs for Run3; all other WPs can only be used in ExpertDevelopMode mode
WARNING from FastJet: Recluster: the original cluster sequence is lacking explicit ghosts; area support will no longer be available after re-clustering
WARNING from FastJet: Recluster: the original cluster sequence is lacking explicit ghosts; area support will no longer be available after re-clustering (LAST SUCH WARNING)
2026-02-12 20:31:03,591 copyAuxStoreThinned                               WARNING AthContainers/src/copyAuxStoreThinned.cxx:138: unlocked decoration UEcorr_Pt (955) in object of type xAOD::ElectronAuxContainer_v3
2026-02-12 20:31:03,593 copyAuxStoreThinned                               WARNING AthContainers/src/copyAuxStoreThinned.cxx:138: unlocked decoration UEcorr_Pt (955) in object of type xAOD::MuonAuxContainer_v5
2026-02-12 20:31:03,607 AthMpEvtLoopMgr.SharedEvtQueueConsumer               INFO Received from the queue: event num=4 chunk size=1
2026-02-12 20:31:03,607 AthMpEvtLoopMgr.SharedEvtQueueConsumer               INFO Seek to 4 succeeded
2026-02-12 20:31:04,351 copyAuxStoreThinned                               WARNING AthContainers/src/copyAuxStoreThinned.cxx:138: unlocked decoration UEcorr_Pt (955) in object of type xAOD::ElectronAuxContainer_v3
2026-02-12 20:31:04,363 AthMpEvtLoopMgr.SharedEvtQueueConsumer               INFO Received from the queue: event num=6 chunk size=1
2026-02-12 20:31:04,364 AthMpEvtLoopMgr.SharedEvtQueueConsumer               INFO Seek to 6 succeeded
2026-02-12 20:31:05,193 copyAuxStoreThinned                               WARNING AthContainers/src/copyAuxStoreThinned.cxx:138: unlocked decoration UEcorr_Pt (955) in object of type xAOD::ElectronAuxContainer_v3
2026-02-12 20:31:05,195 copyAuxStoreThinned                               WARNING AthContainers/src/copyAuxStoreThinned.cxx:138: unlocked decoration UEcorr_Pt (955) in object of type xAOD::MuonAuxContainer_v5
2026-02-12 20:31:05,206 AthMpEvtLoopMgr.SharedEvtQueueConsumer               INFO Received from the queue: event num=8 chunk size=1
2026-02-12 20:31:05,207 AthMpEvtLoopMgr.SharedEvtQueueConsumer               INFO Seek to 8 succeeded
2026-02-12 20:31:06,105 copyAuxStoreThinned                               WARNING AthContainers/src/copyAuxStoreThinned.cxx:138: unlocked decoration UEcorr_Pt (955) in object of type xAOD::ElectronAuxContainer_v3
2026-02-12 20:31:06,107 copyAuxStoreThinned                               WARNING AthContainers/src/copyAuxStoreThinned.cxx:138: unlocked decoration UEcorr_Pt (955) in object of type xAOD::MuonAuxContainer_v5
2026-02-12 20:31:06,118 AthMpEvtLoopMgr.SharedEvtQueueConsumer               INFO Received from the queue: event num=10 chunk size=1
2026-02-12 20:31:06,119 AthMpEvtLoopMgr.SharedEvtQueueConsumer               INFO Seek to 10 succeeded
2026-02-12 20:31:06,980 copyAuxStoreThinned                               WARNING AthContainers/src/copyAuxStoreThinned.cxx:138: unlocked decoration UEcorr_Pt (955) in object of type xAOD::ElectronAuxContainer_v3
2026-02-12 20:31:06,992 AthMpEvtLoopMgr.SharedEvtQueueConsumer               INFO Received from the queue: event num=13 chunk size=1
2026-02-12 20:31:06,992 AthMpEvtLoopMgr.SharedEvtQueueConsumer               INFO Seek to 13 succeeded
2026-02-12 20:31:08,009 copyAuxStoreThinned                               WARNING AthContainers/src/copyAuxStoreThinned.cxx:138: unlocked decoration UEcorr_Pt (955) in object of type xAOD::ElectronAuxContainer_v3
2026-02-12 20:31:08,024 AthMpEvtLoopMgr.SharedEvtQueueConsumer               INFO Received from the queue: event num=15 chunk size=1
2026-02-12 20:31:08,025 AthMpEvtLoopMgr.SharedEvtQueueConsumer               INFO Seek to 15 succeeded
2026-02-12 20:31:08,943 copyAuxStoreThinned                               WARNING AthContainers/src/copyAuxStoreThinned.cxx:138: unlocked decoration UEcorr_Pt (955) in object of type xAOD::ElectronAuxContainer_v3
2026-02-12 20:31:08,945 copyAuxStoreThinned                               WARNING AthContainers/src/copyAuxStoreThinned.cxx:138: unlocked decoration UEcorr_Pt (955) in object of type xAOD::MuonAuxContainer_v5
2026-02-12 20:31:08,961 AthMpEvtLoopMgr.SharedEvtQueueConsumer               INFO Received from the queue: event num=17 chunk size=1
2026-02-12 20:31:08,962 AthMpEvtLoopMgr.SharedEvtQueueConsumer               INFO Seek to 17 succeeded
2026-02-12 20:31:09,943 copyAuxStoreThinned                               WARNING AthContainers/src/copyAuxStoreThinned.cxx:138: unlocked decoration UEcorr_Pt (955) in object of type xAOD::ElectronAuxContainer_v3
2026-02-12 20:31:09,945 copyAuxStoreThinned                               WARNING AthContainers/src/copyAuxStoreThinned.cxx:138: unlocked decoration UEcorr_Pt (955) in object of type xAOD::MuonAuxContainer_v5
2026-02-12 20:31:09,959 AthMpEvtLoopMgr.SharedEvtQueueConsumer               INFO Received from the queue: event num=19 chunk size=1
2026-02-12 20:31:09,959 AthMpEvtLoopMgr.SharedEvtQueueConsumer               INFO Seek to 19 succeeded
2026-02-12 20:31:10,576 copyAuxStoreThinned                               WARNING AthContainers/src/copyAuxStoreThinned.cxx:138: unlocked decoration UEcorr_Pt (955) in object of type xAOD::ElectronAuxContainer_v3
2026-02-12 20:31:10,577 copyAuxStoreThinned                               WARNING AthContainers/src/copyAuxStoreThinned.cxx:138: unlocked decoration UEcorr_Pt (955) in object of type xAOD::MuonAuxContainer_v5
2026-02-12 20:31:10,591 AthMpEvtLoopMgr.SharedEvtQueueConsumer               INFO Received from the queue: event num=21 chunk size=1
2026-02-12 20:31:10,592 AthMpEvtLoopMgr.SharedEvtQueueConsumer               INFO Seek to 21 succeeded
2026-02-12 20:31:11,497 copyAuxStoreThinned                               WARNING AthContainers/src/copyAuxStoreThinned.cxx:138: unlocked decoration UEcorr_Pt (955) in object of type xAOD::ElectronAuxContainer_v3
2026-02-12 20:31:11,498 copyAuxStoreThinned                               WARNING AthContainers/src/copyAuxStoreThinned.cxx:138: unlocked decoration UEcorr_Pt (955) in object of type xAOD::MuonAuxContainer_v5
2026-02-12 20:31:11,510 AthMpEvtLoopMgr.SharedEvtQueueConsumer               INFO Received from the queue: event num=23 chunk size=1
2026-02-12 20:31:11,510 AthMpEvtLoopMgr.SharedEvtQueueConsumer               INFO Seek to 23 succeeded
2026-02-12 20:31:12,735 copyAuxStoreThinned                               WARNING AthContainers/src/copyAuxStoreThinned.cxx:138: unlocked decoration UEcorr_Pt (955) in object of type xAOD::ElectronAuxContainer_v3
2026-02-12 20:31:12,748 AthMpEvtLoopMgr.SharedEvtQueueConsumer               INFO Received from the queue: event num=26 chunk size=1
2026-02-12 20:31:12,748 AthMpEvtLoopMgr.SharedEvtQueueConsumer               INFO Seek to 26 succeeded
2026-02-12 20:31:13,808 copyAuxStoreThinned                               WARNING AthContainers/src/copyAuxStoreThinned.cxx:138: unlocked decoration UEcorr_Pt (955) in object of type xAOD::ElectronAuxContainer_v3
2026-02-12 20:31:13,810 copyAuxStoreThinned                               WARNING AthContainers/src/copyAuxStoreThinned.cxx:138: unlocked decoration UEcorr_Pt (955) in object of type xAOD::MuonAuxContainer_v5
2026-02-12 20:31:13,821 AthMpEvtLoopMgr.SharedEvtQueueConsumer               INFO Received from the queue: event num=28 chunk size=1
2026-02-12 20:31:13,821 AthMpEvtLoopMgr.SharedEvtQueueConsumer               INFO Seek to 28 succeeded
2026-02-12 20:31:14,506 copyAuxStoreThinned                               WARNING AthContainers/src/copyAuxStoreThinned.cxx:138: unlocked decoration UEcorr_Pt (955) in object of type xAOD::ElectronAuxContainer_v3
2026-02-12 20:31:14,508 copyAuxStoreThinned                               WARNING AthContainers/src/copyAuxStoreThinned.cxx:138: unlocked decoration UEcorr_Pt (955) in object of type xAOD::MuonAuxContainer_v5
2026-02-12 20:31:14,521 AthMpEvtLoopMgr.SharedEvtQueueConsumer               INFO Received from the queue: event num=29 chunk size=1
2026-02-12 20:31:14,522 AthMpEvtLoopMgr.SharedEvtQueueConsumer               INFO Seek to 29 succeeded
2026-02-12 20:31:15,428 copyAuxStoreThinned                               WARNING AthContainers/src/copyAuxStoreThinned.cxx:138: unlocked decoration UEcorr_Pt (955) in object of type xAOD::ElectronAuxContainer_v3
2026-02-12 20:31:15,429 copyAuxStoreThinned                               WARNING AthContainers/src/copyAuxStoreThinned.cxx:138: unlocked decoration UEcorr_Pt (955) in object of type xAOD::MuonAuxContainer_v5
2026-02-12 20:31:15,442 AthMpEvtLoopMgr.SharedEvtQueueConsumer               INFO Received from the queue: event num=31 chunk size=1
2026-02-12 20:31:15,442 AthMpEvtLoopMgr.SharedEvtQueueConsumer               INFO Seek to 31 succeeded
2026-02-12 20:31:16,239 copyAuxStoreThinned                               WARNING AthContainers/src/copyAuxStoreThinned.cxx:138: unlocked decoration UEcorr_Pt (955) in object of type xAOD::ElectronAuxContainer_v3
2026-02-12 20:31:16,250 AthMpEvtLoopMgr.SharedEvtQueueConsumer               INFO Received from the queue: event num=33 chunk size=1
2026-02-12 20:31:16,251 AthMpEvtLoopMgr.SharedEvtQueueConsumer               INFO Seek to 33 succeeded
2026-02-12 20:31:17,351 copyAuxStoreThinned                               WARNING AthContainers/src/copyAuxStoreThinned.cxx:138: unlocked decoration UEcorr_Pt (955) in object of type xAOD::ElectronAuxContainer_v3
2026-02-12 20:31:17,372 AthMpEvtLoopMgr.SharedEvtQueueConsumer               INFO Received from the queue: event num=35 chunk size=1
2026-02-12 20:31:17,372 AthMpEvtLoopMgr.SharedEvtQueueConsumer               INFO Seek to 35 succeeded
2026-02-12 20:31:18,658 copyAuxStoreThinned                               WARNING AthContainers/src/copyAuxStoreThinned.cxx:138: unlocked decoration UEcorr_Pt (955) in object of type xAOD::ElectronAuxContainer_v3
2026-02-12 20:31:18,660 copyAuxStoreThinned                               WARNING AthContainers/src/copyAuxStoreThinned.cxx:138: unlocked decoration UEcorr_Pt (955) in object of type xAOD::MuonAuxContainer_v5
2026-02-12 20:31:18,673 AthMpEvtLoopMgr.SharedEvtQueueConsumer               INFO Received from the queue: event num=38 chunk size=1
2026-02-12 20:31:18,673 AthMpEvtLoopMgr.SharedEvtQueueConsumer               INFO Seek to 38 succeeded
2026-02-12 20:31:19,443 copyAuxStoreThinned                               WARNING AthContainers/src/copyAuxStoreThinned.cxx:138: unlocked decoration UEcorr_Pt (955) in object of type xAOD::ElectronAuxContainer_v3
2026-02-12 20:31:19,445 copyAuxStoreThinned                               WARNING AthContainers/src/copyAuxStoreThinned.cxx:138: unlocked decoration UEcorr_Pt (955) in object of type xAOD::MuonAuxContainer_v5
2026-02-12 20:31:19,455 AthMpEvtLoopMgr.SharedEvtQueueConsumer               INFO Received from the queue: event num=39 chunk size=1
2026-02-12 20:31:19,456 AthMpEvtLoopMgr.SharedEvtQueueConsumer               INFO Seek to 39 succeeded
2026-02-12 20:31:20,297 copyAuxStoreThinned                               WARNING AthContainers/src/copyAuxStoreThinned.cxx:138: unlocked decoration UEcorr_Pt (955) in object of type xAOD::ElectronAuxContainer_v3
2026-02-12 20:31:20,298 copyAuxStoreThinned                               WARNING AthContainers/src/copyAuxStoreThinned.cxx:138: unlocked decoration UEcorr_Pt (955) in object of type xAOD::MuonAuxContainer_v5
2026-02-12 20:31:20,310 AthMpEvtLoopMgr.SharedEvtQueueConsumer               INFO Received from the queue: event num=40 chunk size=1
2026-02-12 20:31:20,310 AthMpEvtLoopMgr.SharedEvtQueueConsumer               INFO Seek to 40 succeeded
2026-02-12 20:31:21,499 copyAuxStoreThinned                               WARNING AthContainers/src/copyAuxStoreThinned.cxx:138: unlocked decoration UEcorr_Pt (955) in object of type xAOD::ElectronAuxContainer_v3
2026-02-12 20:31:21,500 copyAuxStoreThinned                               WARNING AthContainers/src/copyAuxStoreThinned.cxx:138: unlocked decoration UEcorr_Pt (955) in object of type xAOD::MuonAuxContainer_v5
2026-02-12 20:31:21,515 AthMpEvtLoopMgr.SharedEvtQueueConsumer               INFO Received from the queue: event num=42 chunk size=1
2026-02-12 20:31:21,515 AthMpEvtLoopMgr.SharedEvtQueueConsumer               INFO Seek to 42 succeeded
2026-02-12 20:31:22,410 copyAuxStoreThinned                               WARNING AthContainers/src/copyAuxStoreThinned.cxx:138: unlocked decoration UEcorr_Pt (955) in object of type xAOD::ElectronAuxContainer_v3
2026-02-12 20:31:22,411 copyAuxStoreThinned                               WARNING AthContainers/src/copyAuxStoreThinned.cxx:138: unlocked decoration UEcorr_Pt (955) in object of type xAOD::MuonAuxContainer_v5
2026-02-12 20:31:22,422 AthMpEvtLoopMgr.SharedEvtQueueConsumer               INFO Received from the queue: event num=44 chunk size=1
2026-02-12 20:31:22,423 AthMpEvtLoopMgr.SharedEvtQueueConsumer               INFO Seek to 44 succeeded
2026-02-12 20:31:22,528 PerfMonMTSvc                                         INFO Event [   23] CPU Time: 00h00m30s, Wall Time: 00h01m33s, Vmem: 6.01 GB, Rss: 4.71 GB, Pss: 2.89 GB, Swap: 0.00 KB
2026-02-12 20:31:23,339 copyAuxStoreThinned                               WARNING AthContainers/src/copyAuxStoreThinned.cxx:138: unlocked decoration UEcorr_Pt (955) in object of type xAOD::ElectronAuxContainer_v3
2026-02-12 20:31:23,352 AthMpEvtLoopMgr.SharedEvtQueueConsumer               INFO Received from the queue: event num=46 chunk size=1
2026-02-12 20:31:23,353 AthMpEvtLoopMgr.SharedEvtQueueConsumer               INFO Seek to 46 succeeded
2026-02-12 20:31:24,083 copyAuxStoreThinned                               WARNING AthContainers/src/copyAuxStoreThinned.cxx:138: unlocked decoration UEcorr_Pt (955) in object of type xAOD::ElectronAuxContainer_v3
2026-02-12 20:31:24,084 copyAuxStoreThinned                               WARNING AthContainers/src/copyAuxStoreThinned.cxx:138: unlocked decoration UEcorr_Pt (955) in object of type xAOD::MuonAuxContainer_v5
2026-02-12 20:31:24,096 AthMpEvtLoopMgr.SharedEvtQueueConsumer               INFO Received from the queue: event num=48 chunk size=1
2026-02-12 20:31:24,096 AthMpEvtLoopMgr.SharedEvtQueueConsumer               INFO Seek to 48 succeeded
2026-02-12 20:31:24,768 copyAuxStoreThinned                               WARNING AthContainers/src/copyAuxStoreThinned.cxx:138: unlocked decoration UEcorr_Pt (955) in object of type xAOD::ElectronAuxContainer_v3
2026-02-12 20:31:24,770 copyAuxStoreThinned                               WARNING AthContainers/src/copyAuxStoreThinned.cxx:138: unlocked decoration UEcorr_Pt (955) in object of type xAOD::MuonAuxContainer_v5
2026-02-12 20:31:24,780 AthMpEvtLoopMgr.SharedEvtQueueConsumer               INFO Received from the queue: event num=50 chunk size=1
2026-02-12 20:31:24,781 AthMpEvtLoopMgr.SharedEvtQueueConsumer               INFO Seek to 50 succeeded
2026-02-12 20:31:25,514 copyAuxStoreThinned                               WARNING AthContainers/src/copyAuxStoreThinned.cxx:138: unlocked decoration UEcorr_Pt (955) in object of type xAOD::ElectronAuxContainer_v3
2026-02-12 20:31:25,516 copyAuxStoreThinned                               WARNING AthContainers/src/copyAuxStoreThinned.cxx:138: unlocked decoration UEcorr_Pt (955) in object of type xAOD::MuonAuxContainer_v5
2026-02-12 20:31:25,532 AthMpEvtLoopMgr.SharedEvtQueueConsumer               INFO Received from the queue: event num=52 chunk size=1
2026-02-12 20:31:25,532 AthMpEvtLoopMgr.SharedEvtQueueConsumer               INFO Seek to 52 succeeded
2026-02-12 20:31:26,632 copyAuxStoreThinned                               WARNING AthContainers/src/copyAuxStoreThinned.cxx:138: unlocked decoration UEcorr_Pt (955) in object of type xAOD::ElectronAuxContainer_v3
2026-02-12 20:31:26,633 copyAuxStoreThinned                               WARNING AthContainers/src/copyAuxStoreThinned.cxx:138: unlocked decoration UEcorr_Pt (955) in object of type xAOD::MuonAuxContainer_v5
2026-02-12 20:31:26,659 AthMpEvtLoopMgr.SharedEvtQueueConsumer               INFO Received from the queue: event num=54 chunk size=1
2026-02-12 20:31:26,659 AthMpEvtLoopMgr.SharedEvtQueueConsumer               INFO Seek to 54 succeeded
2026-02-12 20:31:27,574 copyAuxStoreThinned                               WARNING AthContainers/src/copyAuxStoreThinned.cxx:138: unlocked decoration UEcorr_Pt (955) in object of type xAOD::ElectronAuxContainer_v3
2026-02-12 20:31:27,575 copyAuxStoreThinned                               WARNING AthContainers/src/copyAuxStoreThinned.cxx:138: unlocked decoration UEcorr_Pt (955) in object of type xAOD::MuonAuxContainer_v5
2026-02-12 20:31:27,586 AthMpEvtLoopMgr.SharedEvtQueueConsumer               INFO Received from the queue: event num=55 chunk size=1
2026-02-12 20:31:27,586 AthMpEvtLoopMgr.SharedEvtQueueConsumer               INFO Seek to 55 succeeded
2026-02-12 20:31:28,381 copyAuxStoreThinned                               WARNING AthContainers/src/copyAuxStoreThinned.cxx:138: unlocked decoration UEcorr_Pt (955) in object of type xAOD::ElectronAuxContainer_v3
2026-02-12 20:31:28,394 AthMpEvtLoopMgr.SharedEvtQueueConsumer               INFO Received from the queue: event num=58 chunk size=1
2026-02-12 20:31:28,394 AthMpEvtLoopMgr.SharedEvtQueueConsumer               INFO Seek to 58 succeeded
2026-02-12 20:31:29,112 copyAuxStoreThinned                               WARNING AthContainers/src/copyAuxStoreThinned.cxx:138: unlocked decoration UEcorr_Pt (955) in object of type xAOD::ElectronAuxContainer_v3
2026-02-12 20:31:29,124 AthMpEvtLoopMgr.SharedEvtQueueConsumer               INFO Received from the queue: event num=59 chunk size=1
2026-02-12 20:31:29,125 AthMpEvtLoopMgr.SharedEvtQueueConsumer               INFO Seek to 59 succeeded
2026-02-12 20:31:30,045 copyAuxStoreThinned                               WARNING AthContainers/src/copyAuxStoreThinned.cxx:138: unlocked decoration UEcorr_Pt (955) in object of type xAOD::ElectronAuxContainer_v3
2026-02-12 20:31:30,060 AthMpEvtLoopMgr.SharedEvtQueueConsumer               INFO Received from the queue: event num=62 chunk size=1
2026-02-12 20:31:30,060 AthMpEvtLoopMgr.SharedEvtQueueConsumer               INFO Seek to 62 succeeded
2026-02-12 20:31:31,061 copyAuxStoreThinned                               WARNING AthContainers/src/copyAuxStoreThinned.cxx:138: unlocked decoration UEcorr_Pt (955) in object of type xAOD::ElectronAuxContainer_v3
2026-02-12 20:31:31,062 copyAuxStoreThinned                               WARNING AthContainers/src/copyAuxStoreThinned.cxx:138: unlocked decoration UEcorr_Pt (955) in object of type xAOD::MuonAuxContainer_v5
2026-02-12 20:31:31,079 AthMpEvtLoopMgr.SharedEvtQueueConsumer               INFO Received from the queue: event num=64 chunk size=1
2026-02-12 20:31:31,080 AthMpEvtLoopMgr.SharedEvtQueueConsumer               INFO Seek to 64 succeeded
2026-02-12 20:31:32,570 copyAuxStoreThinned                               WARNING AthContainers/src/copyAuxStoreThinned.cxx:138: unlocked decoration UEcorr_Pt (955) in object of type xAOD::ElectronAuxContainer_v3
2026-02-12 20:31:32,571 copyAuxStoreThinned                               WARNING AthContainers/src/copyAuxStoreThinned.cxx:138: unlocked decoration UEcorr_Pt (955) in object of type xAOD::MuonAuxContainer_v5
2026-02-12 20:31:32,587 AthMpEvtLoopMgr.SharedEvtQueueConsumer               INFO Received from the queue: event num=67 chunk size=1
2026-02-12 20:31:32,587 AthMpEvtLoopMgr.SharedEvtQueueConsumer               INFO Seek to 67 succeeded
2026-02-12 20:31:33,871 copyAuxStoreThinned                               WARNING AthContainers/src/copyAuxStoreThinned.cxx:138: unlocked decoration UEcorr_Pt (955) in object of type xAOD::ElectronAuxContainer_v3
2026-02-12 20:31:33,872 copyAuxStoreThinned                               WARNING AthContainers/src/copyAuxStoreThinned.cxx:138: unlocked decoration UEcorr_Pt (955) in object of type xAOD::MuonAuxContainer_v5
2026-02-12 20:31:33,887 AthMpEvtLoopMgr.SharedEvtQueueConsumer               INFO Received from the queue: event num=69 chunk size=1
2026-02-12 20:31:33,887 AthMpEvtLoopMgr.SharedEvtQueueConsumer               INFO Seek to 69 succeeded
2026-02-12 20:31:34,946 copyAuxStoreThinned                               WARNING AthContainers/src/copyAuxStoreThinned.cxx:138: unlocked decoration UEcorr_Pt (955) in object of type xAOD::ElectronAuxContainer_v3
2026-02-12 20:31:34,947 copyAuxStoreThinned                               WARNING AthContainers/src/copyAuxStoreThinned.cxx:138: unlocked decoration UEcorr_Pt (955) in object of type xAOD::MuonAuxContainer_v5
2026-02-12 20:31:34,959 AthMpEvtLoopMgr.SharedEvtQueueConsumer               INFO Received from the queue: event num=71 chunk size=1
2026-02-12 20:31:34,959 AthMpEvtLoopMgr.SharedEvtQueueConsumer               INFO Seek to 71 succeeded
2026-02-12 20:31:35,677 copyAuxStoreThinned                               WARNING AthContainers/src/copyAuxStoreThinned.cxx:138: unlocked decoration UEcorr_Pt (955) in object of type xAOD::ElectronAuxContainer_v3
2026-02-12 20:31:35,679 copyAuxStoreThinned                               WARNING AthContainers/src/copyAuxStoreThinned.cxx:138: unlocked decoration UEcorr_Pt (955) in object of type xAOD::MuonAuxContainer_v5
2026-02-12 20:31:35,689 AthMpEvtLoopMgr.SharedEvtQueueConsumer               INFO Received from the queue: event num=73 chunk size=1
2026-02-12 20:31:35,690 AthMpEvtLoopMgr.SharedEvtQueueConsumer               INFO Seek to 73 succeeded
2026-02-12 20:31:36,730 copyAuxStoreThinned                               WARNING AthContainers/src/copyAuxStoreThinned.cxx:138: unlocked decoration UEcorr_Pt (955) in object of type xAOD::ElectronAuxContainer_v3
2026-02-12 20:31:36,732 copyAuxStoreThinned                               WARNING AthContainers/src/copyAuxStoreThinned.cxx:138: unlocked decoration UEcorr_Pt (955) in object of type xAOD::MuonAuxContainer_v5
2026-02-12 20:31:36,745 AthMpEvtLoopMgr.SharedEvtQueueConsumer               INFO Received from the queue: event num=75 chunk size=1
2026-02-12 20:31:36,745 AthMpEvtLoopMgr.SharedEvtQueueConsumer               INFO Seek to 75 succeeded
2026-02-12 20:31:37,589 copyAuxStoreThinned                               WARNING AthContainers/src/copyAuxStoreThinned.cxx:138: unlocked decoration UEcorr_Pt (955) in object of type xAOD::ElectronAuxContainer_v3
2026-02-12 20:31:37,590 copyAuxStoreThinned                               WARNING AthContainers/src/copyAuxStoreThinned.cxx:138: unlocked decoration UEcorr_Pt (955) in object of type xAOD::MuonAuxContainer_v5
2026-02-12 20:31:37,600 AthMpEvtLoopMgr.SharedEvtQueueConsumer               INFO Received from the queue: event num=77 chunk size=1
2026-02-12 20:31:37,600 AthMpEvtLoopMgr.SharedEvtQueueConsumer               INFO Seek to 77 succeeded
2026-02-12 20:31:38,572 copyAuxStoreThinned                               WARNING AthContainers/src/copyAuxStoreThinned.cxx:138: unlocked decoration UEcorr_Pt (955) in object of type xAOD::ElectronAuxContainer_v3
2026-02-12 20:31:38,574 copyAuxStoreThinned                               WARNING AthContainers/src/copyAuxStoreThinned.cxx:138: unlocked decoration UEcorr_Pt (955) in object of type xAOD::MuonAuxContainer_v5
2026-02-12 20:31:38,586 AthMpEvtLoopMgr.SharedEvtQueueConsumer               INFO Received from the queue: event num=79 chunk size=1
2026-02-12 20:31:38,586 AthMpEvtLoopMgr.SharedEvtQueueConsumer               INFO Seek to 79 succeeded
2026-02-12 20:31:39,628 copyAuxStoreThinned                               WARNING AthContainers/src/copyAuxStoreThinned.cxx:138: unlocked decoration UEcorr_Pt (955) in object of type xAOD::ElectronAuxContainer_v3
2026-02-12 20:31:39,641 AthMpEvtLoopMgr.SharedEvtQueueConsumer               INFO Received from the queue: event num=81 chunk size=1
2026-02-12 20:31:39,641 AthMpEvtLoopMgr.SharedEvtQueueConsumer               INFO Seek to 81 succeeded
2026-02-12 20:31:40,797 copyAuxStoreThinned                               WARNING AthContainers/src/copyAuxStoreThinned.cxx:138: unlocked decoration UEcorr_Pt (955) in object of type xAOD::ElectronAuxContainer_v3
2026-02-12 20:31:40,799 copyAuxStoreThinned                               WARNING AthContainers/src/copyAuxStoreThinned.cxx:138: unlocked decoration UEcorr_Pt (955) in object of type xAOD::MuonAuxContainer_v5
2026-02-12 20:31:40,813 AthMpEvtLoopMgr.SharedEvtQueueConsumer               INFO Received from the queue: event num=83 chunk size=1
2026-02-12 20:31:40,813 AthMpEvtLoopMgr.SharedEvtQueueConsumer               INFO Seek to 83 succeeded
2026-02-12 20:31:41,787 copyAuxStoreThinned                               WARNING AthContainers/src/copyAuxStoreThinned.cxx:138: unlocked decoration UEcorr_Pt (955) in object of type xAOD::ElectronAuxContainer_v3
2026-02-12 20:31:41,801 AthMpEvtLoopMgr.SharedEvtQueueConsumer               INFO Received from the queue: event num=85 chunk size=1
2026-02-12 20:31:41,802 AthMpEvtLoopMgr.SharedEvtQueueConsumer               INFO Seek to 85 succeeded
2026-02-12 20:31:42,802 copyAuxStoreThinned                               WARNING AthContainers/src/copyAuxStoreThinned.cxx:138: unlocked decoration UEcorr_Pt (955) in object of type xAOD::ElectronAuxContainer_v3
2026-02-12 20:31:42,803 copyAuxStoreThinned                               WARNING AthContainers/src/copyAuxStoreThinned.cxx:138: unlocked decoration UEcorr_Pt (955) in object of type xAOD::MuonAuxContainer_v5
2026-02-12 20:31:42,817 AthMpEvtLoopMgr.SharedEvtQueueConsumer               INFO Received from the queue: event num=87 chunk size=1
2026-02-12 20:31:42,817 AthMpEvtLoopMgr.SharedEvtQueueConsumer               INFO Seek to 87 succeeded
2026-02-12 20:31:43,739 copyAuxStoreThinned                               WARNING AthContainers/src/copyAuxStoreThinned.cxx:138: unlocked decoration UEcorr_Pt (955) in object of type xAOD::ElectronAuxContainer_v3
2026-02-12 20:31:43,740 copyAuxStoreThinned                               WARNING AthContainers/src/copyAuxStoreThinned.cxx:138: unlocked decoration UEcorr_Pt (955) in object of type xAOD::MuonAuxContainer_v5
2026-02-12 20:31:43,759 AthMpEvtLoopMgr.SharedEvtQueueConsumer               INFO Received from the queue: event num=89 chunk size=1
2026-02-12 20:31:43,759 AthMpEvtLoopMgr.SharedEvtQueueConsumer               INFO Seek to 89 succeeded
2026-02-12 20:31:44,719 copyAuxStoreThinned                               WARNING AthContainers/src/copyAuxStoreThinned.cxx:138: unlocked decoration UEcorr_Pt (955) in object of type xAOD::ElectronAuxContainer_v3
2026-02-12 20:31:44,720 copyAuxStoreThinned                               WARNING AthContainers/src/copyAuxStoreThinned.cxx:138: unlocked decoration UEcorr_Pt (955) in object of type xAOD::MuonAuxContainer_v5
2026-02-12 20:31:44,734 AthMpEvtLoopMgr.SharedEvtQueueConsumer               INFO Received from the queue: event num=90 chunk size=1
2026-02-12 20:31:44,734 AthMpEvtLoopMgr.SharedEvtQueueConsumer               INFO Seek to 90 succeeded
2026-02-12 20:31:46,218 copyAuxStoreThinned                               WARNING AthContainers/src/copyAuxStoreThinned.cxx:138: unlocked decoration UEcorr_Pt (955) in object of type xAOD::ElectronAuxContainer_v3
2026-02-12 20:31:46,219 copyAuxStoreThinned                               WARNING AthContainers/src/copyAuxStoreThinned.cxx:138: unlocked decoration UEcorr_Pt (955) in object of type xAOD::MuonAuxContainer_v5
2026-02-12 20:31:46,233 AthMpEvtLoopMgr.SharedEvtQueueConsumer               INFO Received from the queue: event num=93 chunk size=1
2026-02-12 20:31:46,233 AthMpEvtLoopMgr.SharedEvtQueueConsumer               INFO Seek to 93 succeeded
2026-02-12 20:31:47,041 copyAuxStoreThinned                               WARNING AthContainers/src/copyAuxStoreThinned.cxx:138: unlocked decoration UEcorr_Pt (955) in object of type xAOD::ElectronAuxContainer_v3
2026-02-12 20:31:47,052 AthMpEvtLoopMgr.SharedEvtQueueConsumer               INFO Received from the queue: event num=95 chunk size=1
2026-02-12 20:31:47,053 AthMpEvtLoopMgr.SharedEvtQueueConsumer               INFO Seek to 95 succeeded
2026-02-12 20:31:48,203 copyAuxStoreThinned                               WARNING AthContainers/src/copyAuxStoreThinned.cxx:138: unlocked decoration UEcorr_Pt (955) in object of type xAOD::ElectronAuxContainer_v3
2026-02-12 20:31:48,205 copyAuxStoreThinned                               WARNING AthContainers/src/copyAuxStoreThinned.cxx:138: unlocked decoration UEcorr_Pt (955) in object of type xAOD::MuonAuxContainer_v5
2026-02-12 20:31:48,218 AthMpEvtLoopMgr.SharedEvtQueueConsumer               INFO Received from the queue: event num=97 chunk size=1
2026-02-12 20:31:48,218 AthMpEvtLoopMgr.SharedEvtQueueConsumer               INFO Seek to 97 succeeded
2026-02-12 20:31:49,497 copyAuxStoreThinned                               WARNING AthContainers/src/copyAuxStoreThinned.cxx:138: unlocked decoration UEcorr_Pt (955) in object of type xAOD::ElectronAuxContainer_v3
2026-02-12 20:31:49,499 copyAuxStoreThinned                               WARNING AthContainers/src/copyAuxStoreThinned.cxx:138: unlocked decoration UEcorr_Pt (955) in object of type xAOD::MuonAuxContainer_v5
2026-02-12 20:31:49,513 AthMpEvtLoopMgr.SharedEvtQueueConsumer               INFO Received from the queue: event num=99 chunk size=1
2026-02-12 20:31:49,513 AthMpEvtLoopMgr.SharedEvtQueueConsumer               INFO Seek to 99 succeeded
2026-02-12 20:31:50,868 copyAuxStoreThinned                               WARNING AthContainers/src/copyAuxStoreThinned.cxx:138: unlocked decoration UEcorr_Pt (955) in object of type xAOD::ElectronAuxContainer_v3
2026-02-12 20:31:50,869 copyAuxStoreThinned                               WARNING AthContainers/src/copyAuxStoreThinned.cxx:138: unlocked decoration UEcorr_Pt (955) in object of type xAOD::MuonAuxContainer_v5
2026-02-12 20:31:50,884 AthMpEvtLoopMgr.SharedEvtQueueConsumer               INFO Received from the queue: event num=101 chunk size=1
2026-02-12 20:31:50,884 AthMpEvtLoopMgr.SharedEvtQueueConsumer               INFO Seek to 101 succeeded
2026-02-12 20:31:52,297 copyAuxStoreThinned                               WARNING AthContainers/src/copyAuxStoreThinned.cxx:138: unlocked decoration UEcorr_Pt (955) in object of type xAOD::ElectronAuxContainer_v3
2026-02-12 20:31:52,299 copyAuxStoreThinned                               WARNING AthContainers/src/copyAuxStoreThinned.cxx:138: unlocked decoration UEcorr_Pt (955) in object of type xAOD::MuonAuxContainer_v5
2026-02-12 20:31:52,315 AthMpEvtLoopMgr.SharedEvtQueueConsumer               INFO Received from the queue: event num=103 chunk size=1
2026-02-12 20:31:52,315 AthMpEvtLoopMgr.SharedEvtQueueConsumer               INFO Seek to 103 succeeded
2026-02-12 20:31:53,330 ClassIDSvc                                           INFO getRegistryEntries: read 68 CLIDRegistry entries for module ALL
2026-02-12 20:31:53,335 copyAuxStoreThinned                               WARNING AthContainers/src/copyAuxStoreThinned.cxx:138: unlocked decoration UEcorr_Pt (955) in object of type xAOD::ElectronAuxContainer_v3
2026-02-12 20:31:53,336 copyAuxStoreThinned                               WARNING AthContainers/src/copyAuxStoreThinned.cxx:138: unlocked decoration UEcorr_Pt (955) in object of type xAOD::MuonAuxContainer_v5
2026-02-12 20:31:53,349 AthMpEvtLoopMgr.SharedEvtQueueConsumer               INFO Received from the queue: event num=105 chunk size=1
2026-02-12 20:31:53,349 AthMpEvtLoopMgr.SharedEvtQueueConsumer               INFO Seek to 105 succeeded
2026-02-12 20:31:53,457 PerfMonMTSvc                                         INFO Event [   53] CPU Time: 00h01m01s, Wall Time: 00h02m04s, Vmem: 6.03 GB, Rss: 4.73 GB, Pss: 2.91 GB, Swap: 0.00 KB
2026-02-12 20:31:54,530 copyAuxStoreThinned                               WARNING AthContainers/src/copyAuxStoreThinned.cxx:138: unlocked decoration UEcorr_Pt (955) in object of type xAOD::ElectronAuxContainer_v3
2026-02-12 20:31:54,531 copyAuxStoreThinned                               WARNING AthContainers/src/copyAuxStoreThinned.cxx:138: unlocked decoration UEcorr_Pt (955) in object of type xAOD::MuonAuxContainer_v5
2026-02-12 20:31:54,549 AthMpEvtLoopMgr.SharedEvtQueueConsumer               INFO Received from the queue: event num=107 chunk size=1
2026-02-12 20:31:54,549 AthMpEvtLoopMgr.SharedEvtQueueConsumer               INFO Seek to 107 succeeded
2026-02-12 20:31:55,938 copyAuxStoreThinned                               WARNING AthContainers/src/copyAuxStoreThinned.cxx:138: unlocked decoration UEcorr_Pt (955) in object of type xAOD::ElectronAuxContainer_v3
2026-02-12 20:31:55,939 copyAuxStoreThinned                               WARNING AthContainers/src/copyAuxStoreThinned.cxx:138: unlocked decoration UEcorr_Pt (955) in object of type xAOD::MuonAuxContainer_v5
2026-02-12 20:31:55,957 AthMpEvtLoopMgr.SharedEvtQueueConsumer               INFO Received from the queue: event num=109 chunk size=1
2026-02-12 20:31:55,957 AthMpEvtLoopMgr.SharedEvtQueueConsumer               INFO Seek to 109 succeeded
2026-02-12 20:31:56,908 copyAuxStoreThinned                               WARNING AthContainers/src/copyAuxStoreThinned.cxx:138: unlocked decoration UEcorr_Pt (955) in object of type xAOD::ElectronAuxContainer_v3
2026-02-12 20:31:56,924 AthMpEvtLoopMgr.SharedEvtQueueConsumer               INFO Received from the queue: event num=111 chunk size=1
2026-02-12 20:31:56,924 AthMpEvtLoopMgr.SharedEvtQueueConsumer               INFO Seek to 111 succeeded
2026-02-12 20:31:58,070 copyAuxStoreThinned                               WARNING AthContainers/src/copyAuxStoreThinned.cxx:138: unlocked decoration UEcorr_Pt (955) in object of type xAOD::ElectronAuxContainer_v3
2026-02-12 20:31:58,072 copyAuxStoreThinned                               WARNING AthContainers/src/copyAuxStoreThinned.cxx:138: unlocked decoration UEcorr_Pt (955) in object of type xAOD::MuonAuxContainer_v5
2026-02-12 20:31:58,085 AthMpEvtLoopMgr.SharedEvtQueueConsumer               INFO Received from the queue: event num=113 chunk size=1
2026-02-12 20:31:58,085 AthMpEvtLoopMgr.SharedEvtQueueConsumer               INFO Seek to 113 succeeded
2026-02-12 20:31:59,321 copyAuxStoreThinned                               WARNING AthContainers/src/copyAuxStoreThinned.cxx:138: unlocked decoration UEcorr_Pt (955) in object of type xAOD::ElectronAuxContainer_v3
2026-02-12 20:31:59,322 copyAuxStoreThinned                               WARNING AthContainers/src/copyAuxStoreThinned.cxx:138: unlocked decoration UEcorr_Pt (955) in object of type xAOD::MuonAuxContainer_v5
2026-02-12 20:31:59,342 AthMpEvtLoopMgr.SharedEvtQueueConsumer               INFO Received from the queue: event num=115 chunk size=1
2026-02-12 20:31:59,343 AthMpEvtLoopMgr.SharedEvtQueueConsumer               INFO Seek to 115 succeeded
2026-02-12 20:32:00,482 copyAuxStoreThinned                               WARNING AthContainers/src/copyAuxStoreThinned.cxx:138: unlocked decoration UEcorr_Pt (955) in object of type xAOD::ElectronAuxContainer_v3
2026-02-12 20:32:00,483 copyAuxStoreThinned                               WARNING AthContainers/src/copyAuxStoreThinned.cxx:138: unlocked decoration UEcorr_Pt (955) in object of type xAOD::MuonAuxContainer_v5
2026-02-12 20:32:00,502 AthMpEvtLoopMgr.SharedEvtQueueConsumer               INFO Received from the queue: event num=118 chunk size=1
2026-02-12 20:32:00,502 AthMpEvtLoopMgr.SharedEvtQueueConsumer               INFO Seek to 118 succeeded
2026-02-12 20:32:01,478 copyAuxStoreThinned                               WARNING AthContainers/src/copyAuxStoreThinned.cxx:138: unlocked decoration UEcorr_Pt (955) in object of type xAOD::ElectronAuxContainer_v3
2026-02-12 20:32:01,479 copyAuxStoreThinned                               WARNING AthContainers/src/copyAuxStoreThinned.cxx:138: unlocked decoration UEcorr_Pt (955) in object of type xAOD::MuonAuxContainer_v5
2026-02-12 20:32:01,493 AthMpEvtLoopMgr.SharedEvtQueueConsumer               INFO Received from the queue: event num=119 chunk size=1
2026-02-12 20:32:01,494 AthMpEvtLoopMgr.SharedEvtQueueConsumer               INFO Seek to 119 succeeded
2026-02-12 20:32:02,545 copyAuxStoreThinned                               WARNING AthContainers/src/copyAuxStoreThinned.cxx:138: unlocked decoration UEcorr_Pt (955) in object of type xAOD::ElectronAuxContainer_v3
2026-02-12 20:32:02,546 copyAuxStoreThinned                               WARNING AthContainers/src/copyAuxStoreThinned.cxx:138: unlocked decoration UEcorr_Pt (955) in object of type xAOD::MuonAuxContainer_v5
2026-02-12 20:32:02,562 AthMpEvtLoopMgr.SharedEvtQueueConsumer               INFO Received from the queue: event num=122 chunk size=1
2026-02-12 20:32:02,562 AthMpEvtLoopMgr.SharedEvtQueueConsumer               INFO Seek to 122 succeeded
2026-02-12 20:32:03,773 copyAuxStoreThinned                               WARNING AthContainers/src/copyAuxStoreThinned.cxx:138: unlocked decoration UEcorr_Pt (955) in object of type xAOD::ElectronAuxContainer_v3
2026-02-12 20:32:03,792 AthMpEvtLoopMgr.SharedEvtQueueConsumer               INFO Received from the queue: event num=124 chunk size=1
2026-02-12 20:32:03,792 AthMpEvtLoopMgr.SharedEvtQueueConsumer               INFO Seek to 124 succeeded
2026-02-12 20:32:04,686 copyAuxStoreThinned                               WARNING AthContainers/src/copyAuxStoreThinned.cxx:138: unlocked decoration UEcorr_Pt (955) in object of type xAOD::ElectronAuxContainer_v3
2026-02-12 20:32:04,687 copyAuxStoreThinned                               WARNING AthContainers/src/copyAuxStoreThinned.cxx:138: unlocked decoration UEcorr_Pt (955) in object of type xAOD::MuonAuxContainer_v5
2026-02-12 20:32:04,704 AthMpEvtLoopMgr.SharedEvtQueueConsumer               INFO Received from the queue: event num=126 chunk size=1
2026-02-12 20:32:04,704 AthMpEvtLoopMgr.SharedEvtQueueConsumer               INFO Seek to 126 succeeded
2026-02-12 20:32:05,808 copyAuxStoreThinned                               WARNING AthContainers/src/copyAuxStoreThinned.cxx:138: unlocked decoration UEcorr_Pt (955) in object of type xAOD::ElectronAuxContainer_v3
2026-02-12 20:32:05,809 copyAuxStoreThinned                               WARNING AthContainers/src/copyAuxStoreThinned.cxx:138: unlocked decoration UEcorr_Pt (955) in object of type xAOD::MuonAuxContainer_v5
2026-02-12 20:32:05,822 AthMpEvtLoopMgr.SharedEvtQueueConsumer               INFO Received from the queue: event num=128 chunk size=1
2026-02-12 20:32:05,822 AthMpEvtLoopMgr.SharedEvtQueueConsumer               INFO Seek to 128 succeeded
2026-02-12 20:32:07,998 copyAuxStoreThinned                               WARNING AthContainers/src/copyAuxStoreThinned.cxx:138: unlocked decoration UEcorr_Pt (955) in object of type xAOD::ElectronAuxContainer_v3
2026-02-12 20:32:07,999 copyAuxStoreThinned                               WARNING AthContainers/src/copyAuxStoreThinned.cxx:138: unlocked decoration UEcorr_Pt (955) in object of type xAOD::MuonAuxContainer_v5
2026-02-12 20:32:08,020 AthMpEvtLoopMgr.SharedEvtQueueConsumer               INFO Received from the queue: event num=131 chunk size=1
2026-02-12 20:32:08,021 AthMpEvtLoopMgr.SharedEvtQueueConsumer               INFO Seek to 131 succeeded
2026-02-12 20:32:08,791 copyAuxStoreThinned                               WARNING AthContainers/src/copyAuxStoreThinned.cxx:138: unlocked decoration UEcorr_Pt (955) in object of type xAOD::ElectronAuxContainer_v3
2026-02-12 20:32:08,792 copyAuxStoreThinned                               WARNING AthContainers/src/copyAuxStoreThinned.cxx:138: unlocked decoration UEcorr_Pt (955) in object of type xAOD::MuonAuxContainer_v5
2026-02-12 20:32:08,803 AthMpEvtLoopMgr.SharedEvtQueueConsumer               INFO Received from the queue: event num=132 chunk size=1
2026-02-12 20:32:08,804 AthMpEvtLoopMgr.SharedEvtQueueConsumer               INFO Seek to 132 succeeded
2026-02-12 20:32:09,738 copyAuxStoreThinned                               WARNING AthContainers/src/copyAuxStoreThinned.cxx:138: unlocked decoration UEcorr_Pt (955) in object of type xAOD::ElectronAuxContainer_v3
2026-02-12 20:32:09,740 copyAuxStoreThinned                               WARNING AthContainers/src/copyAuxStoreThinned.cxx:138: unlocked decoration UEcorr_Pt (955) in object of type xAOD::MuonAuxContainer_v5
2026-02-12 20:32:09,751 AthMpEvtLoopMgr.SharedEvtQueueConsumer               INFO Received from the queue: event num=134 chunk size=1
2026-02-12 20:32:09,752 AthMpEvtLoopMgr.SharedEvtQueueConsumer               INFO Seek to 134 succeeded
2026-02-12 20:32:10,607 copyAuxStoreThinned                               WARNING AthContainers/src/copyAuxStoreThinned.cxx:138: unlocked decoration UEcorr_Pt (955) in object of type xAOD::ElectronAuxContainer_v3
2026-02-12 20:32:10,609 copyAuxStoreThinned                               WARNING AthContainers/src/copyAuxStoreThinned.cxx:138: unlocked decoration UEcorr_Pt (955) in object of type xAOD::MuonAuxContainer_v5
2026-02-12 20:32:10,622 AthMpEvtLoopMgr.SharedEvtQueueConsumer               INFO Received from the queue: event num=136 chunk size=1
2026-02-12 20:32:10,622 AthMpEvtLoopMgr.SharedEvtQueueConsumer               INFO Seek to 136 succeeded
2026-02-12 20:32:11,473 copyAuxStoreThinned                               WARNING AthContainers/src/copyAuxStoreThinned.cxx:138: unlocked decoration UEcorr_Pt (955) in object of type xAOD::ElectronAuxContainer_v3
2026-02-12 20:32:11,486 AthMpEvtLoopMgr.SharedEvtQueueConsumer               INFO Received from the queue: event num=138 chunk size=1
2026-02-12 20:32:11,487 AthMpEvtLoopMgr.SharedEvtQueueConsumer               INFO Seek to 138 succeeded
2026-02-12 20:32:12,464 copyAuxStoreThinned                               WARNING AthContainers/src/copyAuxStoreThinned.cxx:138: unlocked decoration UEcorr_Pt (955) in object of type xAOD::ElectronAuxContainer_v3
2026-02-12 20:32:12,465 copyAuxStoreThinned                               WARNING AthContainers/src/copyAuxStoreThinned.cxx:138: unlocked decoration UEcorr_Pt (955) in object of type xAOD::MuonAuxContainer_v5
2026-02-12 20:32:12,486 AthMpEvtLoopMgr.SharedEvtQueueConsumer               INFO Received from the queue: event num=139 chunk size=1
2026-02-12 20:32:12,486 AthMpEvtLoopMgr.SharedEvtQueueConsumer               INFO Seek to 139 succeeded
2026-02-12 20:32:13,348 copyAuxStoreThinned                               WARNING AthContainers/src/copyAuxStoreThinned.cxx:138: unlocked decoration UEcorr_Pt (955) in object of type xAOD::ElectronAuxContainer_v3
2026-02-12 20:32:13,350 copyAuxStoreThinned                               WARNING AthContainers/src/copyAuxStoreThinned.cxx:138: unlocked decoration UEcorr_Pt (955) in object of type xAOD::MuonAuxContainer_v5
2026-02-12 20:32:13,364 AthMpEvtLoopMgr.SharedEvtQueueConsumer               INFO Received from the queue: event num=142 chunk size=1
2026-02-12 20:32:13,364 AthMpEvtLoopMgr.SharedEvtQueueConsumer               INFO Seek to 142 succeeded
2026-02-12 20:32:14,324 copyAuxStoreThinned                               WARNING AthContainers/src/copyAuxStoreThinned.cxx:138: unlocked decoration UEcorr_Pt (955) in object of type xAOD::ElectronAuxContainer_v3
2026-02-12 20:32:14,325 copyAuxStoreThinned                               WARNING AthContainers/src/copyAuxStoreThinned.cxx:138: unlocked decoration UEcorr_Pt (955) in object of type xAOD::MuonAuxContainer_v5
2026-02-12 20:32:14,338 AthMpEvtLoopMgr.SharedEvtQueueConsumer               INFO Received from the queue: event num=143 chunk size=1
2026-02-12 20:32:14,338 AthMpEvtLoopMgr.SharedEvtQueueConsumer               INFO Seek to 143 succeeded
2026-02-12 20:32:15,496 copyAuxStoreThinned                               WARNING AthContainers/src/copyAuxStoreThinned.cxx:138: unlocked decoration UEcorr_Pt (955) in object of type xAOD::ElectronAuxContainer_v3
2026-02-12 20:32:15,498 copyAuxStoreThinned                               WARNING AthContainers/src/copyAuxStoreThinned.cxx:138: unlocked decoration UEcorr_Pt (955) in object of type xAOD::MuonAuxContainer_v5
2026-02-12 20:32:15,511 AthMpEvtLoopMgr.SharedEvtQueueConsumer               INFO Received from the queue: event num=146 chunk size=1
2026-02-12 20:32:15,511 AthMpEvtLoopMgr.SharedEvtQueueConsumer               INFO Seek to 146 succeeded
2026-02-12 20:32:16,819 copyAuxStoreThinned                               WARNING AthContainers/src/copyAuxStoreThinned.cxx:138: unlocked decoration UEcorr_Pt (955) in object of type xAOD::ElectronAuxContainer_v3
2026-02-12 20:32:16,820 copyAuxStoreThinned                               WARNING AthContainers/src/copyAuxStoreThinned.cxx:138: unlocked decoration UEcorr_Pt (955) in object of type xAOD::MuonAuxContainer_v5
2026-02-12 20:32:16,841 AthMpEvtLoopMgr.SharedEvtQueueConsumer               INFO Received from the queue: event num=148 chunk size=1
2026-02-12 20:32:16,842 AthMpEvtLoopMgr.SharedEvtQueueConsumer               INFO Seek to 148 succeeded
2026-02-12 20:32:17,907 copyAuxStoreThinned                               WARNING AthContainers/src/copyAuxStoreThinned.cxx:138: unlocked decoration UEcorr_Pt (955) in object of type xAOD::ElectronAuxContainer_v3
2026-02-12 20:32:17,908 copyAuxStoreThinned                               WARNING AthContainers/src/copyAuxStoreThinned.cxx:138: unlocked decoration UEcorr_Pt (955) in object of type xAOD::MuonAuxContainer_v5
2026-02-12 20:32:17,920 AthMpEvtLoopMgr.SharedEvtQueueConsumer               INFO Received from the queue: event num=150 chunk size=1
2026-02-12 20:32:17,920 AthMpEvtLoopMgr.SharedEvtQueueConsumer               INFO Seek to 150 succeeded
2026-02-12 20:32:19,217 copyAuxStoreThinned                               WARNING AthContainers/src/copyAuxStoreThinned.cxx:138: unlocked decoration UEcorr_Pt (955) in object of type xAOD::ElectronAuxContainer_v3
2026-02-12 20:32:19,219 copyAuxStoreThinned                               WARNING AthContainers/src/copyAuxStoreThinned.cxx:138: unlocked decoration UEcorr_Pt (955) in object of type xAOD::MuonAuxContainer_v5
2026-02-12 20:32:19,237 AthMpEvtLoopMgr.SharedEvtQueueConsumer               INFO Received from the queue: event num=152 chunk size=1
2026-02-12 20:32:19,237 AthMpEvtLoopMgr.SharedEvtQueueConsumer               INFO Seek to 152 succeeded
2026-02-12 20:32:20,886 copyAuxStoreThinned                               WARNING AthContainers/src/copyAuxStoreThinned.cxx:138: unlocked decoration UEcorr_Pt (955) in object of type xAOD::ElectronAuxContainer_v3
2026-02-12 20:32:20,887 copyAuxStoreThinned                               WARNING AthContainers/src/copyAuxStoreThinned.cxx:138: unlocked decoration UEcorr_Pt (955) in object of type xAOD::MuonAuxContainer_v5
2026-02-12 20:32:20,909 AthMpEvtLoopMgr.SharedEvtQueueConsumer               INFO Received from the queue: event num=154 chunk size=1
2026-02-12 20:32:20,909 AthMpEvtLoopMgr.SharedEvtQueueConsumer               INFO Seek to 154 succeeded
2026-02-12 20:32:21,673 copyAuxStoreThinned                               WARNING AthContainers/src/copyAuxStoreThinned.cxx:138: unlocked decoration UEcorr_Pt (955) in object of type xAOD::ElectronAuxContainer_v3
2026-02-12 20:32:21,674 copyAuxStoreThinned                               WARNING AthContainers/src/copyAuxStoreThinned.cxx:138: unlocked decoration UEcorr_Pt (955) in object of type xAOD::MuonAuxContainer_v5
2026-02-12 20:32:21,685 AthMpEvtLoopMgr.SharedEvtQueueConsumer               INFO Received from the queue: event num=156 chunk size=1
2026-02-12 20:32:21,685 AthMpEvtLoopMgr.SharedEvtQueueConsumer               INFO Seek to 156 succeeded
2026-02-12 20:32:22,822 copyAuxStoreThinned                               WARNING AthContainers/src/copyAuxStoreThinned.cxx:138: unlocked decoration UEcorr_Pt (955) in object of type xAOD::ElectronAuxContainer_v3
2026-02-12 20:32:22,824 copyAuxStoreThinned                               WARNING AthContainers/src/copyAuxStoreThinned.cxx:138: unlocked decoration UEcorr_Pt (955) in object of type xAOD::MuonAuxContainer_v5
2026-02-12 20:32:22,838 AthMpEvtLoopMgr.SharedEvtQueueConsumer               INFO Received from the queue: event num=158 chunk size=1
2026-02-12 20:32:22,839 AthMpEvtLoopMgr.SharedEvtQueueConsumer               INFO Seek to 158 succeeded
2026-02-12 20:32:23,904 copyAuxStoreThinned                               WARNING AthContainers/src/copyAuxStoreThinned.cxx:138: unlocked decoration UEcorr_Pt (955) in object of type xAOD::ElectronAuxContainer_v3
2026-02-12 20:32:23,905 copyAuxStoreThinned                               WARNING AthContainers/src/copyAuxStoreThinned.cxx:138: unlocked decoration UEcorr_Pt (955) in object of type xAOD::MuonAuxContainer_v5
2026-02-12 20:32:23,919 AthMpEvtLoopMgr.SharedEvtQueueConsumer               INFO Received from the queue: event num=160 chunk size=1
2026-02-12 20:32:23,919 AthMpEvtLoopMgr.SharedEvtQueueConsumer               INFO Seek to 160 succeeded
2026-02-12 20:32:24,028 PerfMonMTSvc                                         INFO Event [   80] CPU Time: 00h01m31s, Wall Time: 00h02m35s, Vmem: 6.05 GB, Rss: 4.75 GB, Pss: 2.93 GB, Swap: 0.00 KB
2026-02-12 20:32:24,849 copyAuxStoreThinned                               WARNING AthContainers/src/copyAuxStoreThinned.cxx:138: unlocked decoration UEcorr_Pt (955) in object of type xAOD::ElectronAuxContainer_v3
2026-02-12 20:32:24,850 copyAuxStoreThinned                               WARNING AthContainers/src/copyAuxStoreThinned.cxx:138: unlocked decoration UEcorr_Pt (955) in object of type xAOD::MuonAuxContainer_v5
2026-02-12 20:32:24,864 AthMpEvtLoopMgr.SharedEvtQueueConsumer               INFO Received from the queue: event num=162 chunk size=1
2026-02-12 20:32:24,864 AthMpEvtLoopMgr.SharedEvtQueueConsumer               INFO Seek to 162 succeeded
2026-02-12 20:32:25,761 copyAuxStoreThinned                               WARNING AthContainers/src/copyAuxStoreThinned.cxx:138: unlocked decoration UEcorr_Pt (955) in object of type xAOD::ElectronAuxContainer_v3
2026-02-12 20:32:25,780 AthMpEvtLoopMgr.SharedEvtQueueConsumer               INFO Received from the queue: event num=164 chunk size=1
2026-02-12 20:32:25,780 AthMpEvtLoopMgr.SharedEvtQueueConsumer               INFO Seek to 164 succeeded
2026-02-12 20:32:27,178 copyAuxStoreThinned                               WARNING AthContainers/src/copyAuxStoreThinned.cxx:138: unlocked decoration UEcorr_Pt (955) in object of type xAOD::ElectronAuxContainer_v3
2026-02-12 20:32:27,180 copyAuxStoreThinned                               WARNING AthContainers/src/copyAuxStoreThinned.cxx:138: unlocked decoration UEcorr_Pt (955) in object of type xAOD::MuonAuxContainer_v5
2026-02-12 20:32:27,195 AthMpEvtLoopMgr.SharedEvtQueueConsumer               INFO Received from the queue: event num=166 chunk size=1
2026-02-12 20:32:27,195 AthMpEvtLoopMgr.SharedEvtQueueConsumer               INFO Seek to 166 succeeded
2026-02-12 20:32:29,336 copyAuxStoreThinned                               WARNING AthContainers/src/copyAuxStoreThinned.cxx:138: unlocked decoration UEcorr_Pt (955) in object of type xAOD::ElectronAuxContainer_v3
2026-02-12 20:32:29,337 copyAuxStoreThinned                               WARNING AthContainers/src/copyAuxStoreThinned.cxx:138: unlocked decoration UEcorr_Pt (955) in object of type xAOD::MuonAuxContainer_v5
2026-02-12 20:32:29,367 AthMpEvtLoopMgr.SharedEvtQueueConsumer               INFO Received from the queue: event num=169 chunk size=1
2026-02-12 20:32:29,368 AthMpEvtLoopMgr.SharedEvtQueueConsumer               INFO Seek to 169 succeeded
2026-02-12 20:32:30,433 copyAuxStoreThinned                               WARNING AthContainers/src/copyAuxStoreThinned.cxx:138: unlocked decoration UEcorr_Pt (955) in object of type xAOD::ElectronAuxContainer_v3
2026-02-12 20:32:30,446 AthMpEvtLoopMgr.SharedEvtQueueConsumer               INFO Received from the queue: event num=171 chunk size=1
2026-02-12 20:32:30,446 AthMpEvtLoopMgr.SharedEvtQueueConsumer               INFO Seek to 171 succeeded
2026-02-12 20:32:31,945 copyAuxStoreThinned                               WARNING AthContainers/src/copyAuxStoreThinned.cxx:138: unlocked decoration UEcorr_Pt (955) in object of type xAOD::ElectronAuxContainer_v3
2026-02-12 20:32:31,946 copyAuxStoreThinned                               WARNING AthContainers/src/copyAuxStoreThinned.cxx:138: unlocked decoration UEcorr_Pt (955) in object of type xAOD::MuonAuxContainer_v5
2026-02-12 20:32:31,963 AthMpEvtLoopMgr.SharedEvtQueueConsumer               INFO Received from the queue: event num=173 chunk size=1
2026-02-12 20:32:31,964 AthMpEvtLoopMgr.SharedEvtQueueConsumer               INFO Seek to 173 succeeded
2026-02-12 20:32:33,046 copyAuxStoreThinned                               WARNING AthContainers/src/copyAuxStoreThinned.cxx:138: unlocked decoration UEcorr_Pt (955) in object of type xAOD::ElectronAuxContainer_v3
2026-02-12 20:32:33,047 copyAuxStoreThinned                               WARNING AthContainers/src/copyAuxStoreThinned.cxx:138: unlocked decoration UEcorr_Pt (955) in object of type xAOD::MuonAuxContainer_v5
2026-02-12 20:32:33,060 AthMpEvtLoopMgr.SharedEvtQueueConsumer               INFO Received from the queue: event num=175 chunk size=1
2026-02-12 20:32:33,060 AthMpEvtLoopMgr.SharedEvtQueueConsumer               INFO Seek to 175 succeeded
2026-02-12 20:32:34,528 copyAuxStoreThinned                               WARNING AthContainers/src/copyAuxStoreThinned.cxx:138: unlocked decoration UEcorr_Pt (955) in object of type xAOD::ElectronAuxContainer_v3
2026-02-12 20:32:34,530 copyAuxStoreThinned                               WARNING AthContainers/src/copyAuxStoreThinned.cxx:138: unlocked decoration UEcorr_Pt (955) in object of type xAOD::MuonAuxContainer_v5
2026-02-12 20:32:34,547 AthMpEvtLoopMgr.SharedEvtQueueConsumer               INFO Received from the queue: event num=178 chunk size=1
2026-02-12 20:32:34,547 AthMpEvtLoopMgr.SharedEvtQueueConsumer               INFO Seek to 178 succeeded
2026-02-12 20:32:35,915 copyAuxStoreThinned                               WARNING AthContainers/src/copyAuxStoreThinned.cxx:138: unlocked decoration UEcorr_Pt (955) in object of type xAOD::ElectronAuxContainer_v3
2026-02-12 20:32:35,917 copyAuxStoreThinned                               WARNING AthContainers/src/copyAuxStoreThinned.cxx:138: unlocked decoration UEcorr_Pt (955) in object of type xAOD::MuonAuxContainer_v5
2026-02-12 20:32:35,931 AthMpEvtLoopMgr.SharedEvtQueueConsumer               INFO Received from the queue: event num=180 chunk size=1
2026-02-12 20:32:35,931 AthMpEvtLoopMgr.SharedEvtQueueConsumer               INFO Seek to 180 succeeded
2026-02-12 20:32:36,869 copyAuxStoreThinned                               WARNING AthContainers/src/copyAuxStoreThinned.cxx:138: unlocked decoration UEcorr_Pt (955) in object of type xAOD::ElectronAuxContainer_v3
2026-02-12 20:32:36,871 copyAuxStoreThinned                               WARNING AthContainers/src/copyAuxStoreThinned.cxx:138: unlocked decoration UEcorr_Pt (955) in object of type xAOD::MuonAuxContainer_v5
2026-02-12 20:32:36,882 AthMpEvtLoopMgr.SharedEvtQueueConsumer               INFO Received from the queue: event num=182 chunk size=1
2026-02-12 20:32:36,882 AthMpEvtLoopMgr.SharedEvtQueueConsumer               INFO Seek to 182 succeeded
2026-02-12 20:32:38,015 copyAuxStoreThinned                               WARNING AthContainers/src/copyAuxStoreThinned.cxx:138: unlocked decoration UEcorr_Pt (955) in object of type xAOD::ElectronAuxContainer_v3
2026-02-12 20:32:38,040 AthMpEvtLoopMgr.SharedEvtQueueConsumer               INFO Received from the queue: event num=184 chunk size=1
2026-02-12 20:32:38,040 AthMpEvtLoopMgr.SharedEvtQueueConsumer               INFO Seek to 184 succeeded
2026-02-12 20:32:39,540 copyAuxStoreThinned                               WARNING AthContainers/src/copyAuxStoreThinned.cxx:138: unlocked decoration UEcorr_Pt (955) in object of type xAOD::ElectronAuxContainer_v3
2026-02-12 20:32:39,561 AthMpEvtLoopMgr.SharedEvtQueueConsumer               INFO Received from the queue: event num=187 chunk size=1
2026-02-12 20:32:39,562 AthMpEvtLoopMgr.SharedEvtQueueConsumer               INFO Seek to 187 succeeded
2026-02-12 20:32:40,906 copyAuxStoreThinned                               WARNING AthContainers/src/copyAuxStoreThinned.cxx:138: unlocked decoration UEcorr_Pt (955) in object of type xAOD::ElectronAuxContainer_v3
2026-02-12 20:32:40,908 copyAuxStoreThinned                               WARNING AthContainers/src/copyAuxStoreThinned.cxx:138: unlocked decoration UEcorr_Pt (955) in object of type xAOD::MuonAuxContainer_v5
2026-02-12 20:32:40,923 AthMpEvtLoopMgr.SharedEvtQueueConsumer               INFO Received from the queue: event num=189 chunk size=1
2026-02-12 20:32:40,923 AthMpEvtLoopMgr.SharedEvtQueueConsumer               INFO Seek to 189 succeeded
2026-02-12 20:32:41,693 copyAuxStoreThinned                               WARNING AthContainers/src/copyAuxStoreThinned.cxx:138: unlocked decoration UEcorr_Pt (955) in object of type xAOD::ElectronAuxContainer_v3
2026-02-12 20:32:41,695 copyAuxStoreThinned                               WARNING AthContainers/src/copyAuxStoreThinned.cxx:138: unlocked decoration UEcorr_Pt (955) in object of type xAOD::MuonAuxContainer_v5
2026-02-12 20:32:41,705 AthMpEvtLoopMgr.SharedEvtQueueConsumer               INFO Received from the queue: event num=191 chunk size=1
2026-02-12 20:32:41,705 AthMpEvtLoopMgr.SharedEvtQueueConsumer               INFO Seek to 191 succeeded
2026-02-12 20:32:43,309 copyAuxStoreThinned                               WARNING AthContainers/src/copyAuxStoreThinned.cxx:138: unlocked decoration UEcorr_Pt (955) in object of type xAOD::ElectronAuxContainer_v3
2026-02-12 20:32:43,311 copyAuxStoreThinned                               WARNING AthContainers/src/copyAuxStoreThinned.cxx:138: unlocked decoration UEcorr_Pt (955) in object of type xAOD::MuonAuxContainer_v5
2026-02-12 20:32:43,327 AthMpEvtLoopMgr.SharedEvtQueueConsumer               INFO Received from the queue: event num=193 chunk size=1
2026-02-12 20:32:43,327 AthMpEvtLoopMgr.SharedEvtQueueConsumer               INFO Seek to 193 succeeded
2026-02-12 20:32:44,334 copyAuxStoreThinned                               WARNING AthContainers/src/copyAuxStoreThinned.cxx:138: unlocked decoration UEcorr_Pt (955) in object of type xAOD::ElectronAuxContainer_v3
2026-02-12 20:32:44,335 copyAuxStoreThinned                               WARNING AthContainers/src/copyAuxStoreThinned.cxx:138: unlocked decoration UEcorr_Pt (955) in object of type xAOD::MuonAuxContainer_v5
2026-02-12 20:32:44,348 AthMpEvtLoopMgr.SharedEvtQueueConsumer               INFO Received from the queue: event num=195 chunk size=1
2026-02-12 20:32:44,348 AthMpEvtLoopMgr.SharedEvtQueueConsumer               INFO Seek to 195 succeeded
2026-02-12 20:32:45,652 copyAuxStoreThinned                               WARNING AthContainers/src/copyAuxStoreThinned.cxx:138: unlocked decoration UEcorr_Pt (955) in object of type xAOD::ElectronAuxContainer_v3
2026-02-12 20:32:45,654 copyAuxStoreThinned                               WARNING AthContainers/src/copyAuxStoreThinned.cxx:138: unlocked decoration UEcorr_Pt (955) in object of type xAOD::MuonAuxContainer_v5
2026-02-12 20:32:45,668 AthMpEvtLoopMgr.SharedEvtQueueConsumer               INFO Received from the queue: event num=197 chunk size=1
2026-02-12 20:32:45,668 AthMpEvtLoopMgr.SharedEvtQueueConsumer               INFO Seek to 197 succeeded
2026-02-12 20:32:46,395 copyAuxStoreThinned                               WARNING AthContainers/src/copyAuxStoreThinned.cxx:138: unlocked decoration UEcorr_Pt (955) in object of type xAOD::ElectronAuxContainer_v3
2026-02-12 20:32:46,411 AthMpEvtLoopMgr.SharedEvtQueueConsumer               INFO Received from the queue: event num=199 chunk size=1
2026-02-12 20:32:46,411 AthMpEvtLoopMgr.SharedEvtQueueConsumer               INFO Seek to 199 succeeded
2026-02-12 20:32:47,341 copyAuxStoreThinned                               WARNING AthContainers/src/copyAuxStoreThinned.cxx:138: unlocked decoration UEcorr_Pt (955) in object of type xAOD::ElectronAuxContainer_v3
2026-02-12 20:32:47,343 copyAuxStoreThinned                               WARNING AthContainers/src/copyAuxStoreThinned.cxx:138: unlocked decoration UEcorr_Pt (955) in object of type xAOD::MuonAuxContainer_v5
2026-02-12 20:32:47,359 AthMpEvtLoopMgr.SharedEvtQueueConsumer               INFO Received from the queue: event num=201 chunk size=1
2026-02-12 20:32:47,360 AthMpEvtLoopMgr.SharedEvtQueueConsumer               INFO Seek to 201 succeeded
2026-02-12 20:32:48,309 copyAuxStoreThinned                               WARNING AthContainers/src/copyAuxStoreThinned.cxx:138: unlocked decoration UEcorr_Pt (955) in object of type xAOD::ElectronAuxContainer_v3
2026-02-12 20:32:48,310 copyAuxStoreThinned                               WARNING AthContainers/src/copyAuxStoreThinned.cxx:138: unlocked decoration UEcorr_Pt (955) in object of type xAOD::MuonAuxContainer_v5
2026-02-12 20:32:48,321 AthMpEvtLoopMgr.SharedEvtQueueConsumer               INFO Received from the queue: event num=203 chunk size=1
2026-02-12 20:32:48,322 AthMpEvtLoopMgr.SharedEvtQueueConsumer               INFO Seek to 203 succeeded
2026-02-12 20:32:49,438 copyAuxStoreThinned                               WARNING AthContainers/src/copyAuxStoreThinned.cxx:138: unlocked decoration UEcorr_Pt (955) in object of type xAOD::ElectronAuxContainer_v3
2026-02-12 20:32:49,440 copyAuxStoreThinned                               WARNING AthContainers/src/copyAuxStoreThinned.cxx:138: unlocked decoration UEcorr_Pt (955) in object of type xAOD::MuonAuxContainer_v5
2026-02-12 20:32:49,452 AthMpEvtLoopMgr.SharedEvtQueueConsumer               INFO Received from the queue: event num=205 chunk size=1
2026-02-12 20:32:49,452 AthMpEvtLoopMgr.SharedEvtQueueConsumer               INFO Seek to 205 succeeded
2026-02-12 20:32:49,453 AthenaEventLoopMgr                                   INFO   ===>>>  start processing event #334732213, run #450000 100 events processed so far  <<<===
2026-02-12 20:32:50,597 copyAuxStoreThinned                               WARNING AthContainers/src/copyAuxStoreThinned.cxx:138: unlocked decoration UEcorr_Pt (955) in object of type xAOD::ElectronAuxContainer_v3
2026-02-12 20:32:50,608 AthenaEventLoopMgr                                   INFO   ===>>>  done processing event #334732213, run #450000 101 events processed so far  <<<===
2026-02-12 20:32:50,619 AthMpEvtLoopMgr.SharedEvtQueueConsumer               INFO Received from the queue: event num=207 chunk size=1
2026-02-12 20:32:50,619 AthMpEvtLoopMgr.SharedEvtQueueConsumer               INFO Seek to 207 succeeded
2026-02-12 20:32:51,641 copyAuxStoreThinned                               WARNING AthContainers/src/copyAuxStoreThinned.cxx:138: unlocked decoration UEcorr_Pt (955) in object of type xAOD::ElectronAuxContainer_v3
2026-02-12 20:32:51,642 copyAuxStoreThinned                               WARNING AthContainers/src/copyAuxStoreThinned.cxx:138: unlocked decoration UEcorr_Pt (955) in object of type xAOD::MuonAuxContainer_v5
2026-02-12 20:32:51,658 AthMpEvtLoopMgr.SharedEvtQueueConsumer               INFO Received from the queue: event num=209 chunk size=1
2026-02-12 20:32:51,659 AthMpEvtLoopMgr.SharedEvtQueueConsumer               INFO Seek to 209 succeeded
2026-02-12 20:32:53,296 copyAuxStoreThinned                               WARNING AthContainers/src/copyAuxStoreThinned.cxx:138: unlocked decoration UEcorr_Pt (955) in object of type xAOD::ElectronAuxContainer_v3
2026-02-12 20:32:53,298 copyAuxStoreThinned                               WARNING AthContainers/src/copyAuxStoreThinned.cxx:138: unlocked decoration UEcorr_Pt (955) in object of type xAOD::MuonAuxContainer_v5
2026-02-12 20:32:53,341 AthMpEvtLoopMgr.SharedEvtQueueConsumer               INFO Received from the queue: event num=212 chunk size=1
2026-02-12 20:32:53,342 AthMpEvtLoopMgr.SharedEvtQueueConsumer               INFO Seek to 212 succeeded
2026-02-12 20:32:54,298 copyAuxStoreThinned                               WARNING AthContainers/src/copyAuxStoreThinned.cxx:138: unlocked decoration UEcorr_Pt (955) in object of type xAOD::ElectronAuxContainer_v3
2026-02-12 20:32:54,300 copyAuxStoreThinned                               WARNING AthContainers/src/copyAuxStoreThinned.cxx:138: unlocked decoration UEcorr_Pt (955) in object of type xAOD::MuonAuxContainer_v5
2026-02-12 20:32:54,311 AthMpEvtLoopMgr.SharedEvtQueueConsumer               INFO Received from the queue: event num=213 chunk size=1
2026-02-12 20:32:54,312 AthMpEvtLoopMgr.SharedEvtQueueConsumer               INFO Seek to 213 succeeded
2026-02-12 20:32:54,417 PerfMonMTSvc                                         INFO Event [  105] CPU Time: 00h02m01s, Wall Time: 00h03m05s, Vmem: 6.05 GB, Rss: 4.75 GB, Pss: 2.93 GB, Swap: 0.00 KB
2026-02-12 20:32:57,407 copyAuxStoreThinned                               WARNING AthContainers/src/copyAuxStoreThinned.cxx:138: unlocked decoration UEcorr_Pt (955) in object of type xAOD::ElectronAuxContainer_v3
2026-02-12 20:32:57,409 copyAuxStoreThinned                               WARNING AthContainers/src/copyAuxStoreThinned.cxx:138: unlocked decoration UEcorr_Pt (955) in object of type xAOD::MuonAuxContainer_v5
2026-02-12 20:32:57,452 AthMpEvtLoopMgr.SharedEvtQueueConsumer               INFO Received from the queue: event num=217 chunk size=1
2026-02-12 20:32:57,453 AthMpEvtLoopMgr.SharedEvtQueueConsumer               INFO Seek to 217 succeeded
2026-02-12 20:32:58,336 copyAuxStoreThinned                               WARNING AthContainers/src/copyAuxStoreThinned.cxx:138: unlocked decoration UEcorr_Pt (955) in object of type xAOD::ElectronAuxContainer_v3
2026-02-12 20:32:58,338 copyAuxStoreThinned                               WARNING AthContainers/src/copyAuxStoreThinned.cxx:138: unlocked decoration UEcorr_Pt (955) in object of type xAOD::MuonAuxContainer_v5
2026-02-12 20:32:58,350 AthMpEvtLoopMgr.SharedEvtQueueConsumer               INFO Received from the queue: event num=219 chunk size=1
2026-02-12 20:32:58,350 AthMpEvtLoopMgr.SharedEvtQueueConsumer               INFO Seek to 219 succeeded
2026-02-12 20:32:59,625 copyAuxStoreThinned                               WARNING AthContainers/src/copyAuxStoreThinned.cxx:138: unlocked decoration UEcorr_Pt (955) in object of type xAOD::ElectronAuxContainer_v3
2026-02-12 20:32:59,627 copyAuxStoreThinned                               WARNING AthContainers/src/copyAuxStoreThinned.cxx:138: unlocked decoration UEcorr_Pt (955) in object of type xAOD::MuonAuxContainer_v5
2026-02-12 20:32:59,638 AthMpEvtLoopMgr.SharedEvtQueueConsumer               INFO Received from the queue: event num=221 chunk size=1
2026-02-12 20:32:59,639 AthMpEvtLoopMgr.SharedEvtQueueConsumer               INFO Seek to 221 succeeded
2026-02-12 20:33:00,928 copyAuxStoreThinned                               WARNING AthContainers/src/copyAuxStoreThinned.cxx:138: unlocked decoration UEcorr_Pt (955) in object of type xAOD::ElectronAuxContainer_v3
2026-02-12 20:33:00,930 copyAuxStoreThinned                               WARNING AthContainers/src/copyAuxStoreThinned.cxx:138: unlocked decoration UEcorr_Pt (955) in object of type xAOD::MuonAuxContainer_v5
2026-02-12 20:33:00,946 AthMpEvtLoopMgr.SharedEvtQueueConsumer               INFO Received from the queue: event num=224 chunk size=1
2026-02-12 20:33:00,946 AthMpEvtLoopMgr.SharedEvtQueueConsumer               INFO Seek to 224 succeeded
2026-02-12 20:33:02,212 copyAuxStoreThinned                               WARNING AthContainers/src/copyAuxStoreThinned.cxx:138: unlocked decoration UEcorr_Pt (955) in object of type xAOD::ElectronAuxContainer_v3
2026-02-12 20:33:02,234 AthMpEvtLoopMgr.SharedEvtQueueConsumer               INFO Received from the queue: event num=226 chunk size=1
2026-02-12 20:33:02,234 AthMpEvtLoopMgr.SharedEvtQueueConsumer               INFO Seek to 226 succeeded
2026-02-12 20:33:03,624 copyAuxStoreThinned                               WARNING AthContainers/src/copyAuxStoreThinned.cxx:138: unlocked decoration UEcorr_Pt (955) in object of type xAOD::ElectronAuxContainer_v3
2026-02-12 20:33:03,644 AthMpEvtLoopMgr.SharedEvtQueueConsumer               INFO Received from the queue: event num=228 chunk size=1
2026-02-12 20:33:03,645 AthMpEvtLoopMgr.SharedEvtQueueConsumer               INFO Seek to 228 succeeded
2026-02-12 20:33:04,712 copyAuxStoreThinned                               WARNING AthContainers/src/copyAuxStoreThinned.cxx:138: unlocked decoration UEcorr_Pt (955) in object of type xAOD::ElectronAuxContainer_v3
2026-02-12 20:33:04,732 AthMpEvtLoopMgr.SharedEvtQueueConsumer               INFO Received from the queue: event num=230 chunk size=1
2026-02-12 20:33:04,732 AthMpEvtLoopMgr.SharedEvtQueueConsumer               INFO Seek to 230 succeeded
2026-02-12 20:33:05,995 copyAuxStoreThinned                               WARNING AthContainers/src/copyAuxStoreThinned.cxx:138: unlocked decoration UEcorr_Pt (955) in object of type xAOD::ElectronAuxContainer_v3
2026-02-12 20:33:05,997 copyAuxStoreThinned                               WARNING AthContainers/src/copyAuxStoreThinned.cxx:138: unlocked decoration UEcorr_Pt (955) in object of type xAOD::MuonAuxContainer_v5
2026-02-12 20:33:06,010 AthMpEvtLoopMgr.SharedEvtQueueConsumer               INFO Received from the queue: event num=232 chunk size=1
2026-02-12 20:33:06,010 AthMpEvtLoopMgr.SharedEvtQueueConsumer               INFO Seek to 232 succeeded
2026-02-12 20:33:07,147 copyAuxStoreThinned                               WARNING AthContainers/src/copyAuxStoreThinned.cxx:138: unlocked decoration UEcorr_Pt (955) in object of type xAOD::ElectronAuxContainer_v3
2026-02-12 20:33:07,148 copyAuxStoreThinned                               WARNING AthContainers/src/copyAuxStoreThinned.cxx:138: unlocked decoration UEcorr_Pt (955) in object of type xAOD::MuonAuxContainer_v5
2026-02-12 20:33:07,163 AthMpEvtLoopMgr.SharedEvtQueueConsumer               INFO Received from the queue: event num=234 chunk size=1
2026-02-12 20:33:07,163 AthMpEvtLoopMgr.SharedEvtQueueConsumer               INFO Seek to 234 succeeded
2026-02-12 20:33:08,087 copyAuxStoreThinned                               WARNING AthContainers/src/copyAuxStoreThinned.cxx:138: unlocked decoration UEcorr_Pt (955) in object of type xAOD::ElectronAuxContainer_v3
2026-02-12 20:33:08,101 AthMpEvtLoopMgr.SharedEvtQueueConsumer               INFO Received from the queue: event num=236 chunk size=1
2026-02-12 20:33:08,102 AthMpEvtLoopMgr.SharedEvtQueueConsumer               INFO Seek to 236 succeeded
2026-02-12 20:33:09,565 copyAuxStoreThinned                               WARNING AthContainers/src/copyAuxStoreThinned.cxx:138: unlocked decoration UEcorr_Pt (955) in object of type xAOD::ElectronAuxContainer_v3
2026-02-12 20:33:09,566 copyAuxStoreThinned                               WARNING AthContainers/src/copyAuxStoreThinned.cxx:138: unlocked decoration UEcorr_Pt (955) in object of type xAOD::MuonAuxContainer_v5
2026-02-12 20:33:09,587 AthMpEvtLoopMgr.SharedEvtQueueConsumer               INFO Received from the queue: event num=238 chunk size=1
2026-02-12 20:33:09,587 AthMpEvtLoopMgr.SharedEvtQueueConsumer               INFO Seek to 238 succeeded
2026-02-12 20:33:11,493 copyAuxStoreThinned                               WARNING AthContainers/src/copyAuxStoreThinned.cxx:138: unlocked decoration UEcorr_Pt (955) in object of type xAOD::ElectronAuxContainer_v3
2026-02-12 20:33:11,495 copyAuxStoreThinned                               WARNING AthContainers/src/copyAuxStoreThinned.cxx:138: unlocked decoration UEcorr_Pt (955) in object of type xAOD::MuonAuxContainer_v5
2026-02-12 20:33:11,542 AthMpEvtLoopMgr.SharedEvtQueueConsumer               INFO Received from the queue: event num=240 chunk size=1
2026-02-12 20:33:11,543 AthMpEvtLoopMgr.SharedEvtQueueConsumer               INFO Seek to 240 succeeded
2026-02-12 20:33:12,452 copyAuxStoreThinned                               WARNING AthContainers/src/copyAuxStoreThinned.cxx:138: unlocked decoration UEcorr_Pt (955) in object of type xAOD::ElectronAuxContainer_v3
2026-02-12 20:33:12,454 copyAuxStoreThinned                               WARNING AthContainers/src/copyAuxStoreThinned.cxx:138: unlocked decoration UEcorr_Pt (955) in object of type xAOD::MuonAuxContainer_v5
2026-02-12 20:33:12,465 AthMpEvtLoopMgr.SharedEvtQueueConsumer               INFO Received from the queue: event num=242 chunk size=1
2026-02-12 20:33:12,466 AthMpEvtLoopMgr.SharedEvtQueueConsumer               INFO Seek to 242 succeeded
2026-02-12 20:33:13,385 copyAuxStoreThinned                               WARNING AthContainers/src/copyAuxStoreThinned.cxx:138: unlocked decoration UEcorr_Pt (955) in object of type xAOD::ElectronAuxContainer_v3
2026-02-12 20:33:13,386 copyAuxStoreThinned                               WARNING AthContainers/src/copyAuxStoreThinned.cxx:138: unlocked decoration UEcorr_Pt (955) in object of type xAOD::MuonAuxContainer_v5
2026-02-12 20:33:13,399 AthMpEvtLoopMgr.SharedEvtQueueConsumer               INFO Received from the queue: event num=244 chunk size=1
2026-02-12 20:33:13,399 AthMpEvtLoopMgr.SharedEvtQueueConsumer               INFO Seek to 244 succeeded
2026-02-12 20:33:14,319 copyAuxStoreThinned                               WARNING AthContainers/src/copyAuxStoreThinned.cxx:138: unlocked decoration UEcorr_Pt (955) in object of type xAOD::ElectronAuxContainer_v3
2026-02-12 20:33:14,320 copyAuxStoreThinned                               WARNING AthContainers/src/copyAuxStoreThinned.cxx:138: unlocked decoration UEcorr_Pt (955) in object of type xAOD::MuonAuxContainer_v5
2026-02-12 20:33:14,335 AthMpEvtLoopMgr.SharedEvtQueueConsumer               INFO Received from the queue: event num=246 chunk size=1
2026-02-12 20:33:14,335 AthMpEvtLoopMgr.SharedEvtQueueConsumer               INFO Seek to 246 succeeded
2026-02-12 20:33:15,264 copyAuxStoreThinned                               WARNING AthContainers/src/copyAuxStoreThinned.cxx:138: unlocked decoration UEcorr_Pt (955) in object of type xAOD::ElectronAuxContainer_v3
2026-02-12 20:33:15,266 copyAuxStoreThinned                               WARNING AthContainers/src/copyAuxStoreThinned.cxx:138: unlocked decoration UEcorr_Pt (955) in object of type xAOD::MuonAuxContainer_v5
2026-02-12 20:33:15,277 AthMpEvtLoopMgr.SharedEvtQueueConsumer               INFO Received from the queue: event num=248 chunk size=1
2026-02-12 20:33:15,277 AthMpEvtLoopMgr.SharedEvtQueueConsumer               INFO Seek to 248 succeeded
2026-02-12 20:33:16,328 copyAuxStoreThinned                               WARNING AthContainers/src/copyAuxStoreThinned.cxx:138: unlocked decoration UEcorr_Pt (955) in object of type xAOD::ElectronAuxContainer_v3
2026-02-12 20:33:16,329 copyAuxStoreThinned                               WARNING AthContainers/src/copyAuxStoreThinned.cxx:138: unlocked decoration UEcorr_Pt (955) in object of type xAOD::MuonAuxContainer_v5
2026-02-12 20:33:16,347 AthMpEvtLoopMgr.SharedEvtQueueConsumer               INFO Received from the queue: event num=249 chunk size=1
2026-02-12 20:33:16,347 AthMpEvtLoopMgr.SharedEvtQueueConsumer               INFO Seek to 249 succeeded
2026-02-12 20:33:17,748 copyAuxStoreThinned                               WARNING AthContainers/src/copyAuxStoreThinned.cxx:138: unlocked decoration UEcorr_Pt (955) in object of type xAOD::ElectronAuxContainer_v3
2026-02-12 20:33:17,750 copyAuxStoreThinned                               WARNING AthContainers/src/copyAuxStoreThinned.cxx:138: unlocked decoration UEcorr_Pt (955) in object of type xAOD::MuonAuxContainer_v5
2026-02-12 20:33:17,769 AthMpEvtLoopMgr.SharedEvtQueueConsumer               INFO Received from the queue: event num=250 chunk size=1
2026-02-12 20:33:17,770 AthMpEvtLoopMgr.SharedEvtQueueConsumer               INFO Seek to 250 succeeded
2026-02-12 20:33:18,783 copyAuxStoreThinned                               WARNING AthContainers/src/copyAuxStoreThinned.cxx:138: unlocked decoration UEcorr_Pt (955) in object of type xAOD::ElectronAuxContainer_v3
2026-02-12 20:33:18,784 copyAuxStoreThinned                               WARNING AthContainers/src/copyAuxStoreThinned.cxx:138: unlocked decoration UEcorr_Pt (955) in object of type xAOD::MuonAuxContainer_v5
2026-02-12 20:33:18,796 AthMpEvtLoopMgr.SharedEvtQueueConsumer               INFO Received from the queue: event num=251 chunk size=1
2026-02-12 20:33:18,796 AthMpEvtLoopMgr.SharedEvtQueueConsumer               INFO Seek to 251 succeeded
2026-02-12 20:33:19,972 copyAuxStoreThinned                               WARNING AthContainers/src/copyAuxStoreThinned.cxx:138: unlocked decoration UEcorr_Pt (955) in object of type xAOD::ElectronAuxContainer_v3
2026-02-12 20:33:19,973 copyAuxStoreThinned                               WARNING AthContainers/src/copyAuxStoreThinned.cxx:138: unlocked decoration UEcorr_Pt (955) in object of type xAOD::MuonAuxContainer_v5
2026-02-12 20:33:19,987 AthMpEvtLoopMgr.SharedEvtQueueConsumer               INFO Received from the queue: event num=253 chunk size=1
2026-02-12 20:33:19,987 AthMpEvtLoopMgr.SharedEvtQueueConsumer               INFO Seek to 253 succeeded
2026-02-12 20:33:21,221 copyAuxStoreThinned                               WARNING AthContainers/src/copyAuxStoreThinned.cxx:138: unlocked decoration UEcorr_Pt (955) in object of type xAOD::ElectronAuxContainer_v3
2026-02-12 20:33:21,223 copyAuxStoreThinned                               WARNING AthContainers/src/copyAuxStoreThinned.cxx:138: unlocked decoration UEcorr_Pt (955) in object of type xAOD::MuonAuxContainer_v5
2026-02-12 20:33:21,235 AthMpEvtLoopMgr.SharedEvtQueueConsumer               INFO Received from the queue: event num=255 chunk size=1
2026-02-12 20:33:21,236 AthMpEvtLoopMgr.SharedEvtQueueConsumer               INFO Seek to 255 succeeded
2026-02-12 20:33:22,430 copyAuxStoreThinned                               WARNING AthContainers/src/copyAuxStoreThinned.cxx:138: unlocked decoration UEcorr_Pt (955) in object of type xAOD::ElectronAuxContainer_v3
2026-02-12 20:33:22,431 copyAuxStoreThinned                               WARNING AthContainers/src/copyAuxStoreThinned.cxx:138: unlocked decoration UEcorr_Pt (955) in object of type xAOD::MuonAuxContainer_v5
2026-02-12 20:33:22,446 AthMpEvtLoopMgr.SharedEvtQueueConsumer               INFO Received from the queue: event num=257 chunk size=1
2026-02-12 20:33:22,447 AthMpEvtLoopMgr.SharedEvtQueueConsumer               INFO Seek to 257 succeeded
2026-02-12 20:33:23,671 copyAuxStoreThinned                               WARNING AthContainers/src/copyAuxStoreThinned.cxx:138: unlocked decoration UEcorr_Pt (955) in object of type xAOD::ElectronAuxContainer_v3
2026-02-12 20:33:23,672 copyAuxStoreThinned                               WARNING AthContainers/src/copyAuxStoreThinned.cxx:138: unlocked decoration UEcorr_Pt (955) in object of type xAOD::MuonAuxContainer_v5
2026-02-12 20:33:23,687 AthMpEvtLoopMgr.SharedEvtQueueConsumer               INFO Received from the queue: event num=259 chunk size=1
2026-02-12 20:33:23,688 AthMpEvtLoopMgr.SharedEvtQueueConsumer               INFO Seek to 259 succeeded
2026-02-12 20:33:25,088 copyAuxStoreThinned                               WARNING AthContainers/src/copyAuxStoreThinned.cxx:138: unlocked decoration UEcorr_Pt (955) in object of type xAOD::ElectronAuxContainer_v3
2026-02-12 20:33:25,090 copyAuxStoreThinned                               WARNING AthContainers/src/copyAuxStoreThinned.cxx:138: unlocked decoration UEcorr_Pt (955) in object of type xAOD::MuonAuxContainer_v5
2026-02-12 20:33:25,111 AthMpEvtLoopMgr.SharedEvtQueueConsumer               INFO Received from the queue: event num=261 chunk size=1
2026-02-12 20:33:25,112 AthMpEvtLoopMgr.SharedEvtQueueConsumer               INFO Seek to 261 succeeded
2026-02-12 20:33:25,219 PerfMonMTSvc                                         INFO Event [  129] CPU Time: 00h02m32s, Wall Time: 00h03m36s, Vmem: 6.05 GB, Rss: 4.76 GB, Pss: 2.93 GB, Swap: 0.00 KB
2026-02-12 20:33:26,769 copyAuxStoreThinned                               WARNING AthContainers/src/copyAuxStoreThinned.cxx:138: unlocked decoration UEcorr_Pt (955) in object of type xAOD::ElectronAuxContainer_v3
2026-02-12 20:33:26,771 copyAuxStoreThinned                               WARNING AthContainers/src/copyAuxStoreThinned.cxx:138: unlocked decoration UEcorr_Pt (955) in object of type xAOD::MuonAuxContainer_v5
2026-02-12 20:33:26,788 AthMpEvtLoopMgr.SharedEvtQueueConsumer               INFO Received from the queue: event num=264 chunk size=1
2026-02-12 20:33:26,789 AthMpEvtLoopMgr.SharedEvtQueueConsumer               INFO Seek to 264 succeeded
2026-02-12 20:33:27,785 copyAuxStoreThinned                               WARNING AthContainers/src/copyAuxStoreThinned.cxx:138: unlocked decoration UEcorr_Pt (955) in object of type xAOD::ElectronAuxContainer_v3
2026-02-12 20:33:27,787 copyAuxStoreThinned                               WARNING AthContainers/src/copyAuxStoreThinned.cxx:138: unlocked decoration UEcorr_Pt (955) in object of type xAOD::MuonAuxContainer_v5
2026-02-12 20:33:27,801 AthMpEvtLoopMgr.SharedEvtQueueConsumer               INFO Received from the queue: event num=266 chunk size=1
2026-02-12 20:33:27,801 AthMpEvtLoopMgr.SharedEvtQueueConsumer               INFO Seek to 266 succeeded
2026-02-12 20:33:28,901 copyAuxStoreThinned                               WARNING AthContainers/src/copyAuxStoreThinned.cxx:138: unlocked decoration UEcorr_Pt (955) in object of type xAOD::ElectronAuxContainer_v3
2026-02-12 20:33:28,903 copyAuxStoreThinned                               WARNING AthContainers/src/copyAuxStoreThinned.cxx:138: unlocked decoration UEcorr_Pt (955) in object of type xAOD::MuonAuxContainer_v5
2026-02-12 20:33:28,915 AthMpEvtLoopMgr.SharedEvtQueueConsumer               INFO Received from the queue: event num=267 chunk size=1
2026-02-12 20:33:28,916 AthMpEvtLoopMgr.SharedEvtQueueConsumer               INFO Seek to 267 succeeded
2026-02-12 20:33:30,059 copyAuxStoreThinned                               WARNING AthContainers/src/copyAuxStoreThinned.cxx:138: unlocked decoration UEcorr_Pt (955) in object of type xAOD::ElectronAuxContainer_v3
2026-02-12 20:33:30,060 copyAuxStoreThinned                               WARNING AthContainers/src/copyAuxStoreThinned.cxx:138: unlocked decoration UEcorr_Pt (955) in object of type xAOD::MuonAuxContainer_v5
2026-02-12 20:33:30,106 AthMpEvtLoopMgr.SharedEvtQueueConsumer               INFO Received from the queue: event num=269 chunk size=1
2026-02-12 20:33:30,106 AthMpEvtLoopMgr.SharedEvtQueueConsumer               INFO Seek to 269 succeeded
2026-02-12 20:33:31,540 copyAuxStoreThinned                               WARNING AthContainers/src/copyAuxStoreThinned.cxx:138: unlocked decoration UEcorr_Pt (955) in object of type xAOD::ElectronAuxContainer_v3
2026-02-12 20:33:31,541 copyAuxStoreThinned                               WARNING AthContainers/src/copyAuxStoreThinned.cxx:138: unlocked decoration UEcorr_Pt (955) in object of type xAOD::MuonAuxContainer_v5
2026-02-12 20:33:31,563 AthMpEvtLoopMgr.SharedEvtQueueConsumer               INFO Received from the queue: event num=271 chunk size=1
2026-02-12 20:33:31,564 AthMpEvtLoopMgr.SharedEvtQueueConsumer               INFO Seek to 271 succeeded
2026-02-12 20:33:33,482 copyAuxStoreThinned                               WARNING AthContainers/src/copyAuxStoreThinned.cxx:138: unlocked decoration UEcorr_Pt (955) in object of type xAOD::ElectronAuxContainer_v3
2026-02-12 20:33:33,484 copyAuxStoreThinned                               WARNING AthContainers/src/copyAuxStoreThinned.cxx:138: unlocked decoration UEcorr_Pt (955) in object of type xAOD::MuonAuxContainer_v5
2026-02-12 20:33:33,506 AthMpEvtLoopMgr.SharedEvtQueueConsumer               INFO Received from the queue: event num=274 chunk size=1
2026-02-12 20:33:33,507 AthMpEvtLoopMgr.SharedEvtQueueConsumer               INFO Seek to 274 succeeded
2026-02-12 20:33:34,586 copyAuxStoreThinned                               WARNING AthContainers/src/copyAuxStoreThinned.cxx:138: unlocked decoration UEcorr_Pt (955) in object of type xAOD::ElectronAuxContainer_v3
2026-02-12 20:33:34,588 copyAuxStoreThinned                               WARNING AthContainers/src/copyAuxStoreThinned.cxx:138: unlocked decoration UEcorr_Pt (955) in object of type xAOD::MuonAuxContainer_v5
2026-02-12 20:33:34,603 AthMpEvtLoopMgr.SharedEvtQueueConsumer               INFO Received from the queue: event num=276 chunk size=1
2026-02-12 20:33:34,603 AthMpEvtLoopMgr.SharedEvtQueueConsumer               INFO Seek to 276 succeeded
2026-02-12 20:33:35,774 copyAuxStoreThinned                               WARNING AthContainers/src/copyAuxStoreThinned.cxx:138: unlocked decoration UEcorr_Pt (955) in object of type xAOD::ElectronAuxContainer_v3
2026-02-12 20:33:35,792 AthMpEvtLoopMgr.SharedEvtQueueConsumer               INFO Received from the queue: event num=278 chunk size=1
2026-02-12 20:33:35,792 AthMpEvtLoopMgr.SharedEvtQueueConsumer               INFO Seek to 278 succeeded
2026-02-12 20:33:36,988 copyAuxStoreThinned                               WARNING AthContainers/src/copyAuxStoreThinned.cxx:138: unlocked decoration UEcorr_Pt (955) in object of type xAOD::ElectronAuxContainer_v3
2026-02-12 20:33:36,996 copyAuxStoreThinned                               WARNING AthContainers/src/copyAuxStoreThinned.cxx:138: unlocked decoration UEcorr_Pt (955) in object of type xAOD::MuonAuxContainer_v5
2026-02-12 20:33:37,011 AthMpEvtLoopMgr.SharedEvtQueueConsumer               INFO Received from the queue: event num=280 chunk size=1
2026-02-12 20:33:37,012 AthMpEvtLoopMgr.SharedEvtQueueConsumer               INFO Seek to 280 succeeded
2026-02-12 20:33:38,179 copyAuxStoreThinned                               WARNING AthContainers/src/copyAuxStoreThinned.cxx:138: unlocked decoration UEcorr_Pt (955) in object of type xAOD::ElectronAuxContainer_v3
2026-02-12 20:33:38,181 copyAuxStoreThinned                               WARNING AthContainers/src/copyAuxStoreThinned.cxx:138: unlocked decoration UEcorr_Pt (955) in object of type xAOD::MuonAuxContainer_v5
2026-02-12 20:33:38,197 AthMpEvtLoopMgr.SharedEvtQueueConsumer               INFO Received from the queue: event num=282 chunk size=1
2026-02-12 20:33:38,197 AthMpEvtLoopMgr.SharedEvtQueueConsumer               INFO Seek to 282 succeeded
2026-02-12 20:33:39,494 copyAuxStoreThinned                               WARNING AthContainers/src/copyAuxStoreThinned.cxx:138: unlocked decoration UEcorr_Pt (955) in object of type xAOD::ElectronAuxContainer_v3
2026-02-12 20:33:39,495 copyAuxStoreThinned                               WARNING AthContainers/src/copyAuxStoreThinned.cxx:138: unlocked decoration UEcorr_Pt (955) in object of type xAOD::MuonAuxContainer_v5
2026-02-12 20:33:39,518 AthMpEvtLoopMgr.SharedEvtQueueConsumer               INFO Received from the queue: event num=284 chunk size=1
2026-02-12 20:33:39,518 AthMpEvtLoopMgr.SharedEvtQueueConsumer               INFO Seek to 284 succeeded
2026-02-12 20:33:41,042 copyAuxStoreThinned                               WARNING AthContainers/src/copyAuxStoreThinned.cxx:138: unlocked decoration UEcorr_Pt (955) in object of type xAOD::ElectronAuxContainer_v3
2026-02-12 20:33:41,044 copyAuxStoreThinned                               WARNING AthContainers/src/copyAuxStoreThinned.cxx:138: unlocked decoration UEcorr_Pt (955) in object of type xAOD::MuonAuxContainer_v5
2026-02-12 20:33:41,059 AthMpEvtLoopMgr.SharedEvtQueueConsumer               INFO Received from the queue: event num=286 chunk size=1
2026-02-12 20:33:41,059 AthMpEvtLoopMgr.SharedEvtQueueConsumer               INFO Seek to 286 succeeded
2026-02-12 20:33:41,951 copyAuxStoreThinned                               WARNING AthContainers/src/copyAuxStoreThinned.cxx:138: unlocked decoration UEcorr_Pt (955) in object of type xAOD::ElectronAuxContainer_v3
2026-02-12 20:33:41,952 copyAuxStoreThinned                               WARNING AthContainers/src/copyAuxStoreThinned.cxx:138: unlocked decoration UEcorr_Pt (955) in object of type xAOD::MuonAuxContainer_v5
2026-02-12 20:33:41,966 AthMpEvtLoopMgr.SharedEvtQueueConsumer               INFO Received from the queue: event num=288 chunk size=1
2026-02-12 20:33:41,966 AthMpEvtLoopMgr.SharedEvtQueueConsumer               INFO Seek to 288 succeeded
2026-02-12 20:33:42,853 copyAuxStoreThinned                               WARNING AthContainers/src/copyAuxStoreThinned.cxx:138: unlocked decoration UEcorr_Pt (955) in object of type xAOD::ElectronAuxContainer_v3
2026-02-12 20:33:42,854 copyAuxStoreThinned                               WARNING AthContainers/src/copyAuxStoreThinned.cxx:138: unlocked decoration UEcorr_Pt (955) in object of type xAOD::MuonAuxContainer_v5
2026-02-12 20:33:42,868 AthMpEvtLoopMgr.SharedEvtQueueConsumer               INFO Received from the queue: event num=290 chunk size=1
2026-02-12 20:33:42,869 AthMpEvtLoopMgr.SharedEvtQueueConsumer               INFO Seek to 290 succeeded
2026-02-12 20:33:44,619 copyAuxStoreThinned                               WARNING AthContainers/src/copyAuxStoreThinned.cxx:138: unlocked decoration UEcorr_Pt (955) in object of type xAOD::ElectronAuxContainer_v3
2026-02-12 20:33:44,620 copyAuxStoreThinned                               WARNING AthContainers/src/copyAuxStoreThinned.cxx:138: unlocked decoration UEcorr_Pt (955) in object of type xAOD::MuonAuxContainer_v5
2026-02-12 20:33:44,642 AthMpEvtLoopMgr.SharedEvtQueueConsumer               INFO Received from the queue: event num=293 chunk size=1
2026-02-12 20:33:44,642 AthMpEvtLoopMgr.SharedEvtQueueConsumer               INFO Seek to 293 succeeded
2026-02-12 20:33:46,026 copyAuxStoreThinned                               WARNING AthContainers/src/copyAuxStoreThinned.cxx:138: unlocked decoration UEcorr_Pt (955) in object of type xAOD::ElectronAuxContainer_v3
2026-02-12 20:33:46,028 copyAuxStoreThinned                               WARNING AthContainers/src/copyAuxStoreThinned.cxx:138: unlocked decoration UEcorr_Pt (955) in object of type xAOD::MuonAuxContainer_v5
2026-02-12 20:33:46,048 AthMpEvtLoopMgr.SharedEvtQueueConsumer               INFO Received from the queue: event num=295 chunk size=1
2026-02-12 20:33:46,048 AthMpEvtLoopMgr.SharedEvtQueueConsumer               INFO Seek to 295 succeeded
2026-02-12 20:33:47,130 copyAuxStoreThinned                               WARNING AthContainers/src/copyAuxStoreThinned.cxx:138: unlocked decoration UEcorr_Pt (955) in object of type xAOD::ElectronAuxContainer_v3
2026-02-12 20:33:47,131 copyAuxStoreThinned                               WARNING AthContainers/src/copyAuxStoreThinned.cxx:138: unlocked decoration UEcorr_Pt (955) in object of type xAOD::MuonAuxContainer_v5
2026-02-12 20:33:47,143 AthMpEvtLoopMgr.SharedEvtQueueConsumer               INFO Received from the queue: event num=296 chunk size=1
2026-02-12 20:33:47,144 AthMpEvtLoopMgr.SharedEvtQueueConsumer               INFO Seek to 296 succeeded
2026-02-12 20:33:48,123 copyAuxStoreThinned                               WARNING AthContainers/src/copyAuxStoreThinned.cxx:138: unlocked decoration UEcorr_Pt (955) in object of type xAOD::ElectronAuxContainer_v3
2026-02-12 20:33:48,124 copyAuxStoreThinned                               WARNING AthContainers/src/copyAuxStoreThinned.cxx:138: unlocked decoration UEcorr_Pt (955) in object of type xAOD::MuonAuxContainer_v5
2026-02-12 20:33:48,139 AthMpEvtLoopMgr.SharedEvtQueueConsumer               INFO Received from the queue: event num=298 chunk size=1
2026-02-12 20:33:48,139 AthMpEvtLoopMgr.SharedEvtQueueConsumer               INFO Seek to 298 succeeded
2026-02-12 20:33:49,815 copyAuxStoreThinned                               WARNING AthContainers/src/copyAuxStoreThinned.cxx:138: unlocked decoration UEcorr_Pt (955) in object of type xAOD::ElectronAuxContainer_v3
2026-02-12 20:33:49,817 copyAuxStoreThinned                               WARNING AthContainers/src/copyAuxStoreThinned.cxx:138: unlocked decoration UEcorr_Pt (955) in object of type xAOD::MuonAuxContainer_v5
2026-02-12 20:33:49,834 AthMpEvtLoopMgr.SharedEvtQueueConsumer               INFO Received from the queue: event num=301 chunk size=1
2026-02-12 20:33:49,835 AthMpEvtLoopMgr.SharedEvtQueueConsumer               INFO Seek to 301 succeeded
2026-02-12 20:33:50,664 copyAuxStoreThinned                               WARNING AthContainers/src/copyAuxStoreThinned.cxx:138: unlocked decoration UEcorr_Pt (955) in object of type xAOD::ElectronAuxContainer_v3
2026-02-12 20:33:50,665 copyAuxStoreThinned                               WARNING AthContainers/src/copyAuxStoreThinned.cxx:138: unlocked decoration UEcorr_Pt (955) in object of type xAOD::MuonAuxContainer_v5
2026-02-12 20:33:50,677 AthMpEvtLoopMgr.SharedEvtQueueConsumer               INFO Received from the queue: event num=302 chunk size=1
2026-02-12 20:33:50,677 AthMpEvtLoopMgr.SharedEvtQueueConsumer               INFO Seek to 302 succeeded
2026-02-12 20:33:51,642 copyAuxStoreThinned                               WARNING AthContainers/src/copyAuxStoreThinned.cxx:138: unlocked decoration UEcorr_Pt (955) in object of type xAOD::ElectronAuxContainer_v3
2026-02-12 20:33:51,644 copyAuxStoreThinned                               WARNING AthContainers/src/copyAuxStoreThinned.cxx:138: unlocked decoration UEcorr_Pt (955) in object of type xAOD::MuonAuxContainer_v5
2026-02-12 20:33:51,656 AthMpEvtLoopMgr.SharedEvtQueueConsumer               INFO Received from the queue: event num=304 chunk size=1
2026-02-12 20:33:51,657 AthMpEvtLoopMgr.SharedEvtQueueConsumer               INFO Seek to 304 succeeded
2026-02-12 20:33:53,108 copyAuxStoreThinned                               WARNING AthContainers/src/copyAuxStoreThinned.cxx:138: unlocked decoration UEcorr_Pt (955) in object of type xAOD::ElectronAuxContainer_v3
2026-02-12 20:33:53,109 copyAuxStoreThinned                               WARNING AthContainers/src/copyAuxStoreThinned.cxx:138: unlocked decoration UEcorr_Pt (955) in object of type xAOD::MuonAuxContainer_v5
2026-02-12 20:33:53,131 AthMpEvtLoopMgr.SharedEvtQueueConsumer               INFO Received from the queue: event num=306 chunk size=1
2026-02-12 20:33:53,132 AthMpEvtLoopMgr.SharedEvtQueueConsumer               INFO Seek to 306 succeeded
2026-02-12 20:33:54,251 copyAuxStoreThinned                               WARNING AthContainers/src/copyAuxStoreThinned.cxx:138: unlocked decoration UEcorr_Pt (955) in object of type xAOD::ElectronAuxContainer_v3
2026-02-12 20:33:54,271 AthMpEvtLoopMgr.SharedEvtQueueConsumer               INFO Received from the queue: event num=308 chunk size=1
2026-02-12 20:33:54,272 AthMpEvtLoopMgr.SharedEvtQueueConsumer               INFO Seek to 308 succeeded
2026-02-12 20:33:56,023 copyAuxStoreThinned                               WARNING AthContainers/src/copyAuxStoreThinned.cxx:138: unlocked decoration UEcorr_Pt (955) in object of type xAOD::ElectronAuxContainer_v3
2026-02-12 20:33:56,024 copyAuxStoreThinned                               WARNING AthContainers/src/copyAuxStoreThinned.cxx:138: unlocked decoration UEcorr_Pt (955) in object of type xAOD::MuonAuxContainer_v5
2026-02-12 20:33:56,044 AthMpEvtLoopMgr.SharedEvtQueueConsumer               INFO Received from the queue: event num=311 chunk size=1
2026-02-12 20:33:56,044 AthMpEvtLoopMgr.SharedEvtQueueConsumer               INFO Seek to 311 succeeded
2026-02-12 20:33:56,149 PerfMonMTSvc                                         INFO Event [  153] CPU Time: 00h03m03s, Wall Time: 00h04m07s, Vmem: 6.18 GB, Rss: 4.89 GB, Pss: 3.07 GB, Swap: 0.00 KB
2026-02-12 20:33:57,015 copyAuxStoreThinned                               WARNING AthContainers/src/copyAuxStoreThinned.cxx:138: unlocked decoration UEcorr_Pt (955) in object of type xAOD::ElectronAuxContainer_v3
2026-02-12 20:33:57,017 copyAuxStoreThinned                               WARNING AthContainers/src/copyAuxStoreThinned.cxx:138: unlocked decoration UEcorr_Pt (955) in object of type xAOD::MuonAuxContainer_v5
2026-02-12 20:33:57,028 AthMpEvtLoopMgr.SharedEvtQueueConsumer               INFO Received from the queue: event num=313 chunk size=1
2026-02-12 20:33:57,028 AthMpEvtLoopMgr.SharedEvtQueueConsumer               INFO Seek to 313 succeeded
2026-02-12 20:33:58,058 copyAuxStoreThinned                               WARNING AthContainers/src/copyAuxStoreThinned.cxx:138: unlocked decoration UEcorr_Pt (955) in object of type xAOD::ElectronAuxContainer_v3
2026-02-12 20:33:58,060 copyAuxStoreThinned                               WARNING AthContainers/src/copyAuxStoreThinned.cxx:138: unlocked decoration UEcorr_Pt (955) in object of type xAOD::MuonAuxContainer_v5
2026-02-12 20:33:58,071 AthMpEvtLoopMgr.SharedEvtQueueConsumer               INFO Received from the queue: event num=315 chunk size=1
2026-02-12 20:33:58,071 AthMpEvtLoopMgr.SharedEvtQueueConsumer               INFO Seek to 315 succeeded
2026-02-12 20:33:59,270 copyAuxStoreThinned                               WARNING AthContainers/src/copyAuxStoreThinned.cxx:138: unlocked decoration UEcorr_Pt (955) in object of type xAOD::ElectronAuxContainer_v3
2026-02-12 20:33:59,271 copyAuxStoreThinned                               WARNING AthContainers/src/copyAuxStoreThinned.cxx:138: unlocked decoration UEcorr_Pt (955) in object of type xAOD::MuonAuxContainer_v5
2026-02-12 20:33:59,286 AthMpEvtLoopMgr.SharedEvtQueueConsumer               INFO Received from the queue: event num=317 chunk size=1
2026-02-12 20:33:59,286 AthMpEvtLoopMgr.SharedEvtQueueConsumer               INFO Seek to 317 succeeded
2026-02-12 20:34:00,286 copyAuxStoreThinned                               WARNING AthContainers/src/copyAuxStoreThinned.cxx:138: unlocked decoration UEcorr_Pt (955) in object of type xAOD::ElectronAuxContainer_v3
2026-02-12 20:34:00,287 copyAuxStoreThinned                               WARNING AthContainers/src/copyAuxStoreThinned.cxx:138: unlocked decoration UEcorr_Pt (955) in object of type xAOD::MuonAuxContainer_v5
2026-02-12 20:34:00,305 AthMpEvtLoopMgr.SharedEvtQueueConsumer               INFO Received from the queue: event num=319 chunk size=1
2026-02-12 20:34:00,305 AthMpEvtLoopMgr.SharedEvtQueueConsumer               INFO Seek to 319 succeeded
2026-02-12 20:34:01,263 copyAuxStoreThinned                               WARNING AthContainers/src/copyAuxStoreThinned.cxx:138: unlocked decoration UEcorr_Pt (955) in object of type xAOD::ElectronAuxContainer_v3
2026-02-12 20:34:01,264 copyAuxStoreThinned                               WARNING AthContainers/src/copyAuxStoreThinned.cxx:138: unlocked decoration UEcorr_Pt (955) in object of type xAOD::MuonAuxContainer_v5
2026-02-12 20:34:01,285 AthMpEvtLoopMgr.SharedEvtQueueConsumer               INFO Received from the queue: event num=321 chunk size=1
2026-02-12 20:34:01,286 AthMpEvtLoopMgr.SharedEvtQueueConsumer               INFO Seek to 321 succeeded
2026-02-12 20:34:02,294 copyAuxStoreThinned                               WARNING AthContainers/src/copyAuxStoreThinned.cxx:138: unlocked decoration UEcorr_Pt (955) in object of type xAOD::ElectronAuxContainer_v3
2026-02-12 20:34:02,295 copyAuxStoreThinned                               WARNING AthContainers/src/copyAuxStoreThinned.cxx:138: unlocked decoration UEcorr_Pt (955) in object of type xAOD::MuonAuxContainer_v5
2026-02-12 20:34:02,309 AthMpEvtLoopMgr.SharedEvtQueueConsumer               INFO Received from the queue: event num=323 chunk size=1
2026-02-12 20:34:02,310 AthMpEvtLoopMgr.SharedEvtQueueConsumer               INFO Seek to 323 succeeded
2026-02-12 20:34:03,603 copyAuxStoreThinned                               WARNING AthContainers/src/copyAuxStoreThinned.cxx:138: unlocked decoration UEcorr_Pt (955) in object of type xAOD::ElectronAuxContainer_v3
2026-02-12 20:34:03,604 copyAuxStoreThinned                               WARNING AthContainers/src/copyAuxStoreThinned.cxx:138: unlocked decoration UEcorr_Pt (955) in object of type xAOD::MuonAuxContainer_v5
2026-02-12 20:34:03,620 AthMpEvtLoopMgr.SharedEvtQueueConsumer               INFO Received from the queue: event num=325 chunk size=1
2026-02-12 20:34:03,620 AthMpEvtLoopMgr.SharedEvtQueueConsumer               INFO Seek to 325 succeeded
WARNING from FastJet: ClusterSequenceAreaBase::get_median_rho_and_sigma(...): the estimated empty area is suspiciously large and negative and may lead to an over-estimation of rho. This may be due to (i) a rare statistical fluctuation or (ii) too small a range used to estimate the background properties.
2026-02-12 20:34:05,140 copyAuxStoreThinned                               WARNING AthContainers/src/copyAuxStoreThinned.cxx:138: unlocked decoration UEcorr_Pt (955) in object of type xAOD::ElectronAuxContainer_v3
2026-02-12 20:34:05,141 copyAuxStoreThinned                               WARNING AthContainers/src/copyAuxStoreThinned.cxx:138: unlocked decoration UEcorr_Pt (955) in object of type xAOD::MuonAuxContainer_v5
2026-02-12 20:34:05,170 AthMpEvtLoopMgr.SharedEvtQueueConsumer               INFO Received from the queue: event num=327 chunk size=1
2026-02-12 20:34:05,170 AthMpEvtLoopMgr.SharedEvtQueueConsumer               INFO Seek to 327 succeeded
2026-02-12 20:34:06,228 copyAuxStoreThinned                               WARNING AthContainers/src/copyAuxStoreThinned.cxx:138: unlocked decoration UEcorr_Pt (955) in object of type xAOD::ElectronAuxContainer_v3
2026-02-12 20:34:06,230 copyAuxStoreThinned                               WARNING AthContainers/src/copyAuxStoreThinned.cxx:138: unlocked decoration UEcorr_Pt (955) in object of type xAOD::MuonAuxContainer_v5
2026-02-12 20:34:06,242 AthMpEvtLoopMgr.SharedEvtQueueConsumer               INFO Received from the queue: event num=329 chunk size=1
2026-02-12 20:34:06,243 AthMpEvtLoopMgr.SharedEvtQueueConsumer               INFO Seek to 329 succeeded
2026-02-12 20:34:07,461 copyAuxStoreThinned                               WARNING AthContainers/src/copyAuxStoreThinned.cxx:138: unlocked decoration UEcorr_Pt (955) in object of type xAOD::ElectronAuxContainer_v3
2026-02-12 20:34:07,473 AthMpEvtLoopMgr.SharedEvtQueueConsumer               INFO Received from the queue: event num=331 chunk size=1
2026-02-12 20:34:07,473 AthMpEvtLoopMgr.SharedEvtQueueConsumer               INFO Seek to 331 succeeded
2026-02-12 20:34:08,875 copyAuxStoreThinned                               WARNING AthContainers/src/copyAuxStoreThinned.cxx:138: unlocked decoration UEcorr_Pt (955) in object of type xAOD::ElectronAuxContainer_v3
2026-02-12 20:34:08,876 copyAuxStoreThinned                               WARNING AthContainers/src/copyAuxStoreThinned.cxx:138: unlocked decoration UEcorr_Pt (955) in object of type xAOD::MuonAuxContainer_v5
2026-02-12 20:34:08,904 AthMpEvtLoopMgr.SharedEvtQueueConsumer               INFO Received from the queue: event num=333 chunk size=1
2026-02-12 20:34:08,904 AthMpEvtLoopMgr.SharedEvtQueueConsumer               INFO Seek to 333 succeeded
2026-02-12 20:34:10,021 copyAuxStoreThinned                               WARNING AthContainers/src/copyAuxStoreThinned.cxx:138: unlocked decoration UEcorr_Pt (955) in object of type xAOD::ElectronAuxContainer_v3
2026-02-12 20:34:10,022 copyAuxStoreThinned                               WARNING AthContainers/src/copyAuxStoreThinned.cxx:138: unlocked decoration UEcorr_Pt (955) in object of type xAOD::MuonAuxContainer_v5
2026-02-12 20:34:10,036 AthMpEvtLoopMgr.SharedEvtQueueConsumer               INFO Received from the queue: event num=335 chunk size=1
2026-02-12 20:34:10,037 AthMpEvtLoopMgr.SharedEvtQueueConsumer               INFO Seek to 335 succeeded
2026-02-12 20:34:10,971 copyAuxStoreThinned                               WARNING AthContainers/src/copyAuxStoreThinned.cxx:138: unlocked decoration UEcorr_Pt (955) in object of type xAOD::ElectronAuxContainer_v3
2026-02-12 20:34:10,973 copyAuxStoreThinned                               WARNING AthContainers/src/copyAuxStoreThinned.cxx:138: unlocked decoration UEcorr_Pt (955) in object of type xAOD::MuonAuxContainer_v5
2026-02-12 20:34:10,991 AthMpEvtLoopMgr.SharedEvtQueueConsumer               INFO Received from the queue: event num=337 chunk size=1
2026-02-12 20:34:10,991 AthMpEvtLoopMgr.SharedEvtQueueConsumer               INFO Seek to 337 succeeded
2026-02-12 20:34:12,403 copyAuxStoreThinned                               WARNING AthContainers/src/copyAuxStoreThinned.cxx:138: unlocked decoration UEcorr_Pt (955) in object of type xAOD::ElectronAuxContainer_v3
2026-02-12 20:34:12,405 copyAuxStoreThinned                               WARNING AthContainers/src/copyAuxStoreThinned.cxx:138: unlocked decoration UEcorr_Pt (955) in object of type xAOD::MuonAuxContainer_v5
2026-02-12 20:34:12,420 AthMpEvtLoopMgr.SharedEvtQueueConsumer               INFO Received from the queue: event num=339 chunk size=1
2026-02-12 20:34:12,420 AthMpEvtLoopMgr.SharedEvtQueueConsumer               INFO Seek to 339 succeeded
2026-02-12 20:34:13,636 copyAuxStoreThinned                               WARNING AthContainers/src/copyAuxStoreThinned.cxx:138: unlocked decoration UEcorr_Pt (955) in object of type xAOD::ElectronAuxContainer_v3
2026-02-12 20:34:13,638 copyAuxStoreThinned                               WARNING AthContainers/src/copyAuxStoreThinned.cxx:138: unlocked decoration UEcorr_Pt (955) in object of type xAOD::MuonAuxContainer_v5
2026-02-12 20:34:13,649 AthMpEvtLoopMgr.SharedEvtQueueConsumer               INFO Received from the queue: event num=340 chunk size=1
2026-02-12 20:34:13,650 AthMpEvtLoopMgr.SharedEvtQueueConsumer               INFO Seek to 340 succeeded
2026-02-12 20:34:14,709 copyAuxStoreThinned                               WARNING AthContainers/src/copyAuxStoreThinned.cxx:138: unlocked decoration UEcorr_Pt (955) in object of type xAOD::ElectronAuxContainer_v3
2026-02-12 20:34:14,710 copyAuxStoreThinned                               WARNING AthContainers/src/copyAuxStoreThinned.cxx:138: unlocked decoration UEcorr_Pt (955) in object of type xAOD::MuonAuxContainer_v5
2026-02-12 20:34:14,722 AthMpEvtLoopMgr.SharedEvtQueueConsumer               INFO Received from the queue: event num=343 chunk size=1
2026-02-12 20:34:14,723 AthMpEvtLoopMgr.SharedEvtQueueConsumer               INFO Seek to 343 succeeded
2026-02-12 20:34:15,921 copyAuxStoreThinned                               WARNING AthContainers/src/copyAuxStoreThinned.cxx:138: unlocked decoration UEcorr_Pt (955) in object of type xAOD::ElectronAuxContainer_v3
2026-02-12 20:34:15,922 copyAuxStoreThinned                               WARNING AthContainers/src/copyAuxStoreThinned.cxx:138: unlocked decoration UEcorr_Pt (955) in object of type xAOD::MuonAuxContainer_v5
2026-02-12 20:34:15,946 AthMpEvtLoopMgr.SharedEvtQueueConsumer               INFO Received from the queue: event num=344 chunk size=1
2026-02-12 20:34:15,947 AthMpEvtLoopMgr.SharedEvtQueueConsumer               INFO Seek to 344 succeeded
2026-02-12 20:34:17,109 copyAuxStoreThinned                               WARNING AthContainers/src/copyAuxStoreThinned.cxx:138: unlocked decoration UEcorr_Pt (955) in object of type xAOD::ElectronAuxContainer_v3
2026-02-12 20:34:17,110 copyAuxStoreThinned                               WARNING AthContainers/src/copyAuxStoreThinned.cxx:138: unlocked decoration UEcorr_Pt (955) in object of type xAOD::MuonAuxContainer_v5
2026-02-12 20:34:17,140 AthMpEvtLoopMgr.SharedEvtQueueConsumer               INFO Received from the queue: event num=347 chunk size=1
2026-02-12 20:34:17,141 AthMpEvtLoopMgr.SharedEvtQueueConsumer               INFO Seek to 347 succeeded
2026-02-12 20:34:18,079 copyAuxStoreThinned                               WARNING AthContainers/src/copyAuxStoreThinned.cxx:138: unlocked decoration UEcorr_Pt (955) in object of type xAOD::ElectronAuxContainer_v3
2026-02-12 20:34:18,093 AthMpEvtLoopMgr.SharedEvtQueueConsumer               INFO Received from the queue: event num=349 chunk size=1
2026-02-12 20:34:18,094 AthMpEvtLoopMgr.SharedEvtQueueConsumer               INFO Seek to 349 succeeded
2026-02-12 20:34:19,299 copyAuxStoreThinned                               WARNING AthContainers/src/copyAuxStoreThinned.cxx:138: unlocked decoration UEcorr_Pt (955) in object of type xAOD::ElectronAuxContainer_v3
2026-02-12 20:34:19,300 copyAuxStoreThinned                               WARNING AthContainers/src/copyAuxStoreThinned.cxx:138: unlocked decoration UEcorr_Pt (955) in object of type xAOD::MuonAuxContainer_v5
2026-02-12 20:34:19,318 AthMpEvtLoopMgr.SharedEvtQueueConsumer               INFO Received from the queue: event num=351 chunk size=1
2026-02-12 20:34:19,319 AthMpEvtLoopMgr.SharedEvtQueueConsumer               INFO Seek to 351 succeeded
2026-02-12 20:34:20,340 copyAuxStoreThinned                               WARNING AthContainers/src/copyAuxStoreThinned.cxx:138: unlocked decoration UEcorr_Pt (955) in object of type xAOD::ElectronAuxContainer_v3
2026-02-12 20:34:20,341 copyAuxStoreThinned                               WARNING AthContainers/src/copyAuxStoreThinned.cxx:138: unlocked decoration UEcorr_Pt (955) in object of type xAOD::MuonAuxContainer_v5
2026-02-12 20:34:20,353 AthMpEvtLoopMgr.SharedEvtQueueConsumer               INFO Received from the queue: event num=353 chunk size=1
2026-02-12 20:34:20,353 AthMpEvtLoopMgr.SharedEvtQueueConsumer               INFO Seek to 353 succeeded
2026-02-12 20:34:21,520 copyAuxStoreThinned                               WARNING AthContainers/src/copyAuxStoreThinned.cxx:138: unlocked decoration UEcorr_Pt (955) in object of type xAOD::ElectronAuxContainer_v3
2026-02-12 20:34:21,521 copyAuxStoreThinned                               WARNING AthContainers/src/copyAuxStoreThinned.cxx:138: unlocked decoration UEcorr_Pt (955) in object of type xAOD::MuonAuxContainer_v5
2026-02-12 20:34:21,534 AthMpEvtLoopMgr.SharedEvtQueueConsumer               INFO Received from the queue: event num=355 chunk size=1
2026-02-12 20:34:21,535 AthMpEvtLoopMgr.SharedEvtQueueConsumer               INFO Seek to 355 succeeded
2026-02-12 20:34:22,649 copyAuxStoreThinned                               WARNING AthContainers/src/copyAuxStoreThinned.cxx:138: unlocked decoration UEcorr_Pt (955) in object of type xAOD::ElectronAuxContainer_v3
2026-02-12 20:34:22,651 copyAuxStoreThinned                               WARNING AthContainers/src/copyAuxStoreThinned.cxx:138: unlocked decoration UEcorr_Pt (955) in object of type xAOD::MuonAuxContainer_v5
2026-02-12 20:34:22,671 AthMpEvtLoopMgr.SharedEvtQueueConsumer               INFO Received from the queue: event num=357 chunk size=1
2026-02-12 20:34:22,672 AthMpEvtLoopMgr.SharedEvtQueueConsumer               INFO Seek to 357 succeeded
2026-02-12 20:34:23,964 copyAuxStoreThinned                               WARNING AthContainers/src/copyAuxStoreThinned.cxx:138: unlocked decoration UEcorr_Pt (955) in object of type xAOD::ElectronAuxContainer_v3
2026-02-12 20:34:23,966 copyAuxStoreThinned                               WARNING AthContainers/src/copyAuxStoreThinned.cxx:138: unlocked decoration UEcorr_Pt (955) in object of type xAOD::MuonAuxContainer_v5
2026-02-12 20:34:23,979 AthMpEvtLoopMgr.SharedEvtQueueConsumer               INFO Received from the queue: event num=359 chunk size=1
2026-02-12 20:34:23,980 AthMpEvtLoopMgr.SharedEvtQueueConsumer               INFO Seek to 359 succeeded
2026-02-12 20:34:25,351 copyAuxStoreThinned                               WARNING AthContainers/src/copyAuxStoreThinned.cxx:138: unlocked decoration UEcorr_Pt (955) in object of type xAOD::ElectronAuxContainer_v3
2026-02-12 20:34:25,353 copyAuxStoreThinned                               WARNING AthContainers/src/copyAuxStoreThinned.cxx:138: unlocked decoration UEcorr_Pt (955) in object of type xAOD::MuonAuxContainer_v5
2026-02-12 20:34:25,368 AthMpEvtLoopMgr.SharedEvtQueueConsumer               INFO Received from the queue: event num=361 chunk size=1
2026-02-12 20:34:25,368 AthMpEvtLoopMgr.SharedEvtQueueConsumer               INFO Seek to 361 succeeded
2026-02-12 20:34:26,711 copyAuxStoreThinned                               WARNING AthContainers/src/copyAuxStoreThinned.cxx:138: unlocked decoration UEcorr_Pt (955) in object of type xAOD::ElectronAuxContainer_v3
2026-02-12 20:34:26,712 copyAuxStoreThinned                               WARNING AthContainers/src/copyAuxStoreThinned.cxx:138: unlocked decoration UEcorr_Pt (955) in object of type xAOD::MuonAuxContainer_v5
2026-02-12 20:34:26,729 AthMpEvtLoopMgr.SharedEvtQueueConsumer               INFO Received from the queue: event num=363 chunk size=1
2026-02-12 20:34:26,729 AthMpEvtLoopMgr.SharedEvtQueueConsumer               INFO Seek to 363 succeeded
2026-02-12 20:34:26,834 PerfMonMTSvc                                         INFO Event [  179] CPU Time: 00h03m33s, Wall Time: 00h04m38s, Vmem: 6.19 GB, Rss: 4.90 GB, Pss: 3.07 GB, Swap: 0.00 KB
2026-02-12 20:34:27,940 copyAuxStoreThinned                               WARNING AthContainers/src/copyAuxStoreThinned.cxx:138: unlocked decoration UEcorr_Pt (955) in object of type xAOD::ElectronAuxContainer_v3
2026-02-12 20:34:27,942 copyAuxStoreThinned                               WARNING AthContainers/src/copyAuxStoreThinned.cxx:138: unlocked decoration UEcorr_Pt (955) in object of type xAOD::MuonAuxContainer_v5
2026-02-12 20:34:27,954 AthMpEvtLoopMgr.SharedEvtQueueConsumer               INFO Received from the queue: event num=365 chunk size=1
2026-02-12 20:34:27,955 AthMpEvtLoopMgr.SharedEvtQueueConsumer               INFO Seek to 365 succeeded
2026-02-12 20:34:29,079 copyAuxStoreThinned                               WARNING AthContainers/src/copyAuxStoreThinned.cxx:138: unlocked decoration UEcorr_Pt (955) in object of type xAOD::ElectronAuxContainer_v3
2026-02-12 20:34:29,081 copyAuxStoreThinned                               WARNING AthContainers/src/copyAuxStoreThinned.cxx:138: unlocked decoration UEcorr_Pt (955) in object of type xAOD::MuonAuxContainer_v5
2026-02-12 20:34:29,093 AthMpEvtLoopMgr.SharedEvtQueueConsumer               INFO Received from the queue: event num=367 chunk size=1
2026-02-12 20:34:29,093 AthMpEvtLoopMgr.SharedEvtQueueConsumer               INFO Seek to 367 succeeded
2026-02-12 20:34:30,032 copyAuxStoreThinned                               WARNING AthContainers/src/copyAuxStoreThinned.cxx:138: unlocked decoration UEcorr_Pt (955) in object of type xAOD::ElectronAuxContainer_v3
2026-02-12 20:34:30,057 AthMpEvtLoopMgr.SharedEvtQueueConsumer               INFO Received from the queue: event num=368 chunk size=1
2026-02-12 20:34:30,058 AthMpEvtLoopMgr.SharedEvtQueueConsumer               INFO Seek to 368 succeeded
2026-02-12 20:34:31,878 copyAuxStoreThinned                               WARNING AthContainers/src/copyAuxStoreThinned.cxx:138: unlocked decoration UEcorr_Pt (955) in object of type xAOD::ElectronAuxContainer_v3
2026-02-12 20:34:31,880 copyAuxStoreThinned                               WARNING AthContainers/src/copyAuxStoreThinned.cxx:138: unlocked decoration UEcorr_Pt (955) in object of type xAOD::MuonAuxContainer_v5
2026-02-12 20:34:31,905 AthMpEvtLoopMgr.SharedEvtQueueConsumer               INFO Received from the queue: event num=371 chunk size=1
2026-02-12 20:34:31,905 AthMpEvtLoopMgr.SharedEvtQueueConsumer               INFO Seek to 371 succeeded
2026-02-12 20:34:33,100 copyAuxStoreThinned                               WARNING AthContainers/src/copyAuxStoreThinned.cxx:138: unlocked decoration UEcorr_Pt (955) in object of type xAOD::ElectronAuxContainer_v3
2026-02-12 20:34:33,101 copyAuxStoreThinned                               WARNING AthContainers/src/copyAuxStoreThinned.cxx:138: unlocked decoration UEcorr_Pt (955) in object of type xAOD::MuonAuxContainer_v5
2026-02-12 20:34:33,113 AthMpEvtLoopMgr.SharedEvtQueueConsumer               INFO Received from the queue: event num=373 chunk size=1
2026-02-12 20:34:33,113 AthMpEvtLoopMgr.SharedEvtQueueConsumer               INFO Seek to 373 succeeded
2026-02-12 20:34:34,341 copyAuxStoreThinned                               WARNING AthContainers/src/copyAuxStoreThinned.cxx:138: unlocked decoration UEcorr_Pt (955) in object of type xAOD::ElectronAuxContainer_v3
2026-02-12 20:34:34,343 copyAuxStoreThinned                               WARNING AthContainers/src/copyAuxStoreThinned.cxx:138: unlocked decoration UEcorr_Pt (955) in object of type xAOD::MuonAuxContainer_v5
2026-02-12 20:34:34,358 AthMpEvtLoopMgr.SharedEvtQueueConsumer               INFO Received from the queue: event num=375 chunk size=1
2026-02-12 20:34:34,359 AthMpEvtLoopMgr.SharedEvtQueueConsumer               INFO Seek to 375 succeeded
2026-02-12 20:34:35,376 copyAuxStoreThinned                               WARNING AthContainers/src/copyAuxStoreThinned.cxx:138: unlocked decoration UEcorr_Pt (955) in object of type xAOD::ElectronAuxContainer_v3
2026-02-12 20:34:35,377 copyAuxStoreThinned                               WARNING AthContainers/src/copyAuxStoreThinned.cxx:138: unlocked decoration UEcorr_Pt (955) in object of type xAOD::MuonAuxContainer_v5
2026-02-12 20:34:35,389 AthMpEvtLoopMgr.SharedEvtQueueConsumer               INFO Received from the queue: event num=377 chunk size=1
2026-02-12 20:34:35,389 AthMpEvtLoopMgr.SharedEvtQueueConsumer               INFO Seek to 377 succeeded
2026-02-12 20:34:36,212 copyAuxStoreThinned                               WARNING AthContainers/src/copyAuxStoreThinned.cxx:138: unlocked decoration UEcorr_Pt (955) in object of type xAOD::ElectronAuxContainer_v3
2026-02-12 20:34:36,214 copyAuxStoreThinned                               WARNING AthContainers/src/copyAuxStoreThinned.cxx:138: unlocked decoration UEcorr_Pt (955) in object of type xAOD::MuonAuxContainer_v5
2026-02-12 20:34:36,226 AthMpEvtLoopMgr.SharedEvtQueueConsumer               INFO Received from the queue: event num=378 chunk size=1
2026-02-12 20:34:36,226 AthMpEvtLoopMgr.SharedEvtQueueConsumer               INFO Seek to 378 succeeded
2026-02-12 20:34:37,286 copyAuxStoreThinned                               WARNING AthContainers/src/copyAuxStoreThinned.cxx:138: unlocked decoration UEcorr_Pt (955) in object of type xAOD::ElectronAuxContainer_v3
2026-02-12 20:34:37,287 copyAuxStoreThinned                               WARNING AthContainers/src/copyAuxStoreThinned.cxx:138: unlocked decoration UEcorr_Pt (955) in object of type xAOD::MuonAuxContainer_v5
2026-02-12 20:34:37,309 AthMpEvtLoopMgr.SharedEvtQueueConsumer               INFO Received from the queue: event num=380 chunk size=1
2026-02-12 20:34:37,310 AthMpEvtLoopMgr.SharedEvtQueueConsumer               INFO Seek to 380 succeeded
2026-02-12 20:34:38,379 copyAuxStoreThinned                               WARNING AthContainers/src/copyAuxStoreThinned.cxx:138: unlocked decoration UEcorr_Pt (955) in object of type xAOD::ElectronAuxContainer_v3
2026-02-12 20:34:38,381 copyAuxStoreThinned                               WARNING AthContainers/src/copyAuxStoreThinned.cxx:138: unlocked decoration UEcorr_Pt (955) in object of type xAOD::MuonAuxContainer_v5
2026-02-12 20:34:38,393 AthMpEvtLoopMgr.SharedEvtQueueConsumer               INFO Received from the queue: event num=381 chunk size=1
2026-02-12 20:34:38,393 AthMpEvtLoopMgr.SharedEvtQueueConsumer               INFO Seek to 381 succeeded
2026-02-12 20:34:39,787 copyAuxStoreThinned                               WARNING AthContainers/src/copyAuxStoreThinned.cxx:138: unlocked decoration UEcorr_Pt (955) in object of type xAOD::ElectronAuxContainer_v3
2026-02-12 20:34:39,814 AthMpEvtLoopMgr.SharedEvtQueueConsumer               INFO Received from the queue: event num=384 chunk size=1
2026-02-12 20:34:39,815 AthMpEvtLoopMgr.SharedEvtQueueConsumer               INFO Seek to 384 succeeded
2026-02-12 20:34:41,309 copyAuxStoreThinned                               WARNING AthContainers/src/copyAuxStoreThinned.cxx:138: unlocked decoration UEcorr_Pt (955) in object of type xAOD::ElectronAuxContainer_v3
2026-02-12 20:34:41,310 copyAuxStoreThinned                               WARNING AthContainers/src/copyAuxStoreThinned.cxx:138: unlocked decoration UEcorr_Pt (955) in object of type xAOD::MuonAuxContainer_v5
2026-02-12 20:34:41,331 AthMpEvtLoopMgr.SharedEvtQueueConsumer               INFO Received from the queue: event num=386 chunk size=1
2026-02-12 20:34:41,331 AthMpEvtLoopMgr.SharedEvtQueueConsumer               INFO Seek to 386 succeeded
2026-02-12 20:34:42,619 copyAuxStoreThinned                               WARNING AthContainers/src/copyAuxStoreThinned.cxx:138: unlocked decoration UEcorr_Pt (955) in object of type xAOD::ElectronAuxContainer_v3
2026-02-12 20:34:42,621 copyAuxStoreThinned                               WARNING AthContainers/src/copyAuxStoreThinned.cxx:138: unlocked decoration UEcorr_Pt (955) in object of type xAOD::MuonAuxContainer_v5
2026-02-12 20:34:42,648 AthMpEvtLoopMgr.SharedEvtQueueConsumer               INFO Received from the queue: event num=388 chunk size=1
2026-02-12 20:34:42,649 AthMpEvtLoopMgr.SharedEvtQueueConsumer               INFO Seek to 388 succeeded
2026-02-12 20:34:43,942 copyAuxStoreThinned                               WARNING AthContainers/src/copyAuxStoreThinned.cxx:138: unlocked decoration UEcorr_Pt (955) in object of type xAOD::ElectronAuxContainer_v3
2026-02-12 20:34:43,944 copyAuxStoreThinned                               WARNING AthContainers/src/copyAuxStoreThinned.cxx:138: unlocked decoration UEcorr_Pt (955) in object of type xAOD::MuonAuxContainer_v5
2026-02-12 20:34:43,961 AthMpEvtLoopMgr.SharedEvtQueueConsumer               INFO Received from the queue: event num=390 chunk size=1
2026-02-12 20:34:43,961 AthMpEvtLoopMgr.SharedEvtQueueConsumer               INFO Seek to 390 succeeded
2026-02-12 20:34:45,139 copyAuxStoreThinned                               WARNING AthContainers/src/copyAuxStoreThinned.cxx:138: unlocked decoration UEcorr_Pt (955) in object of type xAOD::ElectronAuxContainer_v3
2026-02-12 20:34:45,141 copyAuxStoreThinned                               WARNING AthContainers/src/copyAuxStoreThinned.cxx:138: unlocked decoration UEcorr_Pt (955) in object of type xAOD::MuonAuxContainer_v5
2026-02-12 20:34:45,177 AthMpEvtLoopMgr.SharedEvtQueueConsumer               INFO Received from the queue: event num=392 chunk size=1
2026-02-12 20:34:45,178 AthMpEvtLoopMgr.SharedEvtQueueConsumer               INFO Seek to 392 succeeded
2026-02-12 20:34:46,461 copyAuxStoreThinned                               WARNING AthContainers/src/copyAuxStoreThinned.cxx:138: unlocked decoration UEcorr_Pt (955) in object of type xAOD::ElectronAuxContainer_v3
2026-02-12 20:34:46,462 copyAuxStoreThinned                               WARNING AthContainers/src/copyAuxStoreThinned.cxx:138: unlocked decoration UEcorr_Pt (955) in object of type xAOD::MuonAuxContainer_v5
2026-02-12 20:34:46,479 AthMpEvtLoopMgr.SharedEvtQueueConsumer               INFO Received from the queue: event num=393 chunk size=1
2026-02-12 20:34:46,479 AthMpEvtLoopMgr.SharedEvtQueueConsumer               INFO Seek to 393 succeeded
2026-02-12 20:34:47,257 copyAuxStoreThinned                               WARNING AthContainers/src/copyAuxStoreThinned.cxx:138: unlocked decoration UEcorr_Pt (955) in object of type xAOD::ElectronAuxContainer_v3
2026-02-12 20:34:47,258 copyAuxStoreThinned                               WARNING AthContainers/src/copyAuxStoreThinned.cxx:138: unlocked decoration UEcorr_Pt (955) in object of type xAOD::MuonAuxContainer_v5
2026-02-12 20:34:47,270 AthMpEvtLoopMgr.SharedEvtQueueConsumer               INFO Received from the queue: event num=395 chunk size=1
2026-02-12 20:34:47,270 AthMpEvtLoopMgr.SharedEvtQueueConsumer               INFO Seek to 395 succeeded
2026-02-12 20:34:48,724 copyAuxStoreThinned                               WARNING AthContainers/src/copyAuxStoreThinned.cxx:138: unlocked decoration UEcorr_Pt (955) in object of type xAOD::ElectronAuxContainer_v3
2026-02-12 20:34:48,726 copyAuxStoreThinned                               WARNING AthContainers/src/copyAuxStoreThinned.cxx:138: unlocked decoration UEcorr_Pt (955) in object of type xAOD::MuonAuxContainer_v5
2026-02-12 20:34:48,744 AthMpEvtLoopMgr.SharedEvtQueueConsumer               INFO Received from the queue: event num=397 chunk size=1
2026-02-12 20:34:48,744 AthMpEvtLoopMgr.SharedEvtQueueConsumer               INFO Seek to 397 succeeded
2026-02-12 20:34:49,835 copyAuxStoreThinned                               WARNING AthContainers/src/copyAuxStoreThinned.cxx:138: unlocked decoration UEcorr_Pt (955) in object of type xAOD::ElectronAuxContainer_v3
2026-02-12 20:34:49,837 copyAuxStoreThinned                               WARNING AthContainers/src/copyAuxStoreThinned.cxx:138: unlocked decoration UEcorr_Pt (955) in object of type xAOD::MuonAuxContainer_v5
2026-02-12 20:34:49,857 AthMpEvtLoopMgr.SharedEvtQueueConsumer               INFO Received from the queue: event num=399 chunk size=1
2026-02-12 20:34:49,857 AthMpEvtLoopMgr.SharedEvtQueueConsumer               INFO Seek to 399 succeeded
2026-02-12 20:34:51,171 copyAuxStoreThinned                               WARNING AthContainers/src/copyAuxStoreThinned.cxx:138: unlocked decoration UEcorr_Pt (955) in object of type xAOD::ElectronAuxContainer_v3
2026-02-12 20:34:51,173 copyAuxStoreThinned                               WARNING AthContainers/src/copyAuxStoreThinned.cxx:138: unlocked decoration UEcorr_Pt (955) in object of type xAOD::MuonAuxContainer_v5
2026-02-12 20:34:51,188 AthMpEvtLoopMgr.SharedEvtQueueConsumer               INFO Received from the queue: event num=401 chunk size=1
2026-02-12 20:34:51,189 AthMpEvtLoopMgr.SharedEvtQueueConsumer               INFO Seek to 401 succeeded
2026-02-12 20:34:52,571 copyAuxStoreThinned                               WARNING AthContainers/src/copyAuxStoreThinned.cxx:138: unlocked decoration UEcorr_Pt (955) in object of type xAOD::ElectronAuxContainer_v3
2026-02-12 20:34:52,572 copyAuxStoreThinned                               WARNING AthContainers/src/copyAuxStoreThinned.cxx:138: unlocked decoration UEcorr_Pt (955) in object of type xAOD::MuonAuxContainer_v5
2026-02-12 20:34:52,588 AthMpEvtLoopMgr.SharedEvtQueueConsumer               INFO Received from the queue: event num=404 chunk size=1
2026-02-12 20:34:52,589 AthMpEvtLoopMgr.SharedEvtQueueConsumer               INFO Seek to 404 succeeded
2026-02-12 20:34:53,526 copyAuxStoreThinned                               WARNING AthContainers/src/copyAuxStoreThinned.cxx:138: unlocked decoration UEcorr_Pt (955) in object of type xAOD::ElectronAuxContainer_v3
2026-02-12 20:34:53,527 copyAuxStoreThinned                               WARNING AthContainers/src/copyAuxStoreThinned.cxx:138: unlocked decoration UEcorr_Pt (955) in object of type xAOD::MuonAuxContainer_v5
2026-02-12 20:34:53,539 AthMpEvtLoopMgr.SharedEvtQueueConsumer               INFO Received from the queue: event num=405 chunk size=1
2026-02-12 20:34:53,539 AthMpEvtLoopMgr.SharedEvtQueueConsumer               INFO Seek to 405 succeeded
2026-02-12 20:34:53,540 AthenaEventLoopMgr                                   INFO   ===>>>  start processing event #334732415, run #450000 200 events processed so far  <<<===
2026-02-12 20:34:54,750 copyAuxStoreThinned                               WARNING AthContainers/src/copyAuxStoreThinned.cxx:138: unlocked decoration UEcorr_Pt (955) in object of type xAOD::ElectronAuxContainer_v3
2026-02-12 20:34:54,752 copyAuxStoreThinned                               WARNING AthContainers/src/copyAuxStoreThinned.cxx:138: unlocked decoration UEcorr_Pt (955) in object of type xAOD::MuonAuxContainer_v5
2026-02-12 20:34:54,762 AthenaEventLoopMgr                                   INFO   ===>>>  done processing event #334732415, run #450000 201 events processed so far  <<<===
2026-02-12 20:34:54,776 AthMpEvtLoopMgr.SharedEvtQueueConsumer               INFO Received from the queue: event num=408 chunk size=1
2026-02-12 20:34:54,776 AthMpEvtLoopMgr.SharedEvtQueueConsumer               INFO Seek to 408 succeeded
2026-02-12 20:34:56,260 copyAuxStoreThinned                               WARNING AthContainers/src/copyAuxStoreThinned.cxx:138: unlocked decoration UEcorr_Pt (955) in object of type xAOD::ElectronAuxContainer_v3
2026-02-12 20:34:56,261 copyAuxStoreThinned                               WARNING AthContainers/src/copyAuxStoreThinned.cxx:138: unlocked decoration UEcorr_Pt (955) in object of type xAOD::MuonAuxContainer_v5
2026-02-12 20:34:56,287 AthMpEvtLoopMgr.SharedEvtQueueConsumer               INFO Received from the queue: event num=410 chunk size=1
2026-02-12 20:34:56,287 AthMpEvtLoopMgr.SharedEvtQueueConsumer               INFO Seek to 410 succeeded
2026-02-12 20:34:57,686 copyAuxStoreThinned                               WARNING AthContainers/src/copyAuxStoreThinned.cxx:138: unlocked decoration UEcorr_Pt (955) in object of type xAOD::ElectronAuxContainer_v3
2026-02-12 20:34:57,687 copyAuxStoreThinned                               WARNING AthContainers/src/copyAuxStoreThinned.cxx:138: unlocked decoration UEcorr_Pt (955) in object of type xAOD::MuonAuxContainer_v5
2026-02-12 20:34:57,703 AthMpEvtLoopMgr.SharedEvtQueueConsumer               INFO Received from the queue: event num=412 chunk size=1
2026-02-12 20:34:57,703 AthMpEvtLoopMgr.SharedEvtQueueConsumer               INFO Seek to 412 succeeded
2026-02-12 20:34:57,811 PerfMonMTSvc                                         INFO Event [  204] CPU Time: 00h04m04s, Wall Time: 00h05m09s, Vmem: 6.19 GB, Rss: 4.90 GB, Pss: 3.07 GB, Swap: 0.00 KB
2026-02-12 20:34:59,124 copyAuxStoreThinned                               WARNING AthContainers/src/copyAuxStoreThinned.cxx:138: unlocked decoration UEcorr_Pt (955) in object of type xAOD::ElectronAuxContainer_v3
2026-02-12 20:34:59,125 copyAuxStoreThinned                               WARNING AthContainers/src/copyAuxStoreThinned.cxx:138: unlocked decoration UEcorr_Pt (955) in object of type xAOD::MuonAuxContainer_v5
2026-02-12 20:34:59,144 AthMpEvtLoopMgr.SharedEvtQueueConsumer               INFO Received from the queue: event num=414 chunk size=1
2026-02-12 20:34:59,145 AthMpEvtLoopMgr.SharedEvtQueueConsumer               INFO Seek to 414 succeeded
2026-02-12 20:35:00,045 copyAuxStoreThinned                               WARNING AthContainers/src/copyAuxStoreThinned.cxx:138: unlocked decoration UEcorr_Pt (955) in object of type xAOD::ElectronAuxContainer_v3
2026-02-12 20:35:00,047 copyAuxStoreThinned                               WARNING AthContainers/src/copyAuxStoreThinned.cxx:138: unlocked decoration UEcorr_Pt (955) in object of type xAOD::MuonAuxContainer_v5
2026-02-12 20:35:00,058 AthMpEvtLoopMgr.SharedEvtQueueConsumer               INFO Received from the queue: event num=416 chunk size=1
2026-02-12 20:35:00,058 AthMpEvtLoopMgr.SharedEvtQueueConsumer               INFO Seek to 416 succeeded
2026-02-12 20:35:00,976 copyAuxStoreThinned                               WARNING AthContainers/src/copyAuxStoreThinned.cxx:138: unlocked decoration UEcorr_Pt (955) in object of type xAOD::ElectronAuxContainer_v3
2026-02-12 20:35:00,998 AthMpEvtLoopMgr.SharedEvtQueueConsumer               INFO Received from the queue: event num=418 chunk size=1
2026-02-12 20:35:00,999 AthMpEvtLoopMgr.SharedEvtQueueConsumer               INFO Seek to 418 succeeded
2026-02-12 20:35:02,100 copyAuxStoreThinned                               WARNING AthContainers/src/copyAuxStoreThinned.cxx:138: unlocked decoration UEcorr_Pt (955) in object of type xAOD::ElectronAuxContainer_v3
2026-02-12 20:35:02,101 copyAuxStoreThinned                               WARNING AthContainers/src/copyAuxStoreThinned.cxx:138: unlocked decoration UEcorr_Pt (955) in object of type xAOD::MuonAuxContainer_v5
2026-02-12 20:35:02,115 AthMpEvtLoopMgr.SharedEvtQueueConsumer               INFO Received from the queue: event num=419 chunk size=1
2026-02-12 20:35:02,116 AthMpEvtLoopMgr.SharedEvtQueueConsumer               INFO Seek to 419 succeeded
2026-02-12 20:35:03,117 copyAuxStoreThinned                               WARNING AthContainers/src/copyAuxStoreThinned.cxx:138: unlocked decoration UEcorr_Pt (955) in object of type xAOD::ElectronAuxContainer_v3
2026-02-12 20:35:03,118 copyAuxStoreThinned                               WARNING AthContainers/src/copyAuxStoreThinned.cxx:138: unlocked decoration UEcorr_Pt (955) in object of type xAOD::MuonAuxContainer_v5
2026-02-12 20:35:03,138 AthMpEvtLoopMgr.SharedEvtQueueConsumer               INFO Received from the queue: event num=421 chunk size=1
2026-02-12 20:35:03,138 AthMpEvtLoopMgr.SharedEvtQueueConsumer               INFO Seek to 421 succeeded
2026-02-12 20:35:04,235 copyAuxStoreThinned                               WARNING AthContainers/src/copyAuxStoreThinned.cxx:138: unlocked decoration UEcorr_Pt (955) in object of type xAOD::ElectronAuxContainer_v3
2026-02-12 20:35:04,237 copyAuxStoreThinned                               WARNING AthContainers/src/copyAuxStoreThinned.cxx:138: unlocked decoration UEcorr_Pt (955) in object of type xAOD::MuonAuxContainer_v5
2026-02-12 20:35:04,253 AthMpEvtLoopMgr.SharedEvtQueueConsumer               INFO Received from the queue: event num=423 chunk size=1
2026-02-12 20:35:04,254 AthMpEvtLoopMgr.SharedEvtQueueConsumer               INFO Seek to 423 succeeded
2026-02-12 20:35:05,648 copyAuxStoreThinned                               WARNING AthContainers/src/copyAuxStoreThinned.cxx:138: unlocked decoration UEcorr_Pt (955) in object of type xAOD::ElectronAuxContainer_v3
2026-02-12 20:35:05,650 copyAuxStoreThinned                               WARNING AthContainers/src/copyAuxStoreThinned.cxx:138: unlocked decoration UEcorr_Pt (955) in object of type xAOD::MuonAuxContainer_v5
2026-02-12 20:35:05,682 AthMpEvtLoopMgr.SharedEvtQueueConsumer               INFO Received from the queue: event num=425 chunk size=1
2026-02-12 20:35:05,682 AthMpEvtLoopMgr.SharedEvtQueueConsumer               INFO Seek to 425 succeeded
2026-02-12 20:35:06,587 copyAuxStoreThinned                               WARNING AthContainers/src/copyAuxStoreThinned.cxx:138: unlocked decoration UEcorr_Pt (955) in object of type xAOD::ElectronAuxContainer_v3
2026-02-12 20:35:06,588 copyAuxStoreThinned                               WARNING AthContainers/src/copyAuxStoreThinned.cxx:138: unlocked decoration UEcorr_Pt (955) in object of type xAOD::MuonAuxContainer_v5
2026-02-12 20:35:06,604 AthMpEvtLoopMgr.SharedEvtQueueConsumer               INFO Received from the queue: event num=426 chunk size=1
2026-02-12 20:35:06,604 AthMpEvtLoopMgr.SharedEvtQueueConsumer               INFO Seek to 426 succeeded
2026-02-12 20:35:08,156 copyAuxStoreThinned                               WARNING AthContainers/src/copyAuxStoreThinned.cxx:138: unlocked decoration UEcorr_Pt (955) in object of type xAOD::ElectronAuxContainer_v3
2026-02-12 20:35:08,158 copyAuxStoreThinned                               WARNING AthContainers/src/copyAuxStoreThinned.cxx:138: unlocked decoration UEcorr_Pt (955) in object of type xAOD::MuonAuxContainer_v5
2026-02-12 20:35:08,171 AthMpEvtLoopMgr.SharedEvtQueueConsumer               INFO Received from the queue: event num=429 chunk size=1
2026-02-12 20:35:08,172 AthMpEvtLoopMgr.SharedEvtQueueConsumer               INFO Seek to 429 succeeded
2026-02-12 20:35:09,379 copyAuxStoreThinned                               WARNING AthContainers/src/copyAuxStoreThinned.cxx:138: unlocked decoration UEcorr_Pt (955) in object of type xAOD::ElectronAuxContainer_v3
2026-02-12 20:35:09,381 copyAuxStoreThinned                               WARNING AthContainers/src/copyAuxStoreThinned.cxx:138: unlocked decoration UEcorr_Pt (955) in object of type xAOD::MuonAuxContainer_v5
2026-02-12 20:35:09,403 AthMpEvtLoopMgr.SharedEvtQueueConsumer               INFO Received from the queue: event num=431 chunk size=1
2026-02-12 20:35:09,404 AthMpEvtLoopMgr.SharedEvtQueueConsumer               INFO Seek to 431 succeeded
2026-02-12 20:35:11,005 copyAuxStoreThinned                               WARNING AthContainers/src/copyAuxStoreThinned.cxx:138: unlocked decoration UEcorr_Pt (955) in object of type xAOD::ElectronAuxContainer_v3
2026-02-12 20:35:11,007 copyAuxStoreThinned                               WARNING AthContainers/src/copyAuxStoreThinned.cxx:138: unlocked decoration UEcorr_Pt (955) in object of type xAOD::MuonAuxContainer_v5
2026-02-12 20:35:11,023 AthMpEvtLoopMgr.SharedEvtQueueConsumer               INFO Received from the queue: event num=433 chunk size=1
2026-02-12 20:35:11,024 AthMpEvtLoopMgr.SharedEvtQueueConsumer               INFO Seek to 433 succeeded
2026-02-12 20:35:13,004 copyAuxStoreThinned                               WARNING AthContainers/src/copyAuxStoreThinned.cxx:138: unlocked decoration UEcorr_Pt (955) in object of type xAOD::ElectronAuxContainer_v3
2026-02-12 20:35:13,006 copyAuxStoreThinned                               WARNING AthContainers/src/copyAuxStoreThinned.cxx:138: unlocked decoration UEcorr_Pt (955) in object of type xAOD::MuonAuxContainer_v5
2026-02-12 20:35:13,032 AthMpEvtLoopMgr.SharedEvtQueueConsumer               INFO Received from the queue: event num=436 chunk size=1
2026-02-12 20:35:13,033 AthMpEvtLoopMgr.SharedEvtQueueConsumer               INFO Seek to 436 succeeded
2026-02-12 20:35:14,166 copyAuxStoreThinned                               WARNING AthContainers/src/copyAuxStoreThinned.cxx:138: unlocked decoration UEcorr_Pt (955) in object of type xAOD::ElectronAuxContainer_v3
2026-02-12 20:35:14,167 copyAuxStoreThinned                               WARNING AthContainers/src/copyAuxStoreThinned.cxx:138: unlocked decoration UEcorr_Pt (955) in object of type xAOD::MuonAuxContainer_v5
2026-02-12 20:35:14,199 AthMpEvtLoopMgr.SharedEvtQueueConsumer               INFO Received from the queue: event num=438 chunk size=1
2026-02-12 20:35:14,199 AthMpEvtLoopMgr.SharedEvtQueueConsumer               INFO Seek to 438 succeeded
2026-02-12 20:35:16,131 copyAuxStoreThinned                               WARNING AthContainers/src/copyAuxStoreThinned.cxx:138: unlocked decoration UEcorr_Pt (955) in object of type xAOD::ElectronAuxContainer_v3
2026-02-12 20:35:16,133 copyAuxStoreThinned                               WARNING AthContainers/src/copyAuxStoreThinned.cxx:138: unlocked decoration UEcorr_Pt (955) in object of type xAOD::MuonAuxContainer_v5
2026-02-12 20:35:16,157 AthMpEvtLoopMgr.SharedEvtQueueConsumer               INFO Received from the queue: event num=440 chunk size=1
2026-02-12 20:35:16,157 AthMpEvtLoopMgr.SharedEvtQueueConsumer               INFO Seek to 440 succeeded
2026-02-12 20:35:17,413 copyAuxStoreThinned                               WARNING AthContainers/src/copyAuxStoreThinned.cxx:138: unlocked decoration UEcorr_Pt (955) in object of type xAOD::ElectronAuxContainer_v3
2026-02-12 20:35:17,415 copyAuxStoreThinned                               WARNING AthContainers/src/copyAuxStoreThinned.cxx:138: unlocked decoration UEcorr_Pt (955) in object of type xAOD::MuonAuxContainer_v5
2026-02-12 20:35:17,438 AthMpEvtLoopMgr.SharedEvtQueueConsumer               INFO Received from the queue: event num=442 chunk size=1
2026-02-12 20:35:17,439 AthMpEvtLoopMgr.SharedEvtQueueConsumer               INFO Seek to 442 succeeded
2026-02-12 20:35:18,300 copyAuxStoreThinned                               WARNING AthContainers/src/copyAuxStoreThinned.cxx:138: unlocked decoration UEcorr_Pt (955) in object of type xAOD::ElectronAuxContainer_v3
2026-02-12 20:35:18,302 copyAuxStoreThinned                               WARNING AthContainers/src/copyAuxStoreThinned.cxx:138: unlocked decoration UEcorr_Pt (955) in object of type xAOD::MuonAuxContainer_v5
2026-02-12 20:35:18,319 AthMpEvtLoopMgr.SharedEvtQueueConsumer               INFO Received from the queue: event num=444 chunk size=1
2026-02-12 20:35:18,319 AthMpEvtLoopMgr.SharedEvtQueueConsumer               INFO Seek to 444 succeeded
2026-02-12 20:35:19,243 copyAuxStoreThinned                               WARNING AthContainers/src/copyAuxStoreThinned.cxx:138: unlocked decoration UEcorr_Pt (955) in object of type xAOD::ElectronAuxContainer_v3
2026-02-12 20:35:19,257 AthMpEvtLoopMgr.SharedEvtQueueConsumer               INFO Received from the queue: event num=446 chunk size=1
2026-02-12 20:35:19,258 AthMpEvtLoopMgr.SharedEvtQueueConsumer               INFO Seek to 446 succeeded
2026-02-12 20:35:20,438 copyAuxStoreThinned                               WARNING AthContainers/src/copyAuxStoreThinned.cxx:138: unlocked decoration UEcorr_Pt (955) in object of type xAOD::ElectronAuxContainer_v3
2026-02-12 20:35:20,439 copyAuxStoreThinned                               WARNING AthContainers/src/copyAuxStoreThinned.cxx:138: unlocked decoration UEcorr_Pt (955) in object of type xAOD::MuonAuxContainer_v5
2026-02-12 20:35:20,458 AthMpEvtLoopMgr.SharedEvtQueueConsumer               INFO Received from the queue: event num=448 chunk size=1
2026-02-12 20:35:20,458 AthMpEvtLoopMgr.SharedEvtQueueConsumer               INFO Seek to 448 succeeded
2026-02-12 20:35:21,674 copyAuxStoreThinned                               WARNING AthContainers/src/copyAuxStoreThinned.cxx:138: unlocked decoration UEcorr_Pt (955) in object of type xAOD::ElectronAuxContainer_v3
2026-02-12 20:35:21,675 copyAuxStoreThinned                               WARNING AthContainers/src/copyAuxStoreThinned.cxx:138: unlocked decoration UEcorr_Pt (955) in object of type xAOD::MuonAuxContainer_v5
2026-02-12 20:35:21,694 AthMpEvtLoopMgr.SharedEvtQueueConsumer               INFO Received from the queue: event num=450 chunk size=1
2026-02-12 20:35:21,694 AthMpEvtLoopMgr.SharedEvtQueueConsumer               INFO Seek to 450 succeeded
2026-02-12 20:35:22,775 copyAuxStoreThinned                               WARNING AthContainers/src/copyAuxStoreThinned.cxx:138: unlocked decoration UEcorr_Pt (955) in object of type xAOD::ElectronAuxContainer_v3
2026-02-12 20:35:22,776 copyAuxStoreThinned                               WARNING AthContainers/src/copyAuxStoreThinned.cxx:138: unlocked decoration UEcorr_Pt (955) in object of type xAOD::MuonAuxContainer_v5
2026-02-12 20:35:22,789 AthMpEvtLoopMgr.SharedEvtQueueConsumer               INFO Received from the queue: event num=452 chunk size=1
2026-02-12 20:35:22,789 AthMpEvtLoopMgr.SharedEvtQueueConsumer               INFO Seek to 452 succeeded
2026-02-12 20:35:23,718 copyAuxStoreThinned                               WARNING AthContainers/src/copyAuxStoreThinned.cxx:138: unlocked decoration UEcorr_Pt (955) in object of type xAOD::ElectronAuxContainer_v3
2026-02-12 20:35:23,719 copyAuxStoreThinned                               WARNING AthContainers/src/copyAuxStoreThinned.cxx:138: unlocked decoration UEcorr_Pt (955) in object of type xAOD::MuonAuxContainer_v5
2026-02-12 20:35:23,740 AthMpEvtLoopMgr.SharedEvtQueueConsumer               INFO Received from the queue: event num=454 chunk size=1
2026-02-12 20:35:23,740 AthMpEvtLoopMgr.SharedEvtQueueConsumer               INFO Seek to 454 succeeded
2026-02-12 20:35:24,790 copyAuxStoreThinned                               WARNING AthContainers/src/copyAuxStoreThinned.cxx:138: unlocked decoration UEcorr_Pt (955) in object of type xAOD::ElectronAuxContainer_v3
2026-02-12 20:35:24,791 copyAuxStoreThinned                               WARNING AthContainers/src/copyAuxStoreThinned.cxx:138: unlocked decoration UEcorr_Pt (955) in object of type xAOD::MuonAuxContainer_v5
2026-02-12 20:35:24,803 AthMpEvtLoopMgr.SharedEvtQueueConsumer               INFO Received from the queue: event num=456 chunk size=1
2026-02-12 20:35:24,804 AthMpEvtLoopMgr.SharedEvtQueueConsumer               INFO Seek to 456 succeeded
2026-02-12 20:35:25,930 copyAuxStoreThinned                               WARNING AthContainers/src/copyAuxStoreThinned.cxx:138: unlocked decoration UEcorr_Pt (955) in object of type xAOD::ElectronAuxContainer_v3
2026-02-12 20:35:25,932 copyAuxStoreThinned                               WARNING AthContainers/src/copyAuxStoreThinned.cxx:138: unlocked decoration UEcorr_Pt (955) in object of type xAOD::MuonAuxContainer_v5
2026-02-12 20:35:25,945 AthMpEvtLoopMgr.SharedEvtQueueConsumer               INFO Received from the queue: event num=457 chunk size=1
2026-02-12 20:35:25,945 AthMpEvtLoopMgr.SharedEvtQueueConsumer               INFO Seek to 457 succeeded
2026-02-12 20:35:27,478 copyAuxStoreThinned                               WARNING AthContainers/src/copyAuxStoreThinned.cxx:138: unlocked decoration UEcorr_Pt (955) in object of type xAOD::ElectronAuxContainer_v3
2026-02-12 20:35:27,480 copyAuxStoreThinned                               WARNING AthContainers/src/copyAuxStoreThinned.cxx:138: unlocked decoration UEcorr_Pt (955) in object of type xAOD::MuonAuxContainer_v5
2026-02-12 20:35:27,497 AthMpEvtLoopMgr.SharedEvtQueueConsumer               INFO Received from the queue: event num=458 chunk size=1
2026-02-12 20:35:27,497 AthMpEvtLoopMgr.SharedEvtQueueConsumer               INFO Seek to 458 succeeded
2026-02-12 20:35:28,989 copyAuxStoreThinned                               WARNING AthContainers/src/copyAuxStoreThinned.cxx:138: unlocked decoration UEcorr_Pt (955) in object of type xAOD::ElectronAuxContainer_v3
2026-02-12 20:35:28,991 copyAuxStoreThinned                               WARNING AthContainers/src/copyAuxStoreThinned.cxx:138: unlocked decoration UEcorr_Pt (955) in object of type xAOD::MuonAuxContainer_v5
2026-02-12 20:35:29,011 AthMpEvtLoopMgr.SharedEvtQueueConsumer               INFO Received from the queue: event num=460 chunk size=1
2026-02-12 20:35:29,012 AthMpEvtLoopMgr.SharedEvtQueueConsumer               INFO Seek to 460 succeeded
2026-02-12 20:35:29,117 PerfMonMTSvc                                         INFO Event [  229] CPU Time: 00h04m35s, Wall Time: 00h05m40s, Vmem: 6.19 GB, Rss: 4.90 GB, Pss: 3.07 GB, Swap: 0.00 KB
2026-02-12 20:35:30,094 copyAuxStoreThinned                               WARNING AthContainers/src/copyAuxStoreThinned.cxx:138: unlocked decoration UEcorr_Pt (955) in object of type xAOD::ElectronAuxContainer_v3
2026-02-12 20:35:30,096 copyAuxStoreThinned                               WARNING AthContainers/src/copyAuxStoreThinned.cxx:138: unlocked decoration UEcorr_Pt (955) in object of type xAOD::MuonAuxContainer_v5
2026-02-12 20:35:30,110 AthMpEvtLoopMgr.SharedEvtQueueConsumer               INFO Received from the queue: event num=462 chunk size=1
2026-02-12 20:35:30,110 AthMpEvtLoopMgr.SharedEvtQueueConsumer               INFO Seek to 462 succeeded
2026-02-12 20:35:31,178 copyAuxStoreThinned                               WARNING AthContainers/src/copyAuxStoreThinned.cxx:138: unlocked decoration UEcorr_Pt (955) in object of type xAOD::ElectronAuxContainer_v3
2026-02-12 20:35:31,180 copyAuxStoreThinned                               WARNING AthContainers/src/copyAuxStoreThinned.cxx:138: unlocked decoration UEcorr_Pt (955) in object of type xAOD::MuonAuxContainer_v5
2026-02-12 20:35:31,201 AthMpEvtLoopMgr.SharedEvtQueueConsumer               INFO Received from the queue: event num=463 chunk size=1
2026-02-12 20:35:31,202 AthMpEvtLoopMgr.SharedEvtQueueConsumer               INFO Seek to 463 succeeded
2026-02-12 20:35:32,395 copyAuxStoreThinned                               WARNING AthContainers/src/copyAuxStoreThinned.cxx:138: unlocked decoration UEcorr_Pt (955) in object of type xAOD::ElectronAuxContainer_v3
2026-02-12 20:35:32,423 AthMpEvtLoopMgr.SharedEvtQueueConsumer               INFO Received from the queue: event num=465 chunk size=1
2026-02-12 20:35:32,423 AthMpEvtLoopMgr.SharedEvtQueueConsumer               INFO Seek to 465 succeeded
2026-02-12 20:35:33,148 copyAuxStoreThinned                               WARNING AthContainers/src/copyAuxStoreThinned.cxx:138: unlocked decoration UEcorr_Pt (955) in object of type xAOD::ElectronAuxContainer_v3
2026-02-12 20:35:33,149 copyAuxStoreThinned                               WARNING AthContainers/src/copyAuxStoreThinned.cxx:138: unlocked decoration UEcorr_Pt (955) in object of type xAOD::MuonAuxContainer_v5
2026-02-12 20:35:33,170 AthMpEvtLoopMgr.SharedEvtQueueConsumer               INFO Received from the queue: event num=466 chunk size=1
2026-02-12 20:35:33,171 AthMpEvtLoopMgr.SharedEvtQueueConsumer               INFO Seek to 466 succeeded
2026-02-12 20:35:34,034 copyAuxStoreThinned                               WARNING AthContainers/src/copyAuxStoreThinned.cxx:138: unlocked decoration UEcorr_Pt (955) in object of type xAOD::ElectronAuxContainer_v3
2026-02-12 20:35:34,036 copyAuxStoreThinned                               WARNING AthContainers/src/copyAuxStoreThinned.cxx:138: unlocked decoration UEcorr_Pt (955) in object of type xAOD::MuonAuxContainer_v5
2026-02-12 20:35:34,052 AthMpEvtLoopMgr.SharedEvtQueueConsumer               INFO Received from the queue: event num=468 chunk size=1
2026-02-12 20:35:34,053 AthMpEvtLoopMgr.SharedEvtQueueConsumer               INFO Seek to 468 succeeded
2026-02-12 20:35:35,417 copyAuxStoreThinned                               WARNING AthContainers/src/copyAuxStoreThinned.cxx:138: unlocked decoration UEcorr_Pt (955) in object of type xAOD::ElectronAuxContainer_v3
2026-02-12 20:35:35,419 copyAuxStoreThinned                               WARNING AthContainers/src/copyAuxStoreThinned.cxx:138: unlocked decoration UEcorr_Pt (955) in object of type xAOD::MuonAuxContainer_v5
2026-02-12 20:35:35,446 AthMpEvtLoopMgr.SharedEvtQueueConsumer               INFO Received from the queue: event num=470 chunk size=1
2026-02-12 20:35:35,446 AthMpEvtLoopMgr.SharedEvtQueueConsumer               INFO Seek to 470 succeeded
2026-02-12 20:35:36,465 copyAuxStoreThinned                               WARNING AthContainers/src/copyAuxStoreThinned.cxx:138: unlocked decoration UEcorr_Pt (955) in object of type xAOD::ElectronAuxContainer_v3
2026-02-12 20:35:36,467 copyAuxStoreThinned                               WARNING AthContainers/src/copyAuxStoreThinned.cxx:138: unlocked decoration UEcorr_Pt (955) in object of type xAOD::MuonAuxContainer_v5
2026-02-12 20:35:36,479 AthMpEvtLoopMgr.SharedEvtQueueConsumer               INFO Received from the queue: event num=472 chunk size=1
2026-02-12 20:35:36,480 AthMpEvtLoopMgr.SharedEvtQueueConsumer               INFO Seek to 472 succeeded
2026-02-12 20:35:37,908 copyAuxStoreThinned                               WARNING AthContainers/src/copyAuxStoreThinned.cxx:138: unlocked decoration UEcorr_Pt (955) in object of type xAOD::ElectronAuxContainer_v3
2026-02-12 20:35:37,933 AthMpEvtLoopMgr.SharedEvtQueueConsumer               INFO Received from the queue: event num=474 chunk size=1
2026-02-12 20:35:37,934 AthMpEvtLoopMgr.SharedEvtQueueConsumer               INFO Seek to 474 succeeded
2026-02-12 20:35:39,115 copyAuxStoreThinned                               WARNING AthContainers/src/copyAuxStoreThinned.cxx:138: unlocked decoration UEcorr_Pt (955) in object of type xAOD::ElectronAuxContainer_v3
2026-02-12 20:35:39,116 copyAuxStoreThinned                               WARNING AthContainers/src/copyAuxStoreThinned.cxx:138: unlocked decoration UEcorr_Pt (955) in object of type xAOD::MuonAuxContainer_v5
2026-02-12 20:35:39,137 AthMpEvtLoopMgr.SharedEvtQueueConsumer               INFO Received from the queue: event num=476 chunk size=1
2026-02-12 20:35:39,138 AthMpEvtLoopMgr.SharedEvtQueueConsumer               INFO Seek to 476 succeeded
2026-02-12 20:35:40,468 copyAuxStoreThinned                               WARNING AthContainers/src/copyAuxStoreThinned.cxx:138: unlocked decoration UEcorr_Pt (955) in object of type xAOD::ElectronAuxContainer_v3
2026-02-12 20:35:40,469 copyAuxStoreThinned                               WARNING AthContainers/src/copyAuxStoreThinned.cxx:138: unlocked decoration UEcorr_Pt (955) in object of type xAOD::MuonAuxContainer_v5
2026-02-12 20:35:40,484 AthMpEvtLoopMgr.SharedEvtQueueConsumer               INFO Received from the queue: event num=479 chunk size=1
2026-02-12 20:35:40,484 AthMpEvtLoopMgr.SharedEvtQueueConsumer               INFO Seek to 479 succeeded
2026-02-12 20:35:41,533 copyAuxStoreThinned                               WARNING AthContainers/src/copyAuxStoreThinned.cxx:138: unlocked decoration UEcorr_Pt (955) in object of type xAOD::ElectronAuxContainer_v3
2026-02-12 20:35:41,535 copyAuxStoreThinned                               WARNING AthContainers/src/copyAuxStoreThinned.cxx:138: unlocked decoration UEcorr_Pt (955) in object of type xAOD::MuonAuxContainer_v5
2026-02-12 20:35:41,548 AthMpEvtLoopMgr.SharedEvtQueueConsumer               INFO Received from the queue: event num=480 chunk size=1
2026-02-12 20:35:41,549 AthMpEvtLoopMgr.SharedEvtQueueConsumer               INFO Seek to 480 succeeded
2026-02-12 20:35:42,832 copyAuxStoreThinned                               WARNING AthContainers/src/copyAuxStoreThinned.cxx:138: unlocked decoration UEcorr_Pt (955) in object of type xAOD::ElectronAuxContainer_v3
2026-02-12 20:35:42,833 copyAuxStoreThinned                               WARNING AthContainers/src/copyAuxStoreThinned.cxx:138: unlocked decoration UEcorr_Pt (955) in object of type xAOD::MuonAuxContainer_v5
2026-02-12 20:35:42,849 AthMpEvtLoopMgr.SharedEvtQueueConsumer               INFO Received from the queue: event num=483 chunk size=1
2026-02-12 20:35:42,849 AthMpEvtLoopMgr.SharedEvtQueueConsumer               INFO Seek to 483 succeeded
2026-02-12 20:35:43,748 copyAuxStoreThinned                               WARNING AthContainers/src/copyAuxStoreThinned.cxx:138: unlocked decoration UEcorr_Pt (955) in object of type xAOD::ElectronAuxContainer_v3
2026-02-12 20:35:43,750 copyAuxStoreThinned                               WARNING AthContainers/src/copyAuxStoreThinned.cxx:138: unlocked decoration UEcorr_Pt (955) in object of type xAOD::MuonAuxContainer_v5
2026-02-12 20:35:43,762 AthMpEvtLoopMgr.SharedEvtQueueConsumer               INFO Received from the queue: event num=484 chunk size=1
2026-02-12 20:35:43,762 AthMpEvtLoopMgr.SharedEvtQueueConsumer               INFO Seek to 484 succeeded
2026-02-12 20:35:44,957 copyAuxStoreThinned                               WARNING AthContainers/src/copyAuxStoreThinned.cxx:138: unlocked decoration UEcorr_Pt (955) in object of type xAOD::ElectronAuxContainer_v3
2026-02-12 20:35:44,959 copyAuxStoreThinned                               WARNING AthContainers/src/copyAuxStoreThinned.cxx:138: unlocked decoration UEcorr_Pt (955) in object of type xAOD::MuonAuxContainer_v5
2026-02-12 20:35:44,981 AthMpEvtLoopMgr.SharedEvtQueueConsumer               INFO Received from the queue: event num=486 chunk size=1
2026-02-12 20:35:44,982 AthMpEvtLoopMgr.SharedEvtQueueConsumer               INFO Seek to 486 succeeded
2026-02-12 20:35:46,318 copyAuxStoreThinned                               WARNING AthContainers/src/copyAuxStoreThinned.cxx:138: unlocked decoration UEcorr_Pt (955) in object of type xAOD::ElectronAuxContainer_v3
2026-02-12 20:35:46,320 copyAuxStoreThinned                               WARNING AthContainers/src/copyAuxStoreThinned.cxx:138: unlocked decoration UEcorr_Pt (955) in object of type xAOD::MuonAuxContainer_v5
2026-02-12 20:35:46,341 AthMpEvtLoopMgr.SharedEvtQueueConsumer               INFO Received from the queue: event num=488 chunk size=1
2026-02-12 20:35:46,341 AthMpEvtLoopMgr.SharedEvtQueueConsumer               INFO Seek to 488 succeeded
2026-02-12 20:35:47,146 copyAuxStoreThinned                               WARNING AthContainers/src/copyAuxStoreThinned.cxx:138: unlocked decoration UEcorr_Pt (955) in object of type xAOD::ElectronAuxContainer_v3
2026-02-12 20:35:47,147 copyAuxStoreThinned                               WARNING AthContainers/src/copyAuxStoreThinned.cxx:138: unlocked decoration UEcorr_Pt (955) in object of type xAOD::MuonAuxContainer_v5
2026-02-12 20:35:47,159 AthMpEvtLoopMgr.SharedEvtQueueConsumer               INFO Received from the queue: event num=490 chunk size=1
2026-02-12 20:35:47,160 AthMpEvtLoopMgr.SharedEvtQueueConsumer               INFO Seek to 490 succeeded
2026-02-12 20:35:48,560 copyAuxStoreThinned                               WARNING AthContainers/src/copyAuxStoreThinned.cxx:138: unlocked decoration UEcorr_Pt (955) in object of type xAOD::ElectronAuxContainer_v3
2026-02-12 20:35:48,561 copyAuxStoreThinned                               WARNING AthContainers/src/copyAuxStoreThinned.cxx:138: unlocked decoration UEcorr_Pt (955) in object of type xAOD::MuonAuxContainer_v5
2026-02-12 20:35:48,577 AthMpEvtLoopMgr.SharedEvtQueueConsumer               INFO Received from the queue: event num=492 chunk size=1
2026-02-12 20:35:48,577 AthMpEvtLoopMgr.SharedEvtQueueConsumer               INFO Seek to 492 succeeded
2026-02-12 20:35:49,992 copyAuxStoreThinned                               WARNING AthContainers/src/copyAuxStoreThinned.cxx:138: unlocked decoration UEcorr_Pt (955) in object of type xAOD::ElectronAuxContainer_v3
2026-02-12 20:35:49,995 copyAuxStoreThinned                               WARNING AthContainers/src/copyAuxStoreThinned.cxx:138: unlocked decoration UEcorr_Pt (955) in object of type xAOD::MuonAuxContainer_v5
2026-02-12 20:35:50,021 AthMpEvtLoopMgr.SharedEvtQueueConsumer               INFO Received from the queue: event num=494 chunk size=1
AthMpEvtLoopMgr... WARNING INFO message limit (500) reached for AthMpEvtLoopMgr.SharedEvtQueueConsumer. Suppressing further output.
2026-02-12 20:35:51,818 copyAuxStoreThinned                               WARNING AthContainers/src/copyAuxStoreThinned.cxx:138: unlocked decoration UEcorr_Pt (955) in object of type xAOD::ElectronAuxContainer_v3
2026-02-12 20:35:51,819 copyAuxStoreThinned                               WARNING AthContainers/src/copyAuxStoreThinned.cxx:138: unlocked decoration UEcorr_Pt (955) in object of type xAOD::MuonAuxContainer_v5
2026-02-12 20:35:52,856 copyAuxStoreThinned                               WARNING AthContainers/src/copyAuxStoreThinned.cxx:138: unlocked decoration UEcorr_Pt (955) in object of type xAOD::ElectronAuxContainer_v3
2026-02-12 20:35:52,859 copyAuxStoreThinned                               WARNING AthContainers/src/copyAuxStoreThinned.cxx:138: unlocked decoration UEcorr_Pt (955) in object of type xAOD::MuonAuxContainer_v5
2026-02-12 20:35:54,021 copyAuxStoreThinned                               WARNING AthContainers/src/copyAuxStoreThinned.cxx:138: unlocked decoration UEcorr_Pt (955) in object of type xAOD::ElectronAuxContainer_v3
2026-02-12 20:35:54,022 copyAuxStoreThinned                               WARNING AthContainers/src/copyAuxStoreThinned.cxx:138: unlocked decoration UEcorr_Pt (955) in object of type xAOD::MuonAuxContainer_v5
2026-02-12 20:35:54,864 copyAuxStoreThinned                               WARNING AthContainers/src/copyAuxStoreThinned.cxx:138: unlocked decoration UEcorr_Pt (955) in object of type xAOD::ElectronAuxContainer_v3
2026-02-12 20:35:54,865 copyAuxStoreThinned                               WARNING AthContainers/src/copyAuxStoreThinned.cxx:138: unlocked decoration UEcorr_Pt (955) in object of type xAOD::MuonAuxContainer_v5
2026-02-12 20:35:56,337 copyAuxStoreThinned                               WARNING AthContainers/src/copyAuxStoreThinned.cxx:138: unlocked decoration UEcorr_Pt (955) in object of type xAOD::ElectronAuxContainer_v3
2026-02-12 20:35:56,339 copyAuxStoreThinned                               WARNING AthContainers/src/copyAuxStoreThinned.cxx:138: unlocked decoration UEcorr_Pt (955) in object of type xAOD::MuonAuxContainer_v5
2026-02-12 20:35:57,977 copyAuxStoreThinned                               WARNING AthContainers/src/copyAuxStoreThinned.cxx:138: unlocked decoration UEcorr_Pt (955) in object of type xAOD::ElectronAuxContainer_v3
2026-02-12 20:35:57,979 copyAuxStoreThinned                               WARNING AthContainers/src/copyAuxStoreThinned.cxx:138: unlocked decoration UEcorr_Pt (955) in object of type xAOD::MuonAuxContainer_v5
2026-02-12 20:35:59,380 copyAuxStoreThinned                               WARNING AthContainers/src/copyAuxStoreThinned.cxx:138: unlocked decoration UEcorr_Pt (955) in object of type xAOD::ElectronAuxContainer_v3
2026-02-12 20:35:59,381 copyAuxStoreThinned                               WARNING AthContainers/src/copyAuxStoreThinned.cxx:138: unlocked decoration UEcorr_Pt (955) in object of type xAOD::MuonAuxContainer_v5
2026-02-12 20:36:00,942 copyAuxStoreThinned                               WARNING AthContainers/src/copyAuxStoreThinned.cxx:138: unlocked decoration UEcorr_Pt (955) in object of type xAOD::ElectronAuxContainer_v3
2026-02-12 20:36:00,944 copyAuxStoreThinned                               WARNING AthContainers/src/copyAuxStoreThinned.cxx:138: unlocked decoration UEcorr_Pt (955) in object of type xAOD::MuonAuxContainer_v5
2026-02-12 20:36:02,175 copyAuxStoreThinned                               WARNING AthContainers/src/copyAuxStoreThinned.cxx:138: unlocked decoration UEcorr_Pt (955) in object of type xAOD::ElectronAuxContainer_v3
2026-02-12 20:36:02,176 copyAuxStoreThinned                               WARNING AthContainers/src/copyAuxStoreThinned.cxx:138: unlocked decoration UEcorr_Pt (955) in object of type xAOD::MuonAuxContainer_v5
2026-02-12 20:36:03,588 copyAuxStoreThinned                               WARNING AthContainers/src/copyAuxStoreThinned.cxx:138: unlocked decoration UEcorr_Pt (955) in object of type xAOD::ElectronAuxContainer_v3
2026-02-12 20:36:03,590 copyAuxStoreThinned                               WARNING AthContainers/src/copyAuxStoreThinned.cxx:138: unlocked decoration UEcorr_Pt (955) in object of type xAOD::MuonAuxContainer_v5
2026-02-12 20:36:05,156 copyAuxStoreThinned                               WARNING AthContainers/src/copyAuxStoreThinned.cxx:138: unlocked decoration UEcorr_Pt (955) in object of type xAOD::ElectronAuxContainer_v3
2026-02-12 20:36:05,158 copyAuxStoreThinned                               WARNING AthContainers/src/copyAuxStoreThinned.cxx:138: unlocked decoration UEcorr_Pt (955) in object of type xAOD::MuonAuxContainer_v5
2026-02-12 20:36:06,491 copyAuxStoreThinned                               WARNING AthContainers/src/copyAuxStoreThinned.cxx:138: unlocked decoration UEcorr_Pt (955) in object of type xAOD::ElectronAuxContainer_v3
2026-02-12 20:36:06,493 copyAuxStoreThinned                               WARNING AthContainers/src/copyAuxStoreThinned.cxx:138: unlocked decoration UEcorr_Pt (955) in object of type xAOD::MuonAuxContainer_v5
2026-02-12 20:36:08,010 copyAuxStoreThinned                               WARNING AthContainers/src/copyAuxStoreThinned.cxx:138: unlocked decoration UEcorr_Pt (955) in object of type xAOD::ElectronAuxContainer_v3
2026-02-12 20:36:09,346 copyAuxStoreThinned                               WARNING AthContainers/src/copyAuxStoreThinned.cxx:138: unlocked decoration UEcorr_Pt (955) in object of type xAOD::ElectronAuxContainer_v3
2026-02-12 20:36:09,347 copyAuxStoreThinned                               WARNING AthContainers/src/copyAuxStoreThinned.cxx:138: unlocked decoration UEcorr_Pt (955) in object of type xAOD::MuonAuxContainer_v5
2026-02-12 20:36:10,582 copyAuxStoreThinned                               WARNING AthContainers/src/copyAuxStoreThinned.cxx:138: unlocked decoration UEcorr_Pt (955) in object of type xAOD::ElectronAuxContainer_v3
2026-02-12 20:36:11,793 copyAuxStoreThinned                               WARNING AthContainers/src/copyAuxStoreThinned.cxx:138: unlocked decoration UEcorr_Pt (955) in object of type xAOD::ElectronAuxContainer_v3
2026-02-12 20:36:13,193 copyAuxStoreThinned                               WARNING AthContainers/src/copyAuxStoreThinned.cxx:138: unlocked decoration UEcorr_Pt (955) in object of type xAOD::ElectronAuxContainer_v3
2026-02-12 20:36:13,195 copyAuxStoreThinned                               WARNING AthContainers/src/copyAuxStoreThinned.cxx:138: unlocked decoration UEcorr_Pt (955) in object of type xAOD::MuonAuxContainer_v5
2026-02-12 20:36:14,703 copyAuxStoreThinned                               WARNING AthContainers/src/copyAuxStoreThinned.cxx:138: unlocked decoration UEcorr_Pt (955) in object of type xAOD::ElectronAuxContainer_v3
2026-02-12 20:36:14,704 copyAuxStoreThinned                               WARNING AthContainers/src/copyAuxStoreThinned.cxx:138: unlocked decoration UEcorr_Pt (955) in object of type xAOD::MuonAuxContainer_v5
2026-02-12 20:36:15,807 copyAuxStoreThinned                               WARNING AthContainers/src/copyAuxStoreThinned.cxx:138: unlocked decoration UEcorr_Pt (955) in object of type xAOD::ElectronAuxContainer_v3
2026-02-12 20:36:16,904 copyAuxStoreThinned                               WARNING AthContainers/src/copyAuxStoreThinned.cxx:138: unlocked decoration UEcorr_Pt (955) in object of type xAOD::ElectronAuxContainer_v3
2026-02-12 20:36:16,906 copyAuxStoreThinned                               WARNING AthContainers/src/copyAuxStoreThinned.cxx:138: unlocked decoration UEcorr_Pt (955) in object of type xAOD::MuonAuxContainer_v5
2026-02-12 20:36:18,504 copyAuxStoreThinned                               WARNING AthContainers/src/copyAuxStoreThinned.cxx:138: unlocked decoration UEcorr_Pt (955) in object of type xAOD::ElectronAuxContainer_v3
2026-02-12 20:36:18,505 copyAuxStoreThinned                               WARNING AthContainers/src/copyAuxStoreThinned.cxx:138: unlocked decoration UEcorr_Pt (955) in object of type xAOD::MuonAuxContainer_v5
2026-02-12 20:36:20,202 copyAuxStoreThinned                               WARNING AthContainers/src/copyAuxStoreThinned.cxx:138: unlocked decoration UEcorr_Pt (955) in object of type xAOD::ElectronAuxContainer_v3
2026-02-12 20:36:20,203 copyAuxStoreThinned                               WARNING AthContainers/src/copyAuxStoreThinned.cxx:138: unlocked decoration UEcorr_Pt (955) in object of type xAOD::MuonAuxContainer_v5
2026-02-12 20:36:21,874 copyAuxStoreThinned                               WARNING AthContainers/src/copyAuxStoreThinned.cxx:138: unlocked decoration UEcorr_Pt (955) in object of type xAOD::ElectronAuxContainer_v3
2026-02-12 20:36:21,876 copyAuxStoreThinned                               WARNING AthContainers/src/copyAuxStoreThinned.cxx:138: unlocked decoration UEcorr_Pt (955) in object of type xAOD::MuonAuxContainer_v5
2026-02-12 20:36:23,156 copyAuxStoreThinned                               WARNING AthContainers/src/copyAuxStoreThinned.cxx:138: unlocked decoration UEcorr_Pt (955) in object of type xAOD::ElectronAuxContainer_v3
2026-02-12 20:36:24,553 copyAuxStoreThinned                               WARNING AthContainers/src/copyAuxStoreThinned.cxx:138: unlocked decoration UEcorr_Pt (955) in object of type xAOD::ElectronAuxContainer_v3
copyAuxStoreThi... WARNING WARNING message limit (500) reached for copyAuxStoreThinned. Suppressing further output.
WARNING from FastJet: ClusterSequenceAreaBase::get_median_rho_and_sigma(...): the estimated empty area is suspiciously large and negative and may lead to an over-estimation of rho. This may be due to (i) a rare statistical fluctuation or (ii) too small a range used to estimate the background properties.
2026-02-12 20:36:45,600 ToolSvc.ElectronPassDNN...ElectronDNNSelectorLooseWARNING No SCT hit for any track associated to electron ! nTP = 1
2026-02-12 20:36:45,600 ToolSvc.ElectronPassDNN...ElectronDNNSelectorLooseWARNING No SCT hit for any track associated to electron ! nTP = 1
2026-02-12 20:36:45,601 ToolSvc.ElectronPassDN...ElectronDNNSelectorMediumWARNING No SCT hit for any track associated to electron ! nTP = 1
2026-02-12 20:36:45,602 ToolSvc.ElectronPassDNN...ElectronDNNSelectorTightWARNING No SCT hit for any track associated to electron ! nTP = 1
2026-02-12 20:36:45,602 ToolSvc.Elect...ElectronDNNSelectorVeryLooseNoCF97WARNING No SCT hit for any track associated to electron ! nTP = 1
2026-02-12 20:36:45,603 ToolSvc.ElectronPas...ElectronDNNSelectorLooseNoCFWARNING No SCT hit for any track associated to electron ! nTP = 1
2026-02-12 20:36:45,604 ToolSvc.ElectronPa...ElectronDNNSelectorMediumNoCFWARNING No SCT hit for any track associated to electron ! nTP = 1
2026-02-12 20:36:45,604 ToolSvc.ElectronPas...ElectronDNNSelectorTightNoCFWARNING No SCT hit for any track associated to electron ! nTP = 1
2026-02-12 20:37:03,227 AthenaEventLoopMgr                                   INFO   ===>>>  start processing event #334736171, run #450000 300 events processed so far  <<<===
2026-02-12 20:37:04,204 AthenaEventLoopMgr                                   INFO   ===>>>  done processing event #334736171, run #450000 301 events processed so far  <<<===
WARNING from FastJet: ClusterSequenceAreaBase::get_median_rho_and_sigma(...): the estimated empty area is suspiciously large and negative and may lead to an over-estimation of rho. This may be due to (i) a rare statistical fluctuation or (ii) too small a range used to estimate the background properties.
WARNING from FastJet: ClusterSequenceAreaBase::get_median_rho_and_sigma(...): the estimated empty area is suspiciously large and negative and may lead to an over-estimation of rho. This may be due to (i) a rare statistical fluctuation or (ii) too small a range used to estimate the background properties.
2026-02-12 20:39:26,767 AthenaEventLoopMgr                                   INFO   ===>>>  start processing event #334736367, run #450000 400 events processed so far  <<<===
2026-02-12 20:39:27,772 AthenaEventLoopMgr                                   INFO   ===>>>  done processing event #334736367, run #450000 401 events processed so far  <<<===
WARNING from FastJet: ClusterSequenceAreaBase::get_median_rho_and_sigma(...): the estimated empty area is suspiciously large and negative and may lead to an over-estimation of rho. This may be due to (i) a rare statistical fluctuation or (ii) too small a range used to estimate the background properties. (LAST SUCH WARNING)
2026-02-12 20:41:50,085 TParallelMergingFile::UploadAndReset                 INFO Connected to fastMergeServer version 1 with index 0

2026-02-12 20:41:50,119 AthenaEventLoopMgr                                   INFO   ===>>>  start processing event #334738126, run #450000 500 events processed so far  <<<===
2026-02-12 20:41:51,593 AthenaEventLoopMgr                                   INFO   ===>>>  done processing event #334738126, run #450000 501 events processed so far  <<<===
2026-02-12 20:42:05,852 ToolSvc.BookkeeperTool                               INFO Successfully copied CutBookkeepers to the output MetaDataStore
2026-02-12 20:42:05,916 /eos/home-b/bkamgama/draft/Run_sleep_10000/...root   INFO Database being retired...
2026-02-12 20:42:06,382 /eos/home-b/bkamgama/draft/Run_sleep_10000/...root   INFO ->  Deaccess DbDatabase   READ      [ROOT_All] AA21FB28-2672-434E-9813-0D7BE842151D
2026-02-12 20:42:06,418 DAOD_PHYS.DAOD.pool.root?pmerge=localhost:5000       INFO Database being retired...
2026-02-12 20:42:07,074 DAOD_PHYS.DAOD.pool.root?pmerge=localhost:5000       INFO ->  Deaccess DbDatabase   CREATE    [ROOT_All] 55CDEFD0-0849-11F1-AA6A-F688172E65E7
2026-02-12 20:42:07,074 Domain[ROOT_All]                                     INFO >   Deaccess DbDomain     READ      [ROOT_All]
2026-02-12 20:42:07,075 AthenaPoolSharedIOCnvSvc.OutputStreamingTool         INFO in stop()
2026-02-12 20:42:07,075 AthenaPoolSharedIOCnvSvc.OutputStreamingTool         INFO Client stop() inform Server: 1
2026-02-12 20:42:07,216 ApplicationMgr                                       INFO Application Manager Stopped successfully
2026-02-12 20:42:07,337 CondInputLoader                                      INFO Finalizing CondInputLoader...
2026-02-12 20:42:07,338 MCTruthClassificationKernel                          INFO ============================================================================
2026-02-12 20:42:07,338 MCTruthClassificationKernel                          INFO  The following CP tools were called by MCTruthClassificationKernel for the whole train:
2026-02-12 20:42:07,338 MCTruthClassificationKernel                          INFO ToolSvc.DFCommonTruthClassificationTool
2026-02-12 20:42:07,338 MCTruthClassificationKernel                          INFO ============================================================================
2026-02-12 20:42:07,339 PhysCommonTruthCharmKernel                           INFO ============================================================================
2026-02-12 20:42:07,339 PhysCommonTruthCharmKernel                           INFO  The following CP tools were called by PhysCommonTruthCharmKernel for the whole train:
2026-02-12 20:42:07,339 PhysCommonTruthCharmKernel                           INFO ToolSvc.PhysCommonTruthCharmTool
2026-02-12 20:42:07,339 PhysCommonTruthCharmKernel                           INFO ============================================================================
2026-02-12 20:42:07,339 MCTruthCommonHFAndDecaysKernel                       INFO ============================================================================
2026-02-12 20:42:07,339 MCTruthCommonHFAndDecaysKernel                       INFO  The following CP tools were called by MCTruthCommonHFAndDecaysKernel for the whole train:
2026-02-12 20:42:07,339 MCTruthCommonHFAndDecaysKernel                       INFO ToolSvc.DFCommonHFAndDecaysTool
2026-02-12 20:42:07,339 MCTruthCommonHFAndDecaysKernel                       INFO ============================================================================
2026-02-12 20:42:07,339 DFCommonTruthMetaDataWriterKernel                    INFO ============================================================================
2026-02-12 20:42:07,339 DFCommonTruthMetaDataWriterKernel                    INFO  The following CP tools were called by DFCommonTruthMetaDataWriterKernel for the whole train:
2026-02-12 20:42:07,339 DFCommonTruthMetaDataWriterKernel                    INFO ToolSvc.DFCommonTruthMetaDataWriter
2026-02-12 20:42:07,339 DFCommonTruthMetaDataWriterKernel                    INFO ============================================================================
2026-02-12 20:42:07,339 MCTruthCommonPreJetKernelNo1                         INFO ============================================================================
2026-02-12 20:42:07,339 MCTruthCommonPreJetKernelNo1                         INFO  The following CP tools were called by MCTruthCommonPreJetKernelNo1 for the whole train:
2026-02-12 20:42:07,339 MCTruthCommonPreJetKernelNo1                         INFO ToolSvc.DFCommonTruthMuonTool
2026-02-12 20:42:07,340 MCTruthCommonPreJetKernelNo1                         INFO ============================================================================
2026-02-12 20:42:07,340 MCTruthCommonPreJetKernelNo2                         INFO ============================================================================
2026-02-12 20:42:07,340 MCTruthCommonPreJetKernelNo2                         INFO  The following CP tools were called by MCTruthCommonPreJetKernelNo2 for the whole train:
2026-02-12 20:42:07,340 MCTruthCommonPreJetKernelNo2                         INFO ToolSvc.DFCommonTruthElectronTool
2026-02-12 20:42:07,340 MCTruthCommonPreJetKernelNo2                         INFO ============================================================================
2026-02-12 20:42:07,340 MCTruthCommonPreJetKernelNo3                         INFO ============================================================================
2026-02-12 20:42:07,340 MCTruthCommonPreJetKernelNo3                         INFO  The following CP tools were called by MCTruthCommonPreJetKernelNo3 for the whole train:
2026-02-12 20:42:07,340 MCTruthCommonPreJetKernelNo3                         INFO ToolSvc.DFCommonTruthPhotonToolSim
2026-02-12 20:42:07,340 MCTruthCommonPreJetKernelNo3                         INFO ============================================================================
2026-02-12 20:42:07,340 MCTruthCommonPreJetKernelNo4                         INFO ============================================================================
2026-02-12 20:42:07,340 MCTruthCommonPreJetKernelNo4                         INFO  The following CP tools were called by MCTruthCommonPreJetKernelNo4 for the whole train:
2026-02-12 20:42:07,340 MCTruthCommonPreJetKernelNo4                         INFO ToolSvc.DFCommonTruthNeutrinoTool
2026-02-12 20:42:07,340 MCTruthCommonPreJetKernelNo4                         INFO ============================================================================
2026-02-12 20:42:07,340 MCTruthCommonPreJetKernelNo5                         INFO ============================================================================
2026-02-12 20:42:07,340 MCTruthCommonPreJetKernelNo5                         INFO  The following CP tools were called by MCTruthCommonPreJetKernelNo5 for the whole train:
2026-02-12 20:42:07,340 MCTruthCommonPreJetKernelNo5                         INFO ToolSvc.DFCommonTruthBottomTool
2026-02-12 20:42:07,340 MCTruthCommonPreJetKernelNo5                         INFO ============================================================================
2026-02-12 20:42:07,340 MCTruthCommonPreJetKernelNo6                         INFO ============================================================================
2026-02-12 20:42:07,341 MCTruthCommonPreJetKernelNo6                         INFO  The following CP tools were called by MCTruthCommonPreJetKernelNo6 for the whole train:
2026-02-12 20:42:07,341 MCTruthCommonPreJetKernelNo6                         INFO ToolSvc.DFCommonTruthTopTool
2026-02-12 20:42:07,341 MCTruthCommonPreJetKernelNo6                         INFO ============================================================================
2026-02-12 20:42:07,341 MCTruthCommonPreJetKernelNo7                         INFO ============================================================================
2026-02-12 20:42:07,341 MCTruthCommonPreJetKernelNo7                         INFO  The following CP tools were called by MCTruthCommonPreJetKernelNo7 for the whole train:
2026-02-12 20:42:07,341 MCTruthCommonPreJetKernelNo7                         INFO ToolSvc.DFCommonTruthBosonTool
2026-02-12 20:42:07,341 MCTruthCommonPreJetKernelNo7                         INFO ============================================================================
2026-02-12 20:42:07,341 MCTruthCommonPreJetKernelNo8                         INFO ============================================================================
2026-02-12 20:42:07,341 MCTruthCommonPreJetKernelNo8                         INFO  The following CP tools were called by MCTruthCommonPreJetKernelNo8 for the whole train:
2026-02-12 20:42:07,341 MCTruthCommonPreJetKernelNo8                         INFO ToolSvc.DFCommonTruthBSMTool
2026-02-12 20:42:07,341 MCTruthCommonPreJetKernelNo8                         INFO ============================================================================
2026-02-12 20:42:07,341 MCTruthCommonPreJetKernelNo9                         INFO ============================================================================
2026-02-12 20:42:07,341 MCTruthCommonPreJetKernelNo9                         INFO  The following CP tools were called by MCTruthCommonPreJetKernelNo9 for the whole train:
2026-02-12 20:42:07,341 MCTruthCommonPreJetKernelNo9                         INFO ToolSvc.DFCommonTruthElectronIsolationTool1
2026-02-12 20:42:07,341 MCTruthCommonPreJetKernelNo9                         INFO ============================================================================
2026-02-12 20:42:07,341 MCTruthCommonPreJetKernelNo10                        INFO ============================================================================
2026-02-12 20:42:07,341 MCTruthCommonPreJetKernelNo10                        INFO  The following CP tools were called by MCTruthCommonPreJetKernelNo10 for the whole train:
2026-02-12 20:42:07,341 MCTruthCommonPreJetKernelNo10                        INFO ToolSvc.DFCommonTruthElectronIsolationTool2
2026-02-12 20:42:07,341 MCTruthCommonPreJetKernelNo10                        INFO ============================================================================
2026-02-12 20:42:07,342 MCTruthCommonPreJetKernelNo11                        INFO ============================================================================
2026-02-12 20:42:07,342 MCTruthCommonPreJetKernelNo11                        INFO  The following CP tools were called by MCTruthCommonPreJetKernelNo11 for the whole train:
2026-02-12 20:42:07,342 MCTruthCommonPreJetKernelNo11                        INFO ToolSvc.DFCommonTruthMuonIsolationTool1
2026-02-12 20:42:07,342 MCTruthCommonPreJetKernelNo11                        INFO ============================================================================
2026-02-12 20:42:07,342 MCTruthCommonPreJetKernelNo12                        INFO ============================================================================
2026-02-12 20:42:07,342 MCTruthCommonPreJetKernelNo12                        INFO  The following CP tools were called by MCTruthCommonPreJetKernelNo12 for the whole train:
2026-02-12 20:42:07,342 MCTruthCommonPreJetKernelNo12                        INFO ToolSvc.DFCommonTruthMuonIsolationTool2
2026-02-12 20:42:07,342 MCTruthCommonPreJetKernelNo12                        INFO ============================================================================
2026-02-12 20:42:07,342 MCTruthCommonPreJetKernelNo13                        INFO ============================================================================
2026-02-12 20:42:07,342 MCTruthCommonPreJetKernelNo13                        INFO  The following CP tools were called by MCTruthCommonPreJetKernelNo13 for the whole train:
2026-02-12 20:42:07,342 MCTruthCommonPreJetKernelNo13                        INFO ToolSvc.DFCommonTruthPhotonIsolationTool1
2026-02-12 20:42:07,342 MCTruthCommonPreJetKernelNo13                        INFO ============================================================================
2026-02-12 20:42:07,342 MCTruthCommonPreJetKernelNo14                        INFO ============================================================================
2026-02-12 20:42:07,342 MCTruthCommonPreJetKernelNo14                        INFO  The following CP tools were called by MCTruthCommonPreJetKernelNo14 for the whole train:
2026-02-12 20:42:07,342 MCTruthCommonPreJetKernelNo14                        INFO ToolSvc.DFCommonTruthPhotonIsolationTool2
2026-02-12 20:42:07,342 MCTruthCommonPreJetKernelNo14                        INFO ============================================================================
2026-02-12 20:42:07,342 MCTruthCommonPreJetKernelNo15                        INFO ============================================================================
2026-02-12 20:42:07,342 MCTruthCommonPreJetKernelNo15                        INFO  The following CP tools were called by MCTruthCommonPreJetKernelNo15 for the whole train:
2026-02-12 20:42:07,342 MCTruthCommonPreJetKernelNo15                        INFO ToolSvc.DFCommonTruthPhotonIsolationTool3
2026-02-12 20:42:07,342 MCTruthCommonPreJetKernelNo15                        INFO ============================================================================
2026-02-12 20:42:07,343 MCTruthCommonPreJetKernelNo16                        INFO ============================================================================
2026-02-12 20:42:07,343 MCTruthCommonPreJetKernelNo16                        INFO  The following CP tools were called by MCTruthCommonPreJetKernelNo16 for the whole train:
2026-02-12 20:42:07,343 MCTruthCommonPreJetKernelNo16                        INFO ToolSvc.DFCommonTruthForwardProtonTool
2026-02-12 20:42:07,343 MCTruthCommonPreJetKernelNo16                        INFO ============================================================================
2026-02-12 20:42:07,343 MCTruthCommonPreJetKernelNo17                        INFO ============================================================================
2026-02-12 20:42:07,343 MCTruthCommonPreJetKernelNo17                        INFO  The following CP tools were called by MCTruthCommonPreJetKernelNo17 for the whole train:
2026-02-12 20:42:07,343 MCTruthCommonPreJetKernelNo17                        INFO ToolSvc.DFCommonTruthElectronDressingTool
2026-02-12 20:42:07,343 MCTruthCommonPreJetKernelNo17                        INFO ============================================================================
2026-02-12 20:42:07,343 MCTruthCommonPreJetKernelNo18                        INFO ============================================================================
2026-02-12 20:42:07,343 MCTruthCommonPreJetKernelNo18                        INFO  The following CP tools were called by MCTruthCommonPreJetKernelNo18 for the whole train:
2026-02-12 20:42:07,343 MCTruthCommonPreJetKernelNo18                        INFO ToolSvc.DFCommonTruthMuonDressingTool
2026-02-12 20:42:07,343 MCTruthCommonPreJetKernelNo18                        INFO ============================================================================
2026-02-12 20:42:07,344 TauTruthCommonKernel2                                INFO ============================================================================
2026-02-12 20:42:07,344 TauTruthCommonKernel2                                INFO  The following CP tools were called by TauTruthCommonKernel2 for the whole train:
2026-02-12 20:42:07,344 TauTruthCommonKernel2                                INFO ToolSvc.DFCommonTauJetsTruthMatchingWrapper
2026-02-12 20:42:07,344 TauTruthCommonKernel2                                INFO ============================================================================
2026-02-12 20:42:07,345 MCTruthCommonPostJetKernelNo1                        INFO ============================================================================
2026-02-12 20:42:07,345 MCTruthCommonPostJetKernelNo1                        INFO  The following CP tools were called by MCTruthCommonPostJetKernelNo1 for the whole train:
2026-02-12 20:42:07,345 MCTruthCommonPostJetKernelNo1                        INFO ToolSvc.DFCommonTruthTauDressingTool
2026-02-12 20:42:07,345 MCTruthCommonPostJetKernelNo1                        INFO ============================================================================
2026-02-12 20:42:07,345 MCTruthCommonPostJetKernelNo2                        INFO ============================================================================
2026-02-12 20:42:07,345 MCTruthCommonPostJetKernelNo2                        INFO  The following CP tools were called by MCTruthCommonPostJetKernelNo2 for the whole train:
2026-02-12 20:42:07,345 MCTruthCommonPostJetKernelNo2                        INFO ToolSvc.DFCommonTruthGenFilt
2026-02-12 20:42:07,345 MCTruthCommonPostJetKernelNo2                        INFO ============================================================================
2026-02-12 20:42:07,345 MCTruthCommonPostJetKernelNo3                        INFO ============================================================================
2026-02-12 20:42:07,345 MCTruthCommonPostJetKernelNo3                        INFO  The following CP tools were called by MCTruthCommonPostJetKernelNo3 for the whole train:
2026-02-12 20:42:07,345 MCTruthCommonPostJetKernelNo3                        INFO ToolSvc.DFCommonTruthDressedWZQGLabelTool
2026-02-12 20:42:07,345 MCTruthCommonPostJetKernelNo3                        INFO ============================================================================
2026-02-12 20:42:07,345 MCTruthNavigationDecoratorKernel                     INFO ============================================================================
2026-02-12 20:42:07,345 MCTruthNavigationDecoratorKernel                     INFO  The following CP tools were called by MCTruthNavigationDecoratorKernel for the whole train:
2026-02-12 20:42:07,345 MCTruthNavigationDecoratorKernel                     INFO ToolSvc.DFCommonTruthNavigationDecorator
2026-02-12 20:42:07,345 MCTruthNavigationDecoratorKernel                     INFO ============================================================================
2026-02-12 20:42:07,345 MCTruthCommonBosonsAndDecaysKernel                   INFO ============================================================================
2026-02-12 20:42:07,345 MCTruthCommonBosonsAndDecaysKernel                   INFO  The following CP tools were called by MCTruthCommonBosonsAndDecaysKernel for the whole train:
2026-02-12 20:42:07,345 MCTruthCommonBosonsAndDecaysKernel                   INFO ToolSvc.DFCommonBosonsAndDecaysTool
2026-02-12 20:42:07,345 MCTruthCommonBosonsAndDecaysKernel                   INFO ============================================================================
2026-02-12 20:42:07,346 MCTruthCommonBSMAndDecaysKernel                      INFO ============================================================================
2026-02-12 20:42:07,346 MCTruthCommonBSMAndDecaysKernel                      INFO  The following CP tools were called by MCTruthCommonBSMAndDecaysKernel for the whole train:
2026-02-12 20:42:07,346 MCTruthCommonBSMAndDecaysKernel                      INFO ToolSvc.DFCommonBSMAndDecaysTool
2026-02-12 20:42:07,346 MCTruthCommonBSMAndDecaysKernel                      INFO ============================================================================
2026-02-12 20:42:07,346 MCTruthCommonBornLeptonsKernel                       INFO ============================================================================
2026-02-12 20:42:07,346 MCTruthCommonBornLeptonsKernel                       INFO  The following CP tools were called by MCTruthCommonBornLeptonsKernel for the whole train:
2026-02-12 20:42:07,346 MCTruthCommonBornLeptonsKernel                       INFO ToolSvc.DFCommonBornLeptonCollTool
2026-02-12 20:42:07,346 MCTruthCommonBornLeptonsKernel                       INFO ============================================================================
2026-02-12 20:42:07,346 MiniCollectionTruthLinkKernelNo1                     INFO ============================================================================
2026-02-12 20:42:07,346 MiniCollectionTruthLinkKernelNo1                     INFO  The following CP tools were called by MiniCollectionTruthLinkKernelNo1 for the whole train:
2026-02-12 20:42:07,346 MiniCollectionTruthLinkKernelNo1                     INFO ToolSvc.ElMiniCollectionTruthLinkTool
2026-02-12 20:42:07,346 MiniCollectionTruthLinkKernelNo1                     INFO ============================================================================
2026-02-12 20:42:07,346 MiniCollectionTruthLinkKernelNo2                     INFO ============================================================================
2026-02-12 20:42:07,346 MiniCollectionTruthLinkKernelNo2                     INFO  The following CP tools were called by MiniCollectionTruthLinkKernelNo2 for the whole train:
2026-02-12 20:42:07,346 MiniCollectionTruthLinkKernelNo2                     INFO ToolSvc.PhMiniCollectionTruthLinkTool
2026-02-12 20:42:07,346 MiniCollectionTruthLinkKernelNo2                     INFO ============================================================================
2026-02-12 20:42:07,346 MiniCollectionTruthLinkKernelNo3                     INFO ============================================================================
2026-02-12 20:42:07,346 MiniCollectionTruthLinkKernelNo3                     INFO  The following CP tools were called by MiniCollectionTruthLinkKernelNo3 for the whole train:
2026-02-12 20:42:07,346 MiniCollectionTruthLinkKernelNo3                     INFO ToolSvc.MuMiniCollectionTruthLinkTool
2026-02-12 20:42:07,347 MiniCollectionTruthLinkKernelNo3                     INFO ============================================================================
2026-02-12 20:42:07,347 MCTruthCommonTruthPVCollKernel                       INFO ============================================================================
2026-02-12 20:42:07,347 MCTruthCommonTruthPVCollKernel                       INFO  The following CP tools were called by MCTruthCommonTruthPVCollKernel for the whole train:
2026-02-12 20:42:07,347 MCTruthCommonTruthPVCollKernel                       INFO ToolSvc.DFCommonTruthPVCollTool
2026-02-12 20:42:07,347 MCTruthCommonTruthPVCollKernel                       INFO ============================================================================
2026-02-12 20:42:07,347 DFCommonHSDecorator                                  INFO ============================================================================
2026-02-12 20:42:07,347 DFCommonHSDecorator                                  INFO  The following CP tools were called by DFCommonHSDecorator for the whole train:
2026-02-12 20:42:07,347 DFCommonHSDecorator                                  INFO ToolSvc.HardScatterDecorTool
2026-02-12 20:42:07,347 DFCommonHSDecorator                                  INFO ============================================================================
2026-02-12 20:42:07,347 InDetCommonKernelDFCommonTrackSelection              INFO ============================================================================
2026-02-12 20:42:07,347 InDetCommonKernelDFCommonTrackSelection              INFO  The following CP tools were called by InDetCommonKernelDFCommonTrackSelection for the whole train:
2026-02-12 20:42:07,347 InDetCommonKernelDFCommonTrackSelection              INFO ToolSvc.DFCommonTrackSelection
2026-02-12 20:42:07,347 InDetCommonKernelDFCommonTrackSelection              INFO ============================================================================
2026-02-12 20:42:07,347 InDetCommonKernelDFCommonZ0AtPV                      INFO ============================================================================
2026-02-12 20:42:07,347 InDetCommonKernelDFCommonZ0AtPV                      INFO  The following CP tools were called by InDetCommonKernelDFCommonZ0AtPV for the whole train:
2026-02-12 20:42:07,347 InDetCommonKernelDFCommonZ0AtPV                      INFO ToolSvc.DFCommonZ0AtPV
2026-02-12 20:42:07,347 InDetCommonKernelDFCommonZ0AtPV                      INFO ============================================================================
2026-02-12 20:42:07,347 InDetCommonKernelDFCommonUsedInFitDecorator          INFO ============================================================================
2026-02-12 20:42:07,347 InDetCommonKernelDFCommonUsedInFitDecorator          INFO  The following CP tools were called by InDetCommonKernelDFCommonUsedInFitDecorator for the whole train:
2026-02-12 20:42:07,347 InDetCommonKernelDFCommonUsedInFitDecorator          INFO ToolSvc.DFCommonUsedInFitDecorator
2026-02-12 20:42:07,348 InDetCommonKernelDFCommonUsedInFitDecorator          INFO ============================================================================
2026-02-12 20:42:07,348 DFCommonMuonsKernel                                  INFO ============================================================================
2026-02-12 20:42:07,348 DFCommonMuonsKernel                                  INFO  The following CP tools were called by DFCommonMuonsKernel for the whole train:
2026-02-12 20:42:07,348 DFCommonMuonsKernel                                  INFO ToolSvc.DFCommonMuonToolWrapperIDCuts
2026-02-12 20:42:07,348 DFCommonMuonsKernel                                  INFO ToolSvc.DFCommonMuonToolWrapperPreselection
2026-02-12 20:42:07,348 DFCommonMuonsKernel                                  INFO ============================================================================
2026-02-12 20:42:07,348 IsolationBuilderNonpro...All_MaxWeightLooseCone500   INFO Finalizing IsolationBuilderNonprompt_All_MaxWeightLooseCone500...
2026-02-12 20:42:07,348 IsolationBuilderNonprompt_All_MaxWeight500           INFO Finalizing IsolationBuilderNonprompt_All_MaxWeight500...
2026-02-12 20:42:07,348 IsolationBuilderNonpro...ll_MaxWeightLooseCone1000   INFO Finalizing IsolationBuilderNonprompt_All_MaxWeightLooseCone1000...
2026-02-12 20:42:07,348 IsolationBuilderNonprompt_All_MaxWeight1000          INFO Finalizing IsolationBuilderNonprompt_All_MaxWeight1000...
2026-02-12 20:42:07,348 EGammaCommonKernel                                   INFO ============================================================================
2026-02-12 20:42:07,348 EGammaCommonKernel                                   INFO  The following CP tools were called by EGammaCommonKernel for the whole train:
2026-02-12 20:42:07,348 EGammaCommonKernel                                   INFO ToolSvc.DFCommonPhotonsDirection
2026-02-12 20:42:07,348 EGammaCommonKernel                                   INFO ToolSvc.ElectronPassLHVeryLoose
2026-02-12 20:42:07,348 EGammaCommonKernel                                   INFO ToolSvc.ElectronPassLHLoose
2026-02-12 20:42:07,349 EGammaCommonKernel                                   INFO ToolSvc.ElectronPassLHLooseBL
2026-02-12 20:42:07,349 EGammaCommonKernel                                   INFO ToolSvc.ElectronPassLHMedium
2026-02-12 20:42:07,349 EGammaCommonKernel                                   INFO ToolSvc.ElectronPassLHTight
2026-02-12 20:42:07,349 EGammaCommonKernel                                   INFO ToolSvc.ElectronPassDNNLoose
2026-02-12 20:42:07,349 EGammaCommonKernel                                   INFO ToolSvc.ElectronPassDNNMedium
2026-02-12 20:42:07,349 EGammaCommonKernel                                   INFO ToolSvc.ElectronPassDNNTight
2026-02-12 20:42:07,349 EGammaCommonKernel                                   INFO ToolSvc.ElectronPassDNNVeryLooseNoCF97
2026-02-12 20:42:07,349 EGammaCommonKernel                                   INFO ToolSvc.ElectronPassDNNLooseNoCF
2026-02-12 20:42:07,349 EGammaCommonKernel                                   INFO ToolSvc.ElectronPassDNNMediumNoCF
2026-02-12 20:42:07,349 EGammaCommonKernel                                   INFO ToolSvc.ElectronPassDNNTightNoCF
2026-02-12 20:42:07,349 EGammaCommonKernel                                   INFO ToolSvc.PhotonPassIsEMLoose
2026-02-12 20:42:07,349 EGammaCommonKernel                                   INFO ToolSvc.PhotonPassIsEMMedium
2026-02-12 20:42:07,349 EGammaCommonKernel                                   INFO ToolSvc.PhotonPassIsEMTight
2026-02-12 20:42:07,349 EGammaCommonKernel                                   INFO ToolSvc.PhotonPassCleaning
2026-02-12 20:42:07,349 EGammaCommonKernel                                   INFO ToolSvc.ElectronAdditionnalAmbiguity
2026-02-12 20:42:07,349 EGammaCommonKernel                                   INFO ToolSvc.ElectronPassECIDS
2026-02-12 20:42:07,349 EGammaCommonKernel                                   INFO ToolSvc.ForwardElectronPassLHLoose
2026-02-12 20:42:07,349 EGammaCommonKernel                                   INFO ToolSvc.ForwardElectronPassLHMedium
2026-02-12 20:42:07,349 EGammaCommonKernel                                   INFO ToolSvc.ForwardElectronPassLHTight
2026-02-12 20:42:07,349 EGammaCommonKernel                                   INFO ToolSvc.DerivationFramework::EGammaClusterCoreCellRecovery
2026-02-12 20:42:07,349 EGammaCommonKernel                                   INFO ToolSvc.BkgElectronClassificationTool
2026-02-12 20:42:07,349 EGammaCommonKernel                                   INFO ToolSvc.TruthEgetIsolationTool
2026-02-12 20:42:07,349 EGammaCommonKernel                                   INFO ToolSvc.TruthEgptIsolationTool
2026-02-12 20:42:07,350 EGammaCommonKernel                                   INFO ============================================================================
2026-02-12 20:42:07,350 PFlowIsolationBuilder                                INFO Finalizing PFlowIsolationBuilder...
2026-02-12 20:42:07,351 BadBatmanAugmentation                                INFO ============================================================================
2026-02-12 20:42:07,351 BadBatmanAugmentation                                INFO  The following CP tools were called by BadBatmanAugmentation for the whole train:
2026-02-12 20:42:07,351 BadBatmanAugmentation                                INFO ToolSvc.BadBatmanAugmentationTool
2026-02-12 20:42:07,351 BadBatmanAugmentation                                INFO ============================================================================
2026-02-12 20:42:07,351 DistanceInTrainAugmentation                          INFO ============================================================================
2026-02-12 20:42:07,351 DistanceInTrainAugmentation                          INFO  The following CP tools were called by DistanceInTrainAugmentation for the whole train:
2026-02-12 20:42:07,351 DistanceInTrainAugmentation                          INFO ToolSvc.DistanceInTrainAugmentationTool
2026-02-12 20:42:07,351 DistanceInTrainAugmentation                          INFO ============================================================================
2026-02-12 20:42:07,351 TauJets_TauIDDecorKernel                             INFO ============================================================================
2026-02-12 20:42:07,351 TauJets_TauIDDecorKernel                             INFO  The following CP tools were called by TauJets_TauIDDecorKernel for the whole train:
2026-02-12 20:42:07,351 TauJets_TauIDDecorKernel                             INFO ToolSvc.TauJets_TauIDDecoratorWrapper
2026-02-12 20:42:07,351 TauJets_TauIDDecorKernel                             INFO ============================================================================
2026-02-12 20:42:07,352 TauRNNLooseAugmentationKernel                        INFO ============================================================================
2026-02-12 20:42:07,352 TauRNNLooseAugmentationKernel                        INFO  The following CP tools were called by TauRNNLooseAugmentationKernel for the whole train:
2026-02-12 20:42:07,352 TauRNNLooseAugmentationKernel                        INFO ToolSvc.TauRNNLooseWrapper
2026-02-12 20:42:07,352 TauRNNLooseAugmentationKernel                        INFO ============================================================================
2026-02-12 20:42:07,352 DFCommonMuonsKernel2                                 INFO ============================================================================
2026-02-12 20:42:07,352 DFCommonMuonsKernel2                                 INFO  The following CP tools were called by DFCommonMuonsKernel2 for the whole train:
2026-02-12 20:42:07,352 DFCommonMuonsKernel2                                 INFO ToolSvc.MuonJetDrTool
2026-02-12 20:42:07,352 DFCommonMuonsKernel2                                 INFO ============================================================================
2026-02-12 20:42:07,352 DiTauLowPtBuilder                                    INFO Finalizing DiTauLowPtBuilder...
2026-02-12 20:42:07,352 TauJets_MuonRM_TauIDDecorKernel                      INFO ============================================================================
2026-02-12 20:42:07,353 TauJets_MuonRM_TauIDDecorKernel                      INFO  The following CP tools were called by TauJets_MuonRM_TauIDDecorKernel for the whole train:
2026-02-12 20:42:07,353 TauJets_MuonRM_TauIDDecorKernel                      INFO ToolSvc.TauJets_MuonRM_TauIDDecoratorWrapper
2026-02-12 20:42:07,353 TauJets_MuonRM_TauIDDecorKernel                      INFO ============================================================================
2026-02-12 20:42:07,353 DiTauIDDecorKernel                                   INFO ============================================================================
2026-02-12 20:42:07,353 DiTauIDDecorKernel                                   INFO  The following CP tools were called by DiTauIDDecorKernel for the whole train:
2026-02-12 20:42:07,353 DiTauIDDecorKernel                                   INFO ToolSvc.DiTauIDDecoratorWrapper
2026-02-12 20:42:07,353 DiTauIDDecorKernel                                   INFO ============================================================================
2026-02-12 20:42:07,353 DiTauJets_DiTauIDDecorKernel                         INFO ============================================================================
2026-02-12 20:42:07,353 DiTauJets_DiTauIDDecorKernel                         INFO  The following CP tools were called by DiTauJets_DiTauIDDecorKernel for the whole train:
2026-02-12 20:42:07,353 DiTauJets_DiTauIDDecorKernel                         INFO ToolSvc.DiTauJets_DiTauChargeDecorator
2026-02-12 20:42:07,353 DiTauJets_DiTauIDDecorKernel                         INFO ============================================================================
2026-02-12 20:42:07,353 DiTauJetsLowPt_DiTauIDDecorKernel                    INFO ============================================================================
2026-02-12 20:42:07,353 DiTauJetsLowPt_DiTauIDDecorKernel                    INFO  The following CP tools were called by DiTauJetsLowPt_DiTauIDDecorKernel for the whole train:
2026-02-12 20:42:07,353 DiTauJetsLowPt_DiTauIDDecorKernel                    INFO ToolSvc.DiTauJetsLowPt_DiTauChargeDecorator
2026-02-12 20:42:07,353 DiTauJetsLowPt_DiTauIDDecorKernel                    INFO ============================================================================
2026-02-12 20:42:07,354 PHYSKernel                                           INFO ============================================================================
2026-02-12 20:42:07,354 PHYSKernel                                           INFO || SUMMARY OF THE DERIVATION FRAMEWORK KERNEL WITH NAME PHYSKernel || 
2026-02-12 20:42:07,354 PHYSKernel                                           INFO ============================================================================
2026-02-12 20:42:07,354 PHYSKernel                                           INFO ============================================================================
2026-02-12 20:42:07,354 PHYSKernel                                           INFO Events analyzed: 501
2026-02-12 20:42:07,354 PHYSKernel                                           INFO Events accepted: 501
2026-02-12 20:42:07,354 PHYSKernel                                           INFO ============================================================================
2026-02-12 20:42:07,355 FourLeptonVertexAlg                                  INFO Proccessed in total 501 events. Lepton multiplicities observed:
2026-02-12 20:42:07,355 FourLeptonVertexAlg                                  INFO     ---- Events with 0 leptons: 306 (elec/muon) 355/436 (61.0778%)
2026-02-12 20:42:07,355 FourLeptonVertexAlg                                  INFO     ---- Events with 1 leptons: 158 (elec/muon) 127/61 (31.5369%)
2026-02-12 20:42:07,355 FourLeptonVertexAlg                                  INFO     ---- Events with 2 leptons: 34 (elec/muon) 18/3 (6.78643%)
2026-02-12 20:42:07,355 FourLeptonVertexAlg                                  INFO     ---- Events with 3 leptons: 2 (elec/muon) 1/1 (0.399202%)
2026-02-12 20:42:07,355 FourLeptonVertexAlg                                  INFO     ---- Events with 4 leptons: 1 (elec/muon) 0/0 (0.199601%)
2026-02-12 20:42:07,355 FourLeptonVertexAlg                                  INFO     ---- Events with 5 leptons: 0 (elec/muon) 0/0 (0%)
2026-02-12 20:42:07,355 FourLeptonVertexAlg                                  INFO     ---- Events with 6 leptons: 0 (elec/muon) 0/0 (0%)
2026-02-12 20:42:07,355 FourLeptonVertexAlg                                  INFO     ---- Events with 7 leptons: 0 (elec/muon) 0/0 (0%)
2026-02-12 20:42:07,355 FourLeptonVertexAlg                                  INFO ---> Attempted fits 0 out of which 0 (0%) succeeded.
2026-02-12 20:42:07,355 HFClassificationCommonKernel                         INFO ============================================================================
2026-02-12 20:42:07,355 HFClassificationCommonKernel                         INFO  The following CP tools were called by HFClassificationCommonKernel for the whole train:
2026-02-12 20:42:07,355 HFClassificationCommonKernel                         INFO ToolSvc.DFCommonClassifyAndCalculateHFAugmentation
2026-02-12 20:42:07,355 HFClassificationCommonKernel                         INFO ============================================================================
2026-02-12 20:42:07,355 MCTruthCommonTausAndDecaysKernel                     INFO ============================================================================
2026-02-12 20:42:07,356 MCTruthCommonTausAndDecaysKernel                     INFO  The following CP tools were called by MCTruthCommonTausAndDecaysKernel for the whole train:
2026-02-12 20:42:07,356 MCTruthCommonTausAndDecaysKernel                     INFO ToolSvc.DFCommonTausAndDecaysTool
2026-02-12 20:42:07,356 MCTruthCommonTausAndDecaysKernel                     INFO ============================================================================
2026-02-12 20:42:07,356 AllExecutedEventsCounterAlg                          INFO accepted 501 out of 501 events for filter AllExecutedEvents (Number of processed events before any cut)
2026-02-12 20:42:07,356 DecisionSvc                                          INFO Finalized successfully.
2026-02-12 20:42:07,356 Athena::DelayedConditionsCleanerSvc                  INFO Conditions container statistics
2026-02-12 20:42:07,356 Athena::DelayedConditionsCleanerSvc                  INFO   Work q: Max size: 32  (1 queries) 
2026-02-12 20:42:07,357 Athena::DelayedConditionsCleanerSvc                  INFO           Avg size: 32.00 / Avg removed: 32.00
2026-02-12 20:42:07,357 Athena::DelayedConditionsCleanerSvc                  INFO   ConditionStore+/Digitization/Parameters nInserts      1 maxSize   1
2026-02-12 20:42:07,357 Athena::DelayedConditionsCleanerSvc                  INFO     nClean 1 avgRemoved 0.00 0/1/2+ 1/0/0
2026-02-12 20:42:07,357 Athena::DelayedConditionsCleanerSvc                  INFO   ConditionStore+/EXT/DCS/MAGNETS/SENSORDATA nInserts      1 maxSize   1
2026-02-12 20:42:07,357 Athena::DelayedConditionsCleanerSvc                  INFO     nClean 1 avgRemoved 0.00 0/1/2+ 1/0/0
2026-02-12 20:42:07,357 Athena::DelayedConditionsCleanerSvc                  INFO   ConditionStore+/GLOBAL/BField/Maps nInserts      1 maxSize   1
2026-02-12 20:42:07,357 Athena::DelayedConditionsCleanerSvc                  INFO     nClean 1 avgRemoved 0.00 0/1/2+ 1/0/0
2026-02-12 20:42:07,357 Athena::DelayedConditionsCleanerSvc                  INFO   ConditionStore+/GLOBAL/TrackingGeo/LayerMaterialV2 nInserts      1 maxSize   1
2026-02-12 20:42:07,357 Athena::DelayedConditionsCleanerSvc                  INFO     nClean 1 avgRemoved 0.00 0/1/2+ 1/0/0
2026-02-12 20:42:07,357 Athena::DelayedConditionsCleanerSvc                  INFO   ConditionStore+/Indet/Align nInserts      1 maxSize   1
2026-02-12 20:42:07,357 Athena::DelayedConditionsCleanerSvc                  INFO     nClean 1 avgRemoved 0.00 0/1/2+ 1/0/0
2026-02-12 20:42:07,357 Athena::DelayedConditionsCleanerSvc                  INFO   ConditionStore+/Indet/Beampos nInserts      1 maxSize   1
2026-02-12 20:42:07,357 Athena::DelayedConditionsCleanerSvc                  INFO     nClean 1 avgRemoved 0.00 0/1/2+ 1/0/0
2026-02-12 20:42:07,357 Athena::DelayedConditionsCleanerSvc                  INFO   ConditionStore+/Indet/IBLDist nInserts      1 maxSize   1
2026-02-12 20:42:07,357 Athena::DelayedConditionsCleanerSvc                  INFO     nClean 1 avgRemoved 0.00 0/1/2+ 1/0/0
2026-02-12 20:42:07,357 Athena::DelayedConditionsCleanerSvc                  INFO   ConditionStore+/LAR/Align nInserts      1 maxSize   1
2026-02-12 20:42:07,357 Athena::DelayedConditionsCleanerSvc                  INFO     nClean 1 avgRemoved 0.00 0/1/2+ 1/0/0
2026-02-12 20:42:07,357 Athena::DelayedConditionsCleanerSvc                  INFO   ConditionStore+/MDT/MM/PASSIVATION nInserts      1 maxSize   1
2026-02-12 20:42:07,357 Athena::DelayedConditionsCleanerSvc                  INFO     nClean 1 avgRemoved 0.00 0/1/2+ 1/0/0
2026-02-12 20:42:07,357 Athena::DelayedConditionsCleanerSvc                  INFO   ConditionStore+/TRT/Align nInserts      1 maxSize   1
2026-02-12 20:42:07,358 Athena::DelayedConditionsCleanerSvc                  INFO     nClean 1 avgRemoved 0.00 0/1/2+ 1/0/0
2026-02-12 20:42:07,358 Athena::DelayedConditionsCleanerSvc                  INFO   ConditionStore+/TRT/Calib/DX nInserts      1 maxSize   1
2026-02-12 20:42:07,358 Athena::DelayedConditionsCleanerSvc                  INFO     nClean 1 avgRemoved 0.00 0/1/2+ 1/0/0
2026-02-12 20:42:07,358 Athena::DelayedConditionsCleanerSvc                  INFO   ConditionStore+AtlasTrackingGeometry nInserts      1 maxSize   1
2026-02-12 20:42:07,358 Athena::DelayedConditionsCleanerSvc                  INFO     nClean 1 avgRemoved 0.00 0/1/2+ 1/0/0
2026-02-12 20:42:07,358 Athena::DelayedConditionsCleanerSvc                  INFO   ConditionStore+BeamSpotData nInserts      1 maxSize   1
2026-02-12 20:42:07,358 Athena::DelayedConditionsCleanerSvc                  INFO     nClean 1 avgRemoved 0.00 0/1/2+ 1/0/0
2026-02-12 20:42:07,358 Athena::DelayedConditionsCleanerSvc                  INFO   ConditionStore+BunchCrossingData nInserts      1 maxSize   1
2026-02-12 20:42:07,358 Athena::DelayedConditionsCleanerSvc                  INFO     nClean 1 avgRemoved 0.00 0/1/2+ 1/0/0
2026-02-12 20:42:07,358 Athena::DelayedConditionsCleanerSvc                  INFO   ConditionStore+CaloDetDescrManager nInserts      1 maxSize   1
2026-02-12 20:42:07,358 Athena::DelayedConditionsCleanerSvc                  INFO     nClean 1 avgRemoved 0.00 0/1/2+ 1/0/0
2026-02-12 20:42:07,358 Athena::DelayedConditionsCleanerSvc                  INFO   ConditionStore+CaloSuperCellDetDescrManager nInserts      1 maxSize   1
2026-02-12 20:42:07,358 Athena::DelayedConditionsCleanerSvc                  INFO     nClean 1 avgRemoved 0.00 0/1/2+ 1/0/0
2026-02-12 20:42:07,358 Athena::DelayedConditionsCleanerSvc                  INFO   ConditionStore+LArAlignmentStore nInserts      1 maxSize   1
2026-02-12 20:42:07,358 Athena::DelayedConditionsCleanerSvc                  INFO     nClean 1 avgRemoved 0.00 0/1/2+ 1/0/0
2026-02-12 20:42:07,358 Athena::DelayedConditionsCleanerSvc                  INFO   ConditionStore+LArCellPositionShift nInserts      1 maxSize   1
2026-02-12 20:42:07,358 Athena::DelayedConditionsCleanerSvc                  INFO     nClean 1 avgRemoved 0.00 0/1/2+ 1/0/0
2026-02-12 20:42:07,358 Athena::DelayedConditionsCleanerSvc                  INFO   ConditionStore+MuonDetectorManager nInserts      1 maxSize   1
2026-02-12 20:42:07,358 Athena::DelayedConditionsCleanerSvc                  INFO     nClean 1 avgRemoved 0.00 0/1/2+ 1/0/0
2026-02-12 20:42:07,358 Athena::DelayedConditionsCleanerSvc                  INFO   ConditionStore+NswPassivationDbData nInserts      1 maxSize   1
2026-02-12 20:42:07,358 Athena::DelayedConditionsCleanerSvc                  INFO     nClean 1 avgRemoved 0.00 0/1/2+ 1/0/0
2026-02-12 20:42:07,358 Athena::DelayedConditionsCleanerSvc                  INFO   ConditionStore+PixelAlignmentStore nInserts      1 maxSize   1
2026-02-12 20:42:07,358 Athena::DelayedConditionsCleanerSvc                  INFO     nClean 1 avgRemoved 0.00 0/1/2+ 1/0/0
2026-02-12 20:42:07,359 Athena::DelayedConditionsCleanerSvc                  INFO   ConditionStore+PixelDetectorElementCollection nInserts      1 maxSize   1
2026-02-12 20:42:07,359 Athena::DelayedConditionsCleanerSvc                  INFO     nClean 1 avgRemoved 0.00 0/1/2+ 1/0/0
2026-02-12 20:42:07,359 Athena::DelayedConditionsCleanerSvc                  INFO   ConditionStore+SCTAlignmentStore nInserts      1 maxSize   1
2026-02-12 20:42:07,359 Athena::DelayedConditionsCleanerSvc                  INFO     nClean 1 avgRemoved 0.00 0/1/2+ 1/0/0
2026-02-12 20:42:07,359 Athena::DelayedConditionsCleanerSvc                  INFO   ConditionStore+SCT_DetectorElementCollection nInserts      1 maxSize   1
2026-02-12 20:42:07,359 Athena::DelayedConditionsCleanerSvc                  INFO     nClean 1 avgRemoved 0.00 0/1/2+ 1/0/0
2026-02-12 20:42:07,359 Athena::DelayedConditionsCleanerSvc                  INFO   ConditionStore+TRT_DetElementContainer nInserts      1 maxSize   1
2026-02-12 20:42:07,359 Athena::DelayedConditionsCleanerSvc                  INFO     nClean 1 avgRemoved 0.00 0/1/2+ 1/0/0
2026-02-12 20:42:07,359 Athena::DelayedConditionsCleanerSvc                  INFO   ConditionStore+fieldCondObj nInserts      1 maxSize   1
2026-02-12 20:42:07,359 Athena::DelayedConditionsCleanerSvc                  INFO     nClean 1 avgRemoved 0.00 0/1/2+ 1/0/0
2026-02-12 20:42:07,359 Athena::DelayedConditionsCleanerSvc                  INFO   ConditionStore+fieldMapCondObj nInserts      1 maxSize   1
2026-02-12 20:42:07,359 Athena::DelayedConditionsCleanerSvc                  INFO     nClean 1 avgRemoved 0.00 0/1/2+ 1/0/0
2026-02-12 20:42:07,359 AthDictLoaderSvc                                     INFO in finalize...
2026-02-12 20:42:07,949 Domain[ROOT_All]                                     INFO >   Deaccess DbDomain     READ      [ROOT_All]
2026-02-12 20:42:07,949 AthenaPoolSharedIOCnvSvc                             INFO PerfStats ----------------------------------------
2026-02-12 20:42:07,950 AthenaPoolSharedIOCnvSvc                             INFO PerfStats Timing Measurements for AthenaPoolCnvSvc
2026-02-12 20:42:07,950 AthenaPoolSharedIOCnvSvc                             INFO PerfStats ----------------------------------------
2026-02-12 20:42:07,950 AthenaPoolSharedIOCnvSvc                             INFO PerfStats | cObjR_ALL       |           18910 ms |
2026-02-12 20:42:07,950 AthenaPoolSharedIOCnvSvc                             INFO PerfStats | commitOutput    |            4672 ms |
2026-02-12 20:42:07,950 AthenaPoolSharedIOCnvSvc                             INFO PerfStats | fRep_ALL        |            4144 ms |
2026-02-12 20:42:07,950 AthenaPoolSharedIOCnvSvc                             INFO PerfStats | cObj_ALL        |           21057 ms |
2026-02-12 20:42:07,950 AthenaPoolSharedIOCnvSvc                             INFO PerfStats | cRepR_ALL       |            1425 ms |
2026-02-12 20:42:07,950 AthenaPoolSharedIOCnvSvc                             INFO PerfStats | cRep_ALL        |              78 ms |
2026-02-12 20:42:07,950 AthenaPoolSharedIOCnvSvc                             INFO PerfStats ----------------------------------------
2026-02-12 20:42:07,960 IOVDbFolder                                          INFO Folder /Digitization/Parameters (AttrList) db-read 0/1 objs/chan/bytes 1/0/0 ((     0.00 ))s
2026-02-12 20:42:07,961 IOVDbFolder                                          INFO Folder /EXT/DCS/MAGNETS/SENSORDATA (AttrListColl) db-read 1/1 objs/chan/bytes 4/4/20 ((     0.03 ))s
2026-02-12 20:42:07,961 IOVDbFolder                                          INFO Folder /GLOBAL/BField/Maps (AttrListColl) db-read 1/1 objs/chan/bytes 3/3/202 ((     0.03 ))s
2026-02-12 20:42:07,961 IOVDbFolder                                          INFO Folder /GLOBAL/TrackingGeo/LayerMaterialV2 (PoolRef) db-read 1/1 objs/chan/bytes 1/1/231 ((     0.01 ))s
2026-02-12 20:42:07,961 IOVDbFolder                                          INFO Folder /Indet/Align (PoolRefColl) db-read 1/1 objs/chan/bytes 43/43/7009 ((     0.03 ))s
2026-02-12 20:42:07,961 IOVDbFolder                                          INFO Folder /Indet/Beampos (AttrList) db-read 1/1 objs/chan/bytes 6/1/456 ((     0.02 ))s
2026-02-12 20:42:07,961 IOVDbFolder                                          INFO Folder /Indet/IBLDist (AttrListColl) db-read 1/1 objs/chan/bytes 14/14/280 ((     0.01 ))s
2026-02-12 20:42:07,961 IOVDbFolder                                          INFO Folder /LAR/Align (PoolRef) db-read 1/1 objs/chan/bytes 1/1/170 ((     0.03 ))s
2026-02-12 20:42:07,961 IOVDbFolder                                          INFO Folder /MDT/MM/PASSIVATION (AttrListColl) db-read 1/1 objs/chan/bytes 1/1/680679 ((     0.03 ))s
2026-02-12 20:42:07,962 IOVDbFolder                                          INFO Folder /TRT/Align (PoolRefColl) db-read 1/1 objs/chan/bytes 32/32/5120 ((     0.02 ))s
2026-02-12 20:42:07,962 IOVDbFolder                                          INFO Folder /TRT/Calib/DX (PoolRef) db-read 1/1 objs/chan/bytes 1/1/183 ((     0.02 ))s
2026-02-12 20:42:07,962 IOVDbFolder                                          INFO Folder /TagInfo (AttrListColl) db-read 0/1 objs/chan/bytes 1/0/0 ((     0.00 ))s
2026-02-12 20:42:07,962 IOVDbFolder                                          INFO Folder /LAR/LArCellPositionShift (PoolRef) db-read 1/1 objs/chan/bytes 1/1/195 ((     0.02 ))s
2026-02-12 20:42:07,962 IOVDbSvc                                             INFO Total payload read from IOVDb: 694545 bytes in ((      0.24 ))s
2026-02-12 20:42:07,962 IOVDbSvc                                             INFO Connection sqlite://;schema=mycool.db;dbname=OFLP200 : nConnect: 0 nFolders: 0 ReadTime: ((     0.00 ))s
2026-02-12 20:42:07,962 IOVDbSvc                                             INFO Connection COOLOFL_LAR/OFLP200 : nConnect: 2 nFolders: 2 ReadTime: ((     0.05 ))s
2026-02-12 20:42:07,962 IOVDbSvc                                             INFO Connection COOLOFL_GLOBAL/OFLP200 : nConnect: 2 nFolders: 2 ReadTime: ((     0.04 ))s
2026-02-12 20:42:07,962 IOVDbSvc                                             INFO Connection COOLOFL_DCS/OFLP200 : nConnect: 2 nFolders: 1 ReadTime: ((     0.03 ))s
2026-02-12 20:42:07,962 IOVDbSvc                                             INFO Connection COOLOFL_INDET/OFLP200 : nConnect: 2 nFolders: 3 ReadTime: ((     0.06 ))s
2026-02-12 20:42:07,962 IOVDbSvc                                             INFO Connection COOLOFL_MDT/OFLP200 : nConnect: 2 nFolders: 1 ReadTime: ((     0.03 ))s
2026-02-12 20:42:07,962 IOVDbSvc                                             INFO Connection COOLOFL_TRT/OFLP200 : nConnect: 2 nFolders: 2 ReadTime: ((     0.04 ))s
2026-02-12 20:42:07,963 ToolSvc                                              INFO Removing all tools created by ToolSvc
2026-02-12 20:42:07,964 TruthCategoriesDecorator.HiggsTruthCategoryTool      INFO  ====================================================== 
2026-02-12 20:42:07,964 TruthCategoriesDecorator.HiggsTruthCategoryTool      INFO  ---- FinalizingTruthCategoriesDecorator.HiggsTruthCategoryTool...
2026-02-12 20:42:07,964 TruthCategoriesDecorator.HiggsTruthCategoryTool      INFO  ====================================================== 
2026-02-12 20:42:07,964 TruthCategoriesDecorator.HiggsTruthCategoryTool      INFO  ====================================================== 
2026-02-12 20:42:07,964 TruthCategoriesDecorator.xAODToHepMCTool             INFO ==============================================================
2026-02-12 20:42:07,964 TruthCategoriesDecorator.xAODToHepMCTool             INFO ==========    xAOD -> HepMC Tool :: Run Summary     ==========
2026-02-12 20:42:07,964 TruthCategoriesDecorator.xAODToHepMCTool             INFO ==============================================================
2026-02-12 20:42:07,964 TruthCategoriesDecorator.xAODToHepMCTool             INFO No missing production vertices
2026-02-12 20:42:07,964 TruthCategoriesDecorator.xAODToHepMCTool             INFO No events with undefined beams.
2026-02-12 20:42:07,964 TruthCategoriesDecorator.xAODToHepMCTool             INFO ==============================================================
2026-02-12 20:42:07,964 TruthCategoriesDecorator.xAODToHepMCTool             INFO ===================    End Run Summary     ===================
2026-02-12 20:42:07,964 TruthCategoriesDecorator.xAODToHepMCTool             INFO ==============================================================
2026-02-12 20:42:07,964 ToolSvc.PHYSDiTauLowPtTPThinningTool                 INFO Processed 309396 tracks, 5123 were retained 
2026-02-12 20:42:07,965 ToolSvc.PHYSDiTauLowPtThinningTool                   INFO Processed 829 objects, 399 were retained 
2026-02-12 20:42:07,965 ToolSvc.PHYSDiTauTPThinningTool                      INFO Processed 309396 tracks, 970 were retained 
2026-02-12 20:42:07,965 ToolSvc.PHYSDiTauThinningTool                        INFO Processed 59 objects, 49 were retained 
2026-02-12 20:42:07,965 ToolSvc.PHYSTauJets_MuonRMThinningTool               INFO Processed 158 taus, 99 were kept
2026-02-12 20:42:07,965 ToolSvc.PHYSTauJetThinningTool                       INFO Processed 4931 taus, 2517 were kept
2026-02-12 20:42:07,965 ToolSvc.PHYSMuonTPThinningTool                       INFO Processed 309396 tracks, 1109 were retained 
2026-02-12 20:42:07,965 ToolSvc.PHYSTrackParticleThinningTool                INFO Processed 309396 tracks, 3153 were retained 
2026-02-12 20:42:07,965 ToolSvc.TrigDecisionTool                             INFO Finalized
2026-02-12 20:42:07,966 JetTagVertexDecoratorAlgAntiKt10UFO...JFVarFactory   INFO  Finalization of JetFitterVariablesFactory successful
2026-02-12 20:42:07,966 JetTagVertexDecoratorAlgAntiKt10...Analysis::SVTag   INFO #BTAG# Number of jets used for calibration for reference ALL : #b= 0 #light= 0 #charm= 0
2026-02-12 20:42:07,966 InDetVKalVxInJetTool                                 INFO Time User   : Tot= 4.42  [s] Ave/Min/Max=0.000421(+- 0.00204)/       0/    0.03  [s] #=10492
2026-02-12 20:42:07,966 InDetVKalVxInJetTool                                 INFO Time User   : Tot= 4.42  [s] Ave/Min/Max=0.000421(+- 0.00204)/       0/    0.03  [s] #=10492
2026-02-12 20:42:07,966 JetTagVertexDecoratorAlgAntiKt4EMPF...JFVarFactory   INFO  Finalization of JetFitterVariablesFactory successful
2026-02-12 20:42:07,966 JetTagVertexDecoratorAlgAntiKt4E...Analysis::SVTag   INFO #BTAG# Number of jets used for calibration for reference ALL : #b= 0 #light= 0 #charm= 0
2026-02-12 20:42:07,966 InDetVKalVxInJetTool                                 INFO Time User   : Tot= 4.42  [s] Ave/Min/Max=0.000421(+- 0.00204)/       0/    0.03  [s] #=10492
2026-02-12 20:42:07,966 InDetVKalVxInJetTool                                 INFO Time User   : Tot= 4.42  [s] Ave/Min/Max=0.000421(+- 0.00204)/       0/    0.03  [s] #=10492
2026-02-12 20:42:07,973 ToolSvc.DFCommonTruthForwardProtonTool               INFO Processed 810933 truth particles, 0 were retained 
2026-02-12 20:42:07,974 ToolSvc.DFCommonTruthBSMTool                         INFO Processed 810933 truth particles, 0 were retained 
2026-02-12 20:42:07,974 ToolSvc.DFCommonTruthBosonTool                       INFO Processed 810933 truth particles, 1801 were retained 
2026-02-12 20:42:07,974 ToolSvc.DFCommonTruthTopTool                         INFO Processed 810933 truth particles, 2007 were retained 
2026-02-12 20:42:07,974 ToolSvc.DFCommonTruthBottomTool                      INFO Processed 810933 truth particles, 2192 were retained 
2026-02-12 20:42:07,974 ToolSvc.DFCommonTruthNeutrinoTool                    INFO Processed 810933 truth particles, 697 were retained 
2026-02-12 20:42:07,974 ToolSvc.DFCommonTruthPhotonToolSim                   INFO Processed 810933 truth particles, 2892 were retained 
2026-02-12 20:42:07,974 ToolSvc.DFCommonTruthElectronTool                    INFO Processed 810933 truth particles, 1828 were retained 
2026-02-12 20:42:07,974 ToolSvc.DFCommonTruthMuonTool                        INFO Processed 810933 truth particles, 313 were retained 
2026-02-12 20:42:07,974 ToolSvc.PhysCommonTruthCharmTool                     INFO Processed 810933 truth particles, 2086 were retained 
2026-02-12 20:42:07,975 ToolSvc.DFCommonTruthClassificationTool              INFO Processed and decorated 810933 truth particles
2026-02-12 20:42:07,975 AthenaPoolSharedIOCnvSvc.OutputStreamingTool         INFO in finalize()
2026-02-12 20:42:07,986 InDet_TrkInJetType                                   INFO Time User   : Tot= 2.95  [s] Ave/Min/Max=6.14e-05(+-0.000781)/       0/    0.01  [s] #=48019
2026-02-12 20:42:07,986 InDet_TrkInJetType                                   INFO Time User   : Tot= 2.95  [s] Ave/Min/Max=6.14e-05(+-0.000781)/       0/    0.01  [s] #=48019
2026-02-12 20:42:07,987 InDet_TrkInJetType                                   INFO Time User   : Tot= 2.95  [s] Ave/Min/Max=6.14e-05(+-0.000781)/       0/    0.01  [s] #=48019
2026-02-12 20:42:07,987 InDet_TrkInJetType                                   INFO Time User   : Tot= 2.95  [s] Ave/Min/Max=6.14e-05(+-0.000781)/       0/    0.01  [s] #=48019
2026-02-12 20:42:07,988 ToolSvc.DiTauIDDeco...DiTauRec_OnnxScoreCalculator   INFO Finalizing DiTauOnnxDiscriminantTool
2026-02-12 20:42:08,002 AtlasTrackingGeometryCond...MuonStationTypeBuilder   INFO  finalize() successful
2026-02-12 20:42:08,004 METAssociat...MET_AssociationTool_AntiKt4EMPFlowHR   INFO Finalizing METAssociation_AntiKt4EMPFlowHR.MET_AssociationTool_AntiKt4EMPFlowHR...
2026-02-12 20:42:08,005 METAssociatio...MET_AssociationTool_AntiKt4EMPFlow   INFO Finalizing METAssociation_AntiKt4EMPFlow.MET_AssociationTool_AntiKt4EMPFlow...
2026-02-12 20:42:08,005 METAssociation...MET_AssociationTool_AntiKt4EMTopo   INFO Finalizing METAssociation_AntiKt4EMTopo.MET_AssociationTool_AntiKt4EMTopo...
2026-02-12 20:42:08,005 METRecoAlg_Truth.MET_RegionTool_Truth                INFO Finalizing METRecoAlg_Truth.MET_RegionTool_Truth...
2026-02-12 20:42:08,005 METRecoAlg_Truth.MET_RecoTool_Truth                  INFO Finalizing METRecoAlg_Truth.MET_RecoTool_Truth...
2026-02-12 20:42:08,006 METRecoAlg_Truth.MET_R...MET_IntMuonsRegions_Truth   INFO Finalizing METRecoAlg_Truth.MET_RegionTool_Truth.MET_IntMuonsRegions_Truth...
2026-02-12 20:42:08,006 METRecoAlg_Truth.MET_Reg...MET_IntOutRegions_Truth   INFO Finalizing METRecoAlg_Truth.MET_RegionTool_Truth.MET_IntOutRegions_Truth...
2026-02-12 20:42:08,006 METRecoAlg_Truth.MET_Region...MET_IntRegions_Truth   INFO Finalizing METRecoAlg_Truth.MET_RegionTool_Truth.MET_IntRegions_Truth...
2026-02-12 20:42:08,006 METRecoAlg_Truth.MET_Reg...MET_NonIntRegions_Truth   INFO Finalizing METRecoAlg_Truth.MET_RegionTool_Truth.MET_NonIntRegions_Truth...

The MCnet usage guidelines apply to Rivet: see http://www.montecarlonet.org/GUIDELINES
Please acknowledge Rivet in results made using it, and cite https://arxiv.org/abs/2404.15984 and https://arxiv.org/abs/2312.15070
2026-02-12 20:42:08,099 PerfMonMTSvc                                         INFO Finalizing PerfMonMTSvc
2026-02-12 20:42:08,100 IdDictDetDescrCnv                                    INFO in finalize
2026-02-12 20:42:08,103 *****Chrono*****                                     INFO ****************************************************************************************************
2026-02-12 20:42:08,103 *****Chrono*****                                     INFO  The Final CPU consumption ( Chrono ) Table (ordered)
2026-02-12 20:42:08,103 *****Chrono*****                                     INFO ****************************************************************************************************
2026-02-12 20:42:08,103 DiTauJets_DiTauIDDecorKernel                         INFO Time User   : Tot=    0 [us] Ave/Min/Max=       0(+-       0)/       0/       0 [us] #=501
2026-02-12 20:42:08,103 DFCommonTruthMetaDataWriterKernel                    INFO Time User   : Tot=    0 [us] Ave/Min/Max=       0(+-       0)/       0/       0 [us] #=501
2026-02-12 20:42:08,103 MCTruthCommonPostJetKernelNo3                        INFO Time User   : Tot=    0 [us] Ave/Min/Max=       0(+-       0)/       0/       0 [us] #=501
2026-02-12 20:42:08,103 MCTruthCommonPreJetKernelNo11                        INFO Time User   : Tot=    0 [us] Ave/Min/Max=       0(+-       0)/       0/       0 [us] #=501
2026-02-12 20:42:08,104 InDetCommonKernelDFCommonZ0AtPV                      INFO Time User   : Tot=    0 [us] Ave/Min/Max=       0(+-       0)/       0/       0 [us] #=501
2026-02-12 20:42:08,104 MCTruthCommonBornLeptonsKernel                       INFO Time User   : Tot=    0 [us] Ave/Min/Max=       0(+-       0)/       0/       0 [us] #=501
2026-02-12 20:42:08,104 MCTruthCommonPreJetKernelNo12                        INFO Time User   : Tot=    0 [us] Ave/Min/Max=       0(+-       0)/       0/       0 [us] #=501
2026-02-12 20:42:08,104 MCTruthCommonPreJetKernelNo10                        INFO Time User   : Tot=    0 [us] Ave/Min/Max=       0(+-       0)/       0/       0 [us] #=501
2026-02-12 20:42:08,104 MCTruthCommonPreJetKernelNo14                        INFO Time User   : Tot=    0 [us] Ave/Min/Max=       0(+-       0)/       0/       0 [us] #=501
2026-02-12 20:42:08,104 MCTruthCommonPreJetKernelNo13                        INFO Time User   : Tot=    0 [us] Ave/Min/Max=       0(+-       0)/       0/       0 [us] #=501
2026-02-12 20:42:08,104 DiTauJetsLowPt_DiTauIDDecorKernel                    INFO Time User   : Tot=   10 [ms] Ave/Min/Max=    0.02(+-   0.446)/       0/      10 [ms] #=501
2026-02-12 20:42:08,104 DFCommonMuonsKernel2                                 INFO Time User   : Tot=   10 [ms] Ave/Min/Max=    0.02(+-   0.446)/       0/      10 [ms] #=501
2026-02-12 20:42:08,104 MCTruthCommonPreJetKernelNo9                         INFO Time User   : Tot=   10 [ms] Ave/Min/Max=    0.02(+-   0.446)/       0/      10 [ms] #=501
2026-02-12 20:42:08,104 MCTruthCommonTruthPVCollKernel                       INFO Time User   : Tot=   10 [ms] Ave/Min/Max=    0.02(+-   0.446)/       0/      10 [ms] #=501
2026-02-12 20:42:08,104 DistanceInTrainAugmentation                          INFO Time User   : Tot=   10 [ms] Ave/Min/Max=    0.02(+-   0.446)/       0/      10 [ms] #=501
2026-02-12 20:42:08,104 AthenaMP_seek                                        INFO Time User   : Tot=   10 [ms] Ave/Min/Max=    0.02(+-   0.446)/       0/      10 [ms] #=501
2026-02-12 20:42:08,104 MCTruthCommonTausAndDecaysKernel                     INFO Time User   : Tot=   10 [ms] Ave/Min/Max=    0.02(+-   0.446)/       0/      10 [ms] #=501
2026-02-12 20:42:08,104 MCTruthCommonPreJetKernelNo2                         INFO Time User   : Tot=   10 [ms] Ave/Min/Max=    0.02(+-   0.446)/       0/      10 [ms] #=501
2026-02-12 20:42:08,104 MCTruthCommonPreJetKernelNo5                         INFO Time User   : Tot=   10 [ms] Ave/Min/Max=    0.02(+-   0.446)/       0/      10 [ms] #=501
2026-02-12 20:42:08,104 MCTruthCommonPreJetKernelNo7                         INFO Time User   : Tot=   10 [ms] Ave/Min/Max=    0.02(+-   0.446)/       0/      10 [ms] #=501
2026-02-12 20:42:08,104 MCTruthCommonPostJetKernelNo1                        INFO Time User   : Tot=   20 [ms] Ave/Min/Max=  0.0399(+-   0.631)/       0/      10 [ms] #=501
2026-02-12 20:42:08,104 MCTruthCommonPreJetKernelNo15                        INFO Time User   : Tot=   20 [ms] Ave/Min/Max=  0.0399(+-   0.631)/       0/      10 [ms] #=501
2026-02-12 20:42:08,104 MCTruthCommonPreJetKernelNo17                        INFO Time User   : Tot=   20 [ms] Ave/Min/Max=  0.0399(+-   0.631)/       0/      10 [ms] #=501
2026-02-12 20:42:08,105 BadBatmanAugmentation                                INFO Time User   : Tot=   20 [ms] Ave/Min/Max=  0.0399(+-   0.631)/       0/      10 [ms] #=501
2026-02-12 20:42:08,105 MCTruthCommonPreJetKernelNo16                        INFO Time User   : Tot=   20 [ms] Ave/Min/Max=  0.0399(+-   0.631)/       0/      10 [ms] #=501
2026-02-12 20:42:08,105 MCTruthCommonPreJetKernelNo4                         INFO Time User   : Tot=   20 [ms] Ave/Min/Max=  0.0399(+-   0.631)/       0/      10 [ms] #=501
2026-02-12 20:42:08,105 TauRNNLooseAugmentationKernel                        INFO Time User   : Tot=   30 [ms] Ave/Min/Max=  0.0599(+-   0.772)/       0/      10 [ms] #=501
2026-02-12 20:42:08,105 MCTruthCommonPostJetKernelNo2                        INFO Time User   : Tot=   40 [ms] Ave/Min/Max=  0.0798(+-    0.89)/       0/      10 [ms] #=501
2026-02-12 20:42:08,105 MCTruthCommonPreJetKernelNo18                        INFO Time User   : Tot=   40 [ms] Ave/Min/Max=  0.0798(+-    0.89)/       0/      10 [ms] #=501
2026-02-12 20:42:08,105 MCTruthCommonPreJetKernelNo6                         INFO Time User   : Tot=   50 [ms] Ave/Min/Max=  0.0998(+-   0.994)/       0/      10 [ms] #=501
2026-02-12 20:42:08,105 DFCommonMuonsKernel                                  INFO Time User   : Tot=   50 [ms] Ave/Min/Max=  0.0998(+-   0.994)/       0/      10 [ms] #=501
2026-02-12 20:42:08,105 MCTruthCommonPreJetKernelNo1                         INFO Time User   : Tot=   60 [ms] Ave/Min/Max=    0.12(+-    1.09)/       0/      10 [ms] #=501
2026-02-12 20:42:08,105 MCTruthCommonPreJetKernelNo3                         INFO Time User   : Tot=   80 [ms] Ave/Min/Max=    0.16(+-    1.25)/       0/      10 [ms] #=501
2026-02-12 20:42:08,105 MCTruthCommonBosonsAndDecaysKernel                   INFO Time User   : Tot=   80 [ms] Ave/Min/Max=    0.16(+-    1.25)/       0/      10 [ms] #=501
2026-02-12 20:42:08,105 MiniCollectionTruthLinkKernelNo3                     INFO Time User   : Tot=   80 [ms] Ave/Min/Max=    0.16(+-    1.25)/       0/      10 [ms] #=501
2026-02-12 20:42:08,105 MiniCollectionTruthLinkKernelNo2                     INFO Time User   : Tot=   80 [ms] Ave/Min/Max=    0.16(+-    1.25)/       0/      10 [ms] #=501
2026-02-12 20:42:08,105 PhysCommonTruthCharmKernel                           INFO Time User   : Tot=  130 [ms] Ave/Min/Max=   0.259(+-    1.59)/       0/      10 [ms] #=501
2026-02-12 20:42:08,105 MCTruthCommonBSMAndDecaysKernel                      INFO Time User   : Tot=  130 [ms] Ave/Min/Max=   0.259(+-    1.59)/       0/      10 [ms] #=501
2026-02-12 20:42:08,105 MCTruthCommonPreJetKernelNo8                         INFO Time User   : Tot=  150 [ms] Ave/Min/Max=   0.299(+-     1.7)/       0/      10 [ms] #=501
2026-02-12 20:42:08,105 DFCommonHSDecorator                                  INFO Time User   : Tot=  160 [ms] Ave/Min/Max=   0.319(+-    2.66)/       0/      50 [ms] #=501
2026-02-12 20:42:08,105 PHYSKernel                                           INFO Time User   : Tot=  170 [ms] Ave/Min/Max=   0.339(+-    1.81)/       0/      10 [ms] #=501
2026-02-12 20:42:08,105 DiTauIDDecorKernel                                   INFO Time User   : Tot=  180 [ms] Ave/Min/Max=   0.359(+-    1.86)/       0/      10 [ms] #=501
2026-02-12 20:42:08,106 MCTruthNavigationDecoratorKernel                     INFO Time User   : Tot=  340 [ms] Ave/Min/Max=   0.679(+-    2.52)/       0/      10 [ms] #=501
2026-02-12 20:42:08,106 MCTruthCommonHFAndDecaysKernel                       INFO Time User   : Tot=  360 [ms] Ave/Min/Max=   0.719(+-    2.58)/       0/      10 [ms] #=501
2026-02-12 20:42:08,106 InDetCommonKernelDFCommonUsedInFitDecorator          INFO Time User   : Tot=  380 [ms] Ave/Min/Max=   0.758(+-    2.65)/       0/      10 [ms] #=501
2026-02-12 20:42:08,106 InDetCommonKernelDFCommonTrackSelection              INFO Time User   : Tot=  480 [ms] Ave/Min/Max=   0.958(+-    4.03)/       0/      50 [ms] #=501
2026-02-12 20:42:08,106 TauJets_MuonRM_TauIDDecorKernel                      INFO Time User   : Tot= 0.54  [s] Ave/Min/Max= 0.00108(+-  0.0031)/       0/    0.01  [s] #=501
2026-02-12 20:42:08,106 MiniCollectionTruthLinkKernelNo1                     INFO Time User   : Tot=  0.7  [s] Ave/Min/Max=  0.0014(+-  0.0281)/       0/    0.63  [s] #=501
2026-02-12 20:42:08,106 HFClassificationCommonKernel                         INFO Time User   : Tot= 2.03  [s] Ave/Min/Max= 0.00405(+- 0.00495)/       0/    0.02  [s] #=501
2026-02-12 20:42:08,106 InDet_TrkInJetType                                   INFO Time User   : Tot= 2.95  [s] Ave/Min/Max=6.14e-05(+-0.000781)/       0/    0.01  [s] #=48019
2026-02-12 20:42:08,106 MCTruthClassificationKernel                          INFO Time User   : Tot= 2.99  [s] Ave/Min/Max= 0.00597(+-  0.0063)/       0/    0.05  [s] #=501
2026-02-12 20:42:08,106 InDetVKalVxInJetTool                                 INFO Time User   : Tot= 4.42  [s] Ave/Min/Max=0.000421(+- 0.00204)/       0/    0.03  [s] #=10492
2026-02-12 20:42:08,106 TauTruthCommonKernel2                                INFO Time User   : Tot= 5.39  [s] Ave/Min/Max=  0.0108(+-   0.235)/       0/    5.27  [s] #=501
2026-02-12 20:42:08,106 EGammaCommonKernel                                   INFO Time User   : Tot= 8.99  [s] Ave/Min/Max=  0.0179(+-  0.0104)/       0/    0.08  [s] #=501
2026-02-12 20:42:08,106 TauJets_TauIDDecorKernel                             INFO Time User   : Tot= 10.8  [s] Ave/Min/Max=  0.0216(+- 0.00946)/       0/    0.07  [s] #=501
2026-02-12 20:42:08,106 ChronoStatSvc                                        INFO Time User   : Tot= 10.6[min]  #=  1
2026-02-12 20:42:08,106 AthenaMP_nextEvent                                   INFO Time User   : Tot= 10.8[min] Ave/Min/Max=  0.0217(+- 0.00875)/  0.0103/   0.148[min] #=501
2026-02-12 20:42:08,106 *****Chrono*****                                     INFO ****************************************************************************************************
2026-02-12 20:42:08,106 ChronoStatSvc.finalize()                             INFO  Service finalized successfully 
2026-02-12 20:42:08,106 FPEAuditor                                           INFO FPE summary for this job
2026-02-12 20:42:08,106 FPEAuditor                                           INFO  FPE OVERFLOWs  : 0
2026-02-12 20:42:08,107 FPEAuditor                                           INFO  FPE INVALIDs   : 0
2026-02-12 20:42:08,107 FPEAuditor                                           INFO  FPE DIVBYZEROs : 0
2026-02-12 20:42:08,227 PerfMonMTSvc                                         INFO =======================================================================================
2026-02-12 20:42:08,227 PerfMonMTSvc                                         INFO                                  PerfMonMTSvc Report                                   
2026-02-12 20:42:08,227 PerfMonMTSvc                                         INFO =======================================================================================
2026-02-12 20:42:08,227 PerfMonMTSvc                                         INFO *** Full set of information can also be found in: perfmonmt_Derivation.json
2026-02-12 20:42:08,227 PerfMonMTSvc                                         INFO *** In order to make plots using the results run the following commands:
2026-02-12 20:42:08,227 PerfMonMTSvc                                         INFO *** $ perfmonmt-plotter.py -i perfmonmt_Derivation.json
2026-02-12 20:42:08,228 PerfMonMTSvc                                         INFO *** In order to print tables using the results run the following commands:
2026-02-12 20:42:08,228 PerfMonMTSvc                                         INFO *** $ perfmonmt-printer.py -i perfmonmt_Derivation.json
2026-02-12 20:42:08,228 PerfMonMTSvc                                         INFO =======================================================================================
2026-02-12 20:42:08,228 PerfMonMTSvc                                         INFO =======================================================================================
2026-02-12 20:42:08,228 PerfMonMTSvc                                         INFO                              Component Level Monitoring                                
2026-02-12 20:42:08,228 PerfMonMTSvc                                         INFO =======================================================================================
2026-02-12 20:42:08,228 PerfMonMTSvc                                         INFO Step       Count           CPU Time [ms]             Vmem [kB]                                Malloc [kB]                                             Component                                                                  
2026-02-12 20:42:08,228 PerfMonMTSvc                                         INFO ---------------------------------------------------------------------------------------
2026-02-12 20:42:08,249 PerfMonMTSvc                                         INFO Initialize 1               3031.99                   127128                                   33760                                                   EGammaCommonKernel                                                         
2026-02-12 20:42:08,249 PerfMonMTSvc                                         INFO Initialize 1               596.00                    35596                                    13247                                                   MuonRemovalTauAODReRecoAlg                                                 
2026-02-12 20:42:08,249 PerfMonMTSvc                                         INFO Initialize 1               476.72                    35380                                    74752                                                   AntiKt10UFOCSSKSoftDropBeta100Zcut10Jets                                   
2026-02-12 20:42:08,250 PerfMonMTSvc                                         INFO Initialize 1               436.65                    10972                                    7584                                                    DFCommonMuonsKernel                                                        
2026-02-12 20:42:08,250 PerfMonMTSvc                                         INFO Initialize 1               419.92                    8424                                     7460                                                    ToolSvc.DFCommonMuonToolWrapperIDCuts                                      
2026-02-12 20:42:08,250 PerfMonMTSvc                                         INFO Initialize 1               415.21                    46276                                    67585                                                   AntiKt4EMPFlowJets                                                         
2026-02-12 20:42:08,250 PerfMonMTSvc                                         INFO Initialize 1               414.02                    7832                                     7378                                                    ToolSvc.DFCommonMuonsSelector                                              
2026-02-12 20:42:08,250 PerfMonMTSvc                                         INFO Initialize 1               412.63                    28672                                    73350                                                   jetrecalg_AntiKt10UFOCSSKSoftDropBeta100Zcut10Jets                         
2026-02-12 20:42:08,250 PerfMonMTSvc                                         INFO Initialize 1               412.02                    46276                                    67283                                                   jetrecalg_AntiKt4EMPFlowJets                                               
2026-02-12 20:42:08,250 PerfMonMTSvc                                         INFO Initialize 1               411.64                    46276                                    67247                                                   jetrecalg_AntiKt4EMPFlowJets.emscalemom_AntiKt4EMPFlow                     
2026-02-12 20:42:08,250 PerfMonMTSvc                                         INFO Initialize 1               411.28                    46276                                    67209                                                   jetrecalg_AntiKt4EMPFlowJets.jetens                                        
2026-02-12 20:42:08,250 PerfMonMTSvc                                         INFO Initialize 1               408.41                    46276                                    66960                                                   jetrecalg_AntiKt4EMPFlowJets.width                                         
2026-02-12 20:42:08,250 PerfMonMTSvc                                         INFO Initialize 1               408.21                    46276                                    66951                                                   jetrecalg_AntiKt4EMPFlowJets.caloqual                                      
2026-02-12 20:42:08,250 PerfMonMTSvc                                         INFO Initialize 1               407.53                    46276                                    66919                                                   jetrecalg_AntiKt4EMPFlowJets.trkmoms                                       
2026-02-12 20:42:08,250 PerfMonMTSvc                                         INFO Initialize 1               406.54                    46276                                    66847                                                   jetrecalg_AntiKt4EMPFlowJets.trksummoms                                    
2026-02-12 20:42:08,250 PerfMonMTSvc                                         INFO Initialize 1               406.11                    46276                                    66785                                                   jetrecalg_AntiKt4EMPFlowJets.jvf                                           
2026-02-12 20:42:08,251 PerfMonMTSvc                                         INFO Initialize 1               405.64                    46276                                    66724                                                   jetrecalg_AntiKt4EMPFlowJets.jvt                                           
2026-02-12 20:42:08,251 PerfMonMTSvc                                         INFO Initialize 1               404.05                    46276                                    66586                                                   jetrecalg_AntiKt4EMPFlowJets.larhvcorr                                     
2026-02-12 20:42:08,251 PerfMonMTSvc                                         INFO Initialize 1               403.88                    46276                                    66576                                                   jetrecalg_AntiKt4EMPFlowJets.iso                                           
2026-02-12 20:42:08,251 PerfMonMTSvc                                         INFO Initialize 1               403.66                    46276                                    66561                                                   jetrecalg_AntiKt4EMPFlowJets.jetPtAssociation                              
2026-02-12 20:42:08,251 PerfMonMTSvc                                         INFO Initialize 1               403.47                    46276                                    66542                                                   jetrecalg_AntiKt4EMPFlowJets.qgtagging                                     
2026-02-12 20:42:08,251 PerfMonMTSvc                                         INFO Initialize 1               402.27                    46276                                    66462                                                   jetrecalg_AntiKt4EMPFlowJets.nnjvt                                         
2026-02-12 20:42:08,251 PerfMonMTSvc                                         INFO Initialize 1               399.87                    46276                                    66424                                                   jetrecalg_AntiKt4EMPFlowJets.fJVT                                          
2026-02-12 20:42:08,251 PerfMonMTSvc                                         INFO Initialize 1               365.43                    79640                                    3659                                                    ToolSvc.ElectronPassDNNLoose                                               
2026-02-12 20:42:08,251 PerfMonMTSvc                                         INFO Initialize 1               347.83                    78848                                    3449                                                    ToolSvc.ElectronPassDNNLoose.ElectronDNNSelectorLoose                      
2026-02-12 20:42:08,251 PerfMonMTSvc                                         INFO Initialize 1               331.39                    1024                                     1383                                                    ToolSvc.ElectronPassDNNLooseNoCF                                           
2026-02-12 20:42:08,251 PerfMonMTSvc                                         INFO Initialize 1               330.11                    28136                                    1972                                                    TrigNavSlimmingMTAlg_DAOD                                                  
2026-02-12 20:42:08,251 PerfMonMTSvc                                         INFO Initialize 1               325.72                    1024                                     1255                                                    ToolSvc.ElectronPassDNNLooseNoCF.ElectronDNNSelectorLooseNoCF              
2026-02-12 20:42:08,251 PerfMonMTSvc                                         INFO Initialize 1               318.92                    9216                                     39912                                                   jetrecalg_AntiKt10UFOCSSKSoftDropBeta100Zcut10Jets.width                   
2026-02-12 20:42:08,251 PerfMonMTSvc                                         INFO Initialize 1               318.66                    9216                                     39895                                                   jetrecalg_AntiKt10UFOCSSKSoftDropBeta100Zcut10Jets.nsubjettiness           
2026-02-12 20:42:08,251 PerfMonMTSvc                                         INFO Initialize 1               317.53                    9216                                     39849                                                   jetrecalg_AntiKt10UFOCSSKSoftDropBeta100Zcut10Jets.ktsplitter              
2026-02-12 20:42:08,251 PerfMonMTSvc                                         INFO Initialize 1               317.04                    9216                                     39827                                                   jetrecalg_AntiKt10UFOCSSKSoftDropBeta100Zcut10Jets.ecorr                   
2026-02-12 20:42:08,251 PerfMonMTSvc                                         INFO Initialize 1               316.38                    9216                                     39796                                                   jetrecalg_AntiKt10UFOCSSKSoftDropBeta100Zcut10Jets.qw                      
2026-02-12 20:42:08,251 PerfMonMTSvc                                         INFO Initialize 1               315.88                    9216                                     39766                                                   jetrecalg_AntiKt10UFOCSSKSoftDropBeta100Zcut10Jets.comshapes               
2026-02-12 20:42:08,251 PerfMonMTSvc                                         INFO Initialize 1               315.05                    9216                                     39724                                                   jetrecalg_AntiKt10UFOCSSKSoftDropBeta100Zcut10Jets.ecorrgeneral            
2026-02-12 20:42:08,251 PerfMonMTSvc                                         INFO Initialize 1               314.00                    9216                                     39658                                                   jetrecalg_AntiKt10UFOCSSKSoftDropBeta100Zcut10Jets.truthlabeler_R10TruthLabel_R21Precision
2026-02-12 20:42:08,252 PerfMonMTSvc                                         INFO Initialize 1               313.13                    9216                                     39613                                                   jetrecalg_AntiKt10UFOCSSKSoftDropBeta100Zcut10Jets.truthlabeler_R10TruthLabel_R21Precision_2022v1
2026-02-12 20:42:08,252 PerfMonMTSvc                                         INFO Initialize 1               312.35                    9216                                     39565                                                   jetrecalg_AntiKt10UFOCSSKSoftDropBeta100Zcut10Jets.truthlabeler_R10TruthLabel_R22v1
2026-02-12 20:42:08,252 PerfMonMTSvc                                         INFO Initialize 1               311.64                    5120                                     1384                                                    ToolSvc.ElectronPassDNNMedium                                              
2026-02-12 20:42:08,252 PerfMonMTSvc                                         INFO Initialize 1               311.59                    9216                                     39518                                                   jetrecalg_AntiKt10UFOCSSKSoftDropBeta100Zcut10Jets.truthlabeler_R10WZTruthLabel_R22v1
2026-02-12 20:42:08,252 PerfMonMTSvc                                         INFO Initialize 1               310.87                    9216                                     39492                                                   jetrecalg_AntiKt10UFOCSSKSoftDropBeta100Zcut10Jets.emscalemom_AntiKt10UFOCSSKSoftDropBeta100Zcut10
2026-02-12 20:42:08,252 PerfMonMTSvc                                         INFO Initialize 1               310.53                    9216                                     39454                                                   jetrecalg_AntiKt10UFOCSSKSoftDropBeta100Zcut10Jets.jetenslargeR            
2026-02-12 20:42:08,252 PerfMonMTSvc                                         INFO Initialize 1               309.23                    9216                                     39409                                                   jetrecalg_AntiKt10UFOCSSKSoftDropBeta100Zcut10Jets.constitFrac             
2026-02-12 20:42:08,252 PerfMonMTSvc                                         INFO Initialize 1               308.94                    9216                                     39395                                                   jetrecalg_AntiKt10UFOCSSKSoftDropBeta100Zcut10Jets.groomMRatio             
2026-02-12 20:42:08,252 PerfMonMTSvc                                         INFO Initialize 1               308.79                    9216                                     39385                                                   jetrecalg_AntiKt10UFOCSSKSoftDropBeta100Zcut10Jets.BoostedJetTaggerTool-Top
2026-02-12 20:42:08,252 PerfMonMTSvc                                         INFO Initialize 1               308.43                    9216                                     39300                                                   jetrecalg_AntiKt10UFOCSSKSoftDropBeta100Zcut10Jets.BoostedJetTaggerTool-Top.MLHelper
2026-02-12 20:42:08,252 PerfMonMTSvc                                         INFO Initialize 1               307.49                    1024                                     1383                                                    ToolSvc.ElectronPassDNNMediumNoCF                                          
2026-02-12 20:42:08,252 PerfMonMTSvc                                         INFO Initialize 1               307.40                    2048                                     1384                                                    ToolSvc.ElectronPassDNNVeryLooseNoCF97                                     
2026-02-12 20:42:08,252 PerfMonMTSvc                                         INFO Initialize 1               307.35                    1024                                     1384                                                    ToolSvc.ElectronPassDNNTight                                               
2026-02-12 20:42:08,252 PerfMonMTSvc                                         INFO Initialize 1               307.00                    5120                                     1256                                                    ToolSvc.ElectronPassDNNMedium.ElectronDNNSelectorMedium                    
2026-02-12 20:42:08,252 PerfMonMTSvc                                         INFO =======================================================================================
2026-02-12 20:42:08,252 PerfMonMTSvc                                         INFO FirstEvent 1               5646.22                   275544                                   327170                                                  TauTruthCommonKernel2                                                      
2026-02-12 20:42:08,252 PerfMonMTSvc                                         INFO FirstEvent 2               2550.88                   234176                                   228311                                                  CondInputLoader                                                            
2026-02-12 20:42:08,252 PerfMonMTSvc                                         INFO FirstEvent 2               1414.03                   140288                                   140696                                                  AtlasTrackingGeometryCondAlg                                               
2026-02-12 20:42:08,253 PerfMonMTSvc                                         INFO FirstEvent 2               1140.47                   261784                                   166070                                                  AtlasFieldMapCondAlg                                                       
2026-02-12 20:42:08,253 PerfMonMTSvc                                         INFO FirstEvent 1               647.82                    15552                                    21928                                                   MiniCollectionTruthLinkKernelNo1                                           
2026-02-12 20:42:08,253 PerfMonMTSvc                                         INFO FirstEvent 1               380.17                    12352                                    11994                                                   IsolationBuilderNonprompt_All_MaxWeight500                                 
2026-02-12 20:42:08,253 PerfMonMTSvc                                         INFO FirstEvent 2               353.76                    82944                                    178281                                                  MuonDetectorCondAlg                                                        
2026-02-12 20:42:08,253 PerfMonMTSvc                                         INFO FirstEvent 2               329.23                    116736                                   106955                                                  TRTAlignCondAlg                                                            
2026-02-12 20:42:08,253 PerfMonMTSvc                                         INFO FirstEvent 1               263.84                    2672                                     3729                                                    TrigBTagCopierAlg                                                          
2026-02-12 20:42:08,253 PerfMonMTSvc                                         INFO FirstEvent 1               210.83                    0                                        38807                                                   IncidentProcAlg1                                                           
2026-02-12 20:42:08,253 PerfMonMTSvc                                         INFO FirstEvent 1               149.61                    120696                                   55780                                                   StreamDAOD_PHYS                                                            
2026-02-12 20:42:08,253 PerfMonMTSvc                                         INFO FirstEvent 1               142.84                    17456                                    13389                                                   AntiKt4EMPFlowJets                                                         
2026-02-12 20:42:08,253 PerfMonMTSvc                                         INFO FirstEvent 1               122.90                    19840                                    18984                                                   TrigNavSlimmingMTAlg_DAOD                                                  
2026-02-12 20:42:08,253 PerfMonMTSvc                                         INFO FirstEvent 1               121.27                    6192                                     1328                                                    jetrecalg_AntiKt4EMPFlowJets                                               
2026-02-12 20:42:08,253 PerfMonMTSvc                                         INFO FirstEvent 2               117.90                    55744                                    58445                                                   CaloAlignCondAlg                                                           
2026-02-12 20:42:08,253 PerfMonMTSvc                                         INFO FirstEvent 1               105.85                    0                                        -0                                                      IncidentProcAlg3                                                           
2026-02-12 20:42:08,253 PerfMonMTSvc                                         INFO FirstEvent 2               99.32                     6144                                     6054                                                    SCT_AlignCondAlg                                                           
2026-02-12 20:42:08,253 PerfMonMTSvc                                         INFO FirstEvent 1               72.67                     5744                                     3678                                                    AntiKt10UFOCSSKSoftDropBeta100Zcut10Jets                                   
2026-02-12 20:42:08,253 PerfMonMTSvc                                         INFO FirstEvent 1               72.40                     17020                                    14808                                                   EGammaCommonKernel                                                         
2026-02-12 20:42:08,253 PerfMonMTSvc                                         INFO FirstEvent 1               62.06                     0                                        123                                                     FtagNN_AntiKt4EMPFlowJets_InDetTrackParticles_BTagging_20250912_GN3EPCLV01_antikt4empflow_network_STANDARD_Jet
2026-02-12 20:42:08,253 PerfMonMTSvc                                         INFO FirstEvent 1               56.80                     0                                        123                                                     FtagNN_AntiKt4EMPFlowJets_InDetTrackParticles_BTagging_20250213_GN3PflowMuonsV00_antikt4empflow_network_STANDARD_Jet
2026-02-12 20:42:08,253 PerfMonMTSvc                                         INFO FirstEvent 1               53.20                     54564                                    54712                                                   InDetCommonKernelDFCommonTrackSelection                                    
2026-02-12 20:42:08,253 PerfMonMTSvc                                         INFO FirstEvent 1               51.66                     1024                                     3                                                       FtagNN_AntiKt4EMPFlowJets_InDetTrackParticles_BTagging_20250912_GN3EPCLV01_antikt4empflow_network_SIMPLE_FLIP_Jet
2026-02-12 20:42:08,253 PerfMonMTSvc                                         INFO FirstEvent 1               48.67                     0                                        52239                                                   MCTruthClassificationKernel                                                
2026-02-12 20:42:08,254 PerfMonMTSvc                                         INFO FirstEvent 1               48.57                     0                                        3                                                       FtagNN_AntiKt4EMPFlowJets_InDetTrackParticles_BTagging_20250213_GN3PflowMuonsV00_antikt4empflow_network_SIMPLE_FLIP_Jet
2026-02-12 20:42:08,254 PerfMonMTSvc                                         INFO FirstEvent 1               43.50                     6836                                     4117                                                    DFCommonHSDecorator                                                        
2026-02-12 20:42:08,254 PerfMonMTSvc                                         INFO FirstEvent 1               42.18                     0                                        109                                                     FtagNN_AntiKt4EMPFlowJets_InDetTrackParticles_BTagging_20250213_GN3V00_antikt4empflow_network_STANDARD_Jet
2026-02-12 20:42:08,254 PerfMonMTSvc                                         INFO FirstEvent 1               41.30                     33704                                    31547                                                   jetalg_ConstitModCorrectPFOCHS_EMPFlow                                     
2026-02-12 20:42:08,254 PerfMonMTSvc                                         INFO FirstEvent 1               40.32                     0                                        586                                                     AntiKtVR30Rmax4Rmin02TruthChargedJets                                      
2026-02-12 20:42:08,254 PerfMonMTSvc                                         INFO FirstEvent 1               39.79                     0                                        489                                                     jetrecalg_AntiKtVR30Rmax4Rmin02TruthChargedJets                            
2026-02-12 20:42:08,254 PerfMonMTSvc                                         INFO FirstEvent 1               39.63                     33240                                    32760                                                   AntiKt4EMTopoJets                                                          
2026-02-12 20:42:08,254 PerfMonMTSvc                                         INFO FirstEvent 1               35.19                     0                                        187                                                     AntiKtVR30Rmax4Rmin02PV0TrackJets                                          
2026-02-12 20:42:08,254 PerfMonMTSvc                                         INFO FirstEvent 1               34.66                     0                                        165                                                     jetrecalg_AntiKtVR30Rmax4Rmin02PV0TrackJets                                
2026-02-12 20:42:08,254 PerfMonMTSvc                                         INFO FirstEvent 1               34.54                     0                                        3                                                       FtagNN_AntiKt4EMPFlowJets_InDetTrackParticles_BTagging_20250213_GN3V00_antikt4empflow_network_SIMPLE_FLIP_Jet
2026-02-12 20:42:08,254 PerfMonMTSvc                                         INFO FirstEvent 2               34.03                     37172                                    56693                                                   AthReadAlg_AllCalo                                                         
2026-02-12 20:42:08,254 PerfMonMTSvc                                         INFO FirstEvent 1               32.52                     2272                                     6492                                                    TauJets_TauIDDecorKernel                                                   
2026-02-12 20:42:08,254 PerfMonMTSvc                                         INFO FirstEvent 1               29.01                     24744                                    25945                                                   PFlowIsolationBuilder                                                      
2026-02-12 20:42:08,254 PerfMonMTSvc                                         INFO FirstEvent 1               28.64                     0                                        1529                                                    CaloExtensionBuilderAlg                                                    
2026-02-12 20:42:08,254 PerfMonMTSvc                                         INFO FirstEvent 2               25.17                     5120                                     4942                                                    CaloSuperCellAlignCondAlg                                                  
2026-02-12 20:42:08,254 PerfMonMTSvc                                         INFO FirstEvent 1               24.09                     3200                                     511                                                     jetrecalg_AntiKt10UFOCSSKSoftDropBeta100Zcut10Jets                         
2026-02-12 20:42:08,254 PerfMonMTSvc                                         INFO FirstEvent 1               22.92                     0                                        6973                                                    AntiKt4TruthJets                                                           
2026-02-12 20:42:08,254 PerfMonMTSvc                                         INFO FirstEvent 2               21.61                     0                                        1991                                                    PixelAlignCondAlg                                                          
2026-02-12 20:42:08,254 PerfMonMTSvc                                         INFO FirstEvent 1               17.22                     4096                                     143                                                     DiTauLowPtBuilder                                                          
2026-02-12 20:42:08,254 PerfMonMTSvc                                         INFO FirstEvent 1               17.05                     3664                                     3403                                                    jetrecalg_AntiKt4EMTopoJets                                                
2026-02-12 20:42:08,254 PerfMonMTSvc                                         INFO FirstEvent 1               16.86                     0                                        114                                                     FtagNN_AntiKt4EMPFlowJets_InDetTrackParticles_BTagging_20231205_GN2v01_antikt4empflow_STANDARD_Jet
2026-02-12 20:42:08,255 PerfMonMTSvc                                         INFO FirstEvent 1               16.79                     1272                                     44                                                      MiniCollectionTruthLinkKernelNo3                                           
2026-02-12 20:42:08,255 PerfMonMTSvc                                         INFO FirstEvent 2               16.58                     0                                        148                                                     NswPassivationDbAlg                                                        
2026-02-12 20:42:08,255 PerfMonMTSvc                                         INFO FirstEvent 1               15.30                     10240                                    10644                                                   pflowselalg                                                                
2026-02-12 20:42:08,255 PerfMonMTSvc                                         INFO FirstEvent 2               12.38                     8192                                     7862                                                    SCT_DetectorElementCondAlg                                                 
2026-02-12 20:42:08,255 PerfMonMTSvc                                         INFO FirstEvent 1               11.93                     0                                        499                                                     jetrecalg_AntiKt4TruthJets                                                 
2026-02-12 20:42:08,255 PerfMonMTSvc                                         INFO =======================================================================================
2026-02-12 20:42:08,255 PerfMonMTSvc                                         INFO Execute    500             127701.86                 75488                                    3287614                                                 AntiKt10UFOCSSKSoftDropBeta100Zcut10Jets                                   
2026-02-12 20:42:08,255 PerfMonMTSvc                                         INFO Execute    500             93918.12                  3152                                     1734419                                                 AntiKt4EMPFlowJets                                                         
2026-02-12 20:42:08,255 PerfMonMTSvc                                         INFO Execute    500             93887.52                  0                                        1969903                                                 CaloExtensionBuilderAlg                                                    
2026-02-12 20:42:08,255 PerfMonMTSvc                                         INFO Execute    500             91007.47                  3152                                     883742                                                  jetrecalg_AntiKt4EMPFlowJets                                               
2026-02-12 20:42:08,255 PerfMonMTSvc                                         INFO Execute    500             42246.34                  9592                                     4615                                                    FtagNN_AntiKt4EMPFlowJets_InDetTrackParticles_BTagging_20250912_GN3EPCLV01_antikt4empflow_network_STANDARD_Jet
2026-02-12 20:42:08,255 PerfMonMTSvc                                         INFO Execute    500             42070.47                  14464                                    3860                                                    FtagNN_AntiKt4EMPFlowJets_InDetTrackParticles_BTagging_20250912_GN3EPCLV01_antikt4empflow_network_SIMPLE_FLIP_Jet
2026-02-12 20:42:08,255 PerfMonMTSvc                                         INFO Execute    500             40330.60                  6760                                     4139                                                    FtagNN_AntiKt4EMPFlowJets_InDetTrackParticles_BTagging_20250213_GN3PflowMuonsV00_antikt4empflow_network_STANDARD_Jet
2026-02-12 20:42:08,255 PerfMonMTSvc                                         INFO Execute    500             40068.90                  13024                                    3416                                                    FtagNN_AntiKt4EMPFlowJets_InDetTrackParticles_BTagging_20250213_GN3PflowMuonsV00_antikt4empflow_network_SIMPLE_FLIP_Jet
2026-02-12 20:42:08,255 PerfMonMTSvc                                         INFO Execute    500             28416.63                  0                                        3854                                                    FtagNN_AntiKt4EMPFlowJets_InDetTrackParticles_BTagging_20250213_GN3V00_antikt4empflow_network_STANDARD_Jet
2026-02-12 20:42:08,255 PerfMonMTSvc                                         INFO Execute    500             28118.58                  0                                        3037                                                    FtagNN_AntiKt4EMPFlowJets_InDetTrackParticles_BTagging_20250213_GN3V00_antikt4empflow_network_SIMPLE_FLIP_Jet
2026-02-12 20:42:08,255 PerfMonMTSvc                                         INFO Execute    500             21029.98                  0                                        372699                                                  AntiKtVR30Rmax4Rmin02TruthChargedJets                                      
2026-02-12 20:42:08,255 PerfMonMTSvc                                         INFO Execute    500             20653.02                  0                                        303064                                                  jetrecalg_AntiKtVR30Rmax4Rmin02TruthChargedJets                            
2026-02-12 20:42:08,255 PerfMonMTSvc                                         INFO Execute    500             17668.99                  0                                        120501                                                  AntiKtVR30Rmax4Rmin02PV0TrackJets                                          
2026-02-12 20:42:08,255 PerfMonMTSvc                                         INFO Execute    500             17385.57                  0                                        103989                                                  jetrecalg_AntiKtVR30Rmax4Rmin02PV0TrackJets                                
2026-02-12 20:42:08,256 PerfMonMTSvc                                         INFO Execute    500             17239.68                  75488                                    215723                                                  jetrecalg_AntiKt10UFOCSSKSoftDropBeta100Zcut10Jets                         
2026-02-12 20:42:08,256 PerfMonMTSvc                                         INFO Execute    500             15460.42                  0                                        96376                                                   DiTauLowPtBuilder                                                          
2026-02-12 20:42:08,256 PerfMonMTSvc                                         INFO Execute    500             10765.42                  0                                        76799                                                   TauJets_TauIDDecorKernel                                                   
2026-02-12 20:42:08,256 PerfMonMTSvc                                         INFO Execute    500             10562.83                  0                                        1473202                                                 AntiKt4EMTopoJets                                                          
2026-02-12 20:42:08,256 PerfMonMTSvc                                         INFO Execute    500             10167.53                  39960                                    584604                                                  StreamDAOD_PHYS                                                            
2026-02-12 20:42:08,256 PerfMonMTSvc                                         INFO Execute    500             9114.90                   0                                        941234                                                  jetrecalg_AntiKt4EMTopoJets                                                
2026-02-12 20:42:08,256 PerfMonMTSvc                                         INFO Execute    500             8858.33                   0                                        257391                                                  EGammaCommonKernel                                                         
2026-02-12 20:42:08,256 PerfMonMTSvc                                         INFO Execute    500             7214.45                   0                                        3674                                                    Electrons_decoratePLIT                                                     
2026-02-12 20:42:08,256 PerfMonMTSvc                                         INFO Execute    500             6698.75                   0                                        3701                                                    FtagNN_AntiKt4EMPFlowJets_InDetTrackParticles_BTagging_20231205_GN2v01_antikt4empflow_STANDARD_Jet
2026-02-12 20:42:08,256 PerfMonMTSvc                                         INFO Execute    500             6216.97                   0                                        2373                                                    FtagNN_AntiKt4EMPFlowJets_InDetTrackParticles_BTagging_20231205_GN2v01_antikt4empflow_SIMPLE_FLIP_Jet
2026-02-12 20:42:08,256 PerfMonMTSvc                                         INFO Execute    500             6010.70                   5072                                     452322                                                  AntiKt4TruthJets                                                           
2026-02-12 20:42:08,256 PerfMonMTSvc                                         INFO Execute    500             5972.85                   0                                        293717                                                  jetrecalg_AntiKt10TruthDressedWZJets                                       
2026-02-12 20:42:08,256 PerfMonMTSvc                                         INFO Execute    500             5261.67                   0                                        373986                                                  AntiKt4TruthDressedWZJets                                                  
2026-02-12 20:42:08,256 PerfMonMTSvc                                         INFO Execute    500             5204.44                   0                                        373383                                                  AntiKt4TruthWZJets                                                         
2026-02-12 20:42:08,256 PerfMonMTSvc                                         INFO Execute    500             5046.38                   0                                        1508                                                    FtagNN_AntiKt10UFOCSSKSoftDropBeta100Zcut10Jets_InDetTrackParticles_JetCalibTools_CalibArea-00-04-83_CalibrationFactors_bbJESJMS_calibFactors_R22_MC20MC23_CSSKUFO_bJR10v01_20250212_STANDARD_Jet
2026-02-12 20:42:08,256 PerfMonMTSvc                                         INFO Execute    500             4943.19                   5072                                     303058                                                  jetrecalg_AntiKt4TruthJets                                                 
2026-02-12 20:42:08,256 PerfMonMTSvc                                         INFO Execute    500             4827.57                   0                                        303532                                                  jetrecalg_AntiKt4TruthWZJets                                               
2026-02-12 20:42:08,256 PerfMonMTSvc                                         INFO Execute    500             4821.22                   0                                        304072                                                  jetrecalg_AntiKt4TruthDressedWZJets                                        
2026-02-12 20:42:08,256 PerfMonMTSvc                                         INFO Execute    500             4810.92                   0                                        1863                                                    FtagNN_AntiKt10UFOCSSKSoftDropBeta100Zcut10Jets_InDetTrackParticles_BTagging_20250912_GN3XPV01_antikt10ufo_network_STANDARD_Jet
2026-02-12 20:42:08,257 PerfMonMTSvc                                         INFO Execute    500             4804.92                   0                                        1689                                                    FtagNN_AntiKt10UFOCSSKSoftDropBeta100Zcut10Jets_InDetTrackParticles_BTagging_20250310_GN2XTauV00_antikt10ufo_network_STANDARD_Jet
2026-02-12 20:42:08,257 PerfMonMTSvc                                         INFO Execute    500             4725.95                   0                                        833                                                     FtagNN_AntiKt10UFOCSSKSoftDropBeta100Zcut10Jets_InDetTrackParticles_BTagging_20240925_GN2Xv02_antikt10ufo_network_STANDARD_Jet
2026-02-12 20:42:08,257 PerfMonMTSvc                                         INFO Execute    500             4629.01                   0                                        30421                                                   TrackParticleClusterAssociationAlgUFO                                      
2026-02-12 20:42:08,257 PerfMonMTSvc                                         INFO Execute    500             4426.84                   0                                        151995                                                  METAssociation_AntiKt4EMPFlowHR                                            
2026-02-12 20:42:08,257 PerfMonMTSvc                                         INFO Execute    500             3165.52                   0                                        288814                                                  MCTruthClassificationKernel                                                
2026-02-12 20:42:08,257 PerfMonMTSvc                                         INFO Execute    500             3068.92                   0                                        275328                                                  AntiKt10TruthSoftDropBeta100Zcut10Jets                                     
2026-02-12 20:42:08,257 PerfMonMTSvc                                         INFO Execute    500             2673.40                   0                                        688                                                     FtagNN_AntiKt10UFOCSSKSoftDropBeta100Zcut10Jets_InDetTrackParticles_JetCalibTools_CalibArea-00-04-83_CalibrationFactors_bbJESJMS_calibFactors_R22_MC20_CSSKUFO_bJR10v00Ext_20250212_STANDARD_Jet
2026-02-12 20:42:08,257 PerfMonMTSvc                                         INFO Execute    500             2302.95                   0                                        355                                                     IncidentProcAlg1                                                           
2026-02-12 20:42:08,257 PerfMonMTSvc                                         INFO Execute    500             2210.42                   0                                        506495                                                  AntiKt10LCTopoJets                                                         
2026-02-12 20:42:08,257 PerfMonMTSvc                                         INFO Execute    500             2161.92                   5744                                     76002                                                   antikt4empflow_sv1_secvtxfinding                                           
2026-02-12 20:42:08,257 PerfMonMTSvc                                         INFO Execute    500             2113.75                   0                                        127252                                                  METAssociation_AntiKt4EMTopo                                               
2026-02-12 20:42:08,257 PerfMonMTSvc                                         INFO Execute    500             2103.80                   0                                        94381                                                   jetrecalg_AntiKt10TruthDressedWZSoftDropBeta100Zcut10Jets                  
2026-02-12 20:42:08,257 PerfMonMTSvc                                         INFO Execute    500             2051.97                   0                                        93054                                                   jetrecalg_AntiKt10TruthSoftDropBeta100Zcut10Jets                           
2026-02-12 20:42:08,257 PerfMonMTSvc                                         INFO Execute    500             2042.69                   0                                        33399                                                   HFClassificationCommonKernel                                               
2026-02-12 20:42:08,257 PerfMonMTSvc                                         INFO Execute    500             1923.77                   0                                        312698                                                  jetrecalg_AntiKt10LCTopoJets                                               
2026-02-12 20:42:08,257 PerfMonMTSvc                                         INFO Execute    500             1777.71                   0                                        512383                                                  pflowselalg                                                                
2026-02-12 20:42:08,257 PerfMonMTSvc                                         INFO Execute    500             1651.04                   0                                        10462                                                   antikt4empflow_sv1flip_secvtxfinding                                       
2026-02-12 20:42:08,257 PerfMonMTSvc                                         INFO =======================================================================================
2026-02-12 20:42:08,258 PerfMonMTSvc                                         INFO Finalize   1               331.68                    0                                        -667818                                                 ConditionStore                                                             
2026-02-12 20:42:08,258 PerfMonMTSvc                                         INFO Finalize   1               188.81                    -64                                      -246792                                                 DetectorStore                                                              
2026-02-12 20:42:08,258 PerfMonMTSvc                                         INFO Finalize   1               127.63                    -65544                                   -307975                                                 ToolSvc                                                                    
2026-02-12 20:42:08,258 PerfMonMTSvc                                         INFO Finalize   1               67.20                     0                                        -64959                                                  RDBAccessSvc                                                               
2026-02-12 20:42:08,258 PerfMonMTSvc                                         INFO Finalize   1               13.91                     0                                        -16979                                                  StoreGateSvc                                                               
2026-02-12 20:42:08,258 PerfMonMTSvc                                         INFO Finalize   1               9.94                      0                                        -15605                                                  ToolSvc.DiTauIDDecoratorWrapper.DiTauRec_OnnxScoreCalculator               
2026-02-12 20:42:08,258 PerfMonMTSvc                                         INFO Finalize   1               9.68                      0                                        -51128                                                  Gaudi::MultiFileCatalog                                                    
2026-02-12 20:42:08,258 PerfMonMTSvc                                         INFO Finalize   1               3.95                      0                                        -13567                                                  MetaDataStore                                                              
2026-02-12 20:42:08,258 PerfMonMTSvc                                         INFO Finalize   1               2.49                      0                                        -3104                                                   DetDescrCnvSvc                                                             
2026-02-12 20:42:08,258 PerfMonMTSvc                                         INFO Finalize   1               0.66                      0                                        -20                                                     ChronoStatSvc                                                              
2026-02-12 20:42:08,258 PerfMonMTSvc                                         INFO Finalize   1               0.59                      0                                        6                                                       AntiKt4TruthJets                                                           
2026-02-12 20:42:08,258 PerfMonMTSvc                                         INFO Finalize   1               0.59                      0                                        -768                                                    IOVDbSvc                                                                   
2026-02-12 20:42:08,259 PerfMonMTSvc                                         INFO Finalize   1               0.44                      0                                        -5576                                                   InputMetaDataStore                                                         
2026-02-12 20:42:08,259 PerfMonMTSvc                                         INFO Finalize   1               0.42                      0                                        0                                                       Athena::DelayedConditionsCleanerSvc                                        
2026-02-12 20:42:08,259 PerfMonMTSvc                                         INFO Finalize   1               0.34                      0                                        3                                                       AntiKt10UFOCSSKSoftDropBeta100Zcut10Jets                                   
2026-02-12 20:42:08,259 PerfMonMTSvc                                         INFO Finalize   1               0.27                      0                                        2                                                       AntiKt4EMTopoJets                                                          
2026-02-12 20:42:08,259 PerfMonMTSvc                                         INFO Finalize   1               0.23                      0                                        -0                                                      EGammaCommonKernel                                                         
2026-02-12 20:42:08,259 PerfMonMTSvc                                         INFO Finalize   1               0.22                      0                                        2                                                       EventCleanSeq                                                              
2026-02-12 20:42:08,259 PerfMonMTSvc                                         INFO Finalize   1               0.18                      0                                        1                                                       AntiKt4EMPFlowJets                                                         
2026-02-12 20:42:08,259 PerfMonMTSvc                                         INFO Finalize   1               0.12                      0                                        -1                                                      AthenaPoolSharedIOCnvSvc                                                   
2026-02-12 20:42:08,259 PerfMonMTSvc                                         INFO Finalize   1               0.12                      0                                        1                                                       AntiKtVR30Rmax4Rmin02PV0TrackJets                                          
2026-02-12 20:42:08,259 PerfMonMTSvc                                         INFO Finalize   1               0.11                      0                                        0                                                       FourLeptonVertexAlg                                                        
2026-02-12 20:42:08,259 PerfMonMTSvc                                         INFO Finalize   1               0.11                      0                                        -4                                                      ToolSvc.PHYSDiTauLowPtTPThinningTool                                       
2026-02-12 20:42:08,259 PerfMonMTSvc                                         INFO Finalize   1               0.10                      0                                        -11                                                     EventSelector                                                              
2026-02-12 20:42:08,259 PerfMonMTSvc                                         INFO Finalize   1               0.10                      0                                        1                                                       AntiKt4TruthWZJets                                                         
2026-02-12 20:42:08,259 PerfMonMTSvc                                         INFO Finalize   1               0.10                      0                                        1                                                       AntiKt10LCTopoJets                                                         
2026-02-12 20:42:08,259 PerfMonMTSvc                                         INFO Finalize   1               0.10                      0                                        1                                                       AntiKt4TruthDressedWZJets                                                  
2026-02-12 20:42:08,259 PerfMonMTSvc                                         INFO Finalize   1               0.10                      0                                        1                                                       AntiKtVR30Rmax4Rmin02TruthChargedJets                                      
2026-02-12 20:42:08,259 PerfMonMTSvc                                         INFO Finalize   1               0.09                      0                                        -0                                                      TruthCategoriesDecorator.xAODToHepMCTool                                   
2026-02-12 20:42:08,259 PerfMonMTSvc                                         INFO Finalize   1               0.08                      0                                        1                                                       AntiKt10TruthSoftDropBeta100Zcut10Jets                                     
2026-02-12 20:42:08,259 PerfMonMTSvc                                         INFO Finalize   1               0.08                      0                                        -0                                                      PHYSKernel                                                                 
2026-02-12 20:42:08,259 PerfMonMTSvc                                         INFO Finalize   1               0.08                      0                                        0                                                       AllExecutedEventsCounterAlg                                                
2026-02-12 20:42:08,259 PerfMonMTSvc                                         INFO Finalize   1               0.08                      0                                        -0                                                      InDetUsedInFitDecorator_0Alg                                               
2026-02-12 20:42:08,260 PerfMonMTSvc                                         INFO Finalize   1               0.07                      0                                        -0                                                      antikt10ufocssksoftdropbeta100zcut10_sv1flip_secvtxfinding.IDVKalVxInJetFlip
2026-02-12 20:42:08,260 PerfMonMTSvc                                         INFO Finalize   1               0.07                      0                                        -0                                                      ToolSvc.TrigDecisionTool                                                   
2026-02-12 20:42:08,260 PerfMonMTSvc                                         INFO Finalize   1               0.07                      0                                        -24                                                     ToolSvc.CaloSurfaceBuilder                                                 
2026-02-12 20:42:08,260 PerfMonMTSvc                                         INFO Finalize   1               0.06                      0                                        -0                                                      ToolSvc.DFCommonUsedInFitDecorator                                         
2026-02-12 20:42:08,260 PerfMonMTSvc                                         INFO Finalize   1               0.06                      0                                        -0                                                      TruthCategoriesDecorator.HiggsTruthCategoryTool                            
2026-02-12 20:42:08,260 PerfMonMTSvc                                         INFO Finalize   1               0.06                      0                                        -0                                                      CondInputLoader                                                            
2026-02-12 20:42:08,260 PerfMonMTSvc                                         INFO Finalize   1               0.05                      0                                        -0                                                      MCTruthClassificationKernel                                                
2026-02-12 20:42:08,260 PerfMonMTSvc                                         INFO Finalize   1               0.05                      0                                        -0                                                      MCTruthCommonPreJetKernelNo1                                               
2026-02-12 20:42:08,260 PerfMonMTSvc                                         INFO Finalize   1               0.05                      0                                        -0                                                      antikt10ufocssksoftdropbeta100zcut10_sv1flip_secvtxfinding.IDVKalVxInJetFlip.TrkInJetType
2026-02-12 20:42:08,260 PerfMonMTSvc                                         INFO Finalize   1               0.05                      0                                        -0                                                      DiTauJets_DiTauIDDecorKernel                                               
2026-02-12 20:42:08,260 PerfMonMTSvc                                         INFO Finalize   1               0.05                      0                                        -0                                                      AtlasTrackingGeometryCondAlg.AtlasGeometryBuilder.MuonTrackingGeometryBuilderCond.MuonStationBuilderCond.MuonStationTypeBuilder
2026-02-12 20:42:08,260 PerfMonMTSvc                                         INFO Finalize   1               0.05                      0                                        -0                                                      TauJets_MuonRM_TauIDDecorKernel                                            
2026-02-12 20:42:08,260 PerfMonMTSvc                                         INFO Finalize   1               0.05                      0                                        -0                                                      TauTruthCommonKernel2                                                      
2026-02-12 20:42:08,260 PerfMonMTSvc                                         INFO Finalize   1               0.05                      0                                        -0                                                      BadBatmanAugmentation                                                      
2026-02-12 20:42:08,260 PerfMonMTSvc                                         INFO Finalize   1               0.04                      0                                        -0                                                      DFCommonMuonsKernel                                                        
2026-02-12 20:42:08,260 PerfMonMTSvc                                         INFO Finalize   1               0.04                      0                                        -0                                                      ToolSvc.PHYSTrackParticleThinningTool                                      
2026-02-12 20:42:08,260 PerfMonMTSvc                                         INFO Finalize   1               0.04                      0                                        -0                                                      MCTruthCommonPreJetKernelNo16                                              
2026-02-12 20:42:08,260 PerfMonMTSvc                                         INFO =======================================================================================
2026-02-12 20:42:08,260 PerfMonMTSvc                                         INFO preLoadProxy 1               25.80                     0                                        28                                                      loadCachesOverhead:COOLOFL_INDET/OFLP200                                   
2026-02-12 20:42:08,261 PerfMonMTSvc                                         INFO preLoadProxy 1               18.84                     1024                                     3                                                       loadCachesOverhead:COOLOFL_LAR/OFLP200                                     
2026-02-12 20:42:08,261 PerfMonMTSvc                                         INFO preLoadProxy 1               15.17                     1024                                     13                                                      loadCachesOverhead:COOLOFL_TRT/OFLP200                                     
2026-02-12 20:42:08,261 PerfMonMTSvc                                         INFO preLoadProxy 1               14.89                     1024                                     1156                                                    FldrCache:/LAR/Align                                                       
2026-02-12 20:42:08,261 PerfMonMTSvc                                         INFO preLoadProxy 1               14.09                     0                                        529                                                     FldrCache:/Indet/Align                                                     
2026-02-12 20:42:08,261 PerfMonMTSvc                                         INFO preLoadProxy 1               14.01                     0                                        3                                                       loadCachesOverhead:COOLOFL_GLOBAL/OFLP200                                  
2026-02-12 20:42:08,261 PerfMonMTSvc                                         INFO preLoadProxy 1               13.40                     1024                                     2                                                       loadCachesOverhead:COOLOFL_DCS/OFLP200                                     
2026-02-12 20:42:08,261 PerfMonMTSvc                                         INFO preLoadProxy 1               13.00                     1024                                     898                                                     FldrCache:/EXT/DCS/MAGNETS/SENSORDATA                                      
2026-02-12 20:42:08,261 PerfMonMTSvc                                         INFO preLoadProxy 1               11.81                     2048                                     673                                                     loadCachesOverhead:COOLOFL_MDT/OFLP200                                     
2026-02-12 20:42:08,261 PerfMonMTSvc                                         INFO preLoadProxy 1               11.07                     2048                                     1431                                                    FldrCache:/MDT/MM/PASSIVATION                                              
2026-02-12 20:42:08,261 PerfMonMTSvc                                         INFO preLoadProxy 1               10.95                     1024                                     753                                                     FldrCache:/TRT/Align                                                       
2026-02-12 20:42:08,261 PerfMonMTSvc                                         INFO preLoadProxy 1               9.93                      0                                        821                                                     FldrCache:/GLOBAL/BField/Maps                                              
2026-02-12 20:42:08,261 PerfMonMTSvc                                         INFO preLoadProxy 1               7.10                      0                                        21                                                      FldrCache:/Indet/Beampos                                                   
2026-02-12 20:42:08,261 PerfMonMTSvc                                         INFO preLoadProxy 1               4.33                      0                                        18                                                      FldrCache:/Indet/IBLDist                                                   
2026-02-12 20:42:08,261 PerfMonMTSvc                                         INFO preLoadProxy 1               3.84                      0                                        9                                                       FldrCache:/TRT/Calib/DX                                                    
2026-02-12 20:42:08,261 PerfMonMTSvc                                         INFO preLoadProxy 1               3.73                      0                                        3                                                       FldrCache:/GLOBAL/TrackingGeo/LayerMaterialV2                              
2026-02-12 20:42:08,261 PerfMonMTSvc                                         INFO preLoadProxy 1               3.49                      0                                        8                                                       FldrCache:/LAR/LArCellPositionShift                                        
2026-02-12 20:42:08,261 PerfMonMTSvc                                         INFO preLoadProxy 1               0.79                      0                                        14                                                      UpdateAddr::/TagInfo                                                       
2026-02-12 20:42:08,261 PerfMonMTSvc                                         INFO preLoadProxy 1               0.45                      0                                        13                                                      FldrSetup:/TagInfo                                                         
2026-02-12 20:42:08,261 PerfMonMTSvc                                         INFO preLoadProxy 1               0.15                      0                                        9                                                       FldrSetup:/TRT/Align                                                       
2026-02-12 20:42:08,261 PerfMonMTSvc                                         INFO preLoadProxy 1               0.11                      0                                        12                                                      FldrSetup:/Indet/Align                                                     
2026-02-12 20:42:08,261 PerfMonMTSvc                                         INFO preLoadProxy 1               0.10                      0                                        0                                                       FldrSetup:/GLOBAL/TrackingGeo/LayerMaterialV2                              
2026-02-12 20:42:08,262 PerfMonMTSvc                                         INFO preLoadProxy 1               0.08                      0                                        22                                                      FldrSetup:/Digitization/Parameters                                         
2026-02-12 20:42:08,262 PerfMonMTSvc                                         INFO preLoadProxy 1               0.07                      0                                        10                                                      FldrSetup:/Indet/IBLDist                                                   
2026-02-12 20:42:08,262 PerfMonMTSvc                                         INFO preLoadProxy 1               0.06                      0                                        0                                                       FldrSetup:LArCellPositionShift                                             
2026-02-12 20:42:08,262 PerfMonMTSvc                                         INFO preLoadProxy 1               0.05                      0                                        2                                                       FldrSetup:/EXT/DCS/MAGNETS/SENSORDATA                                      
2026-02-12 20:42:08,262 PerfMonMTSvc                                         INFO preLoadProxy 1               0.04                      0                                        -0                                                      AthenaAttributeList[/Digitization/Parameters]                              
2026-02-12 20:42:08,262 PerfMonMTSvc                                         INFO preLoadProxy 1               0.04                      0                                        3                                                       FldrSetup:/GLOBAL/BField/Maps                                              
2026-02-12 20:42:08,262 PerfMonMTSvc                                         INFO preLoadProxy 1               0.03                      0                                        0                                                       FldrSetup:/TRT/Calib/DX                                                    
2026-02-12 20:42:08,262 PerfMonMTSvc                                         INFO preLoadProxy 1               0.03                      0                                        1                                                       FldrSetup:/MDT/MM/PASSIVATION                                              
2026-02-12 20:42:08,262 PerfMonMTSvc                                         INFO preLoadProxy 1               0.02                      0                                        2                                                       FldrSetup:/Indet/Beampos                                                   
2026-02-12 20:42:08,262 PerfMonMTSvc                                         INFO preLoadProxy 1               0.02                      0                                        -0                                                      UpdateAddr::AthenaMPEventQueue_1514623_f1b07c38-44b5-4b5c-9f95-384f405171e1
2026-02-12 20:42:08,262 PerfMonMTSvc                                         INFO preLoadProxy 1               0.02                      0                                        -0                                                      UpdateAddr::PRESAMPLER_B_POS                                               
2026-02-12 20:42:08,262 PerfMonMTSvc                                         INFO preLoadProxy 1               0.01                      0                                        0                                                       FldrSetup:/LAR/Align                                                       
2026-02-12 20:42:08,262 PerfMonMTSvc                                         INFO preLoadProxy 1               0.01                      0                                        -0                                                      AlignableTransformContainer[/TRT/Align]                                    
2026-02-12 20:42:08,262 PerfMonMTSvc                                         INFO preLoadProxy 1               0.01                      0                                        -0                                                      CondAttrListCollection[/GLOBAL/BField/Maps]                                
2026-02-12 20:42:08,262 PerfMonMTSvc                                         INFO preLoadProxy 1               0.01                      0                                        -0                                                      CondAttrListCollection[/EXT/DCS/MAGNETS/SENSORDATA]                        
2026-02-12 20:42:08,262 PerfMonMTSvc                                         INFO preLoadProxy 1               0.01                      0                                        -0                                                      AlignableTransformContainer[/Indet/Align]                                  
2026-02-12 20:42:08,262 PerfMonMTSvc                                         INFO preLoadProxy 1               0.01                      0                                        -0                                                      UpdateAddr::PRESAMPLER_EC_POS                                              
2026-02-12 20:42:08,262 PerfMonMTSvc                                         INFO preLoadProxy 1               0.01                      0                                        -0                                                      AthenaAttributeList[/Indet/Beampos]                                        
2026-02-12 20:42:08,262 PerfMonMTSvc                                         INFO preLoadProxy 1               0.01                      0                                        -0                                                      CondAttrListCollection[/Indet/IBLDist]                                     
2026-02-12 20:42:08,262 PerfMonMTSvc                                         INFO preLoadProxy 1               0.01                      0                                        -0                                                      DetCondKeyTrans[/LAR/Align]                                                
2026-02-12 20:42:08,262 PerfMonMTSvc                                         INFO preLoadProxy 1               0.01                      0                                        -0                                                      UpdateAddr::PRESAMPLER_B_NEG                                               
2026-02-12 20:42:08,263 PerfMonMTSvc                                         INFO preLoadProxy 1               0.01                      0                                        -0                                                      CondAttrListCollection[/MDT/MM/PASSIVATION]                                
2026-02-12 20:42:08,263 PerfMonMTSvc                                         INFO preLoadProxy 1               0.01                      0                                        -0                                                      UpdateAddr::HEC_POS                                                        
2026-02-12 20:42:08,263 PerfMonMTSvc                                         INFO preLoadProxy 1               0.01                      0                                        -0                                                      Trk::LayerMaterialMap[/GLOBAL/TrackingGeo/LayerMaterialV2]                 
2026-02-12 20:42:08,263 PerfMonMTSvc                                         INFO preLoadProxy 1               0.01                      0                                        -0                                                      UpdateAddr::PRESAMPLER_EC_NEG                                              
2026-02-12 20:42:08,263 PerfMonMTSvc                                         INFO preLoadProxy 1               0.01                      0                                        -0                                                      TRTCond::StrawDxContainer[/TRT/Calib/DX]                                   
2026-02-12 20:42:08,263 PerfMonMTSvc                                         INFO preLoadProxy 1               0.01                      0                                        -0                                                      UpdateAddr::HEC_NEG                                                        
2026-02-12 20:42:08,263 PerfMonMTSvc                                         INFO preLoadProxy 1               0.01                      0                                        -0                                                      CondAttrListCollection[/TagInfo]                                           
2026-02-12 20:42:08,263 PerfMonMTSvc                                         INFO =======================================================================================
2026-02-12 20:42:08,263 PerfMonMTSvc                                         INFO                                 Event Level Monitoring                                 
2026-02-12 20:42:08,263 PerfMonMTSvc                                         INFO         (Only the first 10 and the last measurements are explicitly printed)
2026-02-12 20:42:08,263 PerfMonMTSvc                                         INFO =======================================================================================
2026-02-12 20:42:08,263 PerfMonMTSvc                                         INFO Event            CPU [s]      Wall [s]     Vmem [kB]    Rss [kB]     Pss [kB]     Swap [kB]   
2026-02-12 20:42:08,263 PerfMonMTSvc                                         INFO ---------------------------------------------------------------------------------------
2026-02-12 20:42:08,263 PerfMonMTSvc                                         INFO 1                        2.04        63.40      5556352      3910900      1986506            0
2026-02-12 20:42:08,263 PerfMonMTSvc                                         INFO 23                      30.34        93.77      6306036      4940920      3028965            0
2026-02-12 20:42:08,263 PerfMonMTSvc                                         INFO 53                      61.12       124.70      6323072      4960572      3047473            0
2026-02-12 20:42:08,263 PerfMonMTSvc                                         INFO 80                      91.56       155.27      6346616      4983648      3071378            0
2026-02-12 20:42:08,263 PerfMonMTSvc                                         INFO 105                    121.81       185.66      6346616      4985164      3072983            0
2026-02-12 20:42:08,263 PerfMonMTSvc                                         INFO 129                    152.47       216.46      6346616      4986052      3073930            0
2026-02-12 20:42:08,263 PerfMonMTSvc                                         INFO 153                    183.34       247.40      6484872      5129228      3217134            0
2026-02-12 20:42:08,264 PerfMonMTSvc                                         INFO 179                    213.92       278.08      6490608      5135192      3223099            0
2026-02-12 20:42:08,264 PerfMonMTSvc                                         INFO 204                    244.76       309.05      6490608      5135924      3223831            0
2026-02-12 20:42:08,264 PerfMonMTSvc                                         INFO 229                    275.93       340.36      6490608      5136396      3224319            0
2026-02-12 20:42:08,264 PerfMonMTSvc                                         INFO ...====================================================================================
2026-02-12 20:42:08,264 PerfMonMTSvc                                         INFO 494                    643.38       709.21      6638680      5260784      3348821            0
2026-02-12 20:42:08,264 PerfMonMTSvc                                         INFO =======================================================================================
2026-02-12 20:42:08,264 PerfMonMTSvc                                         INFO                                 Snapshots Summary                                      
2026-02-12 20:42:08,264 PerfMonMTSvc                                         INFO =======================================================================================
2026-02-12 20:42:08,264 PerfMonMTSvc                                         INFO Step          dCPU [s]     dWall [s]    <CPU>   dVmem [kB]  dRss [kB]   dPss [kB]   dSwap [kB] 
2026-02-12 20:42:08,264 PerfMonMTSvc                                         INFO ---------------------------------------------------------------------------------------
2026-02-12 20:42:08,264 PerfMonMTSvc                                         INFO Configure     11.80        16.57        0.71    1415664     1111888     821648      0          
2026-02-12 20:42:08,264 PerfMonMTSvc                                         INFO Initialize    11.88        34.54        0.34    1907556     1414084     1413540     0          
2026-02-12 20:42:08,264 PerfMonMTSvc                                         INFO FirstEvent    10.69        22.73        0.47    6216316     4844664     2939088     0          
2026-02-12 20:42:08,264 PerfMonMTSvc                                         INFO Execute       646.41       648.97       1.00    455156      459160      449059      0          
2026-02-12 20:42:08,264 PerfMonMTSvc                                         INFO Finalize      0.85         0.89         0.96    -65608      24692       629844      0          
2026-02-12 20:42:08,264 PerfMonMTSvc                                         INFO ***************************************************************************************
2026-02-12 20:42:08,264 PerfMonMTSvc                                         INFO Number of events processed:         501
2026-02-12 20:42:08,264 PerfMonMTSvc                                         INFO CPU usage per event [ms]:           1312
2026-02-12 20:42:08,264 PerfMonMTSvc                                         INFO Events per second:                  0.746
2026-02-12 20:42:08,265 PerfMonMTSvc                                         INFO CPU utilization efficiency [%]:     94
2026-02-12 20:42:08,265 PerfMonMTSvc                                         INFO ***************************************************************************************
2026-02-12 20:42:08,265 PerfMonMTSvc                                         INFO Max Vmem:                           6.33 GB
2026-02-12 20:42:08,265 PerfMonMTSvc                                         INFO Max Rss:                            5.02 GB
2026-02-12 20:42:08,265 PerfMonMTSvc                                         INFO Max Pss:                            3.20 GB
2026-02-12 20:42:08,265 PerfMonMTSvc                                         INFO Max Swap:                           0.00 KB
2026-02-12 20:42:08,265 PerfMonMTSvc                                         INFO ***************************************************************************************
2026-02-12 20:42:08,265 PerfMonMTSvc                                         INFO Leak estimate per event Vmem:       785.00 KB
2026-02-12 20:42:08,265 PerfMonMTSvc                                         INFO Leak estimate per event Pss:        731.00 KB
2026-02-12 20:42:08,265 PerfMonMTSvc                                         INFO   >> Estimated using the last 20 measurements from the Event Level Monitoring
2026-02-12 20:42:08,265 PerfMonMTSvc                                         INFO   >> Events prior to the first 25 are omitted...
2026-02-12 20:42:08,265 PerfMonMTSvc                                         INFO =======================================================================================
2026-02-12 20:42:08,265 PerfMonMTSvc                                         INFO                                   System Information                                   
2026-02-12 20:42:08,265 PerfMonMTSvc                                         INFO =======================================================================================
2026-02-12 20:42:08,266 PerfMonMTSvc                                         INFO CPU Model:                          Intel(R) Xeon(R) Gold 6326 CPU @ 2.90GHz 24576 KB
2026-02-12 20:42:08,267 PerfMonMTSvc                                         INFO Number of Available Cores:          32
2026-02-12 20:42:08,267 PerfMonMTSvc                                         INFO Total Memory:                       251.00 GB
2026-02-12 20:42:08,267 PerfMonMTSvc                                         INFO =======================================================================================
2026-02-12 20:42:08,267 PerfMonMTSvc                                         INFO                                Environment Information                                 
2026-02-12 20:42:08,267 PerfMonMTSvc                                         INFO =======================================================================================
2026-02-12 20:42:08,267 PerfMonMTSvc                                         INFO Malloc Library:                     libtcmalloc_minimal.so
2026-02-12 20:42:08,267 PerfMonMTSvc                                         INFO Math Library:                       libimf.so
2026-02-12 20:42:08,267 PerfMonMTSvc                                         INFO =======================================================================================
2026-02-12 20:42:08,434 ApplicationMgr                                       INFO Application Manager Finalized successfully
